2026-08-31,STR-001,94103,SKU-101,220,880.98
2026-08-31,STR-001,94103,SKU-102,279,1750.62
2026-08-31,STR-001,94103,SKU-103,329,1998.73
2026-08-31,STR-001,94103,SKU-104,203,1219.34
2026-08-31,STR-001,94103,SKU-105,117,430.68
2026-08-31,STR-001,94103,SKU-201,222,1430.07
2026-08-31,STR-001,94103,SKU-202,237,1323.49
2026-08-31,STR-001,94103,SKU-203,312,968.78
2026-08-31,STR-001,94103,SKU-204,136,1516.24
2026-08-31,STR-001,94103,SKU-301,305,1641.47
2026-08-31,STR-001,94103,SKU-302,241,1393.41
2026-08-31,STR-001,94103,SKU-303,206,1214.23
2026-08-31,STR-001,94103,SKU-304,354,2234.42
2026-08-31,STR-001,94103,SKU-401,177,1228.37
2026-08-31,STR-001,94103,SKU-402,150,955.71
2026-08-31,STR-001,94103,SKU-403,135,715.75
2026-08-31,STR-001,94103,SKU-501,29,528.44
2026-08-31,STR-001,94103,SKU-502,15,463.93
2026-08-31,STR-001,94103,SKU-503,24,501.72
2026-08-31,STR-001,94103,SKU-504,13,218.72
2026-08-31,STR-001,94103,SKU-601,173,2023.04
2026-08-31,STR-001,94103,SKU-602,151,836.23
2026-08-31,STR-001,94103,SKU-603,182,891.44
2026-08-31,STR-001,94103,SKU-604,156,703.68
2026-08-31,STR-001,94103,SKU-701,3,80.01
2026-08-31,STR-002,94110,SKU-101,314,1255.90
2026-08-31,STR-002,94110,SKU-102,384,2396.83
2026-08-31,STR-002,94110,SKU-103,346,2089.05
2026-08-31,STR-002,94110,SKU-104,247,1559.26
2026-08-31,STR-002,94110,SKU-105,156,570.06
2026-08-31,STR-002,94110,SKU-201,369,2359.36
2026-08-31,STR-002,94110,SKU-202,344,2060.33
2026-08-31,STR-002,94110,SKU-203,380,1139.25
2026-08-31,STR-002,94110,SKU-204,122,1343.66
2026-08-31,STR-002,94110,SKU-301,469,2556.16
2026-08-31,STR-002,94110,SKU-302,304,1862.73
2026-08-31,STR-002,94110,SKU-303,291,1641.04
2026-08-31,STR-002,94110,SKU-304,358,2249.26
2026-08-31,STR-002,94110,SKU-401,280,1913.62
2026-08-31,STR-002,94110,SKU-402,189,1198.57
2026-08-31,STR-002,94110,SKU-403,241,1222.28
2026-08-31,STR-002,94110,SKU-501,40,746.90
2026-08-31,STR-002,94110,SKU-502,23,692.28
2026-08-31,STR-002,94110,SKU-503,27,557.46
2026-08-31,STR-002,94110,SKU-504,18,323.55
2026-08-31,STR-002,94110,SKU-601,195,2295.42
2026-08-31,STR-002,94110,SKU-602,159,920.11
2026-08-31,STR-002,94110,SKU-603,240,1162.87
2026-08-31,STR-002,94110,SKU-604,184,873.57
2026-08-31,STR-002,94110,SKU-701,4,109.82
2026-08-31,STR-003,94133,SKU-101,229,945.31
2026-08-31,STR-003,94133,SKU-102,296,1940.45
2026-08-31,STR-003,94133,SKU-103,244,1512.30
2026-08-31,STR-003,94133,SKU-104,163,1041.08
2026-08-31,STR-003,94133,SKU-105,112,416.74
2026-08-31,STR-003,94133,SKU-201,241,1534.28
2026-08-31,STR-003,94133,SKU-202,172,1013.95
2026-08-31,STR-003,94133,SKU-203,339,1068.40
2026-08-31,STR-003,94133,SKU-204,102,1091.62
2026-08-31,STR-003,94133,SKU-301,394,2263.04
2026-08-31,STR-003,94133,SKU-302,235,1433.17
2026-08-31,STR-003,94133,SKU-303,219,1312.56
2026-08-31,STR-003,94133,SKU-304,227,1421.97
2026-08-31,STR-003,94133,SKU-401,192,1308.77
2026-08-31,STR-003,94133,SKU-402,100,623.83
2026-08-31,STR-003,94133,SKU-403,150,779.34
2026-08-31,STR-003,94133,SKU-501,33,598.77
2026-08-31,STR-003,94133,SKU-502,16,492.22
2026-08-31,STR-003,94133,SKU-503,21,450.55
2026-08-31,STR-003,94133,SKU-504,13,224.83
2026-08-31,STR-003,94133,SKU-601,121,1427.89
2026-08-31,STR-003,94133,SKU-602,100,576.70
2026-08-31,STR-003,94133,SKU-603,170,834.60
2026-08-31,STR-003,94133,SKU-604,142,657.47
2026-08-31,STR-003,94133,SKU-701,2,51.69
2026-08-31,STR-004,94102,SKU-101,231,919.47
2026-08-31,STR-004,94102,SKU-102,295,1862.20
2026-08-31,STR-004,94102,SKU-103,230,1358.92
2026-08-31,STR-004,94102,SKU-104,123,783.04
2026-08-31,STR-004,94102,SKU-105,102,356.68
2026-08-31,STR-004,94102,SKU-201,242,1455.21
2026-08-31,STR-004,94102,SKU-202,193,1154.66
2026-08-31,STR-004,94102,SKU-203,313,943.88
2026-08-31,STR-004,94102,SKU-204,115,1306.11
2026-08-31,STR-004,94102,SKU-301,267,1503.20
2026-08-31,STR-004,94102,SKU-302,219,1327.70
2026-08-31,STR-004,94102,SKU-303,196,1137.61
2026-08-31,STR-004,94102,SKU-304,235,1417.55
2026-08-31,STR-004,94102,SKU-401,160,1105.10
2026-08-31,STR-004,94102,SKU-402,126,806.72
2026-08-31,STR-004,94102,SKU-403,141,752.77
2026-08-31,STR-004,94102,SKU-501,25,454.62
2026-08-31,STR-004,94102,SKU-502,14,447.37
2026-08-31,STR-004,94102,SKU-503,21,453.35
2026-08-31,STR-004,94102,SKU-504,12,199.27
2026-08-31,STR-004,94102,SKU-601,124,1500.55
2026-08-31,STR-004,94102,SKU-602,94,529.14
2026-08-31,STR-004,94102,SKU-603,126,616.05
2026-08-31,STR-004,94102,SKU-604,102,483.61
2026-08-31,STR-004,94102,SKU-701,2,53.37
2026-08-31,STR-005,94118,SKU-101,259,1076.24
2026-08-31,STR-005,94118,SKU-102,264,1776.95
2026-08-31,STR-005,94118,SKU-103,267,1573.22
2026-08-31,STR-005,94118,SKU-104,205,1226.27
2026-08-31,STR-005,94118,SKU-105,173,616.27
2026-08-31,STR-005,94118,SKU-201,257,1584.62
2026-08-31,STR-005,94118,SKU-202,208,1211.42
2026-08-31,STR-005,94118,SKU-203,333,1067.43
2026-08-31,STR-005,94118,SKU-204,108,1149.71
2026-08-31,STR-005,94118,SKU-301,373,2018.43
2026-08-31,STR-005,94118,SKU-302,243,1490.56
2026-08-31,STR-005,94118,SKU-303,226,1256.12
2026-08-31,STR-005,94118,SKU-304,363,2262.79
2026-08-31,STR-005,94118,SKU-401,253,1654.07
2026-08-31,STR-005,94118,SKU-402,114,713.74
2026-08-31,STR-005,94118,SKU-403,145,792.66
2026-08-31,STR-005,94118,SKU-501,38,724.17
2026-08-31,STR-005,94118,SKU-502,18,565.07
2026-08-31,STR-005,94118,SKU-503,25,519.34
2026-08-31,STR-005,94118,SKU-504,12,212.59
2026-08-31,STR-005,94118,SKU-601,122,1509.04
2026-08-31,STR-005,94118,SKU-602,145,823.28
2026-08-31,STR-005,94118,SKU-603,164,857.32
2026-08-31,STR-005,94118,SKU-604,167,779.92
2026-08-31,STR-005,94118,SKU-701,4,107.36
2026-08-31,STR-006,94123,SKU-101,222,899.69
2026-08-31,STR-006,94123,SKU-102,281,1895.10
2026-08-31,STR-006,94123,SKU-103,280,1708.98
2026-08-31,STR-006,94123,SKU-104,162,988.74
2026-08-31,STR-006,94123,SKU-105,136,482.79
2026-08-31,STR-006,94123,SKU-201,188,1139.76
2026-08-31,STR-006,94123,SKU-202,176,987.92
2026-08-31,STR-006,94123,SKU-203,239,733.91
2026-08-31,STR-006,94123,SKU-204,93,1031.14
2026-08-31,STR-006,94123,SKU-301,347,1961.34
2026-08-31,STR-006,94123,SKU-302,236,1433.40
2026-08-31,STR-006,94123,SKU-303,213,1194.05
2026-08-31,STR-006,94123,SKU-304,301,1862.82
2026-08-31,STR-006,94123,SKU-401,174,1156.60
2026-08-31,STR-006,94123,SKU-402,100,635.78
2026-08-31,STR-006,94123,SKU-403,117,594.37
2026-08-31,STR-006,94123,SKU-501,23,438.05
2026-08-31,STR-006,94123,SKU-502,15,449.64
2026-08-31,STR-006,94123,SKU-503,21,436.77
2026-08-31,STR-006,94123,SKU-504,11,195.86
2026-08-31,STR-006,94123,SKU-601,142,1747.67
2026-08-31,STR-006,94123,SKU-602,100,552.49
2026-08-31,STR-006,94123,SKU-603,119,619.04
2026-08-31,STR-006,94123,SKU-604,128,585.37
2026-08-31,STR-006,94123,SKU-701,2,55.33
2026-08-24,STR-001,94103,SKU-101,219,884.96
2026-08-24,STR-001,94103,SKU-102,265,1702.11
2026-08-24,STR-001,94103,SKU-103,255,1488.61
2026-08-24,STR-001,94103,SKU-104,164,1048.07
2026-08-24,STR-001,94103,SKU-105,141,487.66
2026-08-24,STR-001,94103,SKU-201,227,1403.18
2026-08-24,STR-001,94103,SKU-202,216,1256.08
2026-08-24,STR-001,94103,SKU-203,352,1084.62
2026-08-24,STR-001,94103,SKU-204,121,1381.48
2026-08-24,STR-001,94103,SKU-301,391,2147.85
2026-08-24,STR-001,94103,SKU-302,213,1241.54
2026-08-24,STR-001,94103,SKU-303,260,1451.69
2026-08-24,STR-001,94103,SKU-304,243,1506.01
2026-08-24,STR-001,94103,SKU-401,216,1413.72
2026-08-24,STR-001,94103,SKU-402,143,957.25
2026-08-24,STR-001,94103,SKU-403,180,948.31
2026-08-24,STR-001,94103,SKU-501,31,597.27
2026-08-24,STR-001,94103,SKU-502,14,432.91
2026-08-24,STR-001,94103,SKU-503,23,496.04
2026-08-24,STR-001,94103,SKU-504,15,259.01
2026-08-24,STR-001,94103,SKU-601,133,1578.85
2026-08-24,STR-001,94103,SKU-602,146,828.68
2026-08-24,STR-001,94103,SKU-603,175,893.48
2026-08-24,STR-001,94103,SKU-604,133,604.97
2026-08-24,STR-001,94103,SKU-701,3,81.22
2026-08-24,STR-002,94110,SKU-101,294,1210.16
2026-08-24,STR-002,94110,SKU-102,464,2945.09
2026-08-24,STR-002,94110,SKU-103,382,2373.94
2026-08-24,STR-002,94110,SKU-104,243,1458.31
2026-08-24,STR-002,94110,SKU-105,181,660.33
2026-08-24,STR-002,94110,SKU-201,345,2238.70
2026-08-24,STR-002,94110,SKU-202,246,1461.05
2026-08-24,STR-002,94110,SKU-203,467,1478.64
2026-08-24,STR-002,94110,SKU-204,123,1328.13
2026-08-24,STR-002,94110,SKU-301,413,2332.73
2026-08-24,STR-002,94110,SKU-302,355,2199.32
2026-08-24,STR-002,94110,SKU-303,249,1439.30
2026-08-24,STR-002,94110,SKU-304,378,2378.66
2026-08-24,STR-002,94110,SKU-401,252,1651.74
2026-08-24,STR-002,94110,SKU-402,175,1111.20
2026-08-24,STR-002,94110,SKU-403,246,1351.91
2026-08-24,STR-002,94110,SKU-501,33,623.69
2026-08-24,STR-002,94110,SKU-502,25,752.23
2026-08-24,STR-002,94110,SKU-503,33,688.38
2026-08-24,STR-002,94110,SKU-504,15,266.12
2026-08-24,STR-002,94110,SKU-601,213,2460.11
2026-08-24,STR-002,94110,SKU-602,138,806.38
2026-08-24,STR-002,94110,SKU-603,211,1084.35
2026-08-24,STR-002,94110,SKU-604,182,843.52
2026-08-24,STR-002,94110,SKU-701,4,103.82
2026-08-24,STR-003,94133,SKU-101,256,1078.02
2026-08-24,STR-003,94133,SKU-102,285,1871.10
2026-08-24,STR-003,94133,SKU-103,283,1729.67
2026-08-24,STR-003,94133,SKU-104,158,992.32
2026-08-24,STR-003,94133,SKU-105,157,565.80
2026-08-24,STR-003,94133,SKU-201,209,1337.34
2026-08-24,STR-003,94133,SKU-202,220,1243.10
2026-08-24,STR-003,94133,SKU-203,270,862.22
2026-08-24,STR-003,94133,SKU-204,112,1231.98
2026-08-24,STR-003,94133,SKU-301,336,1841.04
2026-08-24,STR-003,94133,SKU-302,201,1180.43
2026-08-24,STR-003,94133,SKU-303,253,1466.34
2026-08-24,STR-003,94133,SKU-304,308,1891.19
2026-08-24,STR-003,94133,SKU-401,157,1072.24
2026-08-24,STR-003,94133,SKU-402,134,880.05
2026-08-24,STR-003,94133,SKU-403,176,933.07
2026-08-24,STR-003,94133,SKU-501,33,630.50
2026-08-24,STR-003,94133,SKU-502,16,481.56
2026-08-24,STR-003,94133,SKU-503,18,379.45
2026-08-24,STR-003,94133,SKU-504,10,176.70
2026-08-24,STR-003,94133,SKU-601,126,1491.22
2026-08-24,STR-003,94133,SKU-602,102,593.63
2026-08-24,STR-003,94133,SKU-603,170,876.89
2026-08-24,STR-003,94133,SKU-604,112,519.10
2026-08-24,STR-003,94133,SKU-701,2,52.69
2026-08-24,STR-004,94102,SKU-101,261,1076.42
2026-08-24,STR-004,94102,SKU-102,290,1865.61
2026-08-24,STR-004,94102,SKU-103,279,1672.93
2026-08-24,STR-004,94102,SKU-104,175,1104.46
2026-08-24,STR-004,94102,SKU-105,141,491.45
2026-08-24,STR-004,94102,SKU-201,209,1260.62
2026-08-24,STR-004,94102,SKU-202,193,1093.54
2026-08-24,STR-004,94102,SKU-203,244,792.46
2026-08-24,STR-004,94102,SKU-204,112,1216.73
2026-08-24,STR-004,94102,SKU-301,288,1644.20
2026-08-24,STR-004,94102,SKU-302,248,1434.15
2026-08-24,STR-004,94102,SKU-303,229,1342.34
2026-08-24,STR-004,94102,SKU-304,209,1308.65
2026-08-24,STR-004,94102,SKU-401,156,1033.07
2026-08-24,STR-004,94102,SKU-402,108,720.34
2026-08-24,STR-004,94102,SKU-403,119,641.85
2026-08-24,STR-004,94102,SKU-501,29,527.72
2026-08-24,STR-004,94102,SKU-502,16,480.40
2026-08-24,STR-004,94102,SKU-503,16,348.26
2026-08-24,STR-004,94102,SKU-504,12,208.10
2026-08-24,STR-004,94102,SKU-601,113,1316.92
2026-08-24,STR-004,94102,SKU-602,123,728.78
2026-08-24,STR-004,94102,SKU-603,139,702.50
2026-08-24,STR-004,94102,SKU-604,94,431.26
2026-08-24,STR-004,94102,SKU-701,3,79.51
2026-08-24,STR-005,94118,SKU-101,237,967.43
2026-08-24,STR-005,94118,SKU-102,365,2269.36
2026-08-24,STR-005,94118,SKU-103,265,1627.90
2026-08-24,STR-005,94118,SKU-104,210,1351.46
2026-08-24,STR-005,94118,SKU-105,131,455.95
2026-08-24,STR-005,94118,SKU-201,241,1447.26
2026-08-24,STR-005,94118,SKU-202,223,1272.41
2026-08-24,STR-005,94118,SKU-203,394,1180.78
2026-08-24,STR-005,94118,SKU-204,104,1137.22
2026-08-24,STR-005,94118,SKU-301,381,2077.09
2026-08-24,STR-005,94118,SKU-302,282,1639.89
2026-08-24,STR-005,94118,SKU-303,227,1315.93
2026-08-24,STR-005,94118,SKU-304,325,1953.77
2026-08-24,STR-005,94118,SKU-401,235,1587.47
2026-08-24,STR-005,94118,SKU-402,107,670.89
2026-08-24,STR-005,94118,SKU-403,183,930.95
2026-08-24,STR-005,94118,SKU-501,34,650.95
2026-08-24,STR-005,94118,SKU-502,18,575.02
2026-08-24,STR-005,94118,SKU-503,24,503.48
2026-08-24,STR-005,94118,SKU-504,13,215.39
2026-08-24,STR-005,94118,SKU-601,123,1422.56
2026-08-24,STR-005,94118,SKU-602,114,652.93
2026-08-24,STR-005,94118,SKU-603,164,835.17
2026-08-24,STR-005,94118,SKU-604,123,582.24
2026-08-24,STR-005,94118,SKU-701,4,111.78
2026-08-24,STR-006,94123,SKU-101,184,757.33
2026-08-24,STR-006,94123,SKU-102,233,1505.71
2026-08-24,STR-006,94123,SKU-103,283,1647.82
2026-08-24,STR-006,94123,SKU-104,185,1125.18
2026-08-24,STR-006,94123,SKU-105,118,437.82
2026-08-24,STR-006,94123,SKU-201,210,1319.07
2026-08-24,STR-006,94123,SKU-202,183,1050.06
2026-08-24,STR-006,94123,SKU-203,328,1043.48
2026-08-24,STR-006,94123,SKU-204,101,1115.26
2026-08-24,STR-006,94123,SKU-301,335,1840.51
2026-08-24,STR-006,94123,SKU-302,201,1159.99
2026-08-24,STR-006,94123,SKU-303,218,1298.06
2026-08-24,STR-006,94123,SKU-304,274,1771.48
2026-08-24,STR-006,94123,SKU-401,172,1152.37
2026-08-24,STR-006,94123,SKU-402,107,672.55
2026-08-24,STR-006,94123,SKU-403,117,639.24
2026-08-24,STR-006,94123,SKU-501,25,459.06
2026-08-24,STR-006,94123,SKU-502,15,463.17
2026-08-24,STR-006,94123,SKU-503,18,374.79
2026-08-24,STR-006,94123,SKU-504,11,186.46
2026-08-24,STR-006,94123,SKU-601,143,1765.45
2026-08-24,STR-006,94123,SKU-602,106,622.89
2026-08-24,STR-006,94123,SKU-603,154,799.09
2026-08-24,STR-006,94123,SKU-604,130,613.93
2026-08-24,STR-006,94123,SKU-701,3,82.54
2026-08-17,STR-001,94103,SKU-101,292,1146.91
2026-08-17,STR-001,94103,SKU-102,351,2305.19
2026-08-17,STR-001,94103,SKU-103,283,1682.17
2026-08-17,STR-001,94103,SKU-104,177,1115.58
2026-08-17,STR-001,94103,SKU-105,149,521.45
2026-08-17,STR-001,94103,SKU-201,241,1452.29
2026-08-17,STR-001,94103,SKU-202,182,1078.93
2026-08-17,STR-001,94103,SKU-203,332,1042.13
2026-08-17,STR-001,94103,SKU-204,113,1228.38
2026-08-17,STR-001,94103,SKU-301,292,1614.53
2026-08-17,STR-001,94103,SKU-302,290,1791.14
2026-08-17,STR-001,94103,SKU-303,202,1127.10
2026-08-17,STR-001,94103,SKU-304,360,2318.17
2026-08-17,STR-001,94103,SKU-401,190,1255.59
2026-08-17,STR-001,94103,SKU-402,129,853.04
2026-08-17,STR-001,94103,SKU-403,190,1034.47
2026-08-17,STR-001,94103,SKU-501,34,630.05
2026-08-17,STR-001,94103,SKU-502,14,442.67
2026-08-17,STR-001,94103,SKU-503,20,426.18
2026-08-17,STR-001,94103,SKU-504,11,188.90
2026-08-17,STR-001,94103,SKU-601,167,1926.37
2026-08-17,STR-001,94103,SKU-602,110,640.94
2026-08-17,STR-001,94103,SKU-603,163,843.64
2026-08-17,STR-001,94103,SKU-604,126,575.93
2026-08-17,STR-001,94103,SKU-701,3,77.74
2026-08-17,STR-002,94110,SKU-101,340,1417.90
2026-08-17,STR-002,94110,SKU-102,397,2470.29
2026-08-17,STR-002,94110,SKU-103,424,2633.13
2026-08-17,STR-002,94110,SKU-104,219,1387.50
2026-08-17,STR-002,94110,SKU-105,152,531.49
2026-08-17,STR-002,94110,SKU-201,316,2007.90
2026-08-17,STR-002,94110,SKU-202,244,1457.99
2026-08-17,STR-002,94110,SKU-203,422,1280.22
2026-08-17,STR-002,94110,SKU-204,134,1468.63
2026-08-17,STR-002,94110,SKU-301,395,2202.41
2026-08-17,STR-002,94110,SKU-302,375,2309.20
2026-08-17,STR-002,94110,SKU-303,321,1842.01
2026-08-17,STR-002,94110,SKU-304,372,2403.12
2026-08-17,STR-002,94110,SKU-401,274,1840.57
2026-08-17,STR-002,94110,SKU-402,140,870.25
2026-08-17,STR-002,94110,SKU-403,197,1032.90
2026-08-17,STR-002,94110,SKU-501,33,598.55
2026-08-17,STR-002,94110,SKU-502,17,527.82
2026-08-17,STR-002,94110,SKU-503,29,630.58
2026-08-17,STR-002,94110,SKU-504,14,246.39
2026-08-17,STR-002,94110,SKU-601,219,2518.56
2026-08-17,STR-002,94110,SKU-602,158,873.41
2026-08-17,STR-002,94110,SKU-603,238,1161.22
2026-08-17,STR-002,94110,SKU-604,180,793.38
2026-08-17,STR-002,94110,SKU-701,5,136.81
2026-08-17,STR-003,94133,SKU-101,260,1081.39
2026-08-17,STR-003,94133,SKU-102,321,2166.02
2026-08-17,STR-003,94133,SKU-103,312,1904.94
2026-08-17,STR-003,94133,SKU-104,166,1003.90
2026-08-17,STR-003,94133,SKU-105,120,416.61
2026-08-17,STR-003,94133,SKU-201,213,1314.83
2026-08-17,STR-003,94133,SKU-202,174,1011.49
2026-08-17,STR-003,94133,SKU-203,340,1074.58
2026-08-17,STR-003,94133,SKU-204,124,1356.45
2026-08-17,STR-003,94133,SKU-301,326,1725.75
2026-08-17,STR-003,94133,SKU-302,246,1502.98
2026-08-17,STR-003,94133,SKU-303,237,1383.62
2026-08-17,STR-003,94133,SKU-304,258,1661.51
2026-08-17,STR-003,94133,SKU-401,206,1360.08
2026-08-17,STR-003,94133,SKU-402,110,710.12
2026-08-17,STR-003,94133,SKU-403,121,630.28
2026-08-17,STR-003,94133,SKU-501,33,632.51
2026-08-17,STR-003,94133,SKU-502,13,397.31
2026-08-17,STR-003,94133,SKU-503,25,529.98
2026-08-17,STR-003,94133,SKU-504,12,199.92
2026-08-17,STR-003,94133,SKU-601,153,1859.60
2026-08-17,STR-003,94133,SKU-602,121,707.30
2026-08-17,STR-003,94133,SKU-603,180,892.75
2026-08-17,STR-003,94133,SKU-604,121,544.00
2026-08-17,STR-003,94133,SKU-701,3,77.52
2026-08-17,STR-004,94102,SKU-101,238,969.72
2026-08-17,STR-004,94102,SKU-102,216,1361.85
2026-08-17,STR-004,94102,SKU-103,248,1463.07
2026-08-17,STR-004,94102,SKU-104,134,820.41
2026-08-17,STR-004,94102,SKU-105,115,426.80
2026-08-17,STR-004,94102,SKU-201,234,1506.99
2026-08-17,STR-004,94102,SKU-202,220,1307.01
2026-08-17,STR-004,94102,SKU-203,289,923.19
2026-08-17,STR-004,94102,SKU-204,97,1098.23
2026-08-17,STR-004,94102,SKU-301,311,1715.30
2026-08-17,STR-004,94102,SKU-302,242,1394.24
2026-08-17,STR-004,94102,SKU-303,226,1249.56
2026-08-17,STR-004,94102,SKU-304,262,1663.37
2026-08-17,STR-004,94102,SKU-401,156,1051.48
2026-08-17,STR-004,94102,SKU-402,113,734.28
2026-08-17,STR-004,94102,SKU-403,146,791.88
2026-08-17,STR-004,94102,SKU-501,26,490.93
2026-08-17,STR-004,94102,SKU-502,16,482.18
2026-08-17,STR-004,94102,SKU-503,16,344.43
2026-08-17,STR-004,94102,SKU-504,10,166.60
2026-08-17,STR-004,94102,SKU-601,123,1484.01
2026-08-17,STR-004,94102,SKU-602,94,519.01
2026-08-17,STR-004,94102,SKU-603,134,669.24
2026-08-17,STR-004,94102,SKU-604,134,620.31
2026-08-17,STR-004,94102,SKU-701,3,77.87
2026-08-17,STR-005,94118,SKU-101,313,1239.93
2026-08-17,STR-005,94118,SKU-102,343,2227.08
2026-08-17,STR-005,94118,SKU-103,342,1985.75
2026-08-17,STR-005,94118,SKU-104,221,1383.46
2026-08-17,STR-005,94118,SKU-105,181,657.98
2026-08-17,STR-005,94118,SKU-201,246,1504.89
2026-08-17,STR-005,94118,SKU-202,267,1591.96
2026-08-17,STR-005,94118,SKU-203,381,1173.71
2026-08-17,STR-005,94118,SKU-204,135,1479.65
2026-08-17,STR-005,94118,SKU-301,405,2195.85
2026-08-17,STR-005,94118,SKU-302,287,1685.38
2026-08-17,STR-005,94118,SKU-303,274,1624.38
2026-08-17,STR-005,94118,SKU-304,327,2053.98
2026-08-17,STR-005,94118,SKU-401,208,1418.93
2026-08-17,STR-005,94118,SKU-402,116,756.41
2026-08-17,STR-005,94118,SKU-403,161,858.72
2026-08-17,STR-005,94118,SKU-501,30,562.78
2026-08-17,STR-005,94118,SKU-502,20,615.77
2026-08-17,STR-005,94118,SKU-503,28,571.87
2026-08-17,STR-005,94118,SKU-504,13,227.21
2026-08-17,STR-005,94118,SKU-601,176,2110.11
2026-08-17,STR-005,94118,SKU-602,128,715.89
2026-08-17,STR-005,94118,SKU-603,145,728.77
2026-08-17,STR-005,94118,SKU-604,112,520.03
2026-08-17,STR-005,94118,SKU-701,3,81.22
2026-08-17,STR-006,94123,SKU-101,231,956.44
2026-08-17,STR-006,94123,SKU-102,253,1626.93
2026-08-17,STR-006,94123,SKU-103,232,1336.55
2026-08-17,STR-006,94123,SKU-104,148,934.39
2026-08-17,STR-006,94123,SKU-105,130,473.03
2026-08-17,STR-006,94123,SKU-201,247,1553.46
2026-08-17,STR-006,94123,SKU-202,174,964.71
2026-08-17,STR-006,94123,SKU-203,251,775.69
2026-08-17,STR-006,94123,SKU-204,95,1014.64
2026-08-17,STR-006,94123,SKU-301,303,1733.45
2026-08-17,STR-006,94123,SKU-302,222,1278.68
2026-08-17,STR-006,94123,SKU-303,218,1229.50
2026-08-17,STR-006,94123,SKU-304,229,1427.87
2026-08-17,STR-006,94123,SKU-401,194,1319.67
2026-08-17,STR-006,94123,SKU-402,126,832.72
2026-08-17,STR-006,94123,SKU-403,159,807.87
2026-08-17,STR-006,94123,SKU-501,22,413.19
2026-08-17,STR-006,94123,SKU-502,13,392.03
2026-08-17,STR-006,94123,SKU-503,22,450.87
2026-08-17,STR-006,94123,SKU-504,11,192.22
2026-08-17,STR-006,94123,SKU-601,141,1685.57
2026-08-17,STR-006,94123,SKU-602,106,599.62
2026-08-17,STR-006,94123,SKU-603,120,624.58
2026-08-17,STR-006,94123,SKU-604,135,638.98
2026-08-17,STR-006,94123,SKU-701,3,80.41
2026-08-10,STR-001,94103,SKU-101,273,1081.39
2026-08-10,STR-001,94103,SKU-102,339,2193.04
2026-08-10,STR-001,94103,SKU-103,265,1597.12
2026-08-10,STR-001,94103,SKU-104,214,1329.31
2026-08-10,STR-001,94103,SKU-105,148,550.34
2026-08-10,STR-001,94103,SKU-201,202,1225.54
2026-08-10,STR-001,94103,SKU-202,222,1306.51
2026-08-10,STR-001,94103,SKU-203,363,1107.83
2026-08-10,STR-001,94103,SKU-204,95,1065.16
2026-08-10,STR-001,94103,SKU-301,414,2329.66
2026-08-10,STR-001,94103,SKU-302,251,1519.91
2026-08-10,STR-001,94103,SKU-303,241,1340.61
2026-08-10,STR-001,94103,SKU-304,352,2220.97
2026-08-10,STR-001,94103,SKU-401,214,1480.41
2026-08-10,STR-001,94103,SKU-402,138,888.68
2026-08-10,STR-001,94103,SKU-403,139,746.57
2026-08-10,STR-001,94103,SKU-501,29,535.90
2026-08-10,STR-001,94103,SKU-502,19,600.42
2026-08-10,STR-001,94103,SKU-503,26,527.11
2026-08-10,STR-001,94103,SKU-504,11,187.05
2026-08-10,STR-001,94103,SKU-601,127,1559.78
2026-08-10,STR-001,94103,SKU-602,148,847.29
2026-08-10,STR-001,94103,SKU-603,140,709.80
2026-08-10,STR-001,94103,SKU-604,149,701.88
2026-08-10,STR-001,94103,SKU-701,4,107.59
2026-08-10,STR-002,94110,SKU-101,364,1534.43
2026-08-10,STR-002,94110,SKU-102,405,2616.47
2026-08-10,STR-002,94110,SKU-103,400,2381.97
2026-08-10,STR-002,94110,SKU-104,233,1458.78
2026-08-10,STR-002,94110,SKU-105,158,585.72
2026-08-10,STR-002,94110,SKU-201,349,2218.27
2026-08-10,STR-002,94110,SKU-202,334,1855.87
2026-08-10,STR-002,94110,SKU-203,494,1528.02
2026-08-10,STR-002,94110,SKU-204,143,1642.75
2026-08-10,STR-002,94110,SKU-301,533,2908.75
2026-08-10,STR-002,94110,SKU-302,286,1731.45
2026-08-10,STR-002,94110,SKU-303,243,1381.10
2026-08-10,STR-002,94110,SKU-304,418,2706.83
2026-08-10,STR-002,94110,SKU-401,274,1872.47
2026-08-10,STR-002,94110,SKU-402,145,913.59
2026-08-10,STR-002,94110,SKU-403,182,968.34
2026-08-10,STR-002,94110,SKU-501,35,630.23
2026-08-10,STR-002,94110,SKU-502,20,623.41
2026-08-10,STR-002,94110,SKU-503,30,642.85
2026-08-10,STR-002,94110,SKU-504,20,342.96
2026-08-10,STR-002,94110,SKU-601,164,1934.39
2026-08-10,STR-002,94110,SKU-602,134,776.33
2026-08-10,STR-002,94110,SKU-603,186,945.03
2026-08-10,STR-002,94110,SKU-604,176,817.80
2026-08-10,STR-002,94110,SKU-701,4,104.99
2026-08-10,STR-003,94133,SKU-101,222,870.11
2026-08-10,STR-003,94133,SKU-102,286,1909.10
2026-08-10,STR-003,94133,SKU-103,222,1345.51
2026-08-10,STR-003,94133,SKU-104,180,1104.37
2026-08-10,STR-003,94133,SKU-105,111,411.11
2026-08-10,STR-003,94133,SKU-201,236,1527.04
2026-08-10,STR-003,94133,SKU-202,225,1265.67
2026-08-10,STR-003,94133,SKU-203,293,923.73
2026-08-10,STR-003,94133,SKU-204,99,1114.74
2026-08-10,STR-003,94133,SKU-301,333,1874.28
2026-08-10,STR-003,94133,SKU-302,232,1371.19
2026-08-10,STR-003,94133,SKU-303,258,1474.81
2026-08-10,STR-003,94133,SKU-304,268,1639.48
2026-08-10,STR-003,94133,SKU-401,216,1422.09
2026-08-10,STR-003,94133,SKU-402,97,639.43
2026-08-10,STR-003,94133,SKU-403,160,824.15
2026-08-10,STR-003,94133,SKU-501,24,445.50
2026-08-10,STR-003,94133,SKU-502,16,484.30
2026-08-10,STR-003,94133,SKU-503,20,423.90
2026-08-10,STR-003,94133,SKU-504,14,233.78
2026-08-10,STR-003,94133,SKU-601,148,1808.55
2026-08-10,STR-003,94133,SKU-602,143,842.69
2026-08-10,STR-003,94133,SKU-603,132,692.06
2026-08-10,STR-003,94133,SKU-604,115,537.02
2026-08-10,STR-003,94133,SKU-701,3,83.73
2026-08-10,STR-004,94102,SKU-101,239,1003.39
2026-08-10,STR-004,94102,SKU-102,209,1304.05
2026-08-10,STR-004,94102,SKU-103,214,1288.50
2026-08-10,STR-004,94102,SKU-104,131,792.84
2026-08-10,STR-004,94102,SKU-105,135,495.13
2026-08-10,STR-004,94102,SKU-201,226,1419.08
2026-08-10,STR-004,94102,SKU-202,173,1015.60
2026-08-10,STR-004,94102,SKU-203,300,910.99
2026-08-10,STR-004,94102,SKU-204,116,1273.88
2026-08-10,STR-004,94102,SKU-301,280,1511.99
2026-08-10,STR-004,94102,SKU-302,179,1062.96
2026-08-10,STR-004,94102,SKU-303,186,1111.35
2026-08-10,STR-004,94102,SKU-304,208,1252.49
2026-08-10,STR-004,94102,SKU-401,158,1083.24
2026-08-10,STR-004,94102,SKU-402,95,607.71
2026-08-10,STR-004,94102,SKU-403,137,693.75
2026-08-10,STR-004,94102,SKU-501,25,477.54
2026-08-10,STR-004,94102,SKU-502,12,370.29
2026-08-10,STR-004,94102,SKU-503,21,451.32
2026-08-10,STR-004,94102,SKU-504,12,207.63
2026-08-10,STR-004,94102,SKU-601,138,1629.01
2026-08-10,STR-004,94102,SKU-602,122,725.24
2026-08-10,STR-004,94102,SKU-603,137,697.60
2026-08-10,STR-004,94102,SKU-604,102,461.58
2026-08-10,STR-004,94102,SKU-701,3,82.58
2026-08-10,STR-005,94118,SKU-101,313,1298.27
2026-08-10,STR-005,94118,SKU-102,305,2045.56
2026-08-10,STR-005,94118,SKU-103,355,2200.63
2026-08-10,STR-005,94118,SKU-104,198,1228.67
2026-08-10,STR-005,94118,SKU-105,174,619.99
2026-08-10,STR-005,94118,SKU-201,255,1622.51
2026-08-10,STR-005,94118,SKU-202,232,1305.74
2026-08-10,STR-005,94118,SKU-203,387,1165.97
2026-08-10,STR-005,94118,SKU-204,103,1092.78
2026-08-10,STR-005,94118,SKU-301,324,1752.23
2026-08-10,STR-005,94118,SKU-302,257,1543.91
2026-08-10,STR-005,94118,SKU-303,206,1208.85
2026-08-10,STR-005,94118,SKU-304,282,1739.91
2026-08-10,STR-005,94118,SKU-401,204,1374.40
2026-08-10,STR-005,94118,SKU-402,144,901.02
2026-08-10,STR-005,94118,SKU-403,167,904.65
2026-08-10,STR-005,94118,SKU-501,31,597.14
2026-08-10,STR-005,94118,SKU-502,15,462.04
2026-08-10,STR-005,94118,SKU-503,23,480.69
2026-08-10,STR-005,94118,SKU-504,14,246.88
2026-08-10,STR-005,94118,SKU-601,124,1491.20
2026-08-10,STR-005,94118,SKU-602,138,825.27
2026-08-10,STR-005,94118,SKU-603,146,722.12
2026-08-10,STR-005,94118,SKU-604,146,657.39
2026-08-10,STR-005,94118,SKU-701,4,106.90
2026-08-10,STR-006,94123,SKU-101,190,757.20
2026-08-10,STR-006,94123,SKU-102,305,1951.84
2026-08-10,STR-006,94123,SKU-103,215,1294.53
2026-08-10,STR-006,94123,SKU-104,180,1156.59
2026-08-10,STR-006,94123,SKU-105,128,467.97
2026-08-10,STR-006,94123,SKU-201,250,1579.87
2026-08-10,STR-006,94123,SKU-202,190,1085.28
2026-08-10,STR-006,94123,SKU-203,242,764.56
2026-08-10,STR-006,94123,SKU-204,81,912.31
2026-08-10,STR-006,94123,SKU-301,342,1931.61
2026-08-10,STR-006,94123,SKU-302,203,1206.55
2026-08-10,STR-006,94123,SKU-303,192,1102.27
2026-08-10,STR-006,94123,SKU-304,226,1464.97
2026-08-10,STR-006,94123,SKU-401,193,1304.95
2026-08-10,STR-006,94123,SKU-402,103,677.92
2026-08-10,STR-006,94123,SKU-403,164,891.58
2026-08-10,STR-006,94123,SKU-501,27,507.90
2026-08-10,STR-006,94123,SKU-502,13,415.68
2026-08-10,STR-006,94123,SKU-503,18,392.33
2026-08-10,STR-006,94123,SKU-504,11,184.11
2026-08-10,STR-006,94123,SKU-601,104,1234.81
2026-08-10,STR-006,94123,SKU-602,120,681.81
2026-08-10,STR-006,94123,SKU-603,141,706.50
2026-08-10,STR-006,94123,SKU-604,115,518.01
2026-08-10,STR-006,94123,SKU-701,3,83.75
2026-08-03,STR-001,94103,SKU-101,299,1184.19
2026-08-03,STR-001,94103,SKU-102,253,1671.49
2026-08-03,STR-001,94103,SKU-103,327,1991.80
2026-08-03,STR-001,94103,SKU-104,208,1254.45
2026-08-03,STR-001,94103,SKU-105,127,471.77
2026-08-03,STR-001,94103,SKU-201,232,1408.22
2026-08-03,STR-001,94103,SKU-202,259,1489.81
2026-08-03,STR-001,94103,SKU-203,369,1168.67
2026-08-03,STR-001,94103,SKU-204,94,1025.20
2026-08-03,STR-001,94103,SKU-301,294,1619.56
2026-08-03,STR-001,94103,SKU-302,286,1778.49
2026-08-03,STR-001,94103,SKU-303,190,1105.49
2026-08-03,STR-001,94103,SKU-304,256,1613.35
2026-08-03,STR-001,94103,SKU-401,230,1500.58
2026-08-03,STR-001,94103,SKU-402,134,840.65
2026-08-03,STR-001,94103,SKU-403,181,956.23
2026-08-03,STR-001,94103,SKU-501,29,548.29
2026-08-03,STR-001,94103,SKU-502,19,602.97
2026-08-03,STR-001,94103,SKU-503,19,410.36
2026-08-03,STR-001,94103,SKU-504,12,202.43
2026-08-03,STR-001,94103,SKU-601,129,1490.62
2026-08-03,STR-001,94103,SKU-602,150,884.41
2026-08-03,STR-001,94103,SKU-603,156,788.70
2026-08-03,STR-001,94103,SKU-604,114,535.83
2026-08-03,STR-001,94103,SKU-701,3,78.12
2026-08-03,STR-002,94110,SKU-101,311,1223.30
2026-08-03,STR-002,94110,SKU-102,466,2951.28
2026-08-03,STR-002,94110,SKU-103,404,2355.49
2026-08-03,STR-002,94110,SKU-104,226,1447.48
2026-08-03,STR-002,94110,SKU-105,209,769.82
2026-08-03,STR-002,94110,SKU-201,367,2274.24
2026-08-03,STR-002,94110,SKU-202,273,1520.58
2026-08-03,STR-002,94110,SKU-203,355,1143.86
2026-08-03,STR-002,94110,SKU-204,166,1825.03
2026-08-03,STR-002,94110,SKU-301,364,1970.47
2026-08-03,STR-002,94110,SKU-302,369,2267.89
2026-08-03,STR-002,94110,SKU-303,342,1955.11
2026-08-03,STR-002,94110,SKU-304,396,2441.25
2026-08-03,STR-002,94110,SKU-401,306,1973.97
2026-08-03,STR-002,94110,SKU-402,152,996.32
2026-08-03,STR-002,94110,SKU-403,223,1193.41
2026-08-03,STR-002,94110,SKU-501,41,741.70
2026-08-03,STR-002,94110,SKU-502,25,798.99
2026-08-03,STR-002,94110,SKU-503,30,621.49
2026-08-03,STR-002,94110,SKU-504,19,315.70
2026-08-03,STR-002,94110,SKU-601,212,2450.60
2026-08-03,STR-002,94110,SKU-602,141,820.40
2026-08-03,STR-002,94110,SKU-603,189,978.69
2026-08-03,STR-002,94110,SKU-604,187,834.82
2026-08-03,STR-002,94110,SKU-701,3,82.33
2026-08-03,STR-003,94133,SKU-101,208,815.97
2026-08-03,STR-003,94133,SKU-102,321,2061.52
2026-08-03,STR-003,94133,SKU-103,314,1927.48
2026-08-03,STR-003,94133,SKU-104,166,1005.39
2026-08-03,STR-003,94133,SKU-105,138,495.49
2026-08-03,STR-003,94133,SKU-201,207,1281.67
2026-08-03,STR-003,94133,SKU-202,193,1093.69
2026-08-03,STR-003,94133,SKU-203,311,967.99
2026-08-03,STR-003,94133,SKU-204,114,1267.82
2026-08-03,STR-003,94133,SKU-301,377,2154.42
2026-08-03,STR-003,94133,SKU-302,251,1494.50
2026-08-03,STR-003,94133,SKU-303,192,1067.97
2026-08-03,STR-003,94133,SKU-304,251,1506.80
2026-08-03,STR-003,94133,SKU-401,164,1056.76
2026-08-03,STR-003,94133,SKU-402,121,761.39
2026-08-03,STR-003,94133,SKU-403,174,916.17
2026-08-03,STR-003,94133,SKU-501,25,471.87
2026-08-03,STR-003,94133,SKU-502,17,507.71
2026-08-03,STR-003,94133,SKU-503,19,409.58
2026-08-03,STR-003,94133,SKU-504,11,184.68
2026-08-03,STR-003,94133,SKU-601,115,1323.88
2026-08-03,STR-003,94133,SKU-602,140,799.08
2026-08-03,STR-003,94133,SKU-603,135,694.45
2026-08-03,STR-003,94133,SKU-604,123,579.35
2026-08-03,STR-003,94133,SKU-701,3,82.27
2026-08-03,STR-004,94102,SKU-101,253,1030.01
2026-08-03,STR-004,94102,SKU-102,242,1627.80
2026-08-03,STR-004,94102,SKU-103,291,1791.22
2026-08-03,STR-004,94102,SKU-104,146,913.64
2026-08-03,STR-004,94102,SKU-105,120,449.60
2026-08-03,STR-004,94102,SKU-201,179,1144.64
2026-08-03,STR-004,94102,SKU-202,224,1331.46
2026-08-03,STR-004,94102,SKU-203,333,1006.79
2026-08-03,STR-004,94102,SKU-204,114,1301.37
2026-08-03,STR-004,94102,SKU-301,265,1424.68
2026-08-03,STR-004,94102,SKU-302,251,1499.30
2026-08-03,STR-004,94102,SKU-303,160,958.32
2026-08-03,STR-004,94102,SKU-304,285,1748.52
2026-08-03,STR-004,94102,SKU-401,147,1024.43
2026-08-03,STR-004,94102,SKU-402,115,756.89
2026-08-03,STR-004,94102,SKU-403,159,813.98
2026-08-03,STR-004,94102,SKU-501,27,486.96
2026-08-03,STR-004,94102,SKU-502,16,508.86
2026-08-03,STR-004,94102,SKU-503,17,348.39
2026-08-03,STR-004,94102,SKU-504,13,215.78
2026-08-03,STR-004,94102,SKU-601,114,1324.41
2026-08-03,STR-004,94102,SKU-602,113,672.54
2026-08-03,STR-004,94102,SKU-603,152,742.00
2026-08-03,STR-004,94102,SKU-604,130,590.11
2026-08-03,STR-004,94102,SKU-701,3,80.90
2026-08-03,STR-005,94118,SKU-101,249,980.83
2026-08-03,STR-005,94118,SKU-102,353,2217.18
2026-08-03,STR-005,94118,SKU-103,331,1917.98
2026-08-03,STR-005,94118,SKU-104,204,1283.13
2026-08-03,STR-005,94118,SKU-105,174,605.14
2026-08-03,STR-005,94118,SKU-201,220,1359.11
2026-08-03,STR-005,94118,SKU-202,230,1361.00
2026-08-03,STR-005,94118,SKU-203,406,1245.76
2026-08-03,STR-005,94118,SKU-204,131,1497.90
2026-08-03,STR-005,94118,SKU-301,399,2249.08
2026-08-03,STR-005,94118,SKU-302,315,1897.94
2026-08-03,STR-005,94118,SKU-303,200,1190.68
2026-08-03,STR-005,94118,SKU-304,302,1878.97
2026-08-03,STR-005,94118,SKU-401,257,1786.44
2026-08-03,STR-005,94118,SKU-402,150,1010.19
2026-08-03,STR-005,94118,SKU-403,137,714.50
2026-08-03,STR-005,94118,SKU-501,30,547.22
2026-08-03,STR-005,94118,SKU-502,20,638.07
2026-08-03,STR-005,94118,SKU-503,21,425.87
2026-08-03,STR-005,94118,SKU-504,12,201.80
2026-08-03,STR-005,94118,SKU-601,122,1438.75
2026-08-03,STR-005,94118,SKU-602,150,880.70
2026-08-03,STR-005,94118,SKU-603,194,977.07
2026-08-03,STR-005,94118,SKU-604,125,554.43
2026-08-03,STR-005,94118,SKU-701,3,78.74
2026-08-03,STR-006,94123,SKU-101,253,1040.22
2026-08-03,STR-006,94123,SKU-102,263,1698.60
2026-08-03,STR-006,94123,SKU-103,238,1425.41
2026-08-03,STR-006,94123,SKU-104,152,947.22
2026-08-03,STR-006,94123,SKU-105,148,546.83
2026-08-03,STR-006,94123,SKU-201,205,1264.66
2026-08-03,STR-006,94123,SKU-202,174,995.85
2026-08-03,STR-006,94123,SKU-203,277,842.65
2026-08-03,STR-006,94123,SKU-204,117,1341.41
2026-08-03,STR-006,94123,SKU-301,264,1504.60
2026-08-03,STR-006,94123,SKU-302,239,1411.98
2026-08-03,STR-006,94123,SKU-303,191,1060.71
2026-08-03,STR-006,94123,SKU-304,208,1277.57
2026-08-03,STR-006,94123,SKU-401,163,1126.66
2026-08-03,STR-006,94123,SKU-402,123,809.88
2026-08-03,STR-006,94123,SKU-403,112,579.31
2026-08-03,STR-006,94123,SKU-501,25,462.86
2026-08-03,STR-006,94123,SKU-502,16,495.52
2026-08-03,STR-006,94123,SKU-503,21,459.58
2026-08-03,STR-006,94123,SKU-504,12,206.35
2026-08-03,STR-006,94123,SKU-601,106,1303.47
2026-08-03,STR-006,94123,SKU-602,129,721.47
2026-08-03,STR-006,94123,SKU-603,140,722.98
2026-08-03,STR-006,94123,SKU-604,97,435.34
2026-08-03,STR-006,94123,SKU-701,2,53.70
2026-07-27,STR-001,94103,SKU-101,297,1246.59
2026-07-27,STR-001,94103,SKU-102,330,2194.69
2026-07-27,STR-001,94103,SKU-103,248,1510.56
2026-07-27,STR-001,94103,SKU-104,150,930.68
2026-07-27,STR-001,94103,SKU-105,171,630.68
2026-07-27,STR-001,94103,SKU-201,233,1478.36
2026-07-27,STR-001,94103,SKU-202,197,1132.20
2026-07-27,STR-001,94103,SKU-203,343,1111.66
2026-07-27,STR-001,94103,SKU-204,137,1552.93
2026-07-27,STR-001,94103,SKU-301,304,1613.66
2026-07-27,STR-001,94103,SKU-302,244,1478.38
2026-07-27,STR-001,94103,SKU-303,259,1429.75
2026-07-27,STR-001,94103,SKU-304,252,1528.76
2026-07-27,STR-001,94103,SKU-401,187,1306.23
2026-07-27,STR-001,94103,SKU-402,124,833.65
2026-07-27,STR-001,94103,SKU-403,171,872.30
2026-07-27,STR-001,94103,SKU-501,27,511.79
2026-07-27,STR-001,94103,SKU-502,16,487.67
2026-07-27,STR-001,94103,SKU-503,28,578.17
2026-07-27,STR-001,94103,SKU-504,13,230.60
2026-07-27,STR-001,94103,SKU-601,118,1387.52
2026-07-27,STR-001,94103,SKU-602,108,619.82
2026-07-27,STR-001,94103,SKU-603,136,667.19
2026-07-27,STR-001,94103,SKU-604,137,619.75
2026-07-27,STR-001,94103,SKU-701,3,83.64
2026-07-27,STR-002,94110,SKU-101,300,1187.40
2026-07-27,STR-002,94110,SKU-102,441,2968.85
2026-07-27,STR-002,94110,SKU-103,337,2046.02
2026-07-27,STR-002,94110,SKU-104,268,1673.79
2026-07-27,STR-002,94110,SKU-105,182,673.52
2026-07-27,STR-002,94110,SKU-201,280,1762.45
2026-07-27,STR-002,94110,SKU-202,229,1309.96
2026-07-27,STR-002,94110,SKU-203,418,1264.57
2026-07-27,STR-002,94110,SKU-204,128,1395.57
2026-07-27,STR-002,94110,SKU-301,529,2863.17
2026-07-27,STR-002,94110,SKU-302,349,2180.63
2026-07-27,STR-002,94110,SKU-303,242,1384.74
2026-07-27,STR-002,94110,SKU-304,390,2404.94
2026-07-27,STR-002,94110,SKU-401,281,1951.02
2026-07-27,STR-002,94110,SKU-402,140,927.19
2026-07-27,STR-002,94110,SKU-403,195,1066.77
2026-07-27,STR-002,94110,SKU-501,46,852.21
2026-07-27,STR-002,94110,SKU-502,19,579.27
2026-07-27,STR-002,94110,SKU-503,31,672.70
2026-07-27,STR-002,94110,SKU-504,19,318.07
2026-07-27,STR-002,94110,SKU-601,188,2186.27
2026-07-27,STR-002,94110,SKU-602,155,893.19
2026-07-27,STR-002,94110,SKU-603,222,1083.92
2026-07-27,STR-002,94110,SKU-604,196,883.49
2026-07-27,STR-002,94110,SKU-701,3,80.51
2026-07-27,STR-003,94133,SKU-101,292,1146.93
2026-07-27,STR-003,94133,SKU-102,251,1678.02
2026-07-27,STR-003,94133,SKU-103,309,1882.97
2026-07-27,STR-003,94133,SKU-104,162,992.97
2026-07-27,STR-003,94133,SKU-105,140,487.87
2026-07-27,STR-003,94133,SKU-201,199,1275.97
2026-07-27,STR-003,94133,SKU-202,225,1249.22
2026-07-27,STR-003,94133,SKU-203,286,904.62
2026-07-27,STR-003,94133,SKU-204,111,1228.48
2026-07-27,STR-003,94133,SKU-301,343,1897.03
2026-07-27,STR-003,94133,SKU-302,275,1635.42
2026-07-27,STR-003,94133,SKU-303,217,1301.79
2026-07-27,STR-003,94133,SKU-304,238,1464.45
2026-07-27,STR-003,94133,SKU-401,210,1386.88
2026-07-27,STR-003,94133,SKU-402,141,927.00
2026-07-27,STR-003,94133,SKU-403,172,876.95
2026-07-27,STR-003,94133,SKU-501,28,520.52
2026-07-27,STR-003,94133,SKU-502,15,472.65
2026-07-27,STR-003,94133,SKU-503,20,426.88
2026-07-27,STR-003,94133,SKU-504,14,249.60
2026-07-27,STR-003,94133,SKU-601,115,1350.53
2026-07-27,STR-003,94133,SKU-602,108,613.14
2026-07-27,STR-003,94133,SKU-603,160,789.44
2026-07-27,STR-003,94133,SKU-604,124,575.99
2026-07-27,STR-003,94133,SKU-701,3,78.88
2026-07-27,STR-004,94102,SKU-101,221,924.94
2026-07-27,STR-004,94102,SKU-102,218,1402.64
2026-07-27,STR-004,94102,SKU-103,199,1151.21
2026-07-27,STR-004,94102,SKU-104,173,1118.61
2026-07-27,STR-004,94102,SKU-105,110,406.31
2026-07-27,STR-004,94102,SKU-201,226,1359.70
2026-07-27,STR-004,94102,SKU-202,179,1027.98
2026-07-27,STR-004,94102,SKU-203,295,901.22
2026-07-27,STR-004,94102,SKU-204,78,836.01
2026-07-27,STR-004,94102,SKU-301,291,1587.54
2026-07-27,STR-004,94102,SKU-302,243,1516.66
2026-07-27,STR-004,94102,SKU-303,198,1139.52
2026-07-27,STR-004,94102,SKU-304,258,1665.09
2026-07-27,STR-004,94102,SKU-401,204,1329.12
2026-07-27,STR-004,94102,SKU-402,91,566.92
2026-07-27,STR-004,94102,SKU-403,162,856.49
2026-07-27,STR-004,94102,SKU-501,26,497.17
2026-07-27,STR-004,94102,SKU-502,16,476.65
2026-07-27,STR-004,94102,SKU-503,17,364.06
2026-07-27,STR-004,94102,SKU-504,11,184.11
2026-07-27,STR-004,94102,SKU-601,136,1588.87
2026-07-27,STR-004,94102,SKU-602,91,523.09
2026-07-27,STR-004,94102,SKU-603,151,747.82
2026-07-27,STR-004,94102,SKU-604,99,451.55
2026-07-27,STR-004,94102,SKU-701,2,51.92
2026-07-27,STR-005,94118,SKU-101,237,975.90
2026-07-27,STR-005,94118,SKU-102,342,2276.36
2026-07-27,STR-005,94118,SKU-103,280,1748.54
2026-07-27,STR-005,94118,SKU-104,213,1326.04
2026-07-27,STR-005,94118,SKU-105,175,632.53
2026-07-27,STR-005,94118,SKU-201,210,1364.19
2026-07-27,STR-005,94118,SKU-202,191,1071.40
2026-07-27,STR-005,94118,SKU-203,339,1086.77
2026-07-27,STR-005,94118,SKU-204,141,1556.40
2026-07-27,STR-005,94118,SKU-301,364,2064.78
2026-07-27,STR-005,94118,SKU-302,278,1619.20
2026-07-27,STR-005,94118,SKU-303,239,1323.35
2026-07-27,STR-005,94118,SKU-304,286,1729.79
2026-07-27,STR-005,94118,SKU-401,228,1529.54
2026-07-27,STR-005,94118,SKU-402,143,936.90
2026-07-27,STR-005,94118,SKU-403,173,917.22
2026-07-27,STR-005,94118,SKU-501,35,673.28
2026-07-27,STR-005,94118,SKU-502,14,445.37
2026-07-27,STR-005,94118,SKU-503,23,505.82
2026-07-27,STR-005,94118,SKU-504,13,220.19
2026-07-27,STR-005,94118,SKU-601,151,1865.50
2026-07-27,STR-005,94118,SKU-602,118,663.55
2026-07-27,STR-005,94118,SKU-603,172,883.03
2026-07-27,STR-005,94118,SKU-604,121,565.23
2026-07-27,STR-005,94118,SKU-701,4,106.32
2026-07-27,STR-006,94123,SKU-101,253,1052.23
2026-07-27,STR-006,94123,SKU-102,280,1761.03
2026-07-27,STR-006,94123,SKU-103,222,1318.98
2026-07-27,STR-006,94123,SKU-104,124,773.70
2026-07-27,STR-006,94123,SKU-105,145,523.66
2026-07-27,STR-006,94123,SKU-201,251,1520.46
2026-07-27,STR-006,94123,SKU-202,218,1284.72
2026-07-27,STR-006,94123,SKU-203,234,708.78
2026-07-27,STR-006,94123,SKU-204,84,941.03
2026-07-27,STR-006,94123,SKU-301,290,1554.20
2026-07-27,STR-006,94123,SKU-302,235,1467.58
2026-07-27,STR-006,94123,SKU-303,193,1092.66
2026-07-27,STR-006,94123,SKU-304,206,1334.50
2026-07-27,STR-006,94123,SKU-401,150,970.29
2026-07-27,STR-006,94123,SKU-402,103,663.30
2026-07-27,STR-006,94123,SKU-403,134,727.22
2026-07-27,STR-006,94123,SKU-501,25,473.38
2026-07-27,STR-006,94123,SKU-502,16,502.54
2026-07-27,STR-006,94123,SKU-503,20,439.80
2026-07-27,STR-006,94123,SKU-504,12,204.64
2026-07-27,STR-006,94123,SKU-601,122,1437.08
2026-07-27,STR-006,94123,SKU-602,121,712.06
2026-07-27,STR-006,94123,SKU-603,157,814.85
2026-07-27,STR-006,94123,SKU-604,96,438.01
2026-07-27,STR-006,94123,SKU-701,2,53.44
2026-07-20,STR-001,94103,SKU-101,297,1175.56
2026-07-20,STR-001,94103,SKU-102,352,2199.22
2026-07-20,STR-001,94103,SKU-103,293,1722.00
2026-07-20,STR-001,94103,SKU-104,163,1033.14
2026-07-20,STR-001,94103,SKU-105,164,596.91
2026-07-20,STR-001,94103,SKU-201,235,1405.63
2026-07-20,STR-001,94103,SKU-202,245,1389.33
2026-07-20,STR-001,94103,SKU-203,297,891.83
2026-07-20,STR-001,94103,SKU-204,134,1430.78
2026-07-20,STR-001,94103,SKU-301,304,1679.48
2026-07-20,STR-001,94103,SKU-302,216,1291.55
2026-07-20,STR-001,94103,SKU-303,246,1459.33
2026-07-20,STR-001,94103,SKU-304,276,1750.05
2026-07-20,STR-001,94103,SKU-401,236,1644.39
2026-07-20,STR-001,94103,SKU-402,129,807.83
2026-07-20,STR-001,94103,SKU-403,162,842.65
2026-07-20,STR-001,94103,SKU-501,37,670.59
2026-07-20,STR-001,94103,SKU-502,20,595.98
2026-07-20,STR-001,94103,SKU-503,23,490.37
2026-07-20,STR-001,94103,SKU-504,14,240.82
2026-07-20,STR-001,94103,SKU-601,145,1794.45
2026-07-20,STR-001,94103,SKU-602,120,674.22
2026-07-20,STR-001,94103,SKU-603,142,719.26
2026-07-20,STR-001,94103,SKU-604,138,648.17
2026-07-20,STR-001,94103,SKU-701,3,82.03
2026-07-20,STR-002,94110,SKU-101,412,1714.40
2026-07-20,STR-002,94110,SKU-102,344,2153.32
2026-07-20,STR-002,94110,SKU-103,380,2291.32
2026-07-20,STR-002,94110,SKU-104,216,1329.62
2026-07-20,STR-002,94110,SKU-105,151,543.45
2026-07-20,STR-002,94110,SKU-201,368,2225.54
2026-07-20,STR-002,94110,SKU-202,286,1599.79
2026-07-20,STR-002,94110,SKU-203,364,1141.24
2026-07-20,STR-002,94110,SKU-204,170,1889.25
2026-07-20,STR-002,94110,SKU-301,510,2732.89
2026-07-20,STR-002,94110,SKU-302,288,1797.78
2026-07-20,STR-002,94110,SKU-303,350,2061.74
2026-07-20,STR-002,94110,SKU-304,374,2242.96
2026-07-20,STR-002,94110,SKU-401,285,1990.85
2026-07-20,STR-002,94110,SKU-402,136,891.21
2026-07-20,STR-002,94110,SKU-403,208,1102.83
2026-07-20,STR-002,94110,SKU-501,37,669.09
2026-07-20,STR-002,94110,SKU-502,25,776.52
2026-07-20,STR-002,94110,SKU-503,29,603.93
2026-07-20,STR-002,94110,SKU-504,20,350.98
2026-07-20,STR-002,94110,SKU-601,195,2293.42
2026-07-20,STR-002,94110,SKU-602,136,752.78
2026-07-20,STR-002,94110,SKU-603,184,947.06
2026-07-20,STR-002,94110,SKU-604,144,639.83
2026-07-20,STR-002,94110,SKU-701,4,104.55
2026-07-20,STR-003,94133,SKU-101,292,1172.30
2026-07-20,STR-003,94133,SKU-102,235,1523.57
2026-07-20,STR-003,94133,SKU-103,311,1796.31
2026-07-20,STR-003,94133,SKU-104,183,1101.82
2026-07-20,STR-003,94133,SKU-105,114,395.66
2026-07-20,STR-003,94133,SKU-201,224,1452.47
2026-07-20,STR-003,94133,SKU-202,212,1265.69
2026-07-20,STR-003,94133,SKU-203,298,930.64
2026-07-20,STR-003,94133,SKU-204,98,1070.14
2026-07-20,STR-003,94133,SKU-301,286,1626.95
2026-07-20,STR-003,94133,SKU-302,249,1443.01
2026-07-20,STR-003,94133,SKU-303,239,1422.58
2026-07-20,STR-003,94133,SKU-304,320,1920.88
2026-07-20,STR-003,94133,SKU-401,230,1534.58
2026-07-20,STR-003,94133,SKU-402,124,810.07
2026-07-20,STR-003,94133,SKU-403,148,753.74
2026-07-20,STR-003,94133,SKU-501,30,538.90
2026-07-20,STR-003,94133,SKU-502,15,443.44
2026-07-20,STR-003,94133,SKU-503,22,470.07
2026-07-20,STR-003,94133,SKU-504,12,204.59
2026-07-20,STR-003,94133,SKU-601,124,1484.83
2026-07-20,STR-003,94133,SKU-602,107,641.61
2026-07-20,STR-003,94133,SKU-603,157,823.50
2026-07-20,STR-003,94133,SKU-604,113,498.52
2026-07-20,STR-003,94133,SKU-701,3,82.38
2026-07-20,STR-004,94102,SKU-101,214,900.32
2026-07-20,STR-004,94102,SKU-102,251,1650.62
2026-07-20,STR-004,94102,SKU-103,243,1486.11
2026-07-20,STR-004,94102,SKU-104,151,935.84
2026-07-20,STR-004,94102,SKU-105,105,377.51
2026-07-20,STR-004,94102,SKU-201,232,1482.25
2026-07-20,STR-004,94102,SKU-202,206,1150.22
2026-07-20,STR-004,94102,SKU-203,307,967.62
2026-07-20,STR-004,94102,SKU-204,91,988.63
2026-07-20,STR-004,94102,SKU-301,333,1774.36
2026-07-20,STR-004,94102,SKU-302,228,1393.80
2026-07-20,STR-004,94102,SKU-303,223,1321.67
2026-07-20,STR-004,94102,SKU-304,248,1565.58
2026-07-20,STR-004,94102,SKU-401,151,1036.71
2026-07-20,STR-004,94102,SKU-402,101,641.42
2026-07-20,STR-004,94102,SKU-403,138,723.73
2026-07-20,STR-004,94102,SKU-501,23,422.90
2026-07-20,STR-004,94102,SKU-502,12,362.81
2026-07-20,STR-004,94102,SKU-503,17,356.74
2026-07-20,STR-004,94102,SKU-504,13,221.54
2026-07-20,STR-004,94102,SKU-601,144,1772.58
2026-07-20,STR-004,94102,SKU-602,92,507.87
2026-07-20,STR-004,94102,SKU-603,145,717.95
2026-07-20,STR-004,94102,SKU-604,94,426.65
2026-07-20,STR-004,94102,SKU-701,3,78.71
2026-07-20,STR-005,94118,SKU-101,342,1380.23
2026-07-20,STR-005,94118,SKU-102,330,2198.83
2026-07-20,STR-005,94118,SKU-103,260,1559.46
2026-07-20,STR-005,94118,SKU-104,215,1360.43
2026-07-20,STR-005,94118,SKU-105,181,656.49
2026-07-20,STR-005,94118,SKU-201,244,1459.40
2026-07-20,STR-005,94118,SKU-202,250,1485.19
2026-07-20,STR-005,94118,SKU-203,318,1003.94
2026-07-20,STR-005,94118,SKU-204,142,1574.55
2026-07-20,STR-005,94118,SKU-301,325,1744.08
2026-07-20,STR-005,94118,SKU-302,265,1596.66
2026-07-20,STR-005,94118,SKU-303,204,1178.06
2026-07-20,STR-005,94118,SKU-304,259,1612.43
2026-07-20,STR-005,94118,SKU-401,209,1388.07
2026-07-20,STR-005,94118,SKU-402,152,1019.97
2026-07-20,STR-005,94118,SKU-403,163,847.09
2026-07-20,STR-005,94118,SKU-501,37,712.68
2026-07-20,STR-005,94118,SKU-502,18,568.18
2026-07-20,STR-005,94118,SKU-503,25,532.43
2026-07-20,STR-005,94118,SKU-504,17,304.15
2026-07-20,STR-005,94118,SKU-601,130,1545.79
2026-07-20,STR-005,94118,SKU-602,117,691.43
2026-07-20,STR-005,94118,SKU-603,158,763.69
2026-07-20,STR-005,94118,SKU-604,159,698.03
2026-07-20,STR-005,94118,SKU-701,3,82.62
2026-07-20,STR-006,94123,SKU-101,235,935.35
2026-07-20,STR-006,94123,SKU-102,321,2141.00
2026-07-20,STR-006,94123,SKU-103,214,1267.54
2026-07-20,STR-006,94123,SKU-104,165,1021.86
2026-07-20,STR-006,94123,SKU-105,113,404.91
2026-07-20,STR-006,94123,SKU-201,209,1270.47
2026-07-20,STR-006,94123,SKU-202,218,1248.11
2026-07-20,STR-006,94123,SKU-203,266,799.83
2026-07-20,STR-006,94123,SKU-204,112,1238.44
2026-07-20,STR-006,94123,SKU-301,294,1606.85
2026-07-20,STR-006,94123,SKU-302,261,1558.93
2026-07-20,STR-006,94123,SKU-303,204,1161.87
2026-07-20,STR-006,94123,SKU-304,231,1494.03
2026-07-20,STR-006,94123,SKU-401,178,1175.84
2026-07-20,STR-006,94123,SKU-402,125,778.19
2026-07-20,STR-006,94123,SKU-403,129,685.62
2026-07-20,STR-006,94123,SKU-501,24,453.45
2026-07-20,STR-006,94123,SKU-502,15,468.23
2026-07-20,STR-006,94123,SKU-503,17,351.71
2026-07-20,STR-006,94123,SKU-504,9,156.63
2026-07-20,STR-006,94123,SKU-601,127,1561.65
2026-07-20,STR-006,94123,SKU-602,103,606.21
2026-07-20,STR-006,94123,SKU-603,161,798.43
2026-07-20,STR-006,94123,SKU-604,127,595.10
2026-07-20,STR-006,94123,SKU-701,3,80.02
2026-07-13,STR-001,94103,SKU-101,329,1381.24
2026-07-13,STR-001,94103,SKU-102,287,1789.95
2026-07-13,STR-001,94103,SKU-103,308,1845.90
2026-07-13,STR-001,94103,SKU-104,205,1286.37
2026-07-13,STR-001,94103,SKU-105,131,473.80
2026-07-13,STR-001,94103,SKU-201,254,1551.59
2026-07-13,STR-001,94103,SKU-202,209,1167.54
2026-07-13,STR-001,94103,SKU-203,308,974.63
2026-07-13,STR-001,94103,SKU-204,129,1411.72
2026-07-13,STR-001,94103,SKU-301,349,1864.76
2026-07-13,STR-001,94103,SKU-302,255,1485.59
2026-07-13,STR-001,94103,SKU-303,232,1286.04
2026-07-13,STR-001,94103,SKU-304,242,1523.55
2026-07-13,STR-001,94103,SKU-401,186,1295.08
2026-07-13,STR-001,94103,SKU-402,127,805.75
2026-07-13,STR-001,94103,SKU-403,160,853.30
2026-07-13,STR-001,94103,SKU-501,28,522.72
2026-07-13,STR-001,94103,SKU-502,14,418.16
2026-07-13,STR-001,94103,SKU-503,27,547.22
2026-07-13,STR-001,94103,SKU-504,15,258.41
2026-07-13,STR-001,94103,SKU-601,148,1741.43
2026-07-13,STR-001,94103,SKU-602,122,715.29
2026-07-13,STR-001,94103,SKU-603,161,839.91
2026-07-13,STR-001,94103,SKU-604,141,651.70
2026-07-13,STR-001,94103,SKU-701,3,80.56
2026-07-13,STR-002,94110,SKU-101,421,1682.26
2026-07-13,STR-002,94110,SKU-102,384,2499.15
2026-07-13,STR-002,94110,SKU-103,314,1850.20
2026-07-13,STR-002,94110,SKU-104,228,1410.39
2026-07-13,STR-002,94110,SKU-105,160,585.03
2026-07-13,STR-002,94110,SKU-201,348,2208.70
2026-07-13,STR-002,94110,SKU-202,255,1477.48
2026-07-13,STR-002,94110,SKU-203,382,1219.13
2026-07-13,STR-002,94110,SKU-204,163,1726.65
2026-07-13,STR-002,94110,SKU-301,402,2214.58
2026-07-13,STR-002,94110,SKU-302,329,1942.09
2026-07-13,STR-002,94110,SKU-303,334,1914.46
2026-07-13,STR-002,94110,SKU-304,297,1924.62
2026-07-13,STR-002,94110,SKU-401,312,2031.43
2026-07-13,STR-002,94110,SKU-402,166,1087.03
2026-07-13,STR-002,94110,SKU-403,218,1196.24
2026-07-13,STR-002,94110,SKU-501,47,887.78
2026-07-13,STR-002,94110,SKU-502,22,680.11
2026-07-13,STR-002,94110,SKU-503,26,548.24
2026-07-13,STR-002,94110,SKU-504,16,268.94
2026-07-13,STR-002,94110,SKU-601,173,2019.64
2026-07-13,STR-002,94110,SKU-602,172,963.59
2026-07-13,STR-002,94110,SKU-603,200,1012.93
2026-07-13,STR-002,94110,SKU-604,179,847.55
2026-07-13,STR-002,94110,SKU-701,5,135.71
2026-07-13,STR-003,94133,SKU-101,240,1015.88
2026-07-13,STR-003,94133,SKU-102,344,2277.97
2026-07-13,STR-003,94133,SKU-103,296,1756.33
2026-07-13,STR-003,94133,SKU-104,153,963.55
2026-07-13,STR-003,94133,SKU-105,163,565.16
2026-07-13,STR-003,94133,SKU-201,226,1434.09
2026-07-13,STR-003,94133,SKU-202,243,1440.07
2026-07-13,STR-003,94133,SKU-203,358,1125.90
2026-07-13,STR-003,94133,SKU-204,119,1293.08
2026-07-13,STR-003,94133,SKU-301,308,1671.77
2026-07-13,STR-003,94133,SKU-302,198,1147.26
2026-07-13,STR-003,94133,SKU-303,197,1099.31
2026-07-13,STR-003,94133,SKU-304,233,1487.84
2026-07-13,STR-003,94133,SKU-401,204,1355.96
2026-07-13,STR-003,94133,SKU-402,139,864.86
2026-07-13,STR-003,94133,SKU-403,153,799.63
2026-07-13,STR-003,94133,SKU-501,33,642.58
2026-07-13,STR-003,94133,SKU-502,16,474.01
2026-07-13,STR-003,94133,SKU-503,25,518.19
2026-07-13,STR-003,94133,SKU-504,13,218.95
2026-07-13,STR-003,94133,SKU-601,135,1587.12
2026-07-13,STR-003,94133,SKU-602,102,588.10
2026-07-13,STR-003,94133,SKU-603,122,633.89
2026-07-13,STR-003,94133,SKU-604,113,511.94
2026-07-13,STR-003,94133,SKU-701,3,80.74
2026-07-13,STR-004,94102,SKU-101,219,897.99
2026-07-13,STR-004,94102,SKU-102,264,1729.86
2026-07-13,STR-004,94102,SKU-103,225,1364.47
2026-07-13,STR-004,94102,SKU-104,164,1052.71
2026-07-13,STR-004,94102,SKU-105,99,366.48
2026-07-13,STR-004,94102,SKU-201,234,1433.49
2026-07-13,STR-004,94102,SKU-202,171,952.53
2026-07-13,STR-004,94102,SKU-203,243,783.08
2026-07-13,STR-004,94102,SKU-204,105,1135.50
2026-07-13,STR-004,94102,SKU-301,340,1847.17
2026-07-13,STR-004,94102,SKU-302,244,1472.26
2026-07-13,STR-004,94102,SKU-303,216,1253.41
2026-07-13,STR-004,94102,SKU-304,250,1557.52
2026-07-13,STR-004,94102,SKU-401,182,1183.15
2026-07-13,STR-004,94102,SKU-402,114,720.68
2026-07-13,STR-004,94102,SKU-403,116,605.36
2026-07-13,STR-004,94102,SKU-501,31,586.14
2026-07-13,STR-004,94102,SKU-502,16,505.64
2026-07-13,STR-004,94102,SKU-503,23,471.71
2026-07-13,STR-004,94102,SKU-504,10,171.10
2026-07-13,STR-004,94102,SKU-601,129,1568.24
2026-07-13,STR-004,94102,SKU-602,96,548.91
2026-07-13,STR-004,94102,SKU-603,141,738.68
2026-07-13,STR-004,94102,SKU-604,127,559.93
2026-07-13,STR-004,94102,SKU-701,2,54.39
2026-07-13,STR-005,94118,SKU-101,298,1253.48
2026-07-13,STR-005,94118,SKU-102,355,2219.65
2026-07-13,STR-005,94118,SKU-103,336,2083.84
2026-07-13,STR-005,94118,SKU-104,190,1212.90
2026-07-13,STR-005,94118,SKU-105,160,569.02
2026-07-13,STR-005,94118,SKU-201,262,1640.18
2026-07-13,STR-005,94118,SKU-202,199,1159.13
2026-07-13,STR-005,94118,SKU-203,413,1295.41
2026-07-13,STR-005,94118,SKU-204,128,1442.58
2026-07-13,STR-005,94118,SKU-301,398,2122.29
2026-07-13,STR-005,94118,SKU-302,276,1680.06
2026-07-13,STR-005,94118,SKU-303,218,1295.61
2026-07-13,STR-005,94118,SKU-304,349,2220.37
2026-07-13,STR-005,94118,SKU-401,183,1237.57
2026-07-13,STR-005,94118,SKU-402,110,726.26
2026-07-13,STR-005,94118,SKU-403,176,916.52
2026-07-13,STR-005,94118,SKU-501,36,692.41
2026-07-13,STR-005,94118,SKU-502,17,528.17
2026-07-13,STR-005,94118,SKU-503,25,529.55
2026-07-13,STR-005,94118,SKU-504,13,229.23
2026-07-13,STR-005,94118,SKU-601,134,1657.05
2026-07-13,STR-005,94118,SKU-602,123,691.82
2026-07-13,STR-005,94118,SKU-603,160,788.00
2026-07-13,STR-005,94118,SKU-604,150,683.46
2026-07-13,STR-005,94118,SKU-701,4,110.25
2026-07-13,STR-006,94123,SKU-101,222,891.20
2026-07-13,STR-006,94123,SKU-102,228,1521.30
2026-07-13,STR-006,94123,SKU-103,208,1246.13
2026-07-13,STR-006,94123,SKU-104,169,1042.86
2026-07-13,STR-006,94123,SKU-105,138,495.04
2026-07-13,STR-006,94123,SKU-201,252,1612.34
2026-07-13,STR-006,94123,SKU-202,177,1028.35
2026-07-13,STR-006,94123,SKU-203,346,1100.90
2026-07-13,STR-006,94123,SKU-204,99,1137.40
2026-07-13,STR-006,94123,SKU-301,331,1789.24
2026-07-13,STR-006,94123,SKU-302,216,1279.72
2026-07-13,STR-006,94123,SKU-303,214,1262.07
2026-07-13,STR-006,94123,SKU-304,242,1556.27
2026-07-13,STR-006,94123,SKU-401,190,1289.51
2026-07-13,STR-006,94123,SKU-402,94,624.53
2026-07-13,STR-006,94123,SKU-403,121,663.15
2026-07-13,STR-006,94123,SKU-501,23,414.57
2026-07-13,STR-006,94123,SKU-502,13,393.99
2026-07-13,STR-006,94123,SKU-503,22,454.64
2026-07-13,STR-006,94123,SKU-504,10,170.88
2026-07-13,STR-006,94123,SKU-601,104,1214.99
2026-07-13,STR-006,94123,SKU-602,125,739.88
2026-07-13,STR-006,94123,SKU-603,160,810.13
2026-07-13,STR-006,94123,SKU-604,101,474.34
2026-07-13,STR-006,94123,SKU-701,3,78.21
2026-07-06,STR-001,94103,SKU-101,318,1303.05
2026-07-06,STR-001,94103,SKU-102,261,1725.40
2026-07-06,STR-001,94103,SKU-103,341,2111.37
2026-07-06,STR-001,94103,SKU-104,198,1267.71
2026-07-06,STR-001,94103,SKU-105,171,604.36
2026-07-06,STR-001,94103,SKU-201,277,1683.90
2026-07-06,STR-001,94103,SKU-202,265,1545.07
2026-07-06,STR-001,94103,SKU-203,342,1034.28
2026-07-06,STR-001,94103,SKU-204,124,1386.76
2026-07-06,STR-001,94103,SKU-301,275,1479.31
2026-07-06,STR-001,94103,SKU-302,208,1289.82
2026-07-06,STR-001,94103,SKU-303,223,1234.90
2026-07-06,STR-001,94103,SKU-304,300,1912.14
2026-07-06,STR-001,94103,SKU-401,203,1381.75
2026-07-06,STR-001,94103,SKU-402,148,965.12
2026-07-06,STR-001,94103,SKU-403,183,967.17
2026-07-06,STR-001,94103,SKU-501,33,642.51
2026-07-06,STR-001,94103,SKU-502,14,425.91
2026-07-06,STR-001,94103,SKU-503,19,385.26
2026-07-06,STR-001,94103,SKU-504,15,251.77
2026-07-06,STR-001,94103,SKU-601,166,1970.76
2026-07-06,STR-001,94103,SKU-602,124,740.91
2026-07-06,STR-001,94103,SKU-603,190,984.94
2026-07-06,STR-001,94103,SKU-604,127,586.49
2026-07-06,STR-001,94103,SKU-701,3,79.07
2026-07-06,STR-002,94110,SKU-101,413,1741.21
2026-07-06,STR-002,94110,SKU-102,350,2194.27
2026-07-06,STR-002,94110,SKU-103,389,2263.56
2026-07-06,STR-002,94110,SKU-104,275,1657.72
2026-07-06,STR-002,94110,SKU-105,182,677.06
2026-07-06,STR-002,94110,SKU-201,292,1872.13
2026-07-06,STR-002,94110,SKU-202,307,1763.21
2026-07-06,STR-002,94110,SKU-203,476,1528.30
2026-07-06,STR-002,94110,SKU-204,170,1842.41
2026-07-06,STR-002,94110,SKU-301,438,2402.12
2026-07-06,STR-002,94110,SKU-302,339,1994.67
2026-07-06,STR-002,94110,SKU-303,235,1395.89
2026-07-06,STR-002,94110,SKU-304,326,2081.07
2026-07-06,STR-002,94110,SKU-401,319,2136.66
2026-07-06,STR-002,94110,SKU-402,172,1122.68
2026-07-06,STR-002,94110,SKU-403,232,1249.53
2026-07-06,STR-002,94110,SKU-501,44,795.28
2026-07-06,STR-002,94110,SKU-502,25,786.26
2026-07-06,STR-002,94110,SKU-503,25,537.71
2026-07-06,STR-002,94110,SKU-504,20,334.74
2026-07-06,STR-002,94110,SKU-601,162,1964.17
2026-07-06,STR-002,94110,SKU-602,192,1147.83
2026-07-06,STR-002,94110,SKU-603,168,825.86
2026-07-06,STR-002,94110,SKU-604,151,674.38
2026-07-06,STR-002,94110,SKU-701,4,103.15
2026-07-06,STR-003,94133,SKU-101,225,912.00
2026-07-06,STR-003,94133,SKU-102,304,1972.30
2026-07-06,STR-003,94133,SKU-103,247,1488.92
2026-07-06,STR-003,94133,SKU-104,170,1045.86
2026-07-06,STR-003,94133,SKU-105,135,500.91
2026-07-06,STR-003,94133,SKU-201,275,1747.66
2026-07-06,STR-003,94133,SKU-202,241,1332.04
2026-07-06,STR-003,94133,SKU-203,354,1070.92
2026-07-06,STR-003,94133,SKU-204,101,1151.52
2026-07-06,STR-003,94133,SKU-301,270,1476.32
2026-07-06,STR-003,94133,SKU-302,278,1643.53
2026-07-06,STR-003,94133,SKU-303,193,1107.26
2026-07-06,STR-003,94133,SKU-304,300,1829.69
2026-07-06,STR-003,94133,SKU-401,170,1141.89
2026-07-06,STR-003,94133,SKU-402,129,855.30
2026-07-06,STR-003,94133,SKU-403,161,820.97
2026-07-06,STR-003,94133,SKU-501,23,446.18
2026-07-06,STR-003,94133,SKU-502,15,461.87
2026-07-06,STR-003,94133,SKU-503,19,396.65
2026-07-06,STR-003,94133,SKU-504,11,189.74
2026-07-06,STR-003,94133,SKU-601,108,1296.62
2026-07-06,STR-003,94133,SKU-602,118,674.80
2026-07-06,STR-003,94133,SKU-603,124,635.15
2026-07-06,STR-003,94133,SKU-604,99,454.71
2026-07-06,STR-003,94133,SKU-701,3,81.61
2026-07-06,STR-004,94102,SKU-101,262,1059.08
2026-07-06,STR-004,94102,SKU-102,273,1790.31
2026-07-06,STR-004,94102,SKU-103,215,1248.55
2026-07-06,STR-004,94102,SKU-104,155,1001.82
2026-07-06,STR-004,94102,SKU-105,129,461.38
2026-07-06,STR-004,94102,SKU-201,229,1480.02
2026-07-06,STR-004,94102,SKU-202,184,1103.82
2026-07-06,STR-004,94102,SKU-203,324,976.72
2026-07-06,STR-004,94102,SKU-204,113,1285.96
2026-07-06,STR-004,94102,SKU-301,229,1223.79
2026-07-06,STR-004,94102,SKU-302,189,1116.99
2026-07-06,STR-004,94102,SKU-303,180,1058.92
2026-07-06,STR-004,94102,SKU-304,236,1519.90
2026-07-06,STR-004,94102,SKU-401,159,1032.98
2026-07-06,STR-004,94102,SKU-402,110,704.20
2026-07-06,STR-004,94102,SKU-403,116,617.44
2026-07-06,STR-004,94102,SKU-501,26,499.90
2026-07-06,STR-004,94102,SKU-502,11,349.43
2026-07-06,STR-004,94102,SKU-503,20,417.15
2026-07-06,STR-004,94102,SKU-504,11,189.91
2026-07-06,STR-004,94102,SKU-601,134,1612.02
2026-07-06,STR-004,94102,SKU-602,100,592.65
2026-07-06,STR-004,94102,SKU-603,115,581.11
2026-07-06,STR-004,94102,SKU-604,114,504.01
2026-07-06,STR-004,94102,SKU-701,3,82.78
2026-07-06,STR-005,94118,SKU-101,293,1234.00
2026-07-06,STR-005,94118,SKU-102,358,2375.91
2026-07-06,STR-005,94118,SKU-103,268,1545.65
2026-07-06,STR-005,94118,SKU-104,190,1164.54
2026-07-06,STR-005,94118,SKU-105,161,576.51
2026-07-06,STR-005,94118,SKU-201,266,1657.19
2026-07-06,STR-005,94118,SKU-202,256,1498.77
2026-07-06,STR-005,94118,SKU-203,360,1155.88
2026-07-06,STR-005,94118,SKU-204,111,1225.54
2026-07-06,STR-005,94118,SKU-301,342,1869.56
2026-07-06,STR-005,94118,SKU-302,315,1927.31
2026-07-06,STR-005,94118,SKU-303,219,1237.81
2026-07-06,STR-005,94118,SKU-304,327,2003.06
2026-07-06,STR-005,94118,SKU-401,179,1228.52
2026-07-06,STR-005,94118,SKU-402,154,1029.55
2026-07-06,STR-005,94118,SKU-403,157,856.52
2026-07-06,STR-005,94118,SKU-501,26,501.54
2026-07-06,STR-005,94118,SKU-502,14,446.31
2026-07-06,STR-005,94118,SKU-503,27,548.53
2026-07-06,STR-005,94118,SKU-504,14,245.20
2026-07-06,STR-005,94118,SKU-601,159,1864.85
2026-07-06,STR-005,94118,SKU-602,124,685.86
2026-07-06,STR-005,94118,SKU-603,137,712.10
2026-07-06,STR-005,94118,SKU-604,162,715.61
2026-07-06,STR-005,94118,SKU-701,3,79.28
2026-07-06,STR-006,94123,SKU-101,271,1133.77
2026-07-06,STR-006,94123,SKU-102,228,1453.85
2026-07-06,STR-006,94123,SKU-103,270,1592.63
2026-07-06,STR-006,94123,SKU-104,179,1116.32
2026-07-06,STR-006,94123,SKU-105,139,506.61
2026-07-06,STR-006,94123,SKU-201,238,1522.87
2026-07-06,STR-006,94123,SKU-202,207,1170.13
2026-07-06,STR-006,94123,SKU-203,345,1038.29
2026-07-06,STR-006,94123,SKU-204,81,860.95
2026-07-06,STR-006,94123,SKU-301,313,1656.49
2026-07-06,STR-006,94123,SKU-302,230,1353.15
2026-07-06,STR-006,94123,SKU-303,226,1348.06
2026-07-06,STR-006,94123,SKU-304,277,1711.36
2026-07-06,STR-006,94123,SKU-401,154,1025.02
2026-07-06,STR-006,94123,SKU-402,112,745.82
2026-07-06,STR-006,94123,SKU-403,141,763.89
2026-07-06,STR-006,94123,SKU-501,28,529.04
2026-07-06,STR-006,94123,SKU-502,12,363.11
2026-07-06,STR-006,94123,SKU-503,19,409.81
2026-07-06,STR-006,94123,SKU-504,12,200.21
2026-07-06,STR-006,94123,SKU-601,110,1336.74
2026-07-06,STR-006,94123,SKU-602,89,527.25
2026-07-06,STR-006,94123,SKU-603,117,568.48
2026-07-06,STR-006,94123,SKU-604,132,612.21
2026-07-06,STR-006,94123,SKU-701,3,79.67
2026-06-29,STR-001,94103,SKU-101,224,900.96
2026-06-29,STR-001,94103,SKU-102,295,1958.51
2026-06-29,STR-001,94103,SKU-103,338,1974.28
2026-06-29,STR-001,94103,SKU-104,175,1062.10
2026-06-29,STR-001,94103,SKU-105,139,505.97
2026-06-29,STR-001,94103,SKU-201,260,1627.53
2026-06-29,STR-001,94103,SKU-202,209,1225.92
2026-06-29,STR-001,94103,SKU-203,375,1170.83
2026-06-29,STR-001,94103,SKU-204,109,1240.67
2026-06-29,STR-001,94103,SKU-301,402,2134.13
2026-06-29,STR-001,94103,SKU-302,250,1482.56
2026-06-29,STR-001,94103,SKU-303,184,1019.71
2026-06-29,STR-001,94103,SKU-304,233,1469.55
2026-06-29,STR-001,94103,SKU-401,247,1695.69
2026-06-29,STR-001,94103,SKU-402,113,704.31
2026-06-29,STR-001,94103,SKU-403,155,799.79
2026-06-29,STR-001,94103,SKU-501,32,595.25
2026-06-29,STR-001,94103,SKU-502,18,556.30
2026-06-29,STR-001,94103,SKU-503,19,390.01
2026-06-29,STR-001,94103,SKU-504,12,201.18
2026-06-29,STR-001,94103,SKU-601,133,1634.55
2026-06-29,STR-001,94103,SKU-602,126,753.04
2026-06-29,STR-001,94103,SKU-603,132,691.65
2026-06-29,STR-001,94103,SKU-604,149,696.95
2026-06-29,STR-001,94103,SKU-701,3,77.53
2026-06-29,STR-002,94110,SKU-101,354,1405.50
2026-06-29,STR-002,94110,SKU-102,486,3121.92
2026-06-29,STR-002,94110,SKU-103,433,2669.23
2026-06-29,STR-002,94110,SKU-104,266,1652.98
2026-06-29,STR-002,94110,SKU-105,205,707.68
2026-06-29,STR-002,94110,SKU-201,373,2375.40
2026-06-29,STR-002,94110,SKU-202,336,1887.67
2026-06-29,STR-002,94110,SKU-203,452,1407.05
2026-06-29,STR-002,94110,SKU-204,134,1499.21
2026-06-29,STR-002,94110,SKU-301,480,2586.03
2026-06-29,STR-002,94110,SKU-302,334,2021.00
2026-06-29,STR-002,94110,SKU-303,263,1451.97
2026-06-29,STR-002,94110,SKU-304,378,2392.83
2026-06-29,STR-002,94110,SKU-401,245,1650.05
2026-06-29,STR-002,94110,SKU-402,198,1312.59
2026-06-29,STR-002,94110,SKU-403,233,1189.08
2026-06-29,STR-002,94110,SKU-501,43,793.13
2026-06-29,STR-002,94110,SKU-502,23,726.06
2026-06-29,STR-002,94110,SKU-503,32,653.16
2026-06-29,STR-002,94110,SKU-504,16,270.03
2026-06-29,STR-002,94110,SKU-601,184,2275.06
2026-06-29,STR-002,94110,SKU-602,173,1015.17
2026-06-29,STR-002,94110,SKU-603,230,1148.58
2026-06-29,STR-002,94110,SKU-604,199,930.56
2026-06-29,STR-002,94110,SKU-701,4,106.27
2026-06-29,STR-003,94133,SKU-101,225,915.85
2026-06-29,STR-003,94133,SKU-102,315,2110.31
2026-06-29,STR-003,94133,SKU-103,271,1635.92
2026-06-29,STR-003,94133,SKU-104,142,899.91
2026-06-29,STR-003,94133,SKU-105,124,439.34
2026-06-29,STR-003,94133,SKU-201,211,1273.41
2026-06-29,STR-003,94133,SKU-202,247,1368.08
2026-06-29,STR-003,94133,SKU-203,309,987.23
2026-06-29,STR-003,94133,SKU-204,90,1029.66
2026-06-29,STR-003,94133,SKU-301,271,1521.54
2026-06-29,STR-003,94133,SKU-302,217,1347.27
2026-06-29,STR-003,94133,SKU-303,217,1282.24
2026-06-29,STR-003,94133,SKU-304,297,1879.48
2026-06-29,STR-003,94133,SKU-401,220,1486.76
2026-06-29,STR-003,94133,SKU-402,144,959.04
2026-06-29,STR-003,94133,SKU-403,149,797.56
2026-06-29,STR-003,94133,SKU-501,25,453.91
2026-06-29,STR-003,94133,SKU-502,15,473.25
2026-06-29,STR-003,94133,SKU-503,19,406.84
2026-06-29,STR-003,94133,SKU-504,11,190.64
2026-06-29,STR-003,94133,SKU-601,135,1684.10
2026-06-29,STR-003,94133,SKU-602,113,635.85
2026-06-29,STR-003,94133,SKU-603,123,616.63
2026-06-29,STR-003,94133,SKU-604,138,645.49
2026-06-29,STR-003,94133,SKU-701,3,83.91
2026-06-29,STR-004,94102,SKU-101,259,1027.84
2026-06-29,STR-004,94102,SKU-102,276,1827.54
2026-06-29,STR-004,94102,SKU-103,225,1378.44
2026-06-29,STR-004,94102,SKU-104,134,804.95
2026-06-29,STR-004,94102,SKU-105,105,390.09
2026-06-29,STR-004,94102,SKU-201,241,1504.95
2026-06-29,STR-004,94102,SKU-202,160,898.57
2026-06-29,STR-004,94102,SKU-203,301,923.24
2026-06-29,STR-004,94102,SKU-204,100,1125.85
2026-06-29,STR-004,94102,SKU-301,293,1631.08
2026-06-29,STR-004,94102,SKU-302,207,1273.14
2026-06-29,STR-004,94102,SKU-303,185,1037.41
2026-06-29,STR-004,94102,SKU-304,263,1700.02
2026-06-29,STR-004,94102,SKU-401,163,1138.18
2026-06-29,STR-004,94102,SKU-402,116,762.90
2026-06-29,STR-004,94102,SKU-403,150,781.16
2026-06-29,STR-004,94102,SKU-501,27,516.48
2026-06-29,STR-004,94102,SKU-502,15,447.77
2026-06-29,STR-004,94102,SKU-503,16,340.02
2026-06-29,STR-004,94102,SKU-504,9,157.39
2026-06-29,STR-004,94102,SKU-601,130,1608.01
2026-06-29,STR-004,94102,SKU-602,117,659.46
2026-06-29,STR-004,94102,SKU-603,111,555.83
2026-06-29,STR-004,94102,SKU-604,114,520.38
2026-06-29,STR-004,94102,SKU-701,3,83.38
2026-06-29,STR-005,94118,SKU-101,339,1339.10
2026-06-29,STR-005,94118,SKU-102,268,1703.54
2026-06-29,STR-005,94118,SKU-103,257,1564.27
2026-06-29,STR-005,94118,SKU-104,161,965.56
2026-06-29,STR-005,94118,SKU-105,131,474.10
2026-06-29,STR-005,94118,SKU-201,297,1871.85
2026-06-29,STR-005,94118,SKU-202,248,1387.55
2026-06-29,STR-005,94118,SKU-203,304,967.53
2026-06-29,STR-005,94118,SKU-204,134,1478.78
2026-06-29,STR-005,94118,SKU-301,405,2324.73
2026-06-29,STR-005,94118,SKU-302,268,1543.19
2026-06-29,STR-005,94118,SKU-303,264,1466.07
2026-06-29,STR-005,94118,SKU-304,292,1834.53
2026-06-29,STR-005,94118,SKU-401,188,1236.64
2026-06-29,STR-005,94118,SKU-402,120,806.52
2026-06-29,STR-005,94118,SKU-403,182,949.66
2026-06-29,STR-005,94118,SKU-501,26,496.27
2026-06-29,STR-005,94118,SKU-502,19,585.37
2026-06-29,STR-005,94118,SKU-503,26,552.67
2026-06-29,STR-005,94118,SKU-504,15,259.60
2026-06-29,STR-005,94118,SKU-601,156,1804.87
2026-06-29,STR-005,94118,SKU-602,115,659.43
2026-06-29,STR-005,94118,SKU-603,184,913.28
2026-06-29,STR-005,94118,SKU-604,146,659.32
2026-06-29,STR-005,94118,SKU-701,4,111.03
2026-06-29,STR-006,94123,SKU-101,249,1002.29
2026-06-29,STR-006,94123,SKU-102,262,1756.09
2026-06-29,STR-006,94123,SKU-103,251,1481.24
2026-06-29,STR-006,94123,SKU-104,156,943.25
2026-06-29,STR-006,94123,SKU-105,114,414.38
2026-06-29,STR-006,94123,SKU-201,226,1378.08
2026-06-29,STR-006,94123,SKU-202,151,893.53
2026-06-29,STR-006,94123,SKU-203,341,1053.96
2026-06-29,STR-006,94123,SKU-204,84,957.61
2026-06-29,STR-006,94123,SKU-301,288,1612.31
2026-06-29,STR-006,94123,SKU-302,208,1270.65
2026-06-29,STR-006,94123,SKU-303,173,1024.57
2026-06-29,STR-006,94123,SKU-304,265,1687.08
2026-06-29,STR-006,94123,SKU-401,195,1336.07
2026-06-29,STR-006,94123,SKU-402,129,830.88
2026-06-29,STR-006,94123,SKU-403,158,823.40
2026-06-29,STR-006,94123,SKU-501,24,432.25
2026-06-29,STR-006,94123,SKU-502,15,470.83
2026-06-29,STR-006,94123,SKU-503,18,379.15
2026-06-29,STR-006,94123,SKU-504,11,189.50
2026-06-29,STR-006,94123,SKU-601,132,1610.47
2026-06-29,STR-006,94123,SKU-602,128,712.98
2026-06-29,STR-006,94123,SKU-603,129,627.81
2026-06-29,STR-006,94123,SKU-604,120,535.94
2026-06-29,STR-006,94123,SKU-701,3,82.06
2026-06-22,STR-001,94103,SKU-101,268,1077.23
2026-06-22,STR-001,94103,SKU-102,330,2144.82
2026-06-22,STR-001,94103,SKU-103,267,1571.65
2026-06-22,STR-001,94103,SKU-104,196,1203.39
2026-06-22,STR-001,94103,SKU-105,122,455.99
2026-06-22,STR-001,94103,SKU-201,262,1594.99
2026-06-22,STR-001,94103,SKU-202,189,1099.04
2026-06-22,STR-001,94103,SKU-203,271,854.87
2026-06-22,STR-001,94103,SKU-204,129,1418.63
2026-06-22,STR-001,94103,SKU-301,300,1695.05
2026-06-22,STR-001,94103,SKU-302,283,1647.51
2026-06-22,STR-001,94103,SKU-303,208,1176.01
2026-06-22,STR-001,94103,SKU-304,272,1747.22
2026-06-22,STR-001,94103,SKU-401,256,1698.77
2026-06-22,STR-001,94103,SKU-402,138,929.47
2026-06-22,STR-001,94103,SKU-403,160,864.85
2026-06-22,STR-001,94103,SKU-501,33,640.98
2026-06-22,STR-001,94103,SKU-502,16,482.81
2026-06-22,STR-001,94103,SKU-503,22,457.43
2026-06-22,STR-001,94103,SKU-504,11,182.21
2026-06-22,STR-001,94103,SKU-601,121,1440.83
2026-06-22,STR-001,94103,SKU-602,151,834.56
2026-06-22,STR-001,94103,SKU-603,148,774.31
2026-06-22,STR-001,94103,SKU-604,108,494.34
2026-06-22,STR-001,94103,SKU-701,3,79.86
2026-06-22,STR-002,94110,SKU-101,353,1440.84
2026-06-22,STR-002,94110,SKU-102,343,2296.51
2026-06-22,STR-002,94110,SKU-103,334,2039.79
2026-06-22,STR-002,94110,SKU-104,234,1429.84
2026-06-22,STR-002,94110,SKU-105,198,708.84
2026-06-22,STR-002,94110,SKU-201,266,1726.18
2026-06-22,STR-002,94110,SKU-202,312,1812.94
2026-06-22,STR-002,94110,SKU-203,416,1316.48
2026-06-22,STR-002,94110,SKU-204,146,1592.60
2026-06-22,STR-002,94110,SKU-301,427,2331.79
2026-06-22,STR-002,94110,SKU-302,273,1580.87
2026-06-22,STR-002,94110,SKU-303,251,1425.59
2026-06-22,STR-002,94110,SKU-304,303,1825.30
2026-06-22,STR-002,94110,SKU-401,302,2020.80
2026-06-22,STR-002,94110,SKU-402,154,1036.74
2026-06-22,STR-002,94110,SKU-403,213,1140.27
2026-06-22,STR-002,94110,SKU-501,44,839.09
2026-06-22,STR-002,94110,SKU-502,21,648.99
2026-06-22,STR-002,94110,SKU-503,26,527.30
2026-06-22,STR-002,94110,SKU-504,14,247.78
2026-06-22,STR-002,94110,SKU-601,148,1713.88
2026-06-22,STR-002,94110,SKU-602,142,796.97
2026-06-22,STR-002,94110,SKU-603,227,1103.59
2026-06-22,STR-002,94110,SKU-604,158,697.81
2026-06-22,STR-002,94110,SKU-701,3,83.42
2026-06-22,STR-003,94133,SKU-101,223,904.77
2026-06-22,STR-003,94133,SKU-102,333,2211.59
2026-06-22,STR-003,94133,SKU-103,311,1855.75
2026-06-22,STR-003,94133,SKU-104,188,1127.39
2026-06-22,STR-003,94133,SKU-105,138,500.06
2026-06-22,STR-003,94133,SKU-201,214,1385.60
2026-06-22,STR-003,94133,SKU-202,197,1154.52
2026-06-22,STR-003,94133,SKU-203,336,1058.00
2026-06-22,STR-003,94133,SKU-204,93,1047.76
2026-06-22,STR-003,94133,SKU-301,276,1518.26
2026-06-22,STR-003,94133,SKU-302,268,1583.02
2026-06-22,STR-003,94133,SKU-303,204,1162.06
2026-06-22,STR-003,94133,SKU-304,245,1510.41
2026-06-22,STR-003,94133,SKU-401,209,1420.68
2026-06-22,STR-003,94133,SKU-402,147,982.17
2026-06-22,STR-003,94133,SKU-403,140,749.69
2026-06-22,STR-003,94133,SKU-501,32,615.47
2026-06-22,STR-003,94133,SKU-502,14,420.58
2026-06-22,STR-003,94133,SKU-503,18,378.48
2026-06-22,STR-003,94133,SKU-504,15,260.56
2026-06-22,STR-003,94133,SKU-601,107,1327.81
2026-06-22,STR-003,94133,SKU-602,137,782.51
2026-06-22,STR-003,94133,SKU-603,170,884.09
2026-06-22,STR-003,94133,SKU-604,137,620.44
2026-06-22,STR-003,94133,SKU-701,3,80.36
2026-06-22,STR-004,94102,SKU-101,224,902.14
2026-06-22,STR-004,94102,SKU-102,267,1798.76
2026-06-22,STR-004,94102,SKU-103,283,1763.06
2026-06-22,STR-004,94102,SKU-104,143,875.98
2026-06-22,STR-004,94102,SKU-105,119,438.54
2026-06-22,STR-004,94102,SKU-201,206,1265.54
2026-06-22,STR-004,94102,SKU-202,185,1035.91
2026-06-22,STR-004,94102,SKU-203,303,909.58
2026-06-22,STR-004,94102,SKU-204,84,932.52
2026-06-22,STR-004,94102,SKU-301,256,1384.04
2026-06-22,STR-004,94102,SKU-302,176,1090.31
2026-06-22,STR-004,94102,SKU-303,163,950.98
2026-06-22,STR-004,94102,SKU-304,198,1241.40
2026-06-22,STR-004,94102,SKU-401,206,1352.23
2026-06-22,STR-004,94102,SKU-402,128,804.73
2026-06-22,STR-004,94102,SKU-403,161,885.36
2026-06-22,STR-004,94102,SKU-501,28,507.70
2026-06-22,STR-004,94102,SKU-502,12,356.29
2026-06-22,STR-004,94102,SKU-503,19,413.85
2026-06-22,STR-004,94102,SKU-504,12,210.79
2026-06-22,STR-004,94102,SKU-601,104,1201.22
2026-06-22,STR-004,94102,SKU-602,95,532.40
2026-06-22,STR-004,94102,SKU-603,111,538.76
2026-06-22,STR-004,94102,SKU-604,110,504.05
2026-06-22,STR-004,94102,SKU-701,2,53.62
2026-06-22,STR-005,94118,SKU-101,241,1019.21
2026-06-22,STR-005,94118,SKU-102,291,1810.37
2026-06-22,STR-005,94118,SKU-103,313,1878.72
2026-06-22,STR-005,94118,SKU-104,196,1188.15
2026-06-22,STR-005,94118,SKU-105,187,686.14
2026-06-22,STR-005,94118,SKU-201,217,1345.90
2026-06-22,STR-005,94118,SKU-202,233,1365.46
2026-06-22,STR-005,94118,SKU-203,414,1317.48
2026-06-22,STR-005,94118,SKU-204,144,1616.75
2026-06-22,STR-005,94118,SKU-301,363,2084.75
2026-06-22,STR-005,94118,SKU-302,279,1630.09
2026-06-22,STR-005,94118,SKU-303,208,1216.29
2026-06-22,STR-005,94118,SKU-304,303,1948.14
2026-06-22,STR-005,94118,SKU-401,197,1312.37
2026-06-22,STR-005,94118,SKU-402,156,987.05
2026-06-22,STR-005,94118,SKU-403,191,1037.74
2026-06-22,STR-005,94118,SKU-501,34,622.33
2026-06-22,STR-005,94118,SKU-502,17,524.06
2026-06-22,STR-005,94118,SKU-503,28,596.74
2026-06-22,STR-005,94118,SKU-504,14,240.75
2026-06-22,STR-005,94118,SKU-601,158,1953.35
2026-06-22,STR-005,94118,SKU-602,118,676.84
2026-06-22,STR-005,94118,SKU-603,151,741.77
2026-06-22,STR-005,94118,SKU-604,126,552.26
2026-06-22,STR-005,94118,SKU-701,4,106.85
2026-06-22,STR-006,94123,SKU-101,284,1119.03
2026-06-22,STR-006,94123,SKU-102,261,1625.85
2026-06-22,STR-006,94123,SKU-103,217,1292.67
2026-06-22,STR-006,94123,SKU-104,128,831.29
2026-06-22,STR-006,94123,SKU-105,137,484.99
2026-06-22,STR-006,94123,SKU-201,210,1354.20
2026-06-22,STR-006,94123,SKU-202,168,1004.66
2026-06-22,STR-006,94123,SKU-203,310,964.40
2026-06-22,STR-006,94123,SKU-204,92,1041.76
2026-06-22,STR-006,94123,SKU-301,335,1895.97
2026-06-22,STR-006,94123,SKU-302,203,1250.09
2026-06-22,STR-006,94123,SKU-303,214,1260.36
2026-06-22,STR-006,94123,SKU-304,224,1441.05
2026-06-22,STR-006,94123,SKU-401,183,1262.18
2026-06-22,STR-006,94123,SKU-402,126,822.45
2026-06-22,STR-006,94123,SKU-403,122,647.40
2026-06-22,STR-006,94123,SKU-501,31,596.49
2026-06-22,STR-006,94123,SKU-502,16,488.98
2026-06-22,STR-006,94123,SKU-503,18,378.00
2026-06-22,STR-006,94123,SKU-504,11,192.77
2026-06-22,STR-006,94123,SKU-601,141,1716.40
2026-06-22,STR-006,94123,SKU-602,89,530.22
2026-06-22,STR-006,94123,SKU-603,162,802.37
2026-06-22,STR-006,94123,SKU-604,124,553.62
2026-06-22,STR-006,94123,SKU-701,3,80.83
2026-06-15,STR-001,94103,SKU-101,292,1148.88
2026-06-15,STR-001,94103,SKU-102,290,1947.50
2026-06-15,STR-001,94103,SKU-103,332,1914.60
2026-06-15,STR-001,94103,SKU-104,190,1160.90
2026-06-15,STR-001,94103,SKU-105,129,461.76
2026-06-15,STR-001,94103,SKU-201,226,1365.88
2026-06-15,STR-001,94103,SKU-202,257,1476.99
2026-06-15,STR-001,94103,SKU-203,314,1019.18
2026-06-15,STR-001,94103,SKU-204,95,1035.89
2026-06-15,STR-001,94103,SKU-301,347,1904.38
2026-06-15,STR-001,94103,SKU-302,256,1589.19
2026-06-15,STR-001,94103,SKU-303,183,1022.76
2026-06-15,STR-001,94103,SKU-304,294,1846.72
2026-06-15,STR-001,94103,SKU-401,210,1463.01
2026-06-15,STR-001,94103,SKU-402,150,1012.19
2026-06-15,STR-001,94103,SKU-403,160,874.06
2026-06-15,STR-001,94103,SKU-501,30,559.53
2026-06-15,STR-001,94103,SKU-502,19,562.99
2026-06-15,STR-001,94103,SKU-503,26,543.97
2026-06-15,STR-001,94103,SKU-504,13,217.31
2026-06-15,STR-001,94103,SKU-601,126,1496.80
2026-06-15,STR-001,94103,SKU-602,129,742.95
2026-06-15,STR-001,94103,SKU-603,134,671.65
2026-06-15,STR-001,94103,SKU-604,139,640.08
2026-06-15,STR-001,94103,SKU-701,4,106.93
2026-06-15,STR-002,94110,SKU-101,356,1427.53
2026-06-15,STR-002,94110,SKU-102,467,2921.81
2026-06-15,STR-002,94110,SKU-103,318,1841.76
2026-06-15,STR-002,94110,SKU-104,266,1614.07
2026-06-15,STR-002,94110,SKU-105,162,597.90
2026-06-15,STR-002,94110,SKU-201,280,1792.99
2026-06-15,STR-002,94110,SKU-202,336,2002.60
2026-06-15,STR-002,94110,SKU-203,441,1340.32
2026-06-15,STR-002,94110,SKU-204,151,1635.44
2026-06-15,STR-002,94110,SKU-301,346,1935.41
2026-06-15,STR-002,94110,SKU-302,340,1963.21
2026-06-15,STR-002,94110,SKU-303,219,1311.22
2026-06-15,STR-002,94110,SKU-304,346,2108.68
2026-06-15,STR-002,94110,SKU-401,233,1618.91
2026-06-15,STR-002,94110,SKU-402,193,1247.27
2026-06-15,STR-002,94110,SKU-403,201,1033.35
2026-06-15,STR-002,94110,SKU-501,36,662.86
2026-06-15,STR-002,94110,SKU-502,24,765.59
2026-06-15,STR-002,94110,SKU-503,30,652.91
2026-06-15,STR-002,94110,SKU-504,19,340.92
2026-06-15,STR-002,94110,SKU-601,149,1822.65
2026-06-15,STR-002,94110,SKU-602,185,1072.75
2026-06-15,STR-002,94110,SKU-603,243,1274.81
2026-06-15,STR-002,94110,SKU-604,180,832.49
2026-06-15,STR-002,94110,SKU-701,4,109.75
2026-06-15,STR-003,94133,SKU-101,259,1022.31
2026-06-15,STR-003,94133,SKU-102,268,1732.72
2026-06-15,STR-003,94133,SKU-103,317,1896.08
2026-06-15,STR-003,94133,SKU-104,152,957.57
2026-06-15,STR-003,94133,SKU-105,119,414.23
2026-06-15,STR-003,94133,SKU-201,245,1520.58
2026-06-15,STR-003,94133,SKU-202,211,1165.93
2026-06-15,STR-003,94133,SKU-203,270,813.23
2026-06-15,STR-003,94133,SKU-204,95,1074.55
2026-06-15,STR-003,94133,SKU-301,272,1552.22
2026-06-15,STR-003,94133,SKU-302,258,1546.77
2026-06-15,STR-003,94133,SKU-303,230,1374.42
2026-06-15,STR-003,94133,SKU-304,294,1769.17
2026-06-15,STR-003,94133,SKU-401,195,1295.59
2026-06-15,STR-003,94133,SKU-402,132,858.85
2026-06-15,STR-003,94133,SKU-403,145,743.30
2026-06-15,STR-003,94133,SKU-501,28,544.17
2026-06-15,STR-003,94133,SKU-502,17,527.80
2026-06-15,STR-003,94133,SKU-503,23,473.54
2026-06-15,STR-003,94133,SKU-504,11,197.59
2026-06-15,STR-003,94133,SKU-601,140,1657.97
2026-06-15,STR-003,94133,SKU-602,114,638.61
2026-06-15,STR-003,94133,SKU-603,160,783.94
2026-06-15,STR-003,94133,SKU-604,139,615.29
2026-06-15,STR-003,94133,SKU-701,2,55.84
2026-06-15,STR-004,94102,SKU-101,258,1072.39
2026-06-15,STR-004,94102,SKU-102,274,1709.60
2026-06-15,STR-004,94102,SKU-103,217,1351.23
2026-06-15,STR-004,94102,SKU-104,150,897.80
2026-06-15,STR-004,94102,SKU-105,132,493.75
2026-06-15,STR-004,94102,SKU-201,226,1451.79
2026-06-15,STR-004,94102,SKU-202,199,1143.30
2026-06-15,STR-004,94102,SKU-203,240,724.93
2026-06-15,STR-004,94102,SKU-204,93,1009.63
2026-06-15,STR-004,94102,SKU-301,259,1390.47
2026-06-15,STR-004,94102,SKU-302,243,1484.10
2026-06-15,STR-004,94102,SKU-303,178,1027.28
2026-06-15,STR-004,94102,SKU-304,177,1123.42
2026-06-15,STR-004,94102,SKU-401,187,1238.18
2026-06-15,STR-004,94102,SKU-402,93,587.13
2026-06-15,STR-004,94102,SKU-403,115,601.38
2026-06-15,STR-004,94102,SKU-501,21,397.00
2026-06-15,STR-004,94102,SKU-502,12,366.09
2026-06-15,STR-004,94102,SKU-503,19,389.05
2026-06-15,STR-004,94102,SKU-504,10,179.96
2026-06-15,STR-004,94102,SKU-601,137,1632.19
2026-06-15,STR-004,94102,SKU-602,104,601.35
2026-06-15,STR-004,94102,SKU-603,129,648.30
2026-06-15,STR-004,94102,SKU-604,91,431.61
2026-06-15,STR-004,94102,SKU-701,3,83.46
2026-06-15,STR-005,94118,SKU-101,252,1008.58
2026-06-15,STR-005,94118,SKU-102,314,1998.86
2026-06-15,STR-005,94118,SKU-103,308,1916.45
2026-06-15,STR-005,94118,SKU-104,181,1146.23
2026-06-15,STR-005,94118,SKU-105,182,681.53
2026-06-15,STR-005,94118,SKU-201,257,1620.76
2026-06-15,STR-005,94118,SKU-202,213,1176.91
2026-06-15,STR-005,94118,SKU-203,308,989.18
2026-06-15,STR-005,94118,SKU-204,111,1219.21
2026-06-15,STR-005,94118,SKU-301,288,1537.78
2026-06-15,STR-005,94118,SKU-302,260,1568.73
2026-06-15,STR-005,94118,SKU-303,204,1209.97
2026-06-15,STR-005,94118,SKU-304,330,2012.17
2026-06-15,STR-005,94118,SKU-401,266,1848.61
2026-06-15,STR-005,94118,SKU-402,146,929.22
2026-06-15,STR-005,94118,SKU-403,180,976.08
2026-06-15,STR-005,94118,SKU-501,37,677.43
2026-06-15,STR-005,94118,SKU-502,14,433.22
2026-06-15,STR-005,94118,SKU-503,26,553.23
2026-06-15,STR-005,94118,SKU-504,15,250.44
2026-06-15,STR-005,94118,SKU-601,130,1551.69
2026-06-15,STR-005,94118,SKU-602,134,757.21
2026-06-15,STR-005,94118,SKU-603,158,782.51
2026-06-15,STR-005,94118,SKU-604,149,690.30
2026-06-15,STR-005,94118,SKU-701,3,81.13
2026-06-15,STR-006,94123,SKU-101,248,990.52
2026-06-15,STR-006,94123,SKU-102,223,1464.22
2026-06-15,STR-006,94123,SKU-103,212,1256.03
2026-06-15,STR-006,94123,SKU-104,127,821.91
2026-06-15,STR-006,94123,SKU-105,120,416.78
2026-06-15,STR-006,94123,SKU-201,183,1188.06
2026-06-15,STR-006,94123,SKU-202,194,1123.83
2026-06-15,STR-006,94123,SKU-203,245,782.44
2026-06-15,STR-006,94123,SKU-204,85,936.44
2026-06-15,STR-006,94123,SKU-301,335,1800.08
2026-06-15,STR-006,94123,SKU-302,236,1448.54
2026-06-15,STR-006,94123,SKU-303,146,868.53
2026-06-15,STR-006,94123,SKU-304,270,1673.27
2026-06-15,STR-006,94123,SKU-401,156,1081.35
2026-06-15,STR-006,94123,SKU-402,124,789.78
2026-06-15,STR-006,94123,SKU-403,158,855.50
2026-06-15,STR-006,94123,SKU-501,29,561.28
2026-06-15,STR-006,94123,SKU-502,13,402.49
2026-06-15,STR-006,94123,SKU-503,20,415.03
2026-06-15,STR-006,94123,SKU-504,9,161.93
2026-06-15,STR-006,94123,SKU-601,131,1542.54
2026-06-15,STR-006,94123,SKU-602,106,610.17
2026-06-15,STR-006,94123,SKU-603,141,738.61
2026-06-15,STR-006,94123,SKU-604,132,593.22
2026-06-15,STR-006,94123,SKU-701,3,77.66
2026-06-08,STR-001,94103,SKU-101,329,1301.65
2026-06-08,STR-001,94103,SKU-102,366,2423.82
2026-06-08,STR-001,94103,SKU-103,287,1779.18
2026-06-08,STR-001,94103,SKU-104,176,1114.69
2026-06-08,STR-001,94103,SKU-105,183,660.23
2026-06-08,STR-001,94103,SKU-201,273,1706.03
2026-06-08,STR-001,94103,SKU-202,192,1099.98
2026-06-08,STR-001,94103,SKU-203,336,1053.79
2026-06-08,STR-001,94103,SKU-204,116,1321.95
2026-06-08,STR-001,94103,SKU-301,351,1974.44
2026-06-08,STR-001,94103,SKU-302,252,1477.85
2026-06-08,STR-001,94103,SKU-303,218,1232.40
2026-06-08,STR-001,94103,SKU-304,257,1626.35
2026-06-08,STR-001,94103,SKU-401,192,1254.14
2026-06-08,STR-001,94103,SKU-402,158,1006.81
2026-06-08,STR-001,94103,SKU-403,176,933.32
2026-06-08,STR-001,94103,SKU-501,35,630.50
2026-06-08,STR-001,94103,SKU-502,16,499.87
2026-06-08,STR-001,94103,SKU-503,24,501.42
2026-06-08,STR-001,94103,SKU-504,13,217.92
2026-06-08,STR-001,94103,SKU-601,151,1822.89
2026-06-08,STR-001,94103,SKU-602,123,687.97
2026-06-08,STR-001,94103,SKU-603,163,832.08
2026-06-08,STR-001,94103,SKU-604,132,579.92
2026-06-08,STR-001,94103,SKU-701,3,80.62
2026-06-08,STR-002,94110,SKU-101,395,1569.83
2026-06-08,STR-002,94110,SKU-102,374,2406.24
2026-06-08,STR-002,94110,SKU-103,318,1918.87
2026-06-08,STR-002,94110,SKU-104,202,1245.83
2026-06-08,STR-002,94110,SKU-105,175,646.79
2026-06-08,STR-002,94110,SKU-201,380,2309.15
2026-06-08,STR-002,94110,SKU-202,338,2020.50
2026-06-08,STR-002,94110,SKU-203,418,1316.54
2026-06-08,STR-002,94110,SKU-204,160,1721.78
2026-06-08,STR-002,94110,SKU-301,403,2299.09
2026-06-08,STR-002,94110,SKU-302,277,1628.83
2026-06-08,STR-002,94110,SKU-303,292,1640.43
2026-06-08,STR-002,94110,SKU-304,328,2005.38
2026-06-08,STR-002,94110,SKU-401,292,2023.05
2026-06-08,STR-002,94110,SKU-402,188,1176.98
2026-06-08,STR-002,94110,SKU-403,199,1058.80
2026-06-08,STR-002,94110,SKU-501,37,693.73
2026-06-08,STR-002,94110,SKU-502,18,555.34
2026-06-08,STR-002,94110,SKU-503,27,560.33
2026-06-08,STR-002,94110,SKU-504,19,338.54
2026-06-08,STR-002,94110,SKU-601,187,2233.55
2026-06-08,STR-002,94110,SKU-602,182,1020.70
2026-06-08,STR-002,94110,SKU-603,188,931.18
2026-06-08,STR-002,94110,SKU-604,186,816.86
2026-06-08,STR-002,94110,SKU-701,4,110.04
2026-06-08,STR-003,94133,SKU-101,318,1348.11
2026-06-08,STR-003,94133,SKU-102,324,2054.99
2026-06-08,STR-003,94133,SKU-103,309,1778.97
2026-06-08,STR-003,94133,SKU-104,193,1243.48
2026-06-08,STR-003,94133,SKU-105,116,416.74
2026-06-08,STR-003,94133,SKU-201,235,1408.00
2026-06-08,STR-003,94133,SKU-202,231,1277.28
2026-06-08,STR-003,94133,SKU-203,349,1112.97
2026-06-08,STR-003,94133,SKU-204,113,1298.48
2026-06-08,STR-003,94133,SKU-301,359,1925.38
2026-06-08,STR-003,94133,SKU-302,207,1265.68
2026-06-08,STR-003,94133,SKU-303,226,1352.06
2026-06-08,STR-003,94133,SKU-304,249,1494.99
2026-06-08,STR-003,94133,SKU-401,206,1349.45
2026-06-08,STR-003,94133,SKU-402,125,821.11
2026-06-08,STR-003,94133,SKU-403,136,699.95
2026-06-08,STR-003,94133,SKU-501,25,450.33
2026-06-08,STR-003,94133,SKU-502,15,448.69
2026-06-08,STR-003,94133,SKU-503,22,448.70
2026-06-08,STR-003,94133,SKU-504,12,207.17
2026-06-08,STR-003,94133,SKU-601,129,1510.54
2026-06-08,STR-003,94133,SKU-602,96,574.05
2026-06-08,STR-003,94133,SKU-603,129,639.13
2026-06-08,STR-003,94133,SKU-604,133,621.07
2026-06-08,STR-003,94133,SKU-701,3,79.03
2026-06-08,STR-004,94102,SKU-101,208,840.82
2026-06-08,STR-004,94102,SKU-102,289,1942.39
2026-06-08,STR-004,94102,SKU-103,259,1583.92
2026-06-08,STR-004,94102,SKU-104,156,945.34
2026-06-08,STR-004,94102,SKU-105,119,418.60
2026-06-08,STR-004,94102,SKU-201,199,1226.85
2026-06-08,STR-004,94102,SKU-202,194,1100.13
2026-06-08,STR-004,94102,SKU-203,241,726.65
2026-06-08,STR-004,94102,SKU-204,101,1092.49
2026-06-08,STR-004,94102,SKU-301,322,1773.55
2026-06-08,STR-004,94102,SKU-302,196,1139.16
2026-06-08,STR-004,94102,SKU-303,162,965.02
2026-06-08,STR-004,94102,SKU-304,218,1370.99
2026-06-08,STR-004,94102,SKU-401,173,1207.23
2026-06-08,STR-004,94102,SKU-402,126,789.37
2026-06-08,STR-004,94102,SKU-403,160,828.59
2026-06-08,STR-004,94102,SKU-501,30,543.90
2026-06-08,STR-004,94102,SKU-502,16,503.19
2026-06-08,STR-004,94102,SKU-503,17,352.32
2026-06-08,STR-004,94102,SKU-504,13,216.76
2026-06-08,STR-004,94102,SKU-601,132,1594.66
2026-06-08,STR-004,94102,SKU-602,107,603.16
2026-06-08,STR-004,94102,SKU-603,156,790.76
2026-06-08,STR-004,94102,SKU-604,113,500.19
2026-06-08,STR-004,94102,SKU-701,3,81.21
2026-06-08,STR-005,94118,SKU-101,258,1047.94
2026-06-08,STR-005,94118,SKU-102,291,1857.41
2026-06-08,STR-005,94118,SKU-103,328,1904.14
2026-06-08,STR-005,94118,SKU-104,152,927.28
2026-06-08,STR-005,94118,SKU-105,170,628.08
2026-06-08,STR-005,94118,SKU-201,255,1535.41
2026-06-08,STR-005,94118,SKU-202,274,1590.68
2026-06-08,STR-005,94118,SKU-203,310,928.95
2026-06-08,STR-005,94118,SKU-204,103,1132.36
2026-06-08,STR-005,94118,SKU-301,357,1978.60
2026-06-08,STR-005,94118,SKU-302,255,1489.68
2026-06-08,STR-005,94118,SKU-303,183,1012.60
2026-06-08,STR-005,94118,SKU-304,228,1370.95
2026-06-08,STR-005,94118,SKU-401,264,1749.00
2026-06-08,STR-005,94118,SKU-402,117,730.54
2026-06-08,STR-005,94118,SKU-403,197,1051.42
2026-06-08,STR-005,94118,SKU-501,38,691.94
2026-06-08,STR-005,94118,SKU-502,15,446.99
2026-06-08,STR-005,94118,SKU-503,24,526.49
2026-06-08,STR-005,94118,SKU-504,14,246.69
2026-06-08,STR-005,94118,SKU-601,173,2144.79
2026-06-08,STR-005,94118,SKU-602,140,789.23
2026-06-08,STR-005,94118,SKU-603,150,760.15
2026-06-08,STR-005,94118,SKU-604,119,525.83
2026-06-08,STR-005,94118,SKU-701,3,82.59
2026-06-08,STR-006,94123,SKU-101,277,1157.19
2026-06-08,STR-006,94123,SKU-102,228,1484.48
2026-06-08,STR-006,94123,SKU-103,258,1487.52
2026-06-08,STR-006,94123,SKU-104,132,829.57
2026-06-08,STR-006,94123,SKU-105,143,501.12
2026-06-08,STR-006,94123,SKU-201,201,1241.90
2026-06-08,STR-006,94123,SKU-202,179,1022.18
2026-06-08,STR-006,94123,SKU-203,327,1004.02
2026-06-08,STR-006,94123,SKU-204,117,1335.78
2026-06-08,STR-006,94123,SKU-301,291,1668.68
2026-06-08,STR-006,94123,SKU-302,239,1488.90
2026-06-08,STR-006,94123,SKU-303,142,841.78
2026-06-08,STR-006,94123,SKU-304,194,1193.94
2026-06-08,STR-006,94123,SKU-401,167,1079.55
2026-06-08,STR-006,94123,SKU-402,111,718.43
2026-06-08,STR-006,94123,SKU-403,162,841.44
2026-06-08,STR-006,94123,SKU-501,27,493.99
2026-06-08,STR-006,94123,SKU-502,15,467.33
2026-06-08,STR-006,94123,SKU-503,18,394.01
2026-06-08,STR-006,94123,SKU-504,10,173.52
2026-06-08,STR-006,94123,SKU-601,141,1697.30
2026-06-08,STR-006,94123,SKU-602,99,580.08
2026-06-08,STR-006,94123,SKU-603,126,609.88
2026-06-08,STR-006,94123,SKU-604,109,507.26
2026-06-08,STR-006,94123,SKU-701,3,78.42
2026-06-01,STR-001,94103,SKU-101,315,1239.47
2026-06-01,STR-001,94103,SKU-102,380,2550.83
2026-06-01,STR-001,94103,SKU-103,255,1593.59
2026-06-01,STR-001,94103,SKU-104,148,893.42
2026-06-01,STR-001,94103,SKU-105,175,642.38
2026-06-01,STR-001,94103,SKU-201,229,1451.03
2026-06-01,STR-001,94103,SKU-202,212,1242.95
2026-06-01,STR-001,94103,SKU-203,305,951.64
2026-06-01,STR-001,94103,SKU-204,113,1264.11
2026-06-01,STR-001,94103,SKU-301,293,1681.30
2026-06-01,STR-001,94103,SKU-302,207,1273.28
2026-06-01,STR-001,94103,SKU-303,217,1245.43
2026-06-01,STR-001,94103,SKU-304,237,1427.62
2026-06-01,STR-001,94103,SKU-401,252,1665.09
2026-06-01,STR-001,94103,SKU-402,111,690.06
2026-06-01,STR-001,94103,SKU-403,143,768.55
2026-06-01,STR-001,94103,SKU-501,34,610.20
2026-06-01,STR-001,94103,SKU-502,16,500.27
2026-06-01,STR-001,94103,SKU-503,23,494.35
2026-06-01,STR-001,94103,SKU-504,11,185.07
2026-06-01,STR-001,94103,SKU-601,168,2009.13
2026-06-01,STR-001,94103,SKU-602,123,715.53
2026-06-01,STR-001,94103,SKU-603,179,866.72
2026-06-01,STR-001,94103,SKU-604,108,491.31
2026-06-01,STR-001,94103,SKU-701,3,83.38
2026-06-01,STR-002,94110,SKU-101,317,1256.45
2026-06-01,STR-002,94110,SKU-102,503,3135.89
2026-06-01,STR-002,94110,SKU-103,427,2520.77
2026-06-01,STR-002,94110,SKU-104,269,1651.76
2026-06-01,STR-002,94110,SKU-105,223,780.52
2026-06-01,STR-002,94110,SKU-201,278,1787.79
2026-06-01,STR-002,94110,SKU-202,295,1653.13
2026-06-01,STR-002,94110,SKU-203,376,1151.94
2026-06-01,STR-002,94110,SKU-204,171,1880.00
2026-06-01,STR-002,94110,SKU-301,335,1791.30
2026-06-01,STR-002,94110,SKU-302,276,1624.29
2026-06-01,STR-002,94110,SKU-303,259,1463.86
2026-06-01,STR-002,94110,SKU-304,379,2326.43
2026-06-01,STR-002,94110,SKU-401,283,1959.82
2026-06-01,STR-002,94110,SKU-402,166,1035.23
2026-06-01,STR-002,94110,SKU-403,197,1037.92
2026-06-01,STR-002,94110,SKU-501,39,748.70
2026-06-01,STR-002,94110,SKU-502,20,613.08
2026-06-01,STR-002,94110,SKU-503,32,676.43
2026-06-01,STR-002,94110,SKU-504,17,287.18
2026-06-01,STR-002,94110,SKU-601,165,2027.86
2026-06-01,STR-002,94110,SKU-602,142,792.66
2026-06-01,STR-002,94110,SKU-603,232,1213.77
2026-06-01,STR-002,94110,SKU-604,167,777.28
2026-06-01,STR-002,94110,SKU-701,4,110.97
2026-06-01,STR-003,94133,SKU-101,225,903.98
2026-06-01,STR-003,94133,SKU-102,306,1938.21
2026-06-01,STR-003,94133,SKU-103,331,2015.27
2026-06-01,STR-003,94133,SKU-104,140,907.53
2026-06-01,STR-003,94133,SKU-105,138,507.61
2026-06-01,STR-003,94133,SKU-201,258,1586.22
2026-06-01,STR-003,94133,SKU-202,201,1179.94
2026-06-01,STR-003,94133,SKU-203,269,874.08
2026-06-01,STR-003,94133,SKU-204,98,1076.67
2026-06-01,STR-003,94133,SKU-301,293,1668.94
2026-06-01,STR-003,94133,SKU-302,201,1185.70
2026-06-01,STR-003,94133,SKU-303,177,982.64
2026-06-01,STR-003,94133,SKU-304,201,1290.15
2026-06-01,STR-003,94133,SKU-401,198,1326.39
2026-06-01,STR-003,94133,SKU-402,128,862.40
2026-06-01,STR-003,94133,SKU-403,158,801.45
2026-06-01,STR-003,94133,SKU-501,33,599.59
2026-06-01,STR-003,94133,SKU-502,12,365.80
2026-06-01,STR-003,94133,SKU-503,19,400.14
2026-06-01,STR-003,94133,SKU-504,11,190.88
2026-06-01,STR-003,94133,SKU-601,153,1835.64
2026-06-01,STR-003,94133,SKU-602,100,586.50
2026-06-01,STR-003,94133,SKU-603,172,857.73
2026-06-01,STR-003,94133,SKU-604,132,610.62
2026-06-01,STR-003,94133,SKU-701,3,83.14
2026-06-01,STR-004,94102,SKU-101,210,827.57
2026-06-01,STR-004,94102,SKU-102,325,2031.82
2026-06-01,STR-004,94102,SKU-103,273,1616.41
2026-06-01,STR-004,94102,SKU-104,141,907.25
2026-06-01,STR-004,94102,SKU-105,105,391.91
2026-06-01,STR-004,94102,SKU-201,211,1330.30
2026-06-01,STR-004,94102,SKU-202,190,1138.79
2026-06-01,STR-004,94102,SKU-203,260,830.88
2026-06-01,STR-004,94102,SKU-204,109,1242.62
2026-06-01,STR-004,94102,SKU-301,231,1247.51
2026-06-01,STR-004,94102,SKU-302,210,1235.83
2026-06-01,STR-004,94102,SKU-303,162,918.66
2026-06-01,STR-004,94102,SKU-304,209,1260.69
2026-06-01,STR-004,94102,SKU-401,205,1381.74
2026-06-01,STR-004,94102,SKU-402,130,859.14
2026-06-01,STR-004,94102,SKU-403,150,769.22
2026-06-01,STR-004,94102,SKU-501,30,583.73
2026-06-01,STR-004,94102,SKU-502,15,444.58
2026-06-01,STR-004,94102,SKU-503,21,431.16
2026-06-01,STR-004,94102,SKU-504,12,206.12
2026-06-01,STR-004,94102,SKU-601,141,1649.01
2026-06-01,STR-004,94102,SKU-602,94,541.85
2026-06-01,STR-004,94102,SKU-603,143,738.77
2026-06-01,STR-004,94102,SKU-604,98,429.45
2026-06-01,STR-004,94102,SKU-701,3,77.65
2026-06-01,STR-005,94118,SKU-101,276,1141.01
2026-06-01,STR-005,94118,SKU-102,410,2742.67
2026-06-01,STR-005,94118,SKU-103,372,2267.00
2026-06-01,STR-005,94118,SKU-104,158,987.37
2026-06-01,STR-005,94118,SKU-105,145,526.31
2026-06-01,STR-005,94118,SKU-201,279,1676.81
2026-06-01,STR-005,94118,SKU-202,259,1489.74
2026-06-01,STR-005,94118,SKU-203,296,896.36
2026-06-01,STR-005,94118,SKU-204,105,1181.06
2026-06-01,STR-005,94118,SKU-301,347,1883.29
2026-06-01,STR-005,94118,SKU-302,246,1489.45
2026-06-01,STR-005,94118,SKU-303,224,1322.75
2026-06-01,STR-005,94118,SKU-304,254,1572.87
2026-06-01,STR-005,94118,SKU-401,198,1351.95
2026-06-01,STR-005,94118,SKU-402,133,882.33
2026-06-01,STR-005,94118,SKU-403,192,1017.20
2026-06-01,STR-005,94118,SKU-501,29,564.22
2026-06-01,STR-005,94118,SKU-502,17,523.11
2026-06-01,STR-005,94118,SKU-503,26,556.40
2026-06-01,STR-005,94118,SKU-504,13,224.42
2026-06-01,STR-005,94118,SKU-601,169,1968.02
2026-06-01,STR-005,94118,SKU-602,136,807.10
2026-06-01,STR-005,94118,SKU-603,193,1005.21
2026-06-01,STR-005,94118,SKU-604,116,516.12
2026-06-01,STR-005,94118,SKU-701,3,83.41
2026-06-01,STR-006,94123,SKU-101,234,939.81
2026-06-01,STR-006,94123,SKU-102,262,1677.05
2026-06-01,STR-006,94123,SKU-103,275,1615.22
2026-06-01,STR-006,94123,SKU-104,159,1026.71
2026-06-01,STR-006,94123,SKU-105,111,406.83
2026-06-01,STR-006,94123,SKU-201,206,1242.50
2026-06-01,STR-006,94123,SKU-202,180,1073.70
2026-06-01,STR-006,94123,SKU-203,313,1014.30
2026-06-01,STR-006,94123,SKU-204,81,890.74
2026-06-01,STR-006,94123,SKU-301,307,1700.20
2026-06-01,STR-006,94123,SKU-302,175,1079.41
2026-06-01,STR-006,94123,SKU-303,170,965.05
2026-06-01,STR-006,94123,SKU-304,211,1320.39
2026-06-01,STR-006,94123,SKU-401,206,1333.95
2026-06-01,STR-006,94123,SKU-402,97,619.20
2026-06-01,STR-006,94123,SKU-403,157,820.18
2026-06-01,STR-006,94123,SKU-501,29,523.60
2026-06-01,STR-006,94123,SKU-502,16,506.60
2026-06-01,STR-006,94123,SKU-503,23,493.69
2026-06-01,STR-006,94123,SKU-504,10,167.59
2026-06-01,STR-006,94123,SKU-601,134,1586.28
2026-06-01,STR-006,94123,SKU-602,87,508.41
2026-06-01,STR-006,94123,SKU-603,139,693.55
2026-06-01,STR-006,94123,SKU-604,134,623.34
2026-06-01,STR-006,94123,SKU-701,3,83.23
2026-05-25,STR-001,94103,SKU-101,247,1030.06
2026-05-25,STR-001,94103,SKU-102,358,2409.47
2026-05-25,STR-001,94103,SKU-103,270,1558.02
2026-05-25,STR-001,94103,SKU-104,211,1338.02
2026-05-25,STR-001,94103,SKU-105,168,585.40
2026-05-25,STR-001,94103,SKU-201,210,1342.08
2026-05-25,STR-001,94103,SKU-202,255,1477.90
2026-05-25,STR-001,94103,SKU-203,291,880.31
2026-05-25,STR-001,94103,SKU-204,125,1410.07
2026-05-25,STR-001,94103,SKU-301,332,1800.94
2026-05-25,STR-001,94103,SKU-302,212,1293.59
2026-05-25,STR-001,94103,SKU-303,159,929.88
2026-05-25,STR-001,94103,SKU-304,257,1558.76
2026-05-25,STR-001,94103,SKU-401,244,1636.56
2026-05-25,STR-001,94103,SKU-402,146,968.94
2026-05-25,STR-001,94103,SKU-403,153,811.39
2026-05-25,STR-001,94103,SKU-501,27,522.34
2026-05-25,STR-001,94103,SKU-502,15,470.59
2026-05-25,STR-001,94103,SKU-503,27,569.98
2026-05-25,STR-001,94103,SKU-504,16,278.97
2026-05-25,STR-001,94103,SKU-601,152,1892.33
2026-05-25,STR-001,94103,SKU-602,121,710.48
2026-05-25,STR-001,94103,SKU-603,145,710.46
2026-05-25,STR-001,94103,SKU-604,145,646.94
2026-05-25,STR-001,94103,SKU-701,3,83.90
2026-05-25,STR-002,94110,SKU-101,296,1256.18
2026-05-25,STR-002,94110,SKU-102,458,2863.64
2026-05-25,STR-002,94110,SKU-103,423,2492.96
2026-05-25,STR-002,94110,SKU-104,219,1406.42
2026-05-25,STR-002,94110,SKU-105,199,705.76
2026-05-25,STR-002,94110,SKU-201,350,2236.25
2026-05-25,STR-002,94110,SKU-202,335,1987.12
2026-05-25,STR-002,94110,SKU-203,462,1431.55
2026-05-25,STR-002,94110,SKU-204,153,1723.86
2026-05-25,STR-002,94110,SKU-301,463,2495.69
2026-05-25,STR-002,94110,SKU-302,291,1739.15
2026-05-25,STR-002,94110,SKU-303,295,1754.64
2026-05-25,STR-002,94110,SKU-304,301,1941.14
2026-05-25,STR-002,94110,SKU-401,279,1837.33
2026-05-25,STR-002,94110,SKU-402,173,1146.23
2026-05-25,STR-002,94110,SKU-403,235,1241.73
2026-05-25,STR-002,94110,SKU-501,34,650.88
2026-05-25,STR-002,94110,SKU-502,24,760.50
2026-05-25,STR-002,94110,SKU-503,30,628.14
2026-05-25,STR-002,94110,SKU-504,21,371.13
2026-05-25,STR-002,94110,SKU-601,217,2593.31
2026-05-25,STR-002,94110,SKU-602,148,827.54
2026-05-25,STR-002,94110,SKU-603,181,937.45
2026-05-25,STR-002,94110,SKU-604,191,893.33
2026-05-25,STR-002,94110,SKU-701,4,103.26
2026-05-25,STR-003,94133,SKU-101,300,1206.26
2026-05-25,STR-003,94133,SKU-102,295,1912.38
2026-05-25,STR-003,94133,SKU-103,339,2087.44
2026-05-25,STR-003,94133,SKU-104,136,845.28
2026-05-25,STR-003,94133,SKU-105,133,482.11
2026-05-25,STR-003,94133,SKU-201,229,1434.42
2026-05-25,STR-003,94133,SKU-202,170,945.34
2026-05-25,STR-003,94133,SKU-203,312,1000.54
2026-05-25,STR-003,94133,SKU-204,88,942.49
2026-05-25,STR-003,94133,SKU-301,278,1595.92
2026-05-25,STR-003,94133,SKU-302,175,1029.04
2026-05-25,STR-003,94133,SKU-303,157,887.49
2026-05-25,STR-003,94133,SKU-304,195,1242.29
2026-05-25,STR-003,94133,SKU-401,184,1264.13
2026-05-25,STR-003,94133,SKU-402,130,858.48
2026-05-25,STR-003,94133,SKU-403,140,714.09
2026-05-25,STR-003,94133,SKU-501,29,537.26
2026-05-25,STR-003,94133,SKU-502,15,463.60
2026-05-25,STR-003,94133,SKU-503,21,443.43
2026-05-25,STR-003,94133,SKU-504,11,195.37
2026-05-25,STR-003,94133,SKU-601,157,1934.24
2026-05-25,STR-003,94133,SKU-602,110,645.10
2026-05-25,STR-003,94133,SKU-603,156,786.72
2026-05-25,STR-003,94133,SKU-604,136,630.68
2026-05-25,STR-003,94133,SKU-701,3,82.19
2026-05-25,STR-004,94102,SKU-101,205,843.26
2026-05-25,STR-004,94102,SKU-102,263,1692.14
2026-05-25,STR-004,94102,SKU-103,211,1226.52
2026-05-25,STR-004,94102,SKU-104,124,772.32
2026-05-25,STR-004,94102,SKU-105,104,365.22
2026-05-25,STR-004,94102,SKU-201,191,1189.28
2026-05-25,STR-004,94102,SKU-202,152,839.87
2026-05-25,STR-004,94102,SKU-203,277,835.38
2026-05-25,STR-004,94102,SKU-204,95,1060.18
2026-05-25,STR-004,94102,SKU-301,249,1413.88
2026-05-25,STR-004,94102,SKU-302,167,980.18
2026-05-25,STR-004,94102,SKU-303,141,817.69
2026-05-25,STR-004,94102,SKU-304,214,1291.57
2026-05-25,STR-004,94102,SKU-401,222,1515.55
2026-05-25,STR-004,94102,SKU-402,101,629.35
2026-05-25,STR-004,94102,SKU-403,133,694.46
2026-05-25,STR-004,94102,SKU-501,29,548.19
2026-05-25,STR-004,94102,SKU-502,15,466.77
2026-05-25,STR-004,94102,SKU-503,19,407.50
2026-05-25,STR-004,94102,SKU-504,10,169.46
2026-05-25,STR-004,94102,SKU-601,133,1549.56
2026-05-25,STR-004,94102,SKU-602,108,612.15
2026-05-25,STR-004,94102,SKU-603,145,747.27
2026-05-25,STR-004,94102,SKU-604,93,414.95
2026-05-25,STR-004,94102,SKU-701,3,78.85
2026-05-25,STR-005,94118,SKU-101,359,1425.71
2026-05-25,STR-005,94118,SKU-102,409,2551.94
2026-05-25,STR-005,94118,SKU-103,379,2316.63
2026-05-25,STR-005,94118,SKU-104,192,1180.70
2026-05-25,STR-005,94118,SKU-105,180,641.17
2026-05-25,STR-005,94118,SKU-201,270,1741.36
2026-05-25,STR-005,94118,SKU-202,193,1087.45
2026-05-25,STR-005,94118,SKU-203,400,1275.88
2026-05-25,STR-005,94118,SKU-204,109,1183.76
2026-05-25,STR-005,94118,SKU-301,300,1719.80
2026-05-25,STR-005,94118,SKU-302,270,1608.01
2026-05-25,STR-005,94118,SKU-303,167,962.27
2026-05-25,STR-005,94118,SKU-304,286,1773.04
2026-05-25,STR-005,94118,SKU-401,262,1794.93
2026-05-25,STR-005,94118,SKU-402,168,1050.35
2026-05-25,STR-005,94118,SKU-403,183,966.72
2026-05-25,STR-005,94118,SKU-501,29,523.27
2026-05-25,STR-005,94118,SKU-502,18,548.97
2026-05-25,STR-005,94118,SKU-503,27,569.04
2026-05-25,STR-005,94118,SKU-504,12,201.14
2026-05-25,STR-005,94118,SKU-601,122,1420.57
2026-05-25,STR-005,94118,SKU-602,155,921.06
2026-05-25,STR-005,94118,SKU-603,146,729.41
2026-05-25,STR-005,94118,SKU-604,118,553.04
2026-05-25,STR-005,94118,SKU-701,3,79.44
2026-05-25,STR-006,94123,SKU-101,211,830.35
2026-05-25,STR-006,94123,SKU-102,251,1641.93
2026-05-25,STR-006,94123,SKU-103,216,1253.27
2026-05-25,STR-006,94123,SKU-104,162,1019.95
2026-05-25,STR-006,94123,SKU-105,129,448.35
2026-05-25,STR-006,94123,SKU-201,171,1103.61
2026-05-25,STR-006,94123,SKU-202,152,849.60
2026-05-25,STR-006,94123,SKU-203,273,833.14
2026-05-25,STR-006,94123,SKU-204,79,846.73
2026-05-25,STR-006,94123,SKU-301,284,1619.54
2026-05-25,STR-006,94123,SKU-302,172,1046.19
2026-05-25,STR-006,94123,SKU-303,166,950.61
2026-05-25,STR-006,94123,SKU-304,190,1199.76
2026-05-25,STR-006,94123,SKU-401,178,1218.96
2026-05-25,STR-006,94123,SKU-402,97,605.71
2026-05-25,STR-006,94123,SKU-403,133,685.66
2026-05-25,STR-006,94123,SKU-501,24,460.21
2026-05-25,STR-006,94123,SKU-502,14,421.67
2026-05-25,STR-006,94123,SKU-503,23,499.96
2026-05-25,STR-006,94123,SKU-504,11,195.42
2026-05-25,STR-006,94123,SKU-601,121,1456.01
2026-05-25,STR-006,94123,SKU-602,116,688.55
2026-05-25,STR-006,94123,SKU-603,112,567.01
2026-05-25,STR-006,94123,SKU-604,108,488.59
2026-05-25,STR-006,94123,SKU-701,2,51.85
2026-05-18,STR-001,94103,SKU-101,268,1100.57
2026-05-18,STR-001,94103,SKU-102,337,2268.43
2026-05-18,STR-001,94103,SKU-103,317,1932.65
2026-05-18,STR-001,94103,SKU-104,179,1071.66
2026-05-18,STR-001,94103,SKU-105,168,601.68
2026-05-18,STR-001,94103,SKU-201,249,1613.11
2026-05-18,STR-001,94103,SKU-202,255,1527.64
2026-05-18,STR-001,94103,SKU-203,389,1197.23
2026-05-18,STR-001,94103,SKU-204,134,1422.21
2026-05-18,STR-001,94103,SKU-301,298,1662.38
2026-05-18,STR-001,94103,SKU-302,188,1174.98
2026-05-18,STR-001,94103,SKU-303,214,1257.25
2026-05-18,STR-001,94103,SKU-304,256,1588.70
2026-05-18,STR-001,94103,SKU-401,217,1426.34
2026-05-18,STR-001,94103,SKU-402,128,820.58
2026-05-18,STR-001,94103,SKU-403,142,733.15
2026-05-18,STR-001,94103,SKU-501,30,563.67
2026-05-18,STR-001,94103,SKU-502,15,457.91
2026-05-18,STR-001,94103,SKU-503,22,480.08
2026-05-18,STR-001,94103,SKU-504,14,238.99
2026-05-18,STR-001,94103,SKU-601,139,1618.91
2026-05-18,STR-001,94103,SKU-602,105,623.95
2026-05-18,STR-001,94103,SKU-603,144,750.06
2026-05-18,STR-001,94103,SKU-604,111,520.78
2026-05-18,STR-001,94103,SKU-701,3,82.09
2026-05-18,STR-002,94110,SKU-101,413,1650.12
2026-05-18,STR-002,94110,SKU-102,457,2980.60
2026-05-18,STR-002,94110,SKU-103,420,2511.71
2026-05-18,STR-002,94110,SKU-104,206,1315.15
2026-05-18,STR-002,94110,SKU-105,165,588.32
2026-05-18,STR-002,94110,SKU-201,258,1628.94
2026-05-18,STR-002,94110,SKU-202,267,1588.18
2026-05-18,STR-002,94110,SKU-203,467,1466.60
2026-05-18,STR-002,94110,SKU-204,158,1764.48
2026-05-18,STR-002,94110,SKU-301,367,2049.65
2026-05-18,STR-002,94110,SKU-302,253,1551.14
2026-05-18,STR-002,94110,SKU-303,258,1490.42
2026-05-18,STR-002,94110,SKU-304,299,1909.19
2026-05-18,STR-002,94110,SKU-401,278,1827.32
2026-05-18,STR-002,94110,SKU-402,200,1272.22
2026-05-18,STR-002,94110,SKU-403,256,1406.38
2026-05-18,STR-002,94110,SKU-501,37,689.58
2026-05-18,STR-002,94110,SKU-502,20,633.30
2026-05-18,STR-002,94110,SKU-503,27,568.71
2026-05-18,STR-002,94110,SKU-504,16,268.62
2026-05-18,STR-002,94110,SKU-601,163,1916.19
2026-05-18,STR-002,94110,SKU-602,192,1094.02
2026-05-18,STR-002,94110,SKU-603,167,811.93
2026-05-18,STR-002,94110,SKU-604,143,639.49
2026-05-18,STR-002,94110,SKU-701,5,131.59
2026-05-18,STR-003,94133,SKU-101,286,1204.93
2026-05-18,STR-003,94133,SKU-102,275,1714.58
2026-05-18,STR-003,94133,SKU-103,322,1984.37
2026-05-18,STR-003,94133,SKU-104,142,876.86
2026-05-18,STR-003,94133,SKU-105,125,444.29
2026-05-18,STR-003,94133,SKU-201,273,1646.61
2026-05-18,STR-003,94133,SKU-202,177,1040.98
2026-05-18,STR-003,94133,SKU-203,295,958.45
2026-05-18,STR-003,94133,SKU-204,86,911.49
2026-05-18,STR-003,94133,SKU-301,256,1376.24
2026-05-18,STR-003,94133,SKU-302,223,1320.46
2026-05-18,STR-003,94133,SKU-303,189,1099.32
2026-05-18,STR-003,94133,SKU-304,225,1345.90
2026-05-18,STR-003,94133,SKU-401,209,1434.58
2026-05-18,STR-003,94133,SKU-402,123,827.37
2026-05-18,STR-003,94133,SKU-403,130,659.99
2026-05-18,STR-003,94133,SKU-501,24,461.61
2026-05-18,STR-003,94133,SKU-502,13,389.51
2026-05-18,STR-003,94133,SKU-503,21,432.66
2026-05-18,STR-003,94133,SKU-504,14,237.84
2026-05-18,STR-003,94133,SKU-601,155,1784.41
2026-05-18,STR-003,94133,SKU-602,131,750.36
2026-05-18,STR-003,94133,SKU-603,161,791.98
2026-05-18,STR-003,94133,SKU-604,120,555.85
2026-05-18,STR-003,94133,SKU-701,3,83.18
2026-05-18,STR-004,94102,SKU-101,268,1064.88
2026-05-18,STR-004,94102,SKU-102,306,1988.11
2026-05-18,STR-004,94102,SKU-103,237,1434.79
2026-05-18,STR-004,94102,SKU-104,136,821.17
2026-05-18,STR-004,94102,SKU-105,145,533.59
2026-05-18,STR-004,94102,SKU-201,193,1239.90
2026-05-18,STR-004,94102,SKU-202,149,854.49
2026-05-18,STR-004,94102,SKU-203,230,740.49
2026-05-18,STR-004,94102,SKU-204,112,1212.55
2026-05-18,STR-004,94102,SKU-301,228,1222.32
2026-05-18,STR-004,94102,SKU-302,211,1314.29
2026-05-18,STR-004,94102,SKU-303,135,760.24
2026-05-18,STR-004,94102,SKU-304,210,1268.78
2026-05-18,STR-004,94102,SKU-401,210,1392.98
2026-05-18,STR-004,94102,SKU-402,98,616.38
2026-05-18,STR-004,94102,SKU-403,145,787.65
2026-05-18,STR-004,94102,SKU-501,28,506.88
2026-05-18,STR-004,94102,SKU-502,12,353.56
2026-05-18,STR-004,94102,SKU-503,16,333.56
2026-05-18,STR-004,94102,SKU-504,13,219.29
2026-05-18,STR-004,94102,SKU-601,114,1420.36
2026-05-18,STR-004,94102,SKU-602,103,616.91
2026-05-18,STR-004,94102,SKU-603,158,826.92
2026-05-18,STR-004,94102,SKU-604,98,435.69
2026-05-18,STR-004,94102,SKU-701,3,80.95
2026-05-18,STR-005,94118,SKU-101,284,1197.69
2026-05-18,STR-005,94118,SKU-102,397,2579.88
2026-05-18,STR-005,94118,SKU-103,385,2300.33
2026-05-18,STR-005,94118,SKU-104,169,1032.43
2026-05-18,STR-005,94118,SKU-105,167,612.84
2026-05-18,STR-005,94118,SKU-201,233,1507.38
2026-05-18,STR-005,94118,SKU-202,254,1424.65
2026-05-18,STR-005,94118,SKU-203,400,1259.15
2026-05-18,STR-005,94118,SKU-204,135,1483.71
2026-05-18,STR-005,94118,SKU-301,388,2067.36
2026-05-18,STR-005,94118,SKU-302,265,1635.34
2026-05-18,STR-005,94118,SKU-303,224,1255.42
2026-05-18,STR-005,94118,SKU-304,213,1323.81
2026-05-18,STR-005,94118,SKU-401,223,1551.50
2026-05-18,STR-005,94118,SKU-402,159,988.37
2026-05-18,STR-005,94118,SKU-403,171,935.68
2026-05-18,STR-005,94118,SKU-501,27,489.42
2026-05-18,STR-005,94118,SKU-502,17,505.10
2026-05-18,STR-005,94118,SKU-503,23,494.14
2026-05-18,STR-005,94118,SKU-504,16,274.78
2026-05-18,STR-005,94118,SKU-601,150,1848.84
2026-05-18,STR-005,94118,SKU-602,139,785.59
2026-05-18,STR-005,94118,SKU-603,198,959.67
2026-05-18,STR-005,94118,SKU-604,150,675.82
2026-05-18,STR-005,94118,SKU-701,4,108.58
2026-05-18,STR-006,94123,SKU-101,280,1188.26
2026-05-18,STR-006,94123,SKU-102,266,1792.50
2026-05-18,STR-006,94123,SKU-103,283,1656.33
2026-05-18,STR-006,94123,SKU-104,128,821.77
2026-05-18,STR-006,94123,SKU-105,147,544.10
2026-05-18,STR-006,94123,SKU-201,217,1360.81
2026-05-18,STR-006,94123,SKU-202,154,918.93
2026-05-18,STR-006,94123,SKU-203,253,780.93
2026-05-18,STR-006,94123,SKU-204,97,1106.82
2026-05-18,STR-006,94123,SKU-301,278,1566.76
2026-05-18,STR-006,94123,SKU-302,169,1014.17
2026-05-18,STR-006,94123,SKU-303,174,964.53
2026-05-18,STR-006,94123,SKU-304,248,1507.42
2026-05-18,STR-006,94123,SKU-401,164,1120.83
2026-05-18,STR-006,94123,SKU-402,119,739.42
2026-05-18,STR-006,94123,SKU-403,163,872.88
2026-05-18,STR-006,94123,SKU-501,30,568.81
2026-05-18,STR-006,94123,SKU-502,12,379.66
2026-05-18,STR-006,94123,SKU-503,17,355.06
2026-05-18,STR-006,94123,SKU-504,10,170.09
2026-05-18,STR-006,94123,SKU-601,124,1497.53
2026-05-18,STR-006,94123,SKU-602,125,699.51
2026-05-18,STR-006,94123,SKU-603,159,791.43
2026-05-18,STR-006,94123,SKU-604,94,419.74
2026-05-18,STR-006,94123,SKU-701,2,54.75
2026-05-11,STR-001,94103,SKU-101,252,996.74
2026-05-11,STR-001,94103,SKU-102,324,2070.71
2026-05-11,STR-001,94103,SKU-103,280,1735.02
2026-05-11,STR-001,94103,SKU-104,172,1042.05
2026-05-11,STR-001,94103,SKU-105,167,621.43
2026-05-11,STR-001,94103,SKU-201,296,1792.79
2026-05-11,STR-001,94103,SKU-202,248,1452.76
2026-05-11,STR-001,94103,SKU-203,333,1044.30
2026-05-11,STR-001,94103,SKU-204,131,1485.32
2026-05-11,STR-001,94103,SKU-301,333,1817.76
2026-05-11,STR-001,94103,SKU-302,214,1256.30
2026-05-11,STR-001,94103,SKU-303,153,888.47
2026-05-11,STR-001,94103,SKU-304,278,1703.80
2026-05-11,STR-001,94103,SKU-401,232,1521.73
2026-05-11,STR-001,94103,SKU-402,119,776.49
2026-05-11,STR-001,94103,SKU-403,199,1010.25
2026-05-11,STR-001,94103,SKU-501,33,595.62
2026-05-11,STR-001,94103,SKU-502,18,572.18
2026-05-11,STR-001,94103,SKU-503,26,555.01
2026-05-11,STR-001,94103,SKU-504,15,259.12
2026-05-11,STR-001,94103,SKU-601,169,2036.38
2026-05-11,STR-001,94103,SKU-602,116,677.01
2026-05-11,STR-001,94103,SKU-603,167,825.86
2026-05-11,STR-001,94103,SKU-604,123,559.75
2026-05-11,STR-001,94103,SKU-701,3,80.34
2026-05-11,STR-002,94110,SKU-101,351,1470.26
2026-05-11,STR-002,94110,SKU-102,489,3270.64
2026-05-11,STR-002,94110,SKU-103,387,2404.78
2026-05-11,STR-002,94110,SKU-104,190,1180.28
2026-05-11,STR-002,94110,SKU-105,162,603.76
2026-05-11,STR-002,94110,SKU-201,329,2007.60
2026-05-11,STR-002,94110,SKU-202,254,1495.95
2026-05-11,STR-002,94110,SKU-203,492,1577.06
2026-05-11,STR-002,94110,SKU-204,161,1714.28
2026-05-11,STR-002,94110,SKU-301,401,2153.93
2026-05-11,STR-002,94110,SKU-302,237,1367.78
2026-05-11,STR-002,94110,SKU-303,210,1206.47
2026-05-11,STR-002,94110,SKU-304,333,2147.59
2026-05-11,STR-002,94110,SKU-401,246,1596.78
2026-05-11,STR-002,94110,SKU-402,149,956.41
2026-05-11,STR-002,94110,SKU-403,240,1215.23
2026-05-11,STR-002,94110,SKU-501,40,727.53
2026-05-11,STR-002,94110,SKU-502,21,623.08
2026-05-11,STR-002,94110,SKU-503,30,609.43
2026-05-11,STR-002,94110,SKU-504,15,268.94
2026-05-11,STR-002,94110,SKU-601,148,1784.02
2026-05-11,STR-002,94110,SKU-602,147,872.01
2026-05-11,STR-002,94110,SKU-603,203,1056.60
2026-05-11,STR-002,94110,SKU-604,182,820.82
2026-05-11,STR-002,94110,SKU-701,5,134.51
2026-05-11,STR-003,94133,SKU-101,245,1030.86
2026-05-11,STR-003,94133,SKU-102,264,1719.92
2026-05-11,STR-003,94133,SKU-103,352,2167.15
2026-05-11,STR-003,94133,SKU-104,195,1186.09
2026-05-11,STR-003,94133,SKU-105,151,540.55
2026-05-11,STR-003,94133,SKU-201,203,1225.82
2026-05-11,STR-003,94133,SKU-202,179,1042.66
2026-05-11,STR-003,94133,SKU-203,291,896.56
2026-05-11,STR-003,94133,SKU-204,111,1188.39
2026-05-11,STR-003,94133,SKU-301,327,1794.89
2026-05-11,STR-003,94133,SKU-302,216,1261.60
2026-05-11,STR-003,94133,SKU-303,200,1109.11
2026-05-11,STR-003,94133,SKU-304,254,1586.06
2026-05-11,STR-003,94133,SKU-401,196,1272.56
2026-05-11,STR-003,94133,SKU-402,120,768.29
2026-05-11,STR-003,94133,SKU-403,142,766.42
2026-05-11,STR-003,94133,SKU-501,28,515.64
2026-05-11,STR-003,94133,SKU-502,18,535.57
2026-05-11,STR-003,94133,SKU-503,21,430.91
2026-05-11,STR-003,94133,SKU-504,11,186.84
2026-05-11,STR-003,94133,SKU-601,122,1424.27
2026-05-11,STR-003,94133,SKU-602,124,731.71
2026-05-11,STR-003,94133,SKU-603,169,824.03
2026-05-11,STR-003,94133,SKU-604,140,624.53
2026-05-11,STR-003,94133,SKU-701,3,81.72
2026-05-11,STR-004,94102,SKU-101,270,1123.62
2026-05-11,STR-004,94102,SKU-102,259,1719.47
2026-05-11,STR-004,94102,SKU-103,249,1447.06
2026-05-11,STR-004,94102,SKU-104,161,1034.44
2026-05-11,STR-004,94102,SKU-105,146,531.08
2026-05-11,STR-004,94102,SKU-201,247,1567.73
2026-05-11,STR-004,94102,SKU-202,181,1021.90
2026-05-11,STR-004,94102,SKU-203,317,966.40
2026-05-11,STR-004,94102,SKU-204,86,930.00
2026-05-11,STR-004,94102,SKU-301,289,1560.35
2026-05-11,STR-004,94102,SKU-302,180,1098.56
2026-05-11,STR-004,94102,SKU-303,157,879.43
2026-05-11,STR-004,94102,SKU-304,181,1138.28
2026-05-11,STR-004,94102,SKU-401,216,1438.45
2026-05-11,STR-004,94102,SKU-402,93,582.61
2026-05-11,STR-004,94102,SKU-403,128,676.36
2026-05-11,STR-004,94102,SKU-501,28,530.83
2026-05-11,STR-004,94102,SKU-502,11,340.23
2026-05-11,STR-004,94102,SKU-503,16,325.32
2026-05-11,STR-004,94102,SKU-504,11,183.30
2026-05-11,STR-004,94102,SKU-601,127,1526.24
2026-05-11,STR-004,94102,SKU-602,106,626.07
2026-05-11,STR-004,94102,SKU-603,112,578.02
2026-05-11,STR-004,94102,SKU-604,109,510.79
2026-05-11,STR-004,94102,SKU-701,3,77.72
2026-05-11,STR-005,94118,SKU-101,280,1156.57
2026-05-11,STR-005,94118,SKU-102,319,1988.40
2026-05-11,STR-005,94118,SKU-103,326,1955.31
2026-05-11,STR-005,94118,SKU-104,162,1042.17
2026-05-11,STR-005,94118,SKU-105,171,599.81
2026-05-11,STR-005,94118,SKU-201,269,1699.28
2026-05-11,STR-005,94118,SKU-202,187,1033.50
2026-05-11,STR-005,94118,SKU-203,409,1227.27
2026-05-11,STR-005,94118,SKU-204,129,1380.38
2026-05-11,STR-005,94118,SKU-301,268,1512.00
2026-05-11,STR-005,94118,SKU-302,277,1607.38
2026-05-11,STR-005,94118,SKU-303,230,1309.68
2026-05-11,STR-005,94118,SKU-304,201,1266.38
2026-05-11,STR-005,94118,SKU-401,218,1487.31
2026-05-11,STR-005,94118,SKU-402,143,892.06
2026-05-11,STR-005,94118,SKU-403,177,904.49
2026-05-11,STR-005,94118,SKU-501,26,495.43
2026-05-11,STR-005,94118,SKU-502,14,443.22
2026-05-11,STR-005,94118,SKU-503,21,460.02
2026-05-11,STR-005,94118,SKU-504,12,200.32
2026-05-11,STR-005,94118,SKU-601,162,1917.24
2026-05-11,STR-005,94118,SKU-602,113,658.82
2026-05-11,STR-005,94118,SKU-603,158,826.15
2026-05-11,STR-005,94118,SKU-604,137,621.13
2026-05-11,STR-005,94118,SKU-701,3,83.40
2026-05-11,STR-006,94123,SKU-101,291,1184.05
2026-05-11,STR-006,94123,SKU-102,261,1637.67
2026-05-11,STR-006,94123,SKU-103,286,1653.00
2026-05-11,STR-006,94123,SKU-104,137,850.89
2026-05-11,STR-006,94123,SKU-105,113,396.44
2026-05-11,STR-006,94123,SKU-201,187,1126.69
2026-05-11,STR-006,94123,SKU-202,167,953.95
2026-05-11,STR-006,94123,SKU-203,294,943.87
2026-05-11,STR-006,94123,SKU-204,92,1022.36
2026-05-11,STR-006,94123,SKU-301,258,1418.66
2026-05-11,STR-006,94123,SKU-302,207,1224.76
2026-05-11,STR-006,94123,SKU-303,165,989.23
2026-05-11,STR-006,94123,SKU-304,224,1437.22
2026-05-11,STR-006,94123,SKU-401,173,1187.74
2026-05-11,STR-006,94123,SKU-402,96,621.42
2026-05-11,STR-006,94123,SKU-403,159,821.96
2026-05-11,STR-006,94123,SKU-501,22,404.69
2026-05-11,STR-006,94123,SKU-502,15,454.60
2026-05-11,STR-006,94123,SKU-503,18,371.83
2026-05-11,STR-006,94123,SKU-504,11,183.19
2026-05-11,STR-006,94123,SKU-601,122,1474.11
2026-05-11,STR-006,94123,SKU-602,109,642.87
2026-05-11,STR-006,94123,SKU-603,147,735.44
2026-05-11,STR-006,94123,SKU-604,134,631.83
2026-05-11,STR-006,94123,SKU-701,3,79.96
2026-05-04,STR-001,94103,SKU-101,240,1011.06
2026-05-04,STR-001,94103,SKU-102,398,2562.09
2026-05-04,STR-001,94103,SKU-103,350,2126.83
2026-05-04,STR-001,94103,SKU-104,204,1262.11
2026-05-04,STR-001,94103,SKU-105,141,503.81
2026-05-04,STR-001,94103,SKU-201,246,1484.17
2026-05-04,STR-001,94103,SKU-202,258,1494.27
2026-05-04,STR-001,94103,SKU-203,272,854.21
2026-05-04,STR-001,94103,SKU-204,115,1257.21
2026-05-04,STR-001,94103,SKU-301,288,1557.64
2026-05-04,STR-001,94103,SKU-302,188,1124.42
2026-05-04,STR-001,94103,SKU-303,202,1141.93
2026-05-04,STR-001,94103,SKU-304,189,1147.82
2026-05-04,STR-001,94103,SKU-401,248,1612.83
2026-05-04,STR-001,94103,SKU-402,147,978.34
2026-05-04,STR-001,94103,SKU-403,154,812.40
2026-05-04,STR-001,94103,SKU-501,29,528.84
2026-05-04,STR-001,94103,SKU-502,17,526.01
2026-05-04,STR-001,94103,SKU-503,22,463.44
2026-05-04,STR-001,94103,SKU-504,14,235.70
2026-05-04,STR-001,94103,SKU-601,118,1442.74
2026-05-04,STR-001,94103,SKU-602,116,680.32
2026-05-04,STR-001,94103,SKU-603,164,819.84
2026-05-04,STR-001,94103,SKU-604,114,508.76
2026-05-04,STR-001,94103,SKU-701,3,81.26
2026-05-04,STR-002,94110,SKU-101,417,1664.94
2026-05-04,STR-002,94110,SKU-102,412,2710.20
2026-05-04,STR-002,94110,SKU-103,475,2795.02
2026-05-04,STR-002,94110,SKU-104,186,1160.58
2026-05-04,STR-002,94110,SKU-105,241,861.01
2026-05-04,STR-002,94110,SKU-201,268,1705.47
2026-05-04,STR-002,94110,SKU-202,279,1618.75
2026-05-04,STR-002,94110,SKU-203,407,1285.17
2026-05-04,STR-002,94110,SKU-204,160,1731.21
2026-05-04,STR-002,94110,SKU-301,461,2547.43
2026-05-04,STR-002,94110,SKU-302,332,1929.99
2026-05-04,STR-002,94110,SKU-303,224,1305.21
2026-05-04,STR-002,94110,SKU-304,299,1838.02
2026-05-04,STR-002,94110,SKU-401,309,2138.58
2026-05-04,STR-002,94110,SKU-402,153,975.26
2026-05-04,STR-002,94110,SKU-403,202,1070.50
2026-05-04,STR-002,94110,SKU-501,44,794.94
2026-05-04,STR-002,94110,SKU-502,21,631.70
2026-05-04,STR-002,94110,SKU-503,31,679.40
2026-05-04,STR-002,94110,SKU-504,14,242.71
2026-05-04,STR-002,94110,SKU-601,148,1848.12
2026-05-04,STR-002,94110,SKU-602,140,799.88
2026-05-04,STR-002,94110,SKU-603,199,1009.13
2026-05-04,STR-002,94110,SKU-604,157,717.78
2026-05-04,STR-002,94110,SKU-701,5,131.37
2026-05-04,STR-003,94133,SKU-101,277,1092.08
2026-05-04,STR-003,94133,SKU-102,370,2305.20
2026-05-04,STR-003,94133,SKU-103,334,1947.43
2026-05-04,STR-003,94133,SKU-104,157,961.62
2026-05-04,STR-003,94133,SKU-105,131,461.58
2026-05-04,STR-003,94133,SKU-201,260,1558.00
2026-05-04,STR-003,94133,SKU-202,241,1352.03
2026-05-04,STR-003,94133,SKU-203,373,1179.43
2026-05-04,STR-003,94133,SKU-204,91,993.31
2026-05-04,STR-003,94133,SKU-301,283,1605.84
2026-05-04,STR-003,94133,SKU-302,215,1302.24
2026-05-04,STR-003,94133,SKU-303,149,830.01
2026-05-04,STR-003,94133,SKU-304,224,1422.73
2026-05-04,STR-003,94133,SKU-401,220,1445.39
2026-05-04,STR-003,94133,SKU-402,154,991.47
2026-05-04,STR-003,94133,SKU-403,137,718.02
2026-05-04,STR-003,94133,SKU-501,31,584.80
2026-05-04,STR-003,94133,SKU-502,14,428.13
2026-05-04,STR-003,94133,SKU-503,24,513.34
2026-05-04,STR-003,94133,SKU-504,15,269.20
2026-05-04,STR-003,94133,SKU-601,147,1826.47
2026-05-04,STR-003,94133,SKU-602,113,669.12
2026-05-04,STR-003,94133,SKU-603,136,683.93
2026-05-04,STR-003,94133,SKU-604,115,521.69
2026-05-04,STR-003,94133,SKU-701,3,81.12
2026-05-04,STR-004,94102,SKU-101,277,1134.26
2026-05-04,STR-004,94102,SKU-102,325,2096.56
2026-05-04,STR-004,94102,SKU-103,289,1724.61
2026-05-04,STR-004,94102,SKU-104,128,798.97
2026-05-04,STR-004,94102,SKU-105,109,395.89
2026-05-04,STR-004,94102,SKU-201,197,1261.75
2026-05-04,STR-004,94102,SKU-202,151,888.48
2026-05-04,STR-004,94102,SKU-203,263,812.43
2026-05-04,STR-004,94102,SKU-204,105,1114.45
2026-05-04,STR-004,94102,SKU-301,234,1267.92
2026-05-04,STR-004,94102,SKU-302,156,942.24
2026-05-04,STR-004,94102,SKU-303,126,707.01
2026-05-04,STR-004,94102,SKU-304,171,1079.77
2026-05-04,STR-004,94102,SKU-401,206,1414.80
2026-05-04,STR-004,94102,SKU-402,105,660.36
2026-05-04,STR-004,94102,SKU-403,143,769.76
2026-05-04,STR-004,94102,SKU-501,22,406.94
2026-05-04,STR-004,94102,SKU-502,11,339.96
2026-05-04,STR-004,94102,SKU-503,16,330.01
2026-05-04,STR-004,94102,SKU-504,10,179.66
2026-05-04,STR-004,94102,SKU-601,115,1327.02
2026-05-04,STR-004,94102,SKU-602,118,697.39
2026-05-04,STR-004,94102,SKU-603,150,781.98
2026-05-04,STR-004,94102,SKU-604,121,538.87
2026-05-04,STR-004,94102,SKU-701,3,80.34
2026-05-04,STR-005,94118,SKU-101,278,1135.23
2026-05-04,STR-005,94118,SKU-102,372,2491.29
2026-05-04,STR-005,94118,SKU-103,357,2107.51
2026-05-04,STR-005,94118,SKU-104,160,1028.14
2026-05-04,STR-005,94118,SKU-105,162,568.59
2026-05-04,STR-005,94118,SKU-201,271,1664.55
2026-05-04,STR-005,94118,SKU-202,185,1097.96
2026-05-04,STR-005,94118,SKU-203,334,1012.21
2026-05-04,STR-005,94118,SKU-204,121,1324.05
2026-05-04,STR-005,94118,SKU-301,301,1595.63
2026-05-04,STR-005,94118,SKU-302,266,1651.77
2026-05-04,STR-005,94118,SKU-303,173,979.97
2026-05-04,STR-005,94118,SKU-304,261,1623.23
2026-05-04,STR-005,94118,SKU-401,197,1298.55
2026-05-04,STR-005,94118,SKU-402,170,1145.34
2026-05-04,STR-005,94118,SKU-403,212,1083.98
2026-05-04,STR-005,94118,SKU-501,29,549.58
2026-05-04,STR-005,94118,SKU-502,17,509.37
2026-05-04,STR-005,94118,SKU-503,19,385.12
2026-05-04,STR-005,94118,SKU-504,14,245.40
2026-05-04,STR-005,94118,SKU-601,125,1531.59
2026-05-04,STR-005,94118,SKU-602,130,728.35
2026-05-04,STR-005,94118,SKU-603,196,981.25
2026-05-04,STR-005,94118,SKU-604,121,552.31
2026-05-04,STR-005,94118,SKU-701,3,82.03
2026-05-04,STR-006,94123,SKU-101,234,959.25
2026-05-04,STR-006,94123,SKU-102,341,2179.00
2026-05-04,STR-006,94123,SKU-103,232,1438.99
2026-05-04,STR-006,94123,SKU-104,181,1169.20
2026-05-04,STR-006,94123,SKU-105,154,538.63
2026-05-04,STR-006,94123,SKU-201,191,1211.53
2026-05-04,STR-006,94123,SKU-202,222,1262.24
2026-05-04,STR-006,94123,SKU-203,310,988.07
2026-05-04,STR-006,94123,SKU-204,87,924.22
2026-05-04,STR-006,94123,SKU-301,215,1156.64
2026-05-04,STR-006,94123,SKU-302,197,1148.92
2026-05-04,STR-006,94123,SKU-303,132,788.85
2026-05-04,STR-006,94123,SKU-304,219,1371.95
2026-05-04,STR-006,94123,SKU-401,195,1276.39
2026-05-04,STR-006,94123,SKU-402,120,752.64
2026-05-04,STR-006,94123,SKU-403,153,781.53
2026-05-04,STR-006,94123,SKU-501,31,559.42
2026-05-04,STR-006,94123,SKU-502,14,430.07
2026-05-04,STR-006,94123,SKU-503,23,485.85
2026-05-04,STR-006,94123,SKU-504,10,174.90
2026-05-04,STR-006,94123,SKU-601,124,1508.82
2026-05-04,STR-006,94123,SKU-602,117,694.81
2026-05-04,STR-006,94123,SKU-603,155,792.07
2026-05-04,STR-006,94123,SKU-604,117,521.50
2026-05-04,STR-006,94123,SKU-701,2,53.43
2026-04-27,STR-001,94103,SKU-101,292,1230.14
2026-04-27,STR-001,94103,SKU-102,323,2098.99
2026-04-27,STR-001,94103,SKU-103,270,1632.79
2026-04-27,STR-001,94103,SKU-104,185,1138.49
2026-04-27,STR-001,94103,SKU-105,146,508.79
2026-04-27,STR-001,94103,SKU-201,261,1650.32
2026-04-27,STR-001,94103,SKU-202,227,1321.83
2026-04-27,STR-001,94103,SKU-203,353,1128.99
2026-04-27,STR-001,94103,SKU-204,106,1147.79
2026-04-27,STR-001,94103,SKU-301,266,1457.60
2026-04-27,STR-001,94103,SKU-302,235,1396.80
2026-04-27,STR-001,94103,SKU-303,156,917.22
2026-04-27,STR-001,94103,SKU-304,244,1558.26
2026-04-27,STR-001,94103,SKU-401,236,1536.57
2026-04-27,STR-001,94103,SKU-402,166,1105.85
2026-04-27,STR-001,94103,SKU-403,212,1135.08
2026-04-27,STR-001,94103,SKU-501,34,629.69
2026-04-27,STR-001,94103,SKU-502,15,462.67
2026-04-27,STR-001,94103,SKU-503,21,449.70
2026-04-27,STR-001,94103,SKU-504,15,262.66
2026-04-27,STR-001,94103,SKU-601,152,1865.22
2026-04-27,STR-001,94103,SKU-602,114,650.62
2026-04-27,STR-001,94103,SKU-603,162,823.91
2026-04-27,STR-001,94103,SKU-604,114,520.62
2026-04-27,STR-001,94103,SKU-701,3,81.65
2026-04-27,STR-002,94110,SKU-101,380,1602.29
2026-04-27,STR-002,94110,SKU-102,399,2544.13
2026-04-27,STR-002,94110,SKU-103,376,2242.26
2026-04-27,STR-002,94110,SKU-104,199,1204.45
2026-04-27,STR-002,94110,SKU-105,239,861.13
2026-04-27,STR-002,94110,SKU-201,302,1876.66
2026-04-27,STR-002,94110,SKU-202,292,1721.06
2026-04-27,STR-002,94110,SKU-203,497,1545.99
2026-04-27,STR-002,94110,SKU-204,170,1873.35
2026-04-27,STR-002,94110,SKU-301,314,1671.94
2026-04-27,STR-002,94110,SKU-302,315,1874.98
2026-04-27,STR-002,94110,SKU-303,271,1618.30
2026-04-27,STR-002,94110,SKU-304,329,2112.64
2026-04-27,STR-002,94110,SKU-401,250,1624.73
2026-04-27,STR-002,94110,SKU-402,173,1111.00
2026-04-27,STR-002,94110,SKU-403,216,1159.10
2026-04-27,STR-002,94110,SKU-501,36,693.73
2026-04-27,STR-002,94110,SKU-502,20,639.71
2026-04-27,STR-002,94110,SKU-503,35,733.38
2026-04-27,STR-002,94110,SKU-504,20,349.12
2026-04-27,STR-002,94110,SKU-601,186,2240.08
2026-04-27,STR-002,94110,SKU-602,174,1025.10
2026-04-27,STR-002,94110,SKU-603,220,1153.36
2026-04-27,STR-002,94110,SKU-604,137,643.12
2026-04-27,STR-002,94110,SKU-701,3,78.66
2026-04-27,STR-003,94133,SKU-101,288,1160.22
2026-04-27,STR-003,94133,SKU-102,255,1613.21
2026-04-27,STR-003,94133,SKU-103,263,1526.81
2026-04-27,STR-003,94133,SKU-104,150,914.86
2026-04-27,STR-003,94133,SKU-105,162,605.05
2026-04-27,STR-003,94133,SKU-201,251,1514.08
2026-04-27,STR-003,94133,SKU-202,211,1265.51
2026-04-27,STR-003,94133,SKU-203,371,1136.24
2026-04-27,STR-003,94133,SKU-204,116,1311.24
2026-04-27,STR-003,94133,SKU-301,331,1771.20
2026-04-27,STR-003,94133,SKU-302,174,1082.10
2026-04-27,STR-003,94133,SKU-303,143,816.34
2026-04-27,STR-003,94133,SKU-304,250,1590.78
2026-04-27,STR-003,94133,SKU-401,254,1641.02
2026-04-27,STR-003,94133,SKU-402,117,761.80
2026-04-27,STR-003,94133,SKU-403,195,1027.62
2026-04-27,STR-003,94133,SKU-501,30,558.04
2026-04-27,STR-003,94133,SKU-502,15,467.18
2026-04-27,STR-003,94133,SKU-503,19,412.91
2026-04-27,STR-003,94133,SKU-504,10,171.82
2026-04-27,STR-003,94133,SKU-601,153,1781.63
2026-04-27,STR-003,94133,SKU-602,101,562.44
2026-04-27,STR-003,94133,SKU-603,146,729.37
2026-04-27,STR-003,94133,SKU-604,117,544.13
2026-04-27,STR-003,94133,SKU-701,2,51.89
2026-04-27,STR-004,94102,SKU-101,226,894.81
2026-04-27,STR-004,94102,SKU-102,336,2159.33
2026-04-27,STR-004,94102,SKU-103,244,1429.75
2026-04-27,STR-004,94102,SKU-104,142,912.61
2026-04-27,STR-004,94102,SKU-105,131,456.49
2026-04-27,STR-004,94102,SKU-201,225,1425.93
2026-04-27,STR-004,94102,SKU-202,174,986.32
2026-04-27,STR-004,94102,SKU-203,245,754.45
2026-04-27,STR-004,94102,SKU-204,95,1035.65
2026-04-27,STR-004,94102,SKU-301,217,1152.92
2026-04-27,STR-004,94102,SKU-302,174,1087.42
2026-04-27,STR-004,94102,SKU-303,135,774.49
2026-04-27,STR-004,94102,SKU-304,178,1087.39
2026-04-27,STR-004,94102,SKU-401,208,1419.63
2026-04-27,STR-004,94102,SKU-402,111,733.64
2026-04-27,STR-004,94102,SKU-403,140,755.99
2026-04-27,STR-004,94102,SKU-501,29,559.79
2026-04-27,STR-004,94102,SKU-502,15,454.51
2026-04-27,STR-004,94102,SKU-503,18,373.37
2026-04-27,STR-004,94102,SKU-504,11,188.71
2026-04-27,STR-004,94102,SKU-601,115,1357.80
2026-04-27,STR-004,94102,SKU-602,126,704.68
2026-04-27,STR-004,94102,SKU-603,149,775.86
2026-04-27,STR-004,94102,SKU-604,93,431.06
2026-04-27,STR-004,94102,SKU-701,3,77.84
2026-04-27,STR-005,94118,SKU-101,296,1255.64
2026-04-27,STR-005,94118,SKU-102,311,2089.91
2026-04-27,STR-005,94118,SKU-103,395,2339.03
2026-04-27,STR-005,94118,SKU-104,218,1403.06
2026-04-27,STR-005,94118,SKU-105,161,597.22
2026-04-27,STR-005,94118,SKU-201,232,1416.16
2026-04-27,STR-005,94118,SKU-202,208,1151.31
2026-04-27,STR-005,94118,SKU-203,323,998.89
2026-04-27,STR-005,94118,SKU-204,142,1530.85
2026-04-27,STR-005,94118,SKU-301,329,1848.67
2026-04-27,STR-005,94118,SKU-302,217,1344.39
2026-04-27,STR-005,94118,SKU-303,172,956.96
2026-04-27,STR-005,94118,SKU-304,278,1788.89
2026-04-27,STR-005,94118,SKU-401,247,1601.54
2026-04-27,STR-005,94118,SKU-402,126,807.74
2026-04-27,STR-005,94118,SKU-403,208,1055.97
2026-04-27,STR-005,94118,SKU-501,34,619.58
2026-04-27,STR-005,94118,SKU-502,14,443.94
2026-04-27,STR-005,94118,SKU-503,25,527.04
2026-04-27,STR-005,94118,SKU-504,13,223.02
2026-04-27,STR-005,94118,SKU-601,146,1741.02
2026-04-27,STR-005,94118,SKU-602,147,875.54
2026-04-27,STR-005,94118,SKU-603,186,926.81
2026-04-27,STR-005,94118,SKU-604,152,699.01
2026-04-27,STR-005,94118,SKU-701,4,110.51
2026-04-27,STR-006,94123,SKU-101,204,846.69
2026-04-27,STR-006,94123,SKU-102,262,1657.93
2026-04-27,STR-006,94123,SKU-103,257,1497.55
2026-04-27,STR-006,94123,SKU-104,167,1013.67
2026-04-27,STR-006,94123,SKU-105,122,430.44
2026-04-27,STR-006,94123,SKU-201,230,1448.76
2026-04-27,STR-006,94123,SKU-202,213,1235.83
2026-04-27,STR-006,94123,SKU-203,300,937.87
2026-04-27,STR-006,94123,SKU-204,83,936.00
2026-04-27,STR-006,94123,SKU-301,275,1538.22
2026-04-27,STR-006,94123,SKU-302,223,1338.12
2026-04-27,STR-006,94123,SKU-303,134,764.06
2026-04-27,STR-006,94123,SKU-304,162,984.23
2026-04-27,STR-006,94123,SKU-401,186,1204.23
2026-04-27,STR-006,94123,SKU-402,138,903.44
2026-04-27,STR-006,94123,SKU-403,157,849.32
2026-04-27,STR-006,94123,SKU-501,26,476.06
2026-04-27,STR-006,94123,SKU-502,15,475.28
2026-04-27,STR-006,94123,SKU-503,16,350.22
2026-04-27,STR-006,94123,SKU-504,10,179.64
2026-04-27,STR-006,94123,SKU-601,120,1454.57
2026-04-27,STR-006,94123,SKU-602,126,742.58
2026-04-27,STR-006,94123,SKU-603,138,681.73
2026-04-27,STR-006,94123,SKU-604,130,583.57
2026-04-27,STR-006,94123,SKU-701,2,54.77
2026-04-20,STR-001,94103,SKU-101,262,1083.41
2026-04-20,STR-001,94103,SKU-102,403,2658.68
2026-04-20,STR-001,94103,SKU-103,345,2038.55
2026-04-20,STR-001,94103,SKU-104,209,1259.11
2026-04-20,STR-001,94103,SKU-105,135,469.03
2026-04-20,STR-001,94103,SKU-201,286,1769.29
2026-04-20,STR-001,94103,SKU-202,236,1409.14
2026-04-20,STR-001,94103,SKU-203,381,1202.50
2026-04-20,STR-001,94103,SKU-204,109,1224.31
2026-04-20,STR-001,94103,SKU-301,240,1362.54
2026-04-20,STR-001,94103,SKU-302,195,1188.29
2026-04-20,STR-001,94103,SKU-303,207,1182.10
2026-04-20,STR-001,94103,SKU-304,213,1353.87
2026-04-20,STR-001,94103,SKU-401,185,1223.32
2026-04-20,STR-001,94103,SKU-402,159,991.51
2026-04-20,STR-001,94103,SKU-403,171,915.42
2026-04-20,STR-001,94103,SKU-501,28,516.14
2026-04-20,STR-001,94103,SKU-502,13,389.58
2026-04-20,STR-001,94103,SKU-503,23,481.05
2026-04-20,STR-001,94103,SKU-504,13,233.80
2026-04-20,STR-001,94103,SKU-601,157,1870.74
2026-04-20,STR-001,94103,SKU-602,126,706.65
2026-04-20,STR-001,94103,SKU-603,167,827.75
2026-04-20,STR-001,94103,SKU-604,123,558.41
2026-04-20,STR-001,94103,SKU-701,4,110.99
2026-04-20,STR-002,94110,SKU-101,323,1366.43
2026-04-20,STR-002,94110,SKU-102,469,3094.65
2026-04-20,STR-002,94110,SKU-103,423,2458.59
2026-04-20,STR-002,94110,SKU-104,237,1421.40
2026-04-20,STR-002,94110,SKU-105,211,746.12
2026-04-20,STR-002,94110,SKU-201,371,2238.87
2026-04-20,STR-002,94110,SKU-202,252,1439.75
2026-04-20,STR-002,94110,SKU-203,369,1133.44
2026-04-20,STR-002,94110,SKU-204,164,1848.91
2026-04-20,STR-002,94110,SKU-301,423,2255.71
2026-04-20,STR-002,94110,SKU-302,262,1524.82
2026-04-20,STR-002,94110,SKU-303,238,1334.17
2026-04-20,STR-002,94110,SKU-304,227,1456.97
2026-04-20,STR-002,94110,SKU-401,312,2023.00
2026-04-20,STR-002,94110,SKU-402,178,1116.23
2026-04-20,STR-002,94110,SKU-403,203,1051.19
2026-04-20,STR-002,94110,SKU-501,33,612.13
2026-04-20,STR-002,94110,SKU-502,21,661.91
2026-04-20,STR-002,94110,SKU-503,28,594.27
2026-04-20,STR-002,94110,SKU-504,16,275.86
2026-04-20,STR-002,94110,SKU-601,202,2502.44
2026-04-20,STR-002,94110,SKU-602,178,1037.63
2026-04-20,STR-002,94110,SKU-603,222,1128.22
2026-04-20,STR-002,94110,SKU-604,138,606.56
2026-04-20,STR-002,94110,SKU-701,3,78.16
2026-04-20,STR-003,94133,SKU-101,300,1183.09
2026-04-20,STR-003,94133,SKU-102,371,2401.18
2026-04-20,STR-003,94133,SKU-103,268,1578.75
2026-04-20,STR-003,94133,SKU-104,160,963.01
2026-04-20,STR-003,94133,SKU-105,161,574.42
2026-04-20,STR-003,94133,SKU-201,216,1309.57
2026-04-20,STR-003,94133,SKU-202,164,919.28
2026-04-20,STR-003,94133,SKU-203,325,1006.13
2026-04-20,STR-003,94133,SKU-204,113,1255.64
2026-04-20,STR-003,94133,SKU-301,240,1315.92
2026-04-20,STR-003,94133,SKU-302,229,1372.67
2026-04-20,STR-003,94133,SKU-303,139,828.08
2026-04-20,STR-003,94133,SKU-304,221,1373.10
2026-04-20,STR-003,94133,SKU-401,186,1235.08
2026-04-20,STR-003,94133,SKU-402,151,977.21
2026-04-20,STR-003,94133,SKU-403,198,1032.87
2026-04-20,STR-003,94133,SKU-501,24,442.20
2026-04-20,STR-003,94133,SKU-502,12,367.84
2026-04-20,STR-003,94133,SKU-503,23,479.17
2026-04-20,STR-003,94133,SKU-504,11,191.19
2026-04-20,STR-003,94133,SKU-601,148,1746.56
2026-04-20,STR-003,94133,SKU-602,126,741.76
2026-04-20,STR-003,94133,SKU-603,147,770.33
2026-04-20,STR-003,94133,SKU-604,118,533.11
2026-04-20,STR-003,94133,SKU-701,3,81.24
2026-04-20,STR-004,94102,SKU-101,262,1058.73
2026-04-20,STR-004,94102,SKU-102,243,1510.71
2026-04-20,STR-004,94102,SKU-103,223,1303.17
2026-04-20,STR-004,94102,SKU-104,171,1074.06
2026-04-20,STR-004,94102,SKU-105,130,463.63
2026-04-20,STR-004,94102,SKU-201,235,1510.42
2026-04-20,STR-004,94102,SKU-202,194,1151.76
2026-04-20,STR-004,94102,SKU-203,232,729.87
2026-04-20,STR-004,94102,SKU-204,111,1194.18
2026-04-20,STR-004,94102,SKU-301,271,1501.64
2026-04-20,STR-004,94102,SKU-302,166,955.70
2026-04-20,STR-004,94102,SKU-303,169,949.30
2026-04-20,STR-004,94102,SKU-304,169,1059.06
2026-04-20,STR-004,94102,SKU-401,167,1091.43
2026-04-20,STR-004,94102,SKU-402,126,825.96
2026-04-20,STR-004,94102,SKU-403,168,915.53
2026-04-20,STR-004,94102,SKU-501,21,400.07
2026-04-20,STR-004,94102,SKU-502,14,428.13
2026-04-20,STR-004,94102,SKU-503,19,412.97
2026-04-20,STR-004,94102,SKU-504,12,210.91
2026-04-20,STR-004,94102,SKU-601,112,1344.39
2026-04-20,STR-004,94102,SKU-602,114,673.43
2026-04-20,STR-004,94102,SKU-603,122,601.31
2026-04-20,STR-004,94102,SKU-604,129,599.17
2026-04-20,STR-004,94102,SKU-701,3,82.82
2026-04-20,STR-005,94118,SKU-101,353,1413.62
2026-04-20,STR-005,94118,SKU-102,368,2448.54
2026-04-20,STR-005,94118,SKU-103,303,1878.37
2026-04-20,STR-005,94118,SKU-104,156,961.97
2026-04-20,STR-005,94118,SKU-105,177,611.90
2026-04-20,STR-005,94118,SKU-201,261,1570.53
2026-04-20,STR-005,94118,SKU-202,240,1401.84
2026-04-20,STR-005,94118,SKU-203,321,1037.00
2026-04-20,STR-005,94118,SKU-204,118,1251.34
2026-04-20,STR-005,94118,SKU-301,366,1987.64
2026-04-20,STR-005,94118,SKU-302,253,1492.88
2026-04-20,STR-005,94118,SKU-303,189,1107.89
2026-04-20,STR-005,94118,SKU-304,194,1255.88
2026-04-20,STR-005,94118,SKU-401,209,1366.16
2026-04-20,STR-005,94118,SKU-402,171,1133.99
2026-04-20,STR-005,94118,SKU-403,198,1006.29
2026-04-20,STR-005,94118,SKU-501,27,524.61
2026-04-20,STR-005,94118,SKU-502,14,417.92
2026-04-20,STR-005,94118,SKU-503,22,480.47
2026-04-20,STR-005,94118,SKU-504,13,218.05
2026-04-20,STR-005,94118,SKU-601,131,1524.22
2026-04-20,STR-005,94118,SKU-602,113,673.70
2026-04-20,STR-005,94118,SKU-603,157,819.55
2026-04-20,STR-005,94118,SKU-604,118,545.98
2026-04-20,STR-005,94118,SKU-701,3,79.59
2026-04-20,STR-006,94123,SKU-101,272,1155.40
2026-04-20,STR-006,94123,SKU-102,333,2118.18
2026-04-20,STR-006,94123,SKU-103,249,1450.36
2026-04-20,STR-006,94123,SKU-104,171,1084.64
2026-04-20,STR-006,94123,SKU-105,153,557.87
2026-04-20,STR-006,94123,SKU-201,171,1046.25
2026-04-20,STR-006,94123,SKU-202,181,1067.65
2026-04-20,STR-006,94123,SKU-203,253,772.13
2026-04-20,STR-006,94123,SKU-204,81,928.20
2026-04-20,STR-006,94123,SKU-301,233,1281.23
2026-04-20,STR-006,94123,SKU-302,183,1085.86
2026-04-20,STR-006,94123,SKU-303,126,721.60
2026-04-20,STR-006,94123,SKU-304,181,1153.87
2026-04-20,STR-006,94123,SKU-401,209,1412.40
2026-04-20,STR-006,94123,SKU-402,142,946.39
2026-04-20,STR-006,94123,SKU-403,127,644.41
2026-04-20,STR-006,94123,SKU-501,28,512.27
2026-04-20,STR-006,94123,SKU-502,13,390.25
2026-04-20,STR-006,94123,SKU-503,21,452.42
2026-04-20,STR-006,94123,SKU-504,10,174.60
2026-04-20,STR-006,94123,SKU-601,124,1542.75
2026-04-20,STR-006,94123,SKU-602,91,541.50
2026-04-20,STR-006,94123,SKU-603,129,631.21
2026-04-20,STR-006,94123,SKU-604,115,526.81
2026-04-20,STR-006,94123,SKU-701,3,79.42
2026-04-13,STR-001,94103,SKU-101,355,1458.31
2026-04-13,STR-001,94103,SKU-102,282,1874.55
2026-04-13,STR-001,94103,SKU-103,363,2137.68
2026-04-13,STR-001,94103,SKU-104,163,1016.39
2026-04-13,STR-001,94103,SKU-105,190,655.63
2026-04-13,STR-001,94103,SKU-201,280,1817.89
2026-04-13,STR-001,94103,SKU-202,214,1270.40
2026-04-13,STR-001,94103,SKU-203,316,963.73
2026-04-13,STR-001,94103,SKU-204,121,1374.19
2026-04-13,STR-001,94103,SKU-301,337,1900.95
2026-04-13,STR-001,94103,SKU-302,210,1247.84
2026-04-13,STR-001,94103,SKU-303,152,892.79
2026-04-13,STR-001,94103,SKU-304,255,1584.31
2026-04-13,STR-001,94103,SKU-401,267,1807.34
2026-04-13,STR-001,94103,SKU-402,122,810.56
2026-04-13,STR-001,94103,SKU-403,200,1037.90
2026-04-13,STR-001,94103,SKU-501,32,620.45
2026-04-13,STR-001,94103,SKU-502,13,384.44
2026-04-13,STR-001,94103,SKU-503,24,525.77
2026-04-13,STR-001,94103,SKU-504,15,256.55
2026-04-13,STR-001,94103,SKU-601,163,1990.96
2026-04-13,STR-001,94103,SKU-602,151,903.57
2026-04-13,STR-001,94103,SKU-603,159,829.84
2026-04-13,STR-001,94103,SKU-604,133,620.30
2026-04-13,STR-001,94103,SKU-701,4,103.32
2026-04-13,STR-002,94110,SKU-101,406,1660.47
2026-04-13,STR-002,94110,SKU-102,380,2370.29
2026-04-13,STR-002,94110,SKU-103,429,2599.52
2026-04-13,STR-002,94110,SKU-104,206,1298.05
2026-04-13,STR-002,94110,SKU-105,205,748.53
2026-04-13,STR-002,94110,SKU-201,280,1760.87
2026-04-13,STR-002,94110,SKU-202,229,1355.27
2026-04-13,STR-002,94110,SKU-203,418,1329.02
2026-04-13,STR-002,94110,SKU-204,166,1886.43
2026-04-13,STR-002,94110,SKU-301,357,1953.97
2026-04-13,STR-002,94110,SKU-302,310,1925.94
2026-04-13,STR-002,94110,SKU-303,241,1417.00
2026-04-13,STR-002,94110,SKU-304,306,1916.42
2026-04-13,STR-002,94110,SKU-401,310,2015.07
2026-04-13,STR-002,94110,SKU-402,197,1248.49
2026-04-13,STR-002,94110,SKU-403,248,1319.21
2026-04-13,STR-002,94110,SKU-501,35,653.50
2026-04-13,STR-002,94110,SKU-502,20,632.18
2026-04-13,STR-002,94110,SKU-503,33,711.86
2026-04-13,STR-002,94110,SKU-504,19,319.92
2026-04-13,STR-002,94110,SKU-601,159,1852.97
2026-04-13,STR-002,94110,SKU-602,166,955.09
2026-04-13,STR-002,94110,SKU-603,176,916.65
2026-04-13,STR-002,94110,SKU-604,137,618.77
2026-04-13,STR-002,94110,SKU-701,4,108.69
2026-04-13,STR-003,94133,SKU-101,274,1146.27
2026-04-13,STR-003,94133,SKU-102,331,2060.87
2026-04-13,STR-003,94133,SKU-103,357,2182.78
2026-04-13,STR-003,94133,SKU-104,185,1118.37
2026-04-13,STR-003,94133,SKU-105,156,582.12
2026-04-13,STR-003,94133,SKU-201,233,1453.84
2026-04-13,STR-003,94133,SKU-202,197,1165.16
2026-04-13,STR-003,94133,SKU-203,286,899.38
2026-04-13,STR-003,94133,SKU-204,114,1216.33
2026-04-13,STR-003,94133,SKU-301,292,1628.94
2026-04-13,STR-003,94133,SKU-302,172,1060.77
2026-04-13,STR-003,94133,SKU-303,157,888.04
2026-04-13,STR-003,94133,SKU-304,211,1295.78
2026-04-13,STR-003,94133,SKU-401,177,1159.25
2026-04-13,STR-003,94133,SKU-402,139,871.33
2026-04-13,STR-003,94133,SKU-403,189,960.84
2026-04-13,STR-003,94133,SKU-501,25,469.70
2026-04-13,STR-003,94133,SKU-502,16,472.76
2026-04-13,STR-003,94133,SKU-503,24,498.91
2026-04-13,STR-003,94133,SKU-504,13,232.73
2026-04-13,STR-003,94133,SKU-601,127,1498.70
2026-04-13,STR-003,94133,SKU-602,108,624.63
2026-04-13,STR-003,94133,SKU-603,133,673.66
2026-04-13,STR-003,94133,SKU-604,128,592.47
2026-04-13,STR-003,94133,SKU-701,3,81.04
2026-04-13,STR-004,94102,SKU-101,226,953.39
2026-04-13,STR-004,94102,SKU-102,283,1763.72
2026-04-13,STR-004,94102,SKU-103,277,1661.79
2026-04-13,STR-004,94102,SKU-104,118,712.64
2026-04-13,STR-004,94102,SKU-105,126,445.08
2026-04-13,STR-004,94102,SKU-201,200,1224.17
2026-04-13,STR-004,94102,SKU-202,188,1051.98
2026-04-13,STR-004,94102,SKU-203,288,916.40
2026-04-13,STR-004,94102,SKU-204,113,1272.03
2026-04-13,STR-004,94102,SKU-301,231,1316.19
2026-04-13,STR-004,94102,SKU-302,166,982.96
2026-04-13,STR-004,94102,SKU-303,123,732.57
2026-04-13,STR-004,94102,SKU-304,191,1226.17
2026-04-13,STR-004,94102,SKU-401,230,1491.36
2026-04-13,STR-004,94102,SKU-402,106,679.83
2026-04-13,STR-004,94102,SKU-403,177,929.18
2026-04-13,STR-004,94102,SKU-501,27,526.48
2026-04-13,STR-004,94102,SKU-502,14,420.19
2026-04-13,STR-004,94102,SKU-503,20,418.97
2026-04-13,STR-004,94102,SKU-504,13,223.85
2026-04-13,STR-004,94102,SKU-601,105,1242.47
2026-04-13,STR-004,94102,SKU-602,113,655.56
2026-04-13,STR-004,94102,SKU-603,151,739.71
2026-04-13,STR-004,94102,SKU-604,91,432.01
2026-04-13,STR-004,94102,SKU-701,3,83.98
2026-04-13,STR-005,94118,SKU-101,284,1156.72
2026-04-13,STR-005,94118,SKU-102,357,2217.94
2026-04-13,STR-005,94118,SKU-103,316,1878.82
2026-04-13,STR-005,94118,SKU-104,187,1200.54
2026-04-13,STR-005,94118,SKU-105,170,616.44
2026-04-13,STR-005,94118,SKU-201,240,1518.96
2026-04-13,STR-005,94118,SKU-202,209,1230.07
2026-04-13,STR-005,94118,SKU-203,360,1146.66
2026-04-13,STR-005,94118,SKU-204,137,1496.93
2026-04-13,STR-005,94118,SKU-301,269,1533.15
2026-04-13,STR-005,94118,SKU-302,227,1375.63
2026-04-13,STR-005,94118,SKU-303,158,915.02
2026-04-13,STR-005,94118,SKU-304,212,1373.52
2026-04-13,STR-005,94118,SKU-401,261,1710.05
2026-04-13,STR-005,94118,SKU-402,151,988.65
2026-04-13,STR-005,94118,SKU-403,221,1144.97
2026-04-13,STR-005,94118,SKU-501,37,670.84
2026-04-13,STR-005,94118,SKU-502,17,525.82
2026-04-13,STR-005,94118,SKU-503,23,487.32
2026-04-13,STR-005,94118,SKU-504,13,221.78
2026-04-13,STR-005,94118,SKU-601,136,1659.26
2026-04-13,STR-005,94118,SKU-602,158,921.22
2026-04-13,STR-005,94118,SKU-603,170,864.01
2026-04-13,STR-005,94118,SKU-604,116,524.23
2026-04-13,STR-005,94118,SKU-701,4,103.94
2026-04-13,STR-006,94123,SKU-101,222,882.58
2026-04-13,STR-006,94123,SKU-102,318,2037.94
2026-04-13,STR-006,94123,SKU-103,319,1977.19
2026-04-13,STR-006,94123,SKU-104,160,1029.37
2026-04-13,STR-006,94123,SKU-105,145,535.76
2026-04-13,STR-006,94123,SKU-201,253,1556.86
2026-04-13,STR-006,94123,SKU-202,174,1010.84
2026-04-13,STR-006,94123,SKU-203,284,852.95
2026-04-13,STR-006,94123,SKU-204,117,1302.69
2026-04-13,STR-006,94123,SKU-301,220,1201.44
2026-04-13,STR-006,94123,SKU-302,171,1015.84
2026-04-13,STR-006,94123,SKU-303,132,769.64
2026-04-13,STR-006,94123,SKU-304,177,1117.56
2026-04-13,STR-006,94123,SKU-401,176,1148.16
2026-04-13,STR-006,94123,SKU-402,134,890.66
2026-04-13,STR-006,94123,SKU-403,154,825.74
2026-04-13,STR-006,94123,SKU-501,25,448.74
2026-04-13,STR-006,94123,SKU-502,14,444.48
2026-04-13,STR-006,94123,SKU-503,22,447.75
2026-04-13,STR-006,94123,SKU-504,13,230.61
2026-04-13,STR-006,94123,SKU-601,102,1251.23
2026-04-13,STR-006,94123,SKU-602,88,488.67
2026-04-13,STR-006,94123,SKU-603,162,805.24
2026-04-13,STR-006,94123,SKU-604,101,472.58
2026-04-13,STR-006,94123,SKU-701,3,81.47
2026-04-06,STR-001,94103,SKU-101,244,970.11
2026-04-06,STR-001,94103,SKU-102,345,2194.69
2026-04-06,STR-001,94103,SKU-103,301,1743.92
2026-04-06,STR-001,94103,SKU-104,188,1210.68
2026-04-06,STR-001,94103,SKU-105,157,568.60
2026-04-06,STR-001,94103,SKU-201,243,1479.86
2026-04-06,STR-001,94103,SKU-202,243,1446.87
2026-04-06,STR-001,94103,SKU-203,338,1091.38
2026-04-06,STR-001,94103,SKU-204,110,1264.10
2026-04-06,STR-001,94103,SKU-301,253,1382.88
2026-04-06,STR-001,94103,SKU-302,182,1051.17
2026-04-06,STR-001,94103,SKU-303,155,872.11
2026-04-06,STR-001,94103,SKU-304,200,1201.43
2026-04-06,STR-001,94103,SKU-401,275,1884.05
2026-04-06,STR-001,94103,SKU-402,134,864.62
2026-04-06,STR-001,94103,SKU-403,190,986.47
2026-04-06,STR-001,94103,SKU-501,31,603.33
2026-04-06,STR-001,94103,SKU-502,15,445.74
2026-04-06,STR-001,94103,SKU-503,20,428.62
2026-04-06,STR-001,94103,SKU-504,14,250.52
2026-04-06,STR-001,94103,SKU-601,123,1507.63
2026-04-06,STR-001,94103,SKU-602,114,676.60
2026-04-06,STR-001,94103,SKU-603,154,803.67
2026-04-06,STR-001,94103,SKU-604,146,689.43
2026-04-06,STR-001,94103,SKU-701,3,80.64
2026-04-06,STR-002,94110,SKU-101,378,1554.71
2026-04-06,STR-002,94110,SKU-102,412,2592.27
2026-04-06,STR-002,94110,SKU-103,390,2422.97
2026-04-06,STR-002,94110,SKU-104,226,1441.65
2026-04-06,STR-002,94110,SKU-105,234,856.11
2026-04-06,STR-002,94110,SKU-201,322,1991.07
2026-04-06,STR-002,94110,SKU-202,331,1975.57
2026-04-06,STR-002,94110,SKU-203,499,1501.04
2026-04-06,STR-002,94110,SKU-204,170,1947.87
2026-04-06,STR-002,94110,SKU-301,365,1975.92
2026-04-06,STR-002,94110,SKU-302,255,1489.08
2026-04-06,STR-002,94110,SKU-303,234,1395.77
2026-04-06,STR-002,94110,SKU-304,295,1853.48
2026-04-06,STR-002,94110,SKU-401,268,1842.73
2026-04-06,STR-002,94110,SKU-402,166,1077.04
2026-04-06,STR-002,94110,SKU-403,256,1313.50
2026-04-06,STR-002,94110,SKU-501,35,681.22
2026-04-06,STR-002,94110,SKU-502,22,698.19
2026-04-06,STR-002,94110,SKU-503,29,636.19
2026-04-06,STR-002,94110,SKU-504,18,303.86
2026-04-06,STR-002,94110,SKU-601,153,1819.40
2026-04-06,STR-002,94110,SKU-602,189,1123.83
2026-04-06,STR-002,94110,SKU-603,234,1166.92
2026-04-06,STR-002,94110,SKU-604,146,651.10
2026-04-06,STR-002,94110,SKU-701,4,106.59
2026-04-06,STR-003,94133,SKU-101,299,1180.76
2026-04-06,STR-003,94133,SKU-102,380,2514.65
2026-04-06,STR-003,94133,SKU-103,321,1952.17
2026-04-06,STR-003,94133,SKU-104,139,867.80
2026-04-06,STR-003,94133,SKU-105,166,588.78
2026-04-06,STR-003,94133,SKU-201,218,1330.98
2026-04-06,STR-003,94133,SKU-202,178,1057.28
2026-04-06,STR-003,94133,SKU-203,362,1125.02
2026-04-06,STR-003,94133,SKU-204,115,1263.74
2026-04-06,STR-003,94133,SKU-301,264,1402.68
2026-04-06,STR-003,94133,SKU-302,205,1271.55
2026-04-06,STR-003,94133,SKU-303,138,797.43
2026-04-06,STR-003,94133,SKU-304,202,1244.07
2026-04-06,STR-003,94133,SKU-401,211,1400.52
2026-04-06,STR-003,94133,SKU-402,153,991.91
2026-04-06,STR-003,94133,SKU-403,185,953.16
2026-04-06,STR-003,94133,SKU-501,27,505.17
2026-04-06,STR-003,94133,SKU-502,13,402.29
2026-04-06,STR-003,94133,SKU-503,25,518.93
2026-04-06,STR-003,94133,SKU-504,15,268.74
2026-04-06,STR-003,94133,SKU-601,157,1856.58
2026-04-06,STR-003,94133,SKU-602,107,626.01
2026-04-06,STR-003,94133,SKU-603,137,663.11
2026-04-06,STR-003,94133,SKU-604,115,537.93
2026-04-06,STR-003,94133,SKU-701,2,52.26
2026-04-06,STR-004,94102,SKU-101,250,980.76
2026-04-06,STR-004,94102,SKU-102,330,2053.25
2026-04-06,STR-004,94102,SKU-103,252,1538.77
2026-04-06,STR-004,94102,SKU-104,172,1057.04
2026-04-06,STR-004,94102,SKU-105,122,421.82
2026-04-06,STR-004,94102,SKU-201,173,1061.73
2026-04-06,STR-004,94102,SKU-202,162,910.65
2026-04-06,STR-004,94102,SKU-203,320,957.49
2026-04-06,STR-004,94102,SKU-204,77,844.95
2026-04-06,STR-004,94102,SKU-301,270,1544.42
2026-04-06,STR-004,94102,SKU-302,212,1318.39
2026-04-06,STR-004,94102,SKU-303,142,787.90
2026-04-06,STR-004,94102,SKU-304,210,1322.01
2026-04-06,STR-004,94102,SKU-401,202,1378.60
2026-04-06,STR-004,94102,SKU-402,122,760.53
2026-04-06,STR-004,94102,SKU-403,128,649.95
2026-04-06,STR-004,94102,SKU-501,22,416.98
2026-04-06,STR-004,94102,SKU-502,13,414.52
2026-04-06,STR-004,94102,SKU-503,20,427.67
2026-04-06,STR-004,94102,SKU-504,11,186.57
2026-04-06,STR-004,94102,SKU-601,122,1477.42
2026-04-06,STR-004,94102,SKU-602,85,476.45
2026-04-06,STR-004,94102,SKU-603,156,800.78
2026-04-06,STR-004,94102,SKU-604,122,539.04
2026-04-06,STR-004,94102,SKU-701,3,82.21
2026-04-06,STR-005,94118,SKU-101,293,1179.13
2026-04-06,STR-005,94118,SKU-102,307,2019.52
2026-04-06,STR-005,94118,SKU-103,279,1730.79
2026-04-06,STR-005,94118,SKU-104,195,1184.28
2026-04-06,STR-005,94118,SKU-105,141,510.93
2026-04-06,STR-005,94118,SKU-201,246,1554.84
2026-04-06,STR-005,94118,SKU-202,231,1316.93
2026-04-06,STR-005,94118,SKU-203,359,1098.74
2026-04-06,STR-005,94118,SKU-204,113,1226.77
2026-04-06,STR-005,94118,SKU-301,251,1344.04
2026-04-06,STR-005,94118,SKU-302,270,1594.97
2026-04-06,STR-005,94118,SKU-303,145,806.30
2026-04-06,STR-005,94118,SKU-304,253,1544.71
2026-04-06,STR-005,94118,SKU-401,279,1889.31
2026-04-06,STR-005,94118,SKU-402,165,1073.27
2026-04-06,STR-005,94118,SKU-403,166,890.09
2026-04-06,STR-005,94118,SKU-501,31,584.24
2026-04-06,STR-005,94118,SKU-502,14,412.85
2026-04-06,STR-005,94118,SKU-503,21,444.36
2026-04-06,STR-005,94118,SKU-504,12,204.42
2026-04-06,STR-005,94118,SKU-601,174,2113.03
2026-04-06,STR-005,94118,SKU-602,140,830.00
2026-04-06,STR-005,94118,SKU-603,185,929.07
2026-04-06,STR-005,94118,SKU-604,121,566.51
2026-04-06,STR-005,94118,SKU-701,3,82.65
2026-04-06,STR-006,94123,SKU-101,249,1019.94
2026-04-06,STR-006,94123,SKU-102,302,1898.88
2026-04-06,STR-006,94123,SKU-103,296,1797.87
2026-04-06,STR-006,94123,SKU-104,142,890.02
2026-04-06,STR-006,94123,SKU-105,149,538.09
2026-04-06,STR-006,94123,SKU-201,173,1087.84
2026-04-06,STR-006,94123,SKU-202,212,1251.62
2026-04-06,STR-006,94123,SKU-203,329,1001.64
2026-04-06,STR-006,94123,SKU-204,87,989.82
2026-04-06,STR-006,94123,SKU-301,263,1405.30
2026-04-06,STR-006,94123,SKU-302,151,934.91
2026-04-06,STR-006,94123,SKU-303,162,970.83
2026-04-06,STR-006,94123,SKU-304,171,1029.33
2026-04-06,STR-006,94123,SKU-401,195,1265.31
2026-04-06,STR-006,94123,SKU-402,127,821.27
2026-04-06,STR-006,94123,SKU-403,176,923.40
2026-04-06,STR-006,94123,SKU-501,28,505.96
2026-04-06,STR-006,94123,SKU-502,16,492.05
2026-04-06,STR-006,94123,SKU-503,18,394.68
2026-04-06,STR-006,94123,SKU-504,11,186.41
2026-04-06,STR-006,94123,SKU-601,136,1620.48
2026-04-06,STR-006,94123,SKU-602,107,608.31
2026-04-06,STR-006,94123,SKU-603,114,580.79
2026-04-06,STR-006,94123,SKU-604,124,576.18
2026-04-06,STR-006,94123,SKU-701,3,83.00
2026-03-30,STR-001,94103,SKU-101,332,1377.83
2026-03-30,STR-001,94103,SKU-102,374,2351.48
2026-03-30,STR-001,94103,SKU-103,262,1624.28
2026-03-30,STR-001,94103,SKU-104,153,920.06
2026-03-30,STR-001,94103,SKU-105,187,685.20
2026-03-30,STR-001,94103,SKU-201,210,1323.46
2026-03-30,STR-001,94103,SKU-202,189,1059.96
2026-03-30,STR-001,94103,SKU-203,296,918.56
2026-03-30,STR-001,94103,SKU-204,119,1275.35
2026-03-30,STR-001,94103,SKU-301,304,1716.89
2026-03-30,STR-001,94103,SKU-302,253,1535.28
2026-03-30,STR-001,94103,SKU-303,182,1048.68
2026-03-30,STR-001,94103,SKU-304,239,1523.62
2026-03-30,STR-001,94103,SKU-401,271,1879.01
2026-03-30,STR-001,94103,SKU-402,161,1023.02
2026-03-30,STR-001,94103,SKU-403,208,1106.54
2026-03-30,STR-001,94103,SKU-501,33,606.80
2026-03-30,STR-001,94103,SKU-502,13,384.84
2026-03-30,STR-001,94103,SKU-503,19,385.36
2026-03-30,STR-001,94103,SKU-504,13,217.67
2026-03-30,STR-001,94103,SKU-601,122,1453.69
2026-03-30,STR-001,94103,SKU-602,115,651.19
2026-03-30,STR-001,94103,SKU-603,171,886.50
2026-03-30,STR-001,94103,SKU-604,133,601.94
2026-03-30,STR-001,94103,SKU-701,3,82.73
2026-03-30,STR-002,94110,SKU-101,315,1304.30
2026-03-30,STR-002,94110,SKU-102,472,3118.33
2026-03-30,STR-002,94110,SKU-103,421,2475.17
2026-03-30,STR-002,94110,SKU-104,241,1557.48
2026-03-30,STR-002,94110,SKU-105,233,828.00
2026-03-30,STR-002,94110,SKU-201,253,1627.04
2026-03-30,STR-002,94110,SKU-202,292,1689.59
2026-03-30,STR-002,94110,SKU-203,402,1210.48
2026-03-30,STR-002,94110,SKU-204,173,1894.12
2026-03-30,STR-002,94110,SKU-301,363,2064.11
2026-03-30,STR-002,94110,SKU-302,240,1414.09
2026-03-30,STR-002,94110,SKU-303,175,1031.56
2026-03-30,STR-002,94110,SKU-304,319,1963.03
2026-03-30,STR-002,94110,SKU-401,285,1950.78
2026-03-30,STR-002,94110,SKU-402,200,1320.08
2026-03-30,STR-002,94110,SKU-403,222,1196.01
2026-03-30,STR-002,94110,SKU-501,41,758.45
2026-03-30,STR-002,94110,SKU-502,18,544.99
2026-03-30,STR-002,94110,SKU-503,34,708.48
2026-03-30,STR-002,94110,SKU-504,15,249.90
2026-03-30,STR-002,94110,SKU-601,193,2362.35
2026-03-30,STR-002,94110,SKU-602,164,931.29
2026-03-30,STR-002,94110,SKU-603,225,1108.67
2026-03-30,STR-002,94110,SKU-604,157,741.03
2026-03-30,STR-002,94110,SKU-701,4,110.57
2026-03-30,STR-003,94133,SKU-101,331,1311.61
2026-03-30,STR-003,94133,SKU-102,286,1806.07
2026-03-30,STR-003,94133,SKU-103,305,1854.02
2026-03-30,STR-003,94133,SKU-104,139,863.46
2026-03-30,STR-003,94133,SKU-105,144,530.60
2026-03-30,STR-003,94133,SKU-201,226,1447.04
2026-03-30,STR-003,94133,SKU-202,240,1438.63
2026-03-30,STR-003,94133,SKU-203,371,1146.22
2026-03-30,STR-003,94133,SKU-204,110,1171.52
2026-03-30,STR-003,94133,SKU-301,261,1446.87
2026-03-30,STR-003,94133,SKU-302,217,1271.20
2026-03-30,STR-003,94133,SKU-303,156,909.17
2026-03-30,STR-003,94133,SKU-304,163,1059.35
2026-03-30,STR-003,94133,SKU-401,190,1325.63
2026-03-30,STR-003,94133,SKU-402,118,753.24
2026-03-30,STR-003,94133,SKU-403,191,990.78
2026-03-30,STR-003,94133,SKU-501,23,414.59
2026-03-30,STR-003,94133,SKU-502,18,561.03
2026-03-30,STR-003,94133,SKU-503,18,372.27
2026-03-30,STR-003,94133,SKU-504,15,263.84
2026-03-30,STR-003,94133,SKU-601,113,1302.84
2026-03-30,STR-003,94133,SKU-602,105,586.07
2026-03-30,STR-003,94133,SKU-603,176,864.58
2026-03-30,STR-003,94133,SKU-604,147,682.35
2026-03-30,STR-003,94133,SKU-701,3,82.42
2026-03-30,STR-004,94102,SKU-101,274,1132.21
2026-03-30,STR-004,94102,SKU-102,324,2176.47
2026-03-30,STR-004,94102,SKU-103,220,1281.85
2026-03-30,STR-004,94102,SKU-104,117,727.29
2026-03-30,STR-004,94102,SKU-105,154,574.13
2026-03-30,STR-004,94102,SKU-201,201,1292.74
2026-03-30,STR-004,94102,SKU-202,165,914.76
2026-03-30,STR-004,94102,SKU-203,294,910.78
2026-03-30,STR-004,94102,SKU-204,99,1119.39
2026-03-30,STR-004,94102,SKU-301,279,1563.19
2026-03-30,STR-004,94102,SKU-302,151,879.43
2026-03-30,STR-004,94102,SKU-303,119,671.95
2026-03-30,STR-004,94102,SKU-304,195,1189.82
2026-03-30,STR-004,94102,SKU-401,158,1017.57
2026-03-30,STR-004,94102,SKU-402,96,633.23
2026-03-30,STR-004,94102,SKU-403,166,886.82
2026-03-30,STR-004,94102,SKU-501,29,557.16
2026-03-30,STR-004,94102,SKU-502,15,458.61
2026-03-30,STR-004,94102,SKU-503,17,345.66
2026-03-30,STR-004,94102,SKU-504,12,204.41
2026-03-30,STR-004,94102,SKU-601,106,1246.84
2026-03-30,STR-004,94102,SKU-602,109,650.24
2026-03-30,STR-004,94102,SKU-603,141,693.55
2026-03-30,STR-004,94102,SKU-604,127,555.62
2026-03-30,STR-004,94102,SKU-701,2,54.40
2026-03-30,STR-005,94118,SKU-101,364,1541.30
2026-03-30,STR-005,94118,SKU-102,358,2394.52
2026-03-30,STR-005,94118,SKU-103,351,2027.37
2026-03-30,STR-005,94118,SKU-104,185,1153.84
2026-03-30,STR-005,94118,SKU-105,158,557.85
2026-03-30,STR-005,94118,SKU-201,301,1886.85
2026-03-30,STR-005,94118,SKU-202,201,1204.63
2026-03-30,STR-005,94118,SKU-203,343,1032.25
2026-03-30,STR-005,94118,SKU-204,137,1502.64
2026-03-30,STR-005,94118,SKU-301,252,1418.75
2026-03-30,STR-005,94118,SKU-302,242,1495.33
2026-03-30,STR-005,94118,SKU-303,175,1007.27
2026-03-30,STR-005,94118,SKU-304,251,1515.42
2026-03-30,STR-005,94118,SKU-401,224,1459.16
2026-03-30,STR-005,94118,SKU-402,153,1022.01
2026-03-30,STR-005,94118,SKU-403,177,933.50
2026-03-30,STR-005,94118,SKU-501,38,694.47
2026-03-30,STR-005,94118,SKU-502,20,600.74
2026-03-30,STR-005,94118,SKU-503,20,420.97
2026-03-30,STR-005,94118,SKU-504,13,218.33
2026-03-30,STR-005,94118,SKU-601,158,1883.29
2026-03-30,STR-005,94118,SKU-602,124,742.95
2026-03-30,STR-005,94118,SKU-603,155,762.14
2026-03-30,STR-005,94118,SKU-604,136,633.35
2026-03-30,STR-005,94118,SKU-701,4,106.35
2026-03-30,STR-006,94123,SKU-101,209,834.32
2026-03-30,STR-006,94123,SKU-102,337,2097.61
2026-03-30,STR-006,94123,SKU-103,226,1382.98
2026-03-30,STR-006,94123,SKU-104,128,831.09
2026-03-30,STR-006,94123,SKU-105,164,585.90
2026-03-30,STR-006,94123,SKU-201,203,1312.29
2026-03-30,STR-006,94123,SKU-202,163,965.83
2026-03-30,STR-006,94123,SKU-203,276,890.27
2026-03-30,STR-006,94123,SKU-204,99,1107.25
2026-03-30,STR-006,94123,SKU-301,270,1439.31
2026-03-30,STR-006,94123,SKU-302,174,1023.07
2026-03-30,STR-006,94123,SKU-303,133,795.19
2026-03-30,STR-006,94123,SKU-304,149,903.90
2026-03-30,STR-006,94123,SKU-401,225,1514.53
2026-03-30,STR-006,94123,SKU-402,118,782.92
2026-03-30,STR-006,94123,SKU-403,144,760.43
2026-03-30,STR-006,94123,SKU-501,30,556.69
2026-03-30,STR-006,94123,SKU-502,13,397.46
2026-03-30,STR-006,94123,SKU-503,18,387.71
2026-03-30,STR-006,94123,SKU-504,10,168.79
2026-03-30,STR-006,94123,SKU-601,143,1708.99
2026-03-30,STR-006,94123,SKU-602,100,556.61
2026-03-30,STR-006,94123,SKU-603,144,701.63
2026-03-30,STR-006,94123,SKU-604,108,500.39
2026-03-30,STR-006,94123,SKU-701,3,79.21
2026-03-23,STR-001,94103,SKU-101,294,1205.65
2026-03-23,STR-001,94103,SKU-102,321,2036.89
2026-03-23,STR-001,94103,SKU-103,359,2090.39
2026-03-23,STR-001,94103,SKU-104,207,1327.90
2026-03-23,STR-001,94103,SKU-105,190,707.25
2026-03-23,STR-001,94103,SKU-201,201,1302.84
2026-03-23,STR-001,94103,SKU-202,176,1039.57
2026-03-23,STR-001,94103,SKU-203,366,1172.48
2026-03-23,STR-001,94103,SKU-204,105,1203.32
2026-03-23,STR-001,94103,SKU-301,254,1394.26
2026-03-23,STR-001,94103,SKU-302,210,1282.73
2026-03-23,STR-001,94103,SKU-303,166,993.83
2026-03-23,STR-001,94103,SKU-304,180,1144.46
2026-03-23,STR-001,94103,SKU-401,264,1821.51
2026-03-23,STR-001,94103,SKU-402,160,999.76
2026-03-23,STR-001,94103,SKU-403,151,817.57
2026-03-23,STR-001,94103,SKU-501,24,457.57
2026-03-23,STR-001,94103,SKU-502,19,573.85
2026-03-23,STR-001,94103,SKU-503,23,488.24
2026-03-23,STR-001,94103,SKU-504,14,239.79
2026-03-23,STR-001,94103,SKU-601,156,1843.66
2026-03-23,STR-001,94103,SKU-602,108,598.03
2026-03-23,STR-001,94103,SKU-603,142,731.97
2026-03-23,STR-001,94103,SKU-604,155,722.53
2026-03-23,STR-001,94103,SKU-701,3,78.47
2026-03-23,STR-002,94110,SKU-101,459,1807.14
2026-03-23,STR-002,94110,SKU-102,489,3102.61
2026-03-23,STR-002,94110,SKU-103,353,2112.96
2026-03-23,STR-002,94110,SKU-104,244,1477.15
2026-03-23,STR-002,94110,SKU-105,236,853.12
2026-03-23,STR-002,94110,SKU-201,282,1828.03
2026-03-23,STR-002,94110,SKU-202,279,1562.43
2026-03-23,STR-002,94110,SKU-203,403,1229.64
2026-03-23,STR-002,94110,SKU-204,158,1812.30
2026-03-23,STR-002,94110,SKU-301,360,2016.36
2026-03-23,STR-002,94110,SKU-302,258,1488.69
2026-03-23,STR-002,94110,SKU-303,222,1260.54
2026-03-23,STR-002,94110,SKU-304,271,1657.17
2026-03-23,STR-002,94110,SKU-401,250,1703.38
2026-03-23,STR-002,94110,SKU-402,189,1245.08
2026-03-23,STR-002,94110,SKU-403,255,1298.90
2026-03-23,STR-002,94110,SKU-501,40,759.29
2026-03-23,STR-002,94110,SKU-502,21,649.32
2026-03-23,STR-002,94110,SKU-503,26,562.27
2026-03-23,STR-002,94110,SKU-504,14,241.82
2026-03-23,STR-002,94110,SKU-601,168,1992.49
2026-03-23,STR-002,94110,SKU-602,132,791.79
2026-03-23,STR-002,94110,SKU-603,220,1105.25
2026-03-23,STR-002,94110,SKU-604,172,770.94
2026-03-23,STR-002,94110,SKU-701,4,107.45
2026-03-23,STR-003,94133,SKU-101,323,1356.74
2026-03-23,STR-003,94133,SKU-102,305,1929.02
2026-03-23,STR-003,94133,SKU-103,274,1678.09
2026-03-23,STR-003,94133,SKU-104,168,1089.14
2026-03-23,STR-003,94133,SKU-105,125,466.67
2026-03-23,STR-003,94133,SKU-201,264,1647.81
2026-03-23,STR-003,94133,SKU-202,219,1263.04
2026-03-23,STR-003,94133,SKU-203,288,883.59
2026-03-23,STR-003,94133,SKU-204,123,1321.48
2026-03-23,STR-003,94133,SKU-301,255,1450.20
2026-03-23,STR-003,94133,SKU-302,176,1084.85
2026-03-23,STR-003,94133,SKU-303,159,918.75
2026-03-23,STR-003,94133,SKU-304,174,1127.95
2026-03-23,STR-003,94133,SKU-401,184,1203.87
2026-03-23,STR-003,94133,SKU-402,129,809.55
2026-03-23,STR-003,94133,SKU-403,198,1035.67
2026-03-23,STR-003,94133,SKU-501,33,606.03
2026-03-23,STR-003,94133,SKU-502,16,500.33
2026-03-23,STR-003,94133,SKU-503,25,521.85
2026-03-23,STR-003,94133,SKU-504,12,204.35
2026-03-23,STR-003,94133,SKU-601,133,1529.62
2026-03-23,STR-003,94133,SKU-602,116,670.52
2026-03-23,STR-003,94133,SKU-603,161,831.27
2026-03-23,STR-003,94133,SKU-604,129,594.79
2026-03-23,STR-003,94133,SKU-701,3,77.35
2026-03-23,STR-004,94102,SKU-101,300,1201.69
2026-03-23,STR-004,94102,SKU-102,329,2090.13
2026-03-23,STR-004,94102,SKU-103,246,1507.40
2026-03-23,STR-004,94102,SKU-104,151,907.10
2026-03-23,STR-004,94102,SKU-105,137,494.75
2026-03-23,STR-004,94102,SKU-201,183,1178.78
2026-03-23,STR-004,94102,SKU-202,206,1170.16
2026-03-23,STR-004,94102,SKU-203,330,1068.55
2026-03-23,STR-004,94102,SKU-204,95,1077.51
2026-03-23,STR-004,94102,SKU-301,261,1494.21
2026-03-23,STR-004,94102,SKU-302,193,1116.54
2026-03-23,STR-004,94102,SKU-303,111,653.77
2026-03-23,STR-004,94102,SKU-304,145,933.16
2026-03-23,STR-004,94102,SKU-401,192,1327.40
2026-03-23,STR-004,94102,SKU-402,102,678.27
2026-03-23,STR-004,94102,SKU-403,162,852.11
2026-03-23,STR-004,94102,SKU-501,22,428.11
2026-03-23,STR-004,94102,SKU-502,11,339.80
2026-03-23,STR-004,94102,SKU-503,18,387.09
2026-03-23,STR-004,94102,SKU-504,12,211.40
2026-03-23,STR-004,94102,SKU-601,121,1442.56
2026-03-23,STR-004,94102,SKU-602,96,573.61
2026-03-23,STR-004,94102,SKU-603,111,555.27
2026-03-23,STR-004,94102,SKU-604,123,552.77
2026-03-23,STR-004,94102,SKU-701,3,78.99
2026-03-23,STR-005,94118,SKU-101,297,1225.88
2026-03-23,STR-005,94118,SKU-102,358,2233.71
2026-03-23,STR-005,94118,SKU-103,322,1862.32
2026-03-23,STR-005,94118,SKU-104,157,991.18
2026-03-23,STR-005,94118,SKU-105,192,690.83
2026-03-23,STR-005,94118,SKU-201,259,1643.45
2026-03-23,STR-005,94118,SKU-202,220,1259.25
2026-03-23,STR-005,94118,SKU-203,387,1163.33
2026-03-23,STR-005,94118,SKU-204,101,1111.44
2026-03-23,STR-005,94118,SKU-301,294,1635.59
2026-03-23,STR-005,94118,SKU-302,185,1066.72
2026-03-23,STR-005,94118,SKU-303,161,911.72
2026-03-23,STR-005,94118,SKU-304,251,1534.60
2026-03-23,STR-005,94118,SKU-401,287,1990.22
2026-03-23,STR-005,94118,SKU-402,175,1180.74
2026-03-23,STR-005,94118,SKU-403,169,895.69
2026-03-23,STR-005,94118,SKU-501,31,594.07
2026-03-23,STR-005,94118,SKU-502,16,498.23
2026-03-23,STR-005,94118,SKU-503,23,466.44
2026-03-23,STR-005,94118,SKU-504,14,232.99
2026-03-23,STR-005,94118,SKU-601,175,2167.17
2026-03-23,STR-005,94118,SKU-602,120,673.04
2026-03-23,STR-005,94118,SKU-603,184,914.51
2026-03-23,STR-005,94118,SKU-604,118,535.68
2026-03-23,STR-005,94118,SKU-701,3,77.61
2026-03-23,STR-006,94123,SKU-101,230,924.21
2026-03-23,STR-006,94123,SKU-102,256,1683.66
2026-03-23,STR-006,94123,SKU-103,311,1884.25
2026-03-23,STR-006,94123,SKU-104,140,867.22
2026-03-23,STR-006,94123,SKU-105,129,470.76
2026-03-23,STR-006,94123,SKU-201,234,1480.49
2026-03-23,STR-006,94123,SKU-202,167,966.88
2026-03-23,STR-006,94123,SKU-203,241,774.07
2026-03-23,STR-006,94123,SKU-204,94,1050.94
2026-03-23,STR-006,94123,SKU-301,213,1143.47
2026-03-23,STR-006,94123,SKU-302,210,1291.08
2026-03-23,STR-006,94123,SKU-303,119,659.10
2026-03-23,STR-006,94123,SKU-304,154,930.19
2026-03-23,STR-006,94123,SKU-401,168,1144.40
2026-03-23,STR-006,94123,SKU-402,111,725.70
2026-03-23,STR-006,94123,SKU-403,151,812.21
2026-03-23,STR-006,94123,SKU-501,24,452.41
2026-03-23,STR-006,94123,SKU-502,14,414.56
2026-03-23,STR-006,94123,SKU-503,23,487.94
2026-03-23,STR-006,94123,SKU-504,13,216.46
2026-03-23,STR-006,94123,SKU-601,111,1334.63
2026-03-23,STR-006,94123,SKU-602,113,645.78
2026-03-23,STR-006,94123,SKU-603,138,694.43
2026-03-23,STR-006,94123,SKU-604,127,567.25
2026-03-23,STR-006,94123,SKU-701,3,79.33
2026-03-16,STR-001,94103,SKU-101,359,1485.80
2026-03-16,STR-001,94103,SKU-102,392,2468.88
2026-03-16,STR-001,94103,SKU-103,361,2200.19
2026-03-16,STR-001,94103,SKU-104,190,1223.05
2026-03-16,STR-001,94103,SKU-105,159,554.22
2026-03-16,STR-001,94103,SKU-201,201,1268.81
2026-03-16,STR-001,94103,SKU-202,206,1160.09
2026-03-16,STR-001,94103,SKU-203,323,989.42
2026-03-16,STR-001,94103,SKU-204,120,1278.32
2026-03-16,STR-001,94103,SKU-301,308,1755.40
2026-03-16,STR-001,94103,SKU-302,173,1020.37
2026-03-16,STR-001,94103,SKU-303,142,805.53
2026-03-16,STR-001,94103,SKU-304,241,1486.55
2026-03-16,STR-001,94103,SKU-401,214,1423.78
2026-03-16,STR-001,94103,SKU-402,154,968.93
2026-03-16,STR-001,94103,SKU-403,169,887.77
2026-03-16,STR-001,94103,SKU-501,26,499.28
2026-03-16,STR-001,94103,SKU-502,19,560.91
2026-03-16,STR-001,94103,SKU-503,25,524.77
2026-03-16,STR-001,94103,SKU-504,14,237.13
2026-03-16,STR-001,94103,SKU-601,113,1412.08
2026-03-16,STR-001,94103,SKU-602,119,691.33
2026-03-16,STR-001,94103,SKU-603,170,876.93
2026-03-16,STR-001,94103,SKU-604,148,668.34
2026-03-16,STR-001,94103,SKU-701,3,78.65
2026-03-16,STR-002,94110,SKU-101,373,1472.25
2026-03-16,STR-002,94110,SKU-102,505,3250.71
2026-03-16,STR-002,94110,SKU-103,397,2302.24
2026-03-16,STR-002,94110,SKU-104,187,1134.28
2026-03-16,STR-002,94110,SKU-105,236,865.40
2026-03-16,STR-002,94110,SKU-201,289,1803.27
2026-03-16,STR-002,94110,SKU-202,263,1499.36
2026-03-16,STR-002,94110,SKU-203,340,1040.79
2026-03-16,STR-002,94110,SKU-204,147,1563.47
2026-03-16,STR-002,94110,SKU-301,419,2249.32
2026-03-16,STR-002,94110,SKU-302,281,1713.62
2026-03-16,STR-002,94110,SKU-303,202,1123.26
2026-03-16,STR-002,94110,SKU-304,235,1445.98
2026-03-16,STR-002,94110,SKU-401,291,1912.68
2026-03-16,STR-002,94110,SKU-402,174,1140.79
2026-03-16,STR-002,94110,SKU-403,224,1179.48
2026-03-16,STR-002,94110,SKU-501,37,720.34
2026-03-16,STR-002,94110,SKU-502,24,760.35
2026-03-16,STR-002,94110,SKU-503,29,592.32
2026-03-16,STR-002,94110,SKU-504,16,265.66
2026-03-16,STR-002,94110,SKU-601,158,1844.08
2026-03-16,STR-002,94110,SKU-602,168,953.44
2026-03-16,STR-002,94110,SKU-603,188,968.77
2026-03-16,STR-002,94110,SKU-604,188,834.34
2026-03-16,STR-002,94110,SKU-701,3,82.85
2026-03-16,STR-003,94133,SKU-101,292,1199.48
2026-03-16,STR-003,94133,SKU-102,337,2175.76
2026-03-16,STR-003,94133,SKU-103,351,2181.74
2026-03-16,STR-003,94133,SKU-104,176,1109.95
2026-03-16,STR-003,94133,SKU-105,150,541.21
2026-03-16,STR-003,94133,SKU-201,198,1264.45
2026-03-16,STR-003,94133,SKU-202,193,1156.58
2026-03-16,STR-003,94133,SKU-203,341,1079.93
2026-03-16,STR-003,94133,SKU-204,116,1325.89
2026-03-16,STR-003,94133,SKU-301,245,1314.21
2026-03-16,STR-003,94133,SKU-302,220,1320.97
2026-03-16,STR-003,94133,SKU-303,181,1074.72
2026-03-16,STR-003,94133,SKU-304,226,1391.53
2026-03-16,STR-003,94133,SKU-401,217,1512.50
2026-03-16,STR-003,94133,SKU-402,149,978.39
2026-03-16,STR-003,94133,SKU-403,190,1026.10
2026-03-16,STR-003,94133,SKU-501,30,559.63
2026-03-16,STR-003,94133,SKU-502,15,458.33
2026-03-16,STR-003,94133,SKU-503,23,490.10
2026-03-16,STR-003,94133,SKU-504,14,237.15
2026-03-16,STR-003,94133,SKU-601,158,1896.27
2026-03-16,STR-003,94133,SKU-602,130,726.86
2026-03-16,STR-003,94133,SKU-603,127,623.47
2026-03-16,STR-003,94133,SKU-604,135,598.27
2026-03-16,STR-003,94133,SKU-701,3,78.73
2026-03-16,STR-004,94102,SKU-101,240,955.98
2026-03-16,STR-004,94102,SKU-102,289,1939.58
2026-03-16,STR-004,94102,SKU-103,297,1779.13
2026-03-16,STR-004,94102,SKU-104,140,859.75
2026-03-16,STR-004,94102,SKU-105,138,485.22
2026-03-16,STR-004,94102,SKU-201,209,1257.15
2026-03-16,STR-004,94102,SKU-202,200,1112.94
2026-03-16,STR-004,94102,SKU-203,279,866.99
2026-03-16,STR-004,94102,SKU-204,86,957.17
2026-03-16,STR-004,94102,SKU-301,247,1348.59
2026-03-16,STR-004,94102,SKU-302,205,1276.71
2026-03-16,STR-004,94102,SKU-303,114,640.49
2026-03-16,STR-004,94102,SKU-304,151,979.59
2026-03-16,STR-004,94102,SKU-401,188,1265.40
2026-03-16,STR-004,94102,SKU-402,101,654.43
2026-03-16,STR-004,94102,SKU-403,178,976.70
2026-03-16,STR-004,94102,SKU-501,26,467.58
2026-03-16,STR-004,94102,SKU-502,16,480.30
2026-03-16,STR-004,94102,SKU-503,22,446.58
2026-03-16,STR-004,94102,SKU-504,13,220.16
2026-03-16,STR-004,94102,SKU-601,127,1559.17
2026-03-16,STR-004,94102,SKU-602,125,712.07
2026-03-16,STR-004,94102,SKU-603,133,669.40
2026-03-16,STR-004,94102,SKU-604,130,600.29
2026-03-16,STR-004,94102,SKU-701,3,83.64
2026-03-16,STR-005,94118,SKU-101,339,1333.87
2026-03-16,STR-005,94118,SKU-102,356,2288.49
2026-03-16,STR-005,94118,SKU-103,352,2157.02
2026-03-16,STR-005,94118,SKU-104,169,1011.40
2026-03-16,STR-005,94118,SKU-105,136,495.64
2026-03-16,STR-005,94118,SKU-201,229,1382.62
2026-03-16,STR-005,94118,SKU-202,202,1149.58
2026-03-16,STR-005,94118,SKU-203,376,1145.57
2026-03-16,STR-005,94118,SKU-204,139,1554.75
2026-03-16,STR-005,94118,SKU-301,292,1607.18
2026-03-16,STR-005,94118,SKU-302,255,1472.65
2026-03-16,STR-005,94118,SKU-303,183,1027.75
2026-03-16,STR-005,94118,SKU-304,192,1226.57
2026-03-16,STR-005,94118,SKU-401,252,1687.25
2026-03-16,STR-005,94118,SKU-402,155,1043.43
2026-03-16,STR-005,94118,SKU-403,156,824.92
2026-03-16,STR-005,94118,SKU-501,28,537.85
2026-03-16,STR-005,94118,SKU-502,18,558.96
2026-03-16,STR-005,94118,SKU-503,28,569.38
2026-03-16,STR-005,94118,SKU-504,12,211.14
2026-03-16,STR-005,94118,SKU-601,165,1923.87
2026-03-16,STR-005,94118,SKU-602,105,599.28
2026-03-16,STR-005,94118,SKU-603,159,777.26
2026-03-16,STR-005,94118,SKU-604,154,697.69
2026-03-16,STR-005,94118,SKU-701,3,77.54
2026-03-16,STR-006,94123,SKU-101,303,1261.23
2026-03-16,STR-006,94123,SKU-102,279,1754.85
2026-03-16,STR-006,94123,SKU-103,289,1720.99
2026-03-16,STR-006,94123,SKU-104,151,957.59
2026-03-16,STR-006,94123,SKU-105,114,393.71
2026-03-16,STR-006,94123,SKU-201,210,1268.79
2026-03-16,STR-006,94123,SKU-202,196,1111.40
2026-03-16,STR-006,94123,SKU-203,303,960.43
2026-03-16,STR-006,94123,SKU-204,88,981.45
2026-03-16,STR-006,94123,SKU-301,213,1184.35
2026-03-16,STR-006,94123,SKU-302,219,1324.58
2026-03-16,STR-006,94123,SKU-303,144,855.82
2026-03-16,STR-006,94123,SKU-304,176,1126.76
2026-03-16,STR-006,94123,SKU-401,239,1641.06
2026-03-16,STR-006,94123,SKU-402,109,718.44
2026-03-16,STR-006,94123,SKU-403,144,759.68
2026-03-16,STR-006,94123,SKU-501,27,489.88
2026-03-16,STR-006,94123,SKU-502,11,343.28
2026-03-16,STR-006,94123,SKU-503,23,505.61
2026-03-16,STR-006,94123,SKU-504,13,218.76
2026-03-16,STR-006,94123,SKU-601,132,1632.95
2026-03-16,STR-006,94123,SKU-602,125,710.06
2026-03-16,STR-006,94123,SKU-603,125,643.18
2026-03-16,STR-006,94123,SKU-604,128,591.22
2026-03-16,STR-006,94123,SKU-701,3,82.59
2026-03-09,STR-001,94103,SKU-101,345,1443.65
2026-03-09,STR-001,94103,SKU-102,371,2379.73
2026-03-09,STR-001,94103,SKU-103,281,1710.47
2026-03-09,STR-001,94103,SKU-104,156,947.95
2026-03-09,STR-001,94103,SKU-105,182,646.27
2026-03-09,STR-001,94103,SKU-201,244,1474.85
2026-03-09,STR-001,94103,SKU-202,229,1359.43
2026-03-09,STR-001,94103,SKU-203,381,1208.03
2026-03-09,STR-001,94103,SKU-204,95,1047.97
2026-03-09,STR-001,94103,SKU-301,315,1774.32
2026-03-09,STR-001,94103,SKU-302,241,1467.55
2026-03-09,STR-001,94103,SKU-303,134,794.82
2026-03-09,STR-001,94103,SKU-304,181,1161.26
2026-03-09,STR-001,94103,SKU-401,208,1443.62
2026-03-09,STR-001,94103,SKU-402,167,1070.34
2026-03-09,STR-001,94103,SKU-403,186,982.75
2026-03-09,STR-001,94103,SKU-501,29,534.71
2026-03-09,STR-001,94103,SKU-502,16,471.16
2026-03-09,STR-001,94103,SKU-503,25,517.87
2026-03-09,STR-001,94103,SKU-504,16,267.37
2026-03-09,STR-001,94103,SKU-601,131,1558.56
2026-03-09,STR-001,94103,SKU-602,113,625.63
2026-03-09,STR-001,94103,SKU-603,185,922.47
2026-03-09,STR-001,94103,SKU-604,107,469.95
2026-03-09,STR-001,94103,SKU-701,3,80.52
2026-03-09,STR-002,94110,SKU-101,444,1815.67
2026-03-09,STR-002,94110,SKU-102,509,3315.23
2026-03-09,STR-002,94110,SKU-103,350,2145.10
2026-03-09,STR-002,94110,SKU-104,181,1096.64
2026-03-09,STR-002,94110,SKU-105,202,712.94
2026-03-09,STR-002,94110,SKU-201,289,1855.33
2026-03-09,STR-002,94110,SKU-202,331,1853.56
2026-03-09,STR-002,94110,SKU-203,400,1282.92
2026-03-09,STR-002,94110,SKU-204,124,1342.46
2026-03-09,STR-002,94110,SKU-301,316,1805.47
2026-03-09,STR-002,94110,SKU-302,292,1765.91
2026-03-09,STR-002,94110,SKU-303,232,1284.86
2026-03-09,STR-002,94110,SKU-304,238,1530.65
2026-03-09,STR-002,94110,SKU-401,356,2484.34
2026-03-09,STR-002,94110,SKU-402,211,1378.47
2026-03-09,STR-002,94110,SKU-403,229,1172.27
2026-03-09,STR-002,94110,SKU-501,42,811.35
2026-03-09,STR-002,94110,SKU-502,20,613.07
2026-03-09,STR-002,94110,SKU-503,27,592.14
2026-03-09,STR-002,94110,SKU-504,20,348.39
2026-03-09,STR-002,94110,SKU-601,192,2270.44
2026-03-09,STR-002,94110,SKU-602,147,820.16
2026-03-09,STR-002,94110,SKU-603,204,1062.18
2026-03-09,STR-002,94110,SKU-604,189,887.13
2026-03-09,STR-002,94110,SKU-701,4,111.96
2026-03-09,STR-003,94133,SKU-101,299,1250.62
2026-03-09,STR-003,94133,SKU-102,291,1949.62
2026-03-09,STR-003,94133,SKU-103,342,2137.34
2026-03-09,STR-003,94133,SKU-104,161,996.11
2026-03-09,STR-003,94133,SKU-105,175,653.31
2026-03-09,STR-003,94133,SKU-201,267,1605.87
2026-03-09,STR-003,94133,SKU-202,193,1078.97
2026-03-09,STR-003,94133,SKU-203,252,807.69
2026-03-09,STR-003,94133,SKU-204,100,1063.32
2026-03-09,STR-003,94133,SKU-301,288,1545.40
2026-03-09,STR-003,94133,SKU-302,227,1374.58
2026-03-09,STR-003,94133,SKU-303,167,929.90
2026-03-09,STR-003,94133,SKU-304,167,1015.13
2026-03-09,STR-003,94133,SKU-401,254,1723.43
2026-03-09,STR-003,94133,SKU-402,143,928.19
2026-03-09,STR-003,94133,SKU-403,200,1040.82
2026-03-09,STR-003,94133,SKU-501,23,438.56
2026-03-09,STR-003,94133,SKU-502,15,447.87
2026-03-09,STR-003,94133,SKU-503,21,459.05
2026-03-09,STR-003,94133,SKU-504,12,203.77
2026-03-09,STR-003,94133,SKU-601,122,1456.21
2026-03-09,STR-003,94133,SKU-602,98,564.27
2026-03-09,STR-003,94133,SKU-603,166,856.61
2026-03-09,STR-003,94133,SKU-604,128,575.39
2026-03-09,STR-003,94133,SKU-701,3,81.16
2026-03-09,STR-004,94102,SKU-101,226,926.37
2026-03-09,STR-004,94102,SKU-102,315,2121.18
2026-03-09,STR-004,94102,SKU-103,242,1450.25
2026-03-09,STR-004,94102,SKU-104,134,818.22
2026-03-09,STR-004,94102,SKU-105,161,582.01
2026-03-09,STR-004,94102,SKU-201,194,1180.30
2026-03-09,STR-004,94102,SKU-202,205,1160.64
2026-03-09,STR-004,94102,SKU-203,239,765.80
2026-03-09,STR-004,94102,SKU-204,82,926.81
2026-03-09,STR-004,94102,SKU-301,216,1157.49
2026-03-09,STR-004,94102,SKU-302,141,818.73
2026-03-09,STR-004,94102,SKU-303,135,781.39
2026-03-09,STR-004,94102,SKU-304,147,915.07
2026-03-09,STR-004,94102,SKU-401,220,1527.00
2026-03-09,STR-004,94102,SKU-402,119,773.01
2026-03-09,STR-004,94102,SKU-403,176,907.30
2026-03-09,STR-004,94102,SKU-501,28,537.91
2026-03-09,STR-004,94102,SKU-502,14,419.73
2026-03-09,STR-004,94102,SKU-503,16,335.79
2026-03-09,STR-004,94102,SKU-504,12,213.45
2026-03-09,STR-004,94102,SKU-601,119,1396.08
2026-03-09,STR-004,94102,SKU-602,88,507.11
2026-03-09,STR-004,94102,SKU-603,126,637.17
2026-03-09,STR-004,94102,SKU-604,89,393.28
2026-03-09,STR-004,94102,SKU-701,3,83.53
2026-03-09,STR-005,94118,SKU-101,348,1460.48
2026-03-09,STR-005,94118,SKU-102,324,2071.46
2026-03-09,STR-005,94118,SKU-103,407,2426.21
2026-03-09,STR-005,94118,SKU-104,210,1315.92
2026-03-09,STR-005,94118,SKU-105,169,615.82
2026-03-09,STR-005,94118,SKU-201,241,1484.32
2026-03-09,STR-005,94118,SKU-202,191,1062.74
2026-03-09,STR-005,94118,SKU-203,346,1060.57
2026-03-09,STR-005,94118,SKU-204,143,1521.67
2026-03-09,STR-005,94118,SKU-301,327,1764.32
2026-03-09,STR-005,94118,SKU-302,185,1104.77
2026-03-09,STR-005,94118,SKU-303,176,994.89
2026-03-09,STR-005,94118,SKU-304,187,1198.41
2026-03-09,STR-005,94118,SKU-401,260,1680.19
2026-03-09,STR-005,94118,SKU-402,175,1146.75
2026-03-09,STR-005,94118,SKU-403,168,917.96
2026-03-09,STR-005,94118,SKU-501,28,515.77
2026-03-09,STR-005,94118,SKU-502,17,542.56
2026-03-09,STR-005,94118,SKU-503,19,403.09
2026-03-09,STR-005,94118,SKU-504,14,239.54
2026-03-09,STR-005,94118,SKU-601,142,1759.66
2026-03-09,STR-005,94118,SKU-602,111,645.67
2026-03-09,STR-005,94118,SKU-603,158,802.83
2026-03-09,STR-005,94118,SKU-604,153,690.94
2026-03-09,STR-005,94118,SKU-701,3,83.64
2026-03-09,STR-006,94123,SKU-101,307,1200.96
2026-03-09,STR-006,94123,SKU-102,292,1855.26
2026-03-09,STR-006,94123,SKU-103,241,1416.32
2026-03-09,STR-006,94123,SKU-104,161,979.47
2026-03-09,STR-006,94123,SKU-105,155,580.83
2026-03-09,STR-006,94123,SKU-201,215,1392.42
2026-03-09,STR-006,94123,SKU-202,155,921.20
2026-03-09,STR-006,94123,SKU-203,340,1098.62
2026-03-09,STR-006,94123,SKU-204,96,1052.60
2026-03-09,STR-006,94123,SKU-301,212,1198.42
2026-03-09,STR-006,94123,SKU-302,169,1010.05
2026-03-09,STR-006,94123,SKU-303,123,737.03
2026-03-09,STR-006,94123,SKU-304,189,1167.30
2026-03-09,STR-006,94123,SKU-401,204,1387.09
2026-03-09,STR-006,94123,SKU-402,103,651.13
2026-03-09,STR-006,94123,SKU-403,148,792.40
2026-03-09,STR-006,94123,SKU-501,31,601.74
2026-03-09,STR-006,94123,SKU-502,15,444.09
2026-03-09,STR-006,94123,SKU-503,21,435.94
2026-03-09,STR-006,94123,SKU-504,11,186.35
2026-03-09,STR-006,94123,SKU-601,143,1710.84
2026-03-09,STR-006,94123,SKU-602,92,529.50
2026-03-09,STR-006,94123,SKU-603,135,670.87
2026-03-09,STR-006,94123,SKU-604,131,615.99
2026-03-09,STR-006,94123,SKU-701,2,55.25
2026-03-02,STR-001,94103,SKU-101,247,968.15
2026-03-02,STR-001,94103,SKU-102,290,1803.07
2026-03-02,STR-001,94103,SKU-103,330,2012.23
2026-03-02,STR-001,94103,SKU-104,147,939.52
2026-03-02,STR-001,94103,SKU-105,181,655.83
2026-03-02,STR-001,94103,SKU-201,269,1668.26
2026-03-02,STR-001,94103,SKU-202,224,1261.31
2026-03-02,STR-001,94103,SKU-203,333,1073.07
2026-03-02,STR-001,94103,SKU-204,117,1337.10
2026-03-02,STR-001,94103,SKU-301,245,1388.29
2026-03-02,STR-001,94103,SKU-302,204,1200.92
2026-03-02,STR-001,94103,SKU-303,137,771.84
2026-03-02,STR-001,94103,SKU-304,206,1233.30
2026-03-02,STR-001,94103,SKU-401,247,1590.78
2026-03-02,STR-001,94103,SKU-402,132,886.35
2026-03-02,STR-001,94103,SKU-403,212,1096.08
2026-03-02,STR-001,94103,SKU-501,35,649.33
2026-03-02,STR-001,94103,SKU-502,19,596.82
2026-03-02,STR-001,94103,SKU-503,21,433.76
2026-03-02,STR-001,94103,SKU-504,12,209.54
2026-03-02,STR-001,94103,SKU-601,127,1557.07
2026-03-02,STR-001,94103,SKU-602,126,719.52
2026-03-02,STR-001,94103,SKU-603,141,705.65
2026-03-02,STR-001,94103,SKU-604,121,552.07
2026-03-02,STR-001,94103,SKU-701,3,82.03
2026-03-02,STR-002,94110,SKU-101,375,1493.49
2026-03-02,STR-002,94110,SKU-102,381,2438.74
2026-03-02,STR-002,94110,SKU-103,394,2337.69
2026-03-02,STR-002,94110,SKU-104,240,1469.62
2026-03-02,STR-002,94110,SKU-105,210,747.35
2026-03-02,STR-002,94110,SKU-201,271,1664.34
2026-03-02,STR-002,94110,SKU-202,266,1570.55
2026-03-02,STR-002,94110,SKU-203,431,1378.12
2026-03-02,STR-002,94110,SKU-204,132,1411.20
2026-03-02,STR-002,94110,SKU-301,408,2192.04
2026-03-02,STR-002,94110,SKU-302,307,1878.03
2026-03-02,STR-002,94110,SKU-303,241,1436.95
2026-03-02,STR-002,94110,SKU-304,232,1458.80
2026-03-02,STR-002,94110,SKU-401,334,2304.28
2026-03-02,STR-002,94110,SKU-402,168,1118.11
2026-03-02,STR-002,94110,SKU-403,206,1048.62
2026-03-02,STR-002,94110,SKU-501,31,582.22
2026-03-02,STR-002,94110,SKU-502,18,545.59
2026-03-02,STR-002,94110,SKU-503,33,679.37
2026-03-02,STR-002,94110,SKU-504,18,312.77
2026-03-02,STR-002,94110,SKU-601,183,2257.83
2026-03-02,STR-002,94110,SKU-602,131,780.41
2026-03-02,STR-002,94110,SKU-603,201,983.46
2026-03-02,STR-002,94110,SKU-604,196,926.16
2026-03-02,STR-002,94110,SKU-701,4,111.11
2026-03-02,STR-003,94133,SKU-101,323,1277.91
2026-03-02,STR-003,94133,SKU-102,351,2312.94
2026-03-02,STR-003,94133,SKU-103,336,2055.86
2026-03-02,STR-003,94133,SKU-104,183,1157.21
2026-03-02,STR-003,94133,SKU-105,126,455.01
2026-03-02,STR-003,94133,SKU-201,216,1325.02
2026-03-02,STR-003,94133,SKU-202,174,973.93
2026-03-02,STR-003,94133,SKU-203,295,891.34
2026-03-02,STR-003,94133,SKU-204,91,1017.75
2026-03-02,STR-003,94133,SKU-301,271,1449.92
2026-03-02,STR-003,94133,SKU-302,221,1315.60
2026-03-02,STR-003,94133,SKU-303,148,844.95
2026-03-02,STR-003,94133,SKU-304,161,972.69
2026-03-02,STR-003,94133,SKU-401,211,1398.63
2026-03-02,STR-003,94133,SKU-402,150,959.01
2026-03-02,STR-003,94133,SKU-403,187,983.95
2026-03-02,STR-003,94133,SKU-501,32,581.29
2026-03-02,STR-003,94133,SKU-502,15,469.95
2026-03-02,STR-003,94133,SKU-503,21,434.35
2026-03-02,STR-003,94133,SKU-504,10,176.39
2026-03-02,STR-003,94133,SKU-601,118,1371.70
2026-03-02,STR-003,94133,SKU-602,116,661.27
2026-03-02,STR-003,94133,SKU-603,125,604.68
2026-03-02,STR-003,94133,SKU-604,132,609.65
2026-03-02,STR-003,94133,SKU-701,3,83.18
2026-03-02,STR-004,94102,SKU-101,284,1199.46
2026-03-02,STR-004,94102,SKU-102,274,1732.25
2026-03-02,STR-004,94102,SKU-103,282,1725.71
2026-03-02,STR-004,94102,SKU-104,168,1078.20
2026-03-02,STR-004,94102,SKU-105,116,430.72
2026-03-02,STR-004,94102,SKU-201,190,1183.37
2026-03-02,STR-004,94102,SKU-202,204,1194.96
2026-03-02,STR-004,94102,SKU-203,269,809.35
2026-03-02,STR-004,94102,SKU-204,84,963.91
2026-03-02,STR-004,94102,SKU-301,236,1292.51
2026-03-02,STR-004,94102,SKU-302,149,927.85
2026-03-02,STR-004,94102,SKU-303,136,762.73
2026-03-02,STR-004,94102,SKU-304,194,1238.79
2026-03-02,STR-004,94102,SKU-401,225,1495.15
2026-03-02,STR-004,94102,SKU-402,100,634.14
2026-03-02,STR-004,94102,SKU-403,170,897.44
2026-03-02,STR-004,94102,SKU-501,25,450.09
2026-03-02,STR-004,94102,SKU-502,11,344.83
2026-03-02,STR-004,94102,SKU-503,17,359.40
2026-03-02,STR-004,94102,SKU-504,10,170.07
2026-03-02,STR-004,94102,SKU-601,98,1155.01
2026-03-02,STR-004,94102,SKU-602,117,652.77
2026-03-02,STR-004,94102,SKU-603,146,764.71
2026-03-02,STR-004,94102,SKU-604,87,401.90
2026-03-02,STR-004,94102,SKU-701,3,82.21
2026-03-02,STR-005,94118,SKU-101,378,1483.64
2026-03-02,STR-005,94118,SKU-102,319,2113.57
2026-03-02,STR-005,94118,SKU-103,279,1708.66
2026-03-02,STR-005,94118,SKU-104,215,1305.68
2026-03-02,STR-005,94118,SKU-105,187,688.98
2026-03-02,STR-005,94118,SKU-201,226,1364.79
2026-03-02,STR-005,94118,SKU-202,194,1146.90
2026-03-02,STR-005,94118,SKU-203,407,1274.62
2026-03-02,STR-005,94118,SKU-204,127,1390.32
2026-03-02,STR-005,94118,SKU-301,314,1778.23
2026-03-02,STR-005,94118,SKU-302,179,1078.83
2026-03-02,STR-005,94118,SKU-303,201,1173.07
2026-03-02,STR-005,94118,SKU-304,194,1218.28
2026-03-02,STR-005,94118,SKU-401,236,1642.23
2026-03-02,STR-005,94118,SKU-402,140,871.32
2026-03-02,STR-005,94118,SKU-403,169,873.67
2026-03-02,STR-005,94118,SKU-501,29,528.89
2026-03-02,STR-005,94118,SKU-502,16,490.86
2026-03-02,STR-005,94118,SKU-503,20,407.55
2026-03-02,STR-005,94118,SKU-504,12,199.78
2026-03-02,STR-005,94118,SKU-601,138,1662.67
2026-03-02,STR-005,94118,SKU-602,112,623.74
2026-03-02,STR-005,94118,SKU-603,133,670.28
2026-03-02,STR-005,94118,SKU-604,115,523.43
2026-03-02,STR-005,94118,SKU-701,4,107.81
2026-03-02,STR-006,94123,SKU-101,217,867.84
2026-03-02,STR-006,94123,SKU-102,341,2131.92
2026-03-02,STR-006,94123,SKU-103,283,1765.19
2026-03-02,STR-006,94123,SKU-104,131,811.52
2026-03-02,STR-006,94123,SKU-105,126,462.58
2026-03-02,STR-006,94123,SKU-201,171,1037.08
2026-03-02,STR-006,94123,SKU-202,223,1265.26
2026-03-02,STR-006,94123,SKU-203,316,989.27
2026-03-02,STR-006,94123,SKU-204,81,894.46
2026-03-02,STR-006,94123,SKU-301,268,1540.76
2026-03-02,STR-006,94123,SKU-302,203,1247.93
2026-03-02,STR-006,94123,SKU-303,148,827.52
2026-03-02,STR-006,94123,SKU-304,175,1085.73
2026-03-02,STR-006,94123,SKU-401,207,1425.49
2026-03-02,STR-006,94123,SKU-402,120,791.02
2026-03-02,STR-006,94123,SKU-403,129,676.44
2026-03-02,STR-006,94123,SKU-501,22,412.38
2026-03-02,STR-006,94123,SKU-502,15,460.26
2026-03-02,STR-006,94123,SKU-503,20,410.56
2026-03-02,STR-006,94123,SKU-504,13,215.94
2026-03-02,STR-006,94123,SKU-601,118,1450.79
2026-03-02,STR-006,94123,SKU-602,103,596.26
2026-03-02,STR-006,94123,SKU-603,152,758.57
2026-03-02,STR-006,94123,SKU-604,131,592.77
2026-03-02,STR-006,94123,SKU-701,2,55.79
2026-02-23,STR-001,94103,SKU-101,355,1479.85
2026-02-23,STR-001,94103,SKU-102,339,2152.70
2026-02-23,STR-001,94103,SKU-103,330,2030.97
2026-02-23,STR-001,94103,SKU-104,169,1038.77
2026-02-23,STR-001,94103,SKU-105,161,583.96
2026-02-23,STR-001,94103,SKU-201,294,1878.88
2026-02-23,STR-001,94103,SKU-202,250,1385.27
2026-02-23,STR-001,94103,SKU-203,293,948.10
2026-02-23,STR-001,94103,SKU-204,107,1223.94
2026-02-23,STR-001,94103,SKU-301,268,1447.58
2026-02-23,STR-001,94103,SKU-302,223,1352.90
2026-02-23,STR-001,94103,SKU-303,188,1083.39
2026-02-23,STR-001,94103,SKU-304,205,1240.03
2026-02-23,STR-001,94103,SKU-401,205,1396.55
2026-02-23,STR-001,94103,SKU-402,161,1080.84
2026-02-23,STR-001,94103,SKU-403,205,1078.60
2026-02-23,STR-001,94103,SKU-501,30,583.72
2026-02-23,STR-001,94103,SKU-502,14,440.73
2026-02-23,STR-001,94103,SKU-503,26,530.97
2026-02-23,STR-001,94103,SKU-504,13,233.46
2026-02-23,STR-001,94103,SKU-601,150,1785.93
2026-02-23,STR-001,94103,SKU-602,121,701.65
2026-02-23,STR-001,94103,SKU-603,174,895.17
2026-02-23,STR-001,94103,SKU-604,112,493.70
2026-02-23,STR-001,94103,SKU-701,3,79.91
2026-02-23,STR-002,94110,SKU-101,458,1907.37
2026-02-23,STR-002,94110,SKU-102,402,2661.69
2026-02-23,STR-002,94110,SKU-103,342,2006.17
2026-02-23,STR-002,94110,SKU-104,247,1558.32
2026-02-23,STR-002,94110,SKU-105,208,767.10
2026-02-23,STR-002,94110,SKU-201,353,2194.34
2026-02-23,STR-002,94110,SKU-202,292,1672.22
2026-02-23,STR-002,94110,SKU-203,434,1347.77
2026-02-23,STR-002,94110,SKU-204,159,1792.19
2026-02-23,STR-002,94110,SKU-301,349,1875.24
2026-02-23,STR-002,94110,SKU-302,221,1367.03
2026-02-23,STR-002,94110,SKU-303,236,1367.44
2026-02-23,STR-002,94110,SKU-304,275,1723.06
2026-02-23,STR-002,94110,SKU-401,310,2063.26
2026-02-23,STR-002,94110,SKU-402,191,1219.15
2026-02-23,STR-002,94110,SKU-403,217,1146.69
2026-02-23,STR-002,94110,SKU-501,43,790.71
2026-02-23,STR-002,94110,SKU-502,19,584.27
2026-02-23,STR-002,94110,SKU-503,31,681.34
2026-02-23,STR-002,94110,SKU-504,19,335.35
2026-02-23,STR-002,94110,SKU-601,211,2590.81
2026-02-23,STR-002,94110,SKU-602,130,757.29
2026-02-23,STR-002,94110,SKU-603,213,1055.02
2026-02-23,STR-002,94110,SKU-604,135,630.05
2026-02-23,STR-002,94110,SKU-701,4,109.74
2026-02-23,STR-003,94133,SKU-101,250,985.51
2026-02-23,STR-003,94133,SKU-102,371,2368.04
2026-02-23,STR-003,94133,SKU-103,323,1974.39
2026-02-23,STR-003,94133,SKU-104,131,845.25
2026-02-23,STR-003,94133,SKU-105,148,520.55
2026-02-23,STR-003,94133,SKU-201,195,1236.19
2026-02-23,STR-003,94133,SKU-202,176,1018.42
2026-02-23,STR-003,94133,SKU-203,297,957.93
2026-02-23,STR-003,94133,SKU-204,91,977.60
2026-02-23,STR-003,94133,SKU-301,244,1315.69
2026-02-23,STR-003,94133,SKU-302,231,1334.80
2026-02-23,STR-003,94133,SKU-303,146,867.88
2026-02-23,STR-003,94133,SKU-304,205,1304.33
2026-02-23,STR-003,94133,SKU-401,199,1333.60
2026-02-23,STR-003,94133,SKU-402,154,989.72
2026-02-23,STR-003,94133,SKU-403,201,1020.57
2026-02-23,STR-003,94133,SKU-501,33,636.08
2026-02-23,STR-003,94133,SKU-502,16,480.86
2026-02-23,STR-003,94133,SKU-503,19,389.79
2026-02-23,STR-003,94133,SKU-504,11,182.36
2026-02-23,STR-003,94133,SKU-601,132,1639.14
2026-02-23,STR-003,94133,SKU-602,108,627.51
2026-02-23,STR-003,94133,SKU-603,173,863.95
2026-02-23,STR-003,94133,SKU-604,106,477.21
2026-02-23,STR-003,94133,SKU-701,3,83.24
2026-02-23,STR-004,94102,SKU-101,267,1102.28
2026-02-23,STR-004,94102,SKU-102,282,1866.63
2026-02-23,STR-004,94102,SKU-103,221,1368.09
2026-02-23,STR-004,94102,SKU-104,144,907.26
2026-02-23,STR-004,94102,SKU-105,153,552.22
2026-02-23,STR-004,94102,SKU-201,180,1160.22
2026-02-23,STR-004,94102,SKU-202,207,1205.45
2026-02-23,STR-004,94102,SKU-203,310,990.98
2026-02-23,STR-004,94102,SKU-204,102,1124.87
2026-02-23,STR-004,94102,SKU-301,223,1271.60
2026-02-23,STR-004,94102,SKU-302,186,1156.71
2026-02-23,STR-004,94102,SKU-303,137,817.36
2026-02-23,STR-004,94102,SKU-304,158,973.57
2026-02-23,STR-004,94102,SKU-401,156,1087.09
2026-02-23,STR-004,94102,SKU-402,117,741.20
2026-02-23,STR-004,94102,SKU-403,127,656.51
2026-02-23,STR-004,94102,SKU-501,24,448.08
2026-02-23,STR-004,94102,SKU-502,15,452.03
2026-02-23,STR-004,94102,SKU-503,22,456.65
2026-02-23,STR-004,94102,SKU-504,10,176.15
2026-02-23,STR-004,94102,SKU-601,105,1261.90
2026-02-23,STR-004,94102,SKU-602,101,603.71
2026-02-23,STR-004,94102,SKU-603,147,751.59
2026-02-23,STR-004,94102,SKU-604,93,411.64
2026-02-23,STR-004,94102,SKU-701,3,78.26
2026-02-23,STR-005,94118,SKU-101,328,1355.68
2026-02-23,STR-005,94118,SKU-102,295,1846.36
2026-02-23,STR-005,94118,SKU-103,274,1654.05
2026-02-23,STR-005,94118,SKU-104,196,1217.61
2026-02-23,STR-005,94118,SKU-105,153,570.17
2026-02-23,STR-005,94118,SKU-201,274,1649.29
2026-02-23,STR-005,94118,SKU-202,246,1372.13
2026-02-23,STR-005,94118,SKU-203,299,910.19
2026-02-23,STR-005,94118,SKU-204,134,1449.89
2026-02-23,STR-005,94118,SKU-301,320,1766.90
2026-02-23,STR-005,94118,SKU-302,203,1222.25
2026-02-23,STR-005,94118,SKU-303,139,805.76
2026-02-23,STR-005,94118,SKU-304,230,1410.10
2026-02-23,STR-005,94118,SKU-401,240,1597.00
2026-02-23,STR-005,94118,SKU-402,162,1057.30
2026-02-23,STR-005,94118,SKU-403,209,1062.05
2026-02-23,STR-005,94118,SKU-501,36,652.25
2026-02-23,STR-005,94118,SKU-502,17,519.59
2026-02-23,STR-005,94118,SKU-503,28,611.72
2026-02-23,STR-005,94118,SKU-504,14,247.67
2026-02-23,STR-005,94118,SKU-601,160,1977.43
2026-02-23,STR-005,94118,SKU-602,134,769.38
2026-02-23,STR-005,94118,SKU-603,180,901.50
2026-02-23,STR-005,94118,SKU-604,162,735.55
2026-02-23,STR-005,94118,SKU-701,4,105.57
2026-02-23,STR-006,94123,SKU-101,242,971.03
2026-02-23,STR-006,94123,SKU-102,325,2050.06
2026-02-23,STR-006,94123,SKU-103,273,1588.52
2026-02-23,STR-006,94123,SKU-104,136,830.18
2026-02-23,STR-006,94123,SKU-105,163,577.97
2026-02-23,STR-006,94123,SKU-201,174,1127.70
2026-02-23,STR-006,94123,SKU-202,169,983.62
2026-02-23,STR-006,94123,SKU-203,297,939.72
2026-02-23,STR-006,94123,SKU-204,112,1201.73
2026-02-23,STR-006,94123,SKU-301,283,1609.69
2026-02-23,STR-006,94123,SKU-302,204,1234.84
2026-02-23,STR-006,94123,SKU-303,149,874.98
2026-02-23,STR-006,94123,SKU-304,149,892.21
2026-02-23,STR-006,94123,SKU-401,202,1306.61
2026-02-23,STR-006,94123,SKU-402,140,883.52
2026-02-23,STR-006,94123,SKU-403,127,644.95
2026-02-23,STR-006,94123,SKU-501,23,444.24
2026-02-23,STR-006,94123,SKU-502,13,405.13
2026-02-23,STR-006,94123,SKU-503,17,360.85
2026-02-23,STR-006,94123,SKU-504,13,231.82
2026-02-23,STR-006,94123,SKU-601,99,1164.67
2026-02-23,STR-006,94123,SKU-602,113,676.46
2026-02-23,STR-006,94123,SKU-603,120,601.36
2026-02-23,STR-006,94123,SKU-604,92,406.95
2026-02-23,STR-006,94123,SKU-701,3,79.92
2026-02-16,STR-001,94103,SKU-101,307,1246.09
2026-02-16,STR-001,94103,SKU-102,353,2298.85
2026-02-16,STR-001,94103,SKU-103,376,2186.44
2026-02-16,STR-001,94103,SKU-104,142,911.27
2026-02-16,STR-001,94103,SKU-105,193,702.30
2026-02-16,STR-001,94103,SKU-201,198,1252.46
2026-02-16,STR-001,94103,SKU-202,190,1060.97
2026-02-16,STR-001,94103,SKU-203,266,821.68
2026-02-16,STR-001,94103,SKU-204,123,1384.78
2026-02-16,STR-001,94103,SKU-301,260,1466.12
2026-02-16,STR-001,94103,SKU-302,184,1085.63
2026-02-16,STR-001,94103,SKU-303,178,1054.05
2026-02-16,STR-001,94103,SKU-304,202,1267.87
2026-02-16,STR-001,94103,SKU-401,197,1272.83
2026-02-16,STR-001,94103,SKU-402,134,837.97
2026-02-16,STR-001,94103,SKU-403,201,1061.68
2026-02-16,STR-001,94103,SKU-501,31,583.24
2026-02-16,STR-001,94103,SKU-502,19,585.43
2026-02-16,STR-001,94103,SKU-503,24,505.36
2026-02-16,STR-001,94103,SKU-504,15,266.95
2026-02-16,STR-001,94103,SKU-601,146,1750.60
2026-02-16,STR-001,94103,SKU-602,146,829.50
2026-02-16,STR-001,94103,SKU-603,128,663.70
2026-02-16,STR-001,94103,SKU-604,108,484.33
2026-02-16,STR-001,94103,SKU-701,3,79.54
2026-02-16,STR-002,94110,SKU-101,365,1474.79
2026-02-16,STR-002,94110,SKU-102,426,2799.60
2026-02-16,STR-002,94110,SKU-103,406,2416.39
2026-02-16,STR-002,94110,SKU-104,201,1203.10
2026-02-16,STR-002,94110,SKU-105,182,660.77
2026-02-16,STR-002,94110,SKU-201,300,1820.49
2026-02-16,STR-002,94110,SKU-202,293,1677.40
2026-02-16,STR-002,94110,SKU-203,492,1475.89
2026-02-16,STR-002,94110,SKU-204,152,1610.40
2026-02-16,STR-002,94110,SKU-301,384,2034.41
2026-02-16,STR-002,94110,SKU-302,223,1386.36
2026-02-16,STR-002,94110,SKU-303,223,1294.19
2026-02-16,STR-002,94110,SKU-304,260,1572.95
2026-02-16,STR-002,94110,SKU-401,304,1982.23
2026-02-16,STR-002,94110,SKU-402,193,1224.98
2026-02-16,STR-002,94110,SKU-403,188,1020.98
2026-02-16,STR-002,94110,SKU-501,33,614.37
2026-02-16,STR-002,94110,SKU-502,18,547.02
2026-02-16,STR-002,94110,SKU-503,24,502.12
2026-02-16,STR-002,94110,SKU-504,14,232.30
2026-02-16,STR-002,94110,SKU-601,157,1926.15
2026-02-16,STR-002,94110,SKU-602,172,964.66
2026-02-16,STR-002,94110,SKU-603,174,874.85
2026-02-16,STR-002,94110,SKU-604,166,777.20
2026-02-16,STR-002,94110,SKU-701,3,82.43
2026-02-16,STR-003,94133,SKU-101,268,1125.81
2026-02-16,STR-003,94133,SKU-102,305,1931.19
2026-02-16,STR-003,94133,SKU-103,267,1657.46
2026-02-16,STR-003,94133,SKU-104,177,1118.25
2026-02-16,STR-003,94133,SKU-105,178,620.39
2026-02-16,STR-003,94133,SKU-201,185,1161.99
2026-02-16,STR-003,94133,SKU-202,209,1202.02
2026-02-16,STR-003,94133,SKU-203,349,1099.95
2026-02-16,STR-003,94133,SKU-204,97,1026.30
2026-02-16,STR-003,94133,SKU-301,290,1584.79
2026-02-16,STR-003,94133,SKU-302,187,1101.88
2026-02-16,STR-003,94133,SKU-303,146,827.61
2026-02-16,STR-003,94133,SKU-304,219,1317.70
2026-02-16,STR-003,94133,SKU-401,195,1331.59
2026-02-16,STR-003,94133,SKU-402,114,714.03
2026-02-16,STR-003,94133,SKU-403,196,1012.21
2026-02-16,STR-003,94133,SKU-501,29,532.93
2026-02-16,STR-003,94133,SKU-502,17,522.24
2026-02-16,STR-003,94133,SKU-503,18,372.72
2026-02-16,STR-003,94133,SKU-504,15,261.95
2026-02-16,STR-003,94133,SKU-601,121,1419.11
2026-02-16,STR-003,94133,SKU-602,118,701.01
2026-02-16,STR-003,94133,SKU-603,129,634.78
2026-02-16,STR-003,94133,SKU-604,107,492.41
2026-02-16,STR-003,94133,SKU-701,3,82.88
2026-02-16,STR-004,94102,SKU-101,261,1084.48
2026-02-16,STR-004,94102,SKU-102,273,1746.71
2026-02-16,STR-004,94102,SKU-103,226,1301.03
2026-02-16,STR-004,94102,SKU-104,126,778.89
2026-02-16,STR-004,94102,SKU-105,141,518.52
2026-02-16,STR-004,94102,SKU-201,238,1445.12
2026-02-16,STR-004,94102,SKU-202,190,1090.03
2026-02-16,STR-004,94102,SKU-203,303,935.20
2026-02-16,STR-004,94102,SKU-204,91,1040.84
2026-02-16,STR-004,94102,SKU-301,203,1116.39
2026-02-16,STR-004,94102,SKU-302,140,870.41
2026-02-16,STR-004,94102,SKU-303,114,667.55
2026-02-16,STR-004,94102,SKU-304,150,936.97
2026-02-16,STR-004,94102,SKU-401,174,1167.96
2026-02-16,STR-004,94102,SKU-402,133,841.76
2026-02-16,STR-004,94102,SKU-403,158,811.79
2026-02-16,STR-004,94102,SKU-501,22,415.36
2026-02-16,STR-004,94102,SKU-502,12,371.06
2026-02-16,STR-004,94102,SKU-503,18,369.87
2026-02-16,STR-004,94102,SKU-504,10,167.27
2026-02-16,STR-004,94102,SKU-601,107,1267.28
2026-02-16,STR-004,94102,SKU-602,86,487.33
2026-02-16,STR-004,94102,SKU-603,130,676.45
2026-02-16,STR-004,94102,SKU-604,109,492.28
2026-02-16,STR-004,94102,SKU-701,3,81.54
2026-02-16,STR-005,94118,SKU-101,323,1298.33
2026-02-16,STR-005,94118,SKU-102,401,2582.27
2026-02-16,STR-005,94118,SKU-103,404,2353.69
2026-02-16,STR-005,94118,SKU-104,209,1317.82
2026-02-16,STR-005,94118,SKU-105,178,659.83
2026-02-16,STR-005,94118,SKU-201,275,1753.70
2026-02-16,STR-005,94118,SKU-202,263,1462.22
2026-02-16,STR-005,94118,SKU-203,310,972.19
2026-02-16,STR-005,94118,SKU-204,135,1548.94
2026-02-16,STR-005,94118,SKU-301,269,1490.56
2026-02-16,STR-005,94118,SKU-302,202,1262.45
2026-02-16,STR-005,94118,SKU-303,168,945.74
2026-02-16,STR-005,94118,SKU-304,210,1337.76
2026-02-16,STR-005,94118,SKU-401,215,1437.04
2026-02-16,STR-005,94118,SKU-402,166,1063.90
2026-02-16,STR-005,94118,SKU-403,217,1160.18
2026-02-16,STR-005,94118,SKU-501,35,673.13
2026-02-16,STR-005,94118,SKU-502,14,414.82
2026-02-16,STR-005,94118,SKU-503,21,452.39
2026-02-16,STR-005,94118,SKU-504,13,231.80
2026-02-16,STR-005,94118,SKU-601,119,1393.55
2026-02-16,STR-005,94118,SKU-602,129,715.59
2026-02-16,STR-005,94118,SKU-603,179,928.31
2026-02-16,STR-005,94118,SKU-604,141,667.63
2026-02-16,STR-005,94118,SKU-701,4,106.71
2026-02-16,STR-006,94123,SKU-101,252,1018.50
2026-02-16,STR-006,94123,SKU-102,337,2155.38
2026-02-16,STR-006,94123,SKU-103,304,1880.84
2026-02-16,STR-006,94123,SKU-104,124,765.61
2026-02-16,STR-006,94123,SKU-105,164,601.19
2026-02-16,STR-006,94123,SKU-201,244,1532.15
2026-02-16,STR-006,94123,SKU-202,211,1191.02
2026-02-16,STR-006,94123,SKU-203,279,874.62
2026-02-16,STR-006,94123,SKU-204,88,948.15
2026-02-16,STR-006,94123,SKU-301,197,1086.49
2026-02-16,STR-006,94123,SKU-302,154,915.01
2026-02-16,STR-006,94123,SKU-303,159,922.51
2026-02-16,STR-006,94123,SKU-304,151,907.89
2026-02-16,STR-006,94123,SKU-401,166,1077.27
2026-02-16,STR-006,94123,SKU-402,104,674.12
2026-02-16,STR-006,94123,SKU-403,175,925.99
2026-02-16,STR-006,94123,SKU-501,21,385.62
2026-02-16,STR-006,94123,SKU-502,13,414.78
2026-02-16,STR-006,94123,SKU-503,22,473.53
2026-02-16,STR-006,94123,SKU-504,10,168.03
2026-02-16,STR-006,94123,SKU-601,104,1200.85
2026-02-16,STR-006,94123,SKU-602,122,680.48
2026-02-16,STR-006,94123,SKU-603,149,749.75
2026-02-16,STR-006,94123,SKU-604,102,464.52
2026-02-16,STR-006,94123,SKU-701,3,79.74
2026-02-09,STR-001,94103,SKU-101,259,1037.26
2026-02-09,STR-001,94103,SKU-102,296,1858.08
2026-02-09,STR-001,94103,SKU-103,377,2315.95
2026-02-09,STR-001,94103,SKU-104,189,1157.70
2026-02-09,STR-001,94103,SKU-105,167,594.10
2026-02-09,STR-001,94103,SKU-201,266,1713.75
2026-02-09,STR-001,94103,SKU-202,255,1528.08
2026-02-09,STR-001,94103,SKU-203,315,968.52
2026-02-09,STR-001,94103,SKU-204,118,1345.87
2026-02-09,STR-001,94103,SKU-301,316,1799.01
2026-02-09,STR-001,94103,SKU-302,202,1197.53
2026-02-09,STR-001,94103,SKU-303,150,870.42
2026-02-09,STR-001,94103,SKU-304,207,1321.98
2026-02-09,STR-001,94103,SKU-401,220,1445.41
2026-02-09,STR-001,94103,SKU-402,123,782.11
2026-02-09,STR-001,94103,SKU-403,155,802.32
2026-02-09,STR-001,94103,SKU-501,30,567.21
2026-02-09,STR-001,94103,SKU-502,18,570.86
2026-02-09,STR-001,94103,SKU-503,21,431.71
2026-02-09,STR-001,94103,SKU-504,11,193.97
2026-02-09,STR-001,94103,SKU-601,125,1547.33
2026-02-09,STR-001,94103,SKU-602,111,656.08
2026-02-09,STR-001,94103,SKU-603,131,649.84
2026-02-09,STR-001,94103,SKU-604,155,691.76
2026-02-09,STR-001,94103,SKU-701,3,80.57
2026-02-09,STR-002,94110,SKU-101,414,1655.90
2026-02-09,STR-002,94110,SKU-102,511,3249.62
2026-02-09,STR-002,94110,SKU-103,455,2827.88
2026-02-09,STR-002,94110,SKU-104,204,1263.53
2026-02-09,STR-002,94110,SKU-105,243,882.46
2026-02-09,STR-002,94110,SKU-201,252,1561.59
2026-02-09,STR-002,94110,SKU-202,224,1312.96
2026-02-09,STR-002,94110,SKU-203,431,1302.03
2026-02-09,STR-002,94110,SKU-204,155,1756.88
2026-02-09,STR-002,94110,SKU-301,323,1737.36
2026-02-09,STR-002,94110,SKU-302,216,1298.83
2026-02-09,STR-002,94110,SKU-303,222,1273.57
2026-02-09,STR-002,94110,SKU-304,278,1702.78
2026-02-09,STR-002,94110,SKU-401,334,2158.87
2026-02-09,STR-002,94110,SKU-402,164,1076.74
2026-02-09,STR-002,94110,SKU-403,191,970.50
2026-02-09,STR-002,94110,SKU-501,38,729.47
2026-02-09,STR-002,94110,SKU-502,21,663.43
2026-02-09,STR-002,94110,SKU-503,33,685.52
2026-02-09,STR-002,94110,SKU-504,16,283.81
2026-02-09,STR-002,94110,SKU-601,178,2180.42
2026-02-09,STR-002,94110,SKU-602,169,974.39
2026-02-09,STR-002,94110,SKU-603,220,1074.81
2026-02-09,STR-002,94110,SKU-604,180,786.94
2026-02-09,STR-002,94110,SKU-701,4,106.25
2026-02-09,STR-003,94133,SKU-101,286,1197.31
2026-02-09,STR-003,94133,SKU-102,324,2170.77
2026-02-09,STR-003,94133,SKU-103,348,2131.68
2026-02-09,STR-003,94133,SKU-104,155,929.13
2026-02-09,STR-003,94133,SKU-105,159,567.23
2026-02-09,STR-003,94133,SKU-201,245,1567.26
2026-02-09,STR-003,94133,SKU-202,239,1320.56
2026-02-09,STR-003,94133,SKU-203,369,1176.08
2026-02-09,STR-003,94133,SKU-204,113,1276.72
2026-02-09,STR-003,94133,SKU-301,245,1313.94
2026-02-09,STR-003,94133,SKU-302,230,1323.84
2026-02-09,STR-003,94133,SKU-303,125,713.62
2026-02-09,STR-003,94133,SKU-304,178,1147.98
2026-02-09,STR-003,94133,SKU-401,217,1431.08
2026-02-09,STR-003,94133,SKU-402,117,762.24
2026-02-09,STR-003,94133,SKU-403,173,916.53
2026-02-09,STR-003,94133,SKU-501,31,562.47
2026-02-09,STR-003,94133,SKU-502,12,360.32
2026-02-09,STR-003,94133,SKU-503,21,428.18
2026-02-09,STR-003,94133,SKU-504,13,224.98
2026-02-09,STR-003,94133,SKU-601,129,1598.47
2026-02-09,STR-003,94133,SKU-602,110,657.15
2026-02-09,STR-003,94133,SKU-603,134,668.54
2026-02-09,STR-003,94133,SKU-604,123,576.21
2026-02-09,STR-003,94133,SKU-701,3,78.80
2026-02-09,STR-004,94102,SKU-101,242,954.54
2026-02-09,STR-004,94102,SKU-102,336,2203.74
2026-02-09,STR-004,94102,SKU-103,252,1455.16
2026-02-09,STR-004,94102,SKU-104,165,1069.06
2026-02-09,STR-004,94102,SKU-105,122,440.29
2026-02-09,STR-004,94102,SKU-201,178,1109.72
2026-02-09,STR-004,94102,SKU-202,206,1164.79
2026-02-09,STR-004,94102,SKU-203,221,671.97
2026-02-09,STR-004,94102,SKU-204,99,1123.67
2026-02-09,STR-004,94102,SKU-301,197,1127.49
2026-02-09,STR-004,94102,SKU-302,145,875.02
2026-02-09,STR-004,94102,SKU-303,145,858.72
2026-02-09,STR-004,94102,SKU-304,186,1163.01
2026-02-09,STR-004,94102,SKU-401,212,1430.07
2026-02-09,STR-004,94102,SKU-402,123,823.51
2026-02-09,STR-004,94102,SKU-403,160,861.09
2026-02-09,STR-004,94102,SKU-501,20,384.56
2026-02-09,STR-004,94102,SKU-502,15,466.54
2026-02-09,STR-004,94102,SKU-503,16,329.52
2026-02-09,STR-004,94102,SKU-504,13,223.06
2026-02-09,STR-004,94102,SKU-601,138,1602.53
2026-02-09,STR-004,94102,SKU-602,100,577.31
2026-02-09,STR-004,94102,SKU-603,125,640.87
2026-02-09,STR-004,94102,SKU-604,125,579.39
2026-02-09,STR-004,94102,SKU-701,2,54.65
2026-02-09,STR-005,94118,SKU-101,281,1113.83
2026-02-09,STR-005,94118,SKU-102,293,1898.70
2026-02-09,STR-005,94118,SKU-103,334,2082.19
2026-02-09,STR-005,94118,SKU-104,181,1117.99
2026-02-09,STR-005,94118,SKU-105,174,606.78
2026-02-09,STR-005,94118,SKU-201,225,1357.25
2026-02-09,STR-005,94118,SKU-202,184,1091.35
2026-02-09,STR-005,94118,SKU-203,345,1114.70
2026-02-09,STR-005,94118,SKU-204,125,1397.36
2026-02-09,STR-005,94118,SKU-301,255,1391.08
2026-02-09,STR-005,94118,SKU-302,209,1217.61
2026-02-09,STR-005,94118,SKU-303,183,1097.53
2026-02-09,STR-005,94118,SKU-304,187,1198.18
2026-02-09,STR-005,94118,SKU-401,271,1836.97
2026-02-09,STR-005,94118,SKU-402,138,921.24
2026-02-09,STR-005,94118,SKU-403,173,931.66
2026-02-09,STR-005,94118,SKU-501,27,492.80
2026-02-09,STR-005,94118,SKU-502,19,578.29
2026-02-09,STR-005,94118,SKU-503,23,471.15
2026-02-09,STR-005,94118,SKU-504,16,286.53
2026-02-09,STR-005,94118,SKU-601,148,1820.64
2026-02-09,STR-005,94118,SKU-602,124,705.71
2026-02-09,STR-005,94118,SKU-603,167,851.80
2026-02-09,STR-005,94118,SKU-604,152,691.18
2026-02-09,STR-005,94118,SKU-701,3,81.25
2026-02-09,STR-006,94123,SKU-101,212,881.31
2026-02-09,STR-006,94123,SKU-102,280,1840.17
2026-02-09,STR-006,94123,SKU-103,308,1827.22
2026-02-09,STR-006,94123,SKU-104,156,942.79
2026-02-09,STR-006,94123,SKU-105,136,501.93
2026-02-09,STR-006,94123,SKU-201,177,1059.13
2026-02-09,STR-006,94123,SKU-202,207,1206.02
2026-02-09,STR-006,94123,SKU-203,320,1024.55
2026-02-09,STR-006,94123,SKU-204,85,947.67
2026-02-09,STR-006,94123,SKU-301,289,1614.23
2026-02-09,STR-006,94123,SKU-302,164,1020.19
2026-02-09,STR-006,94123,SKU-303,128,752.35
2026-02-09,STR-006,94123,SKU-304,166,1035.07
2026-02-09,STR-006,94123,SKU-401,211,1413.82
2026-02-09,STR-006,94123,SKU-402,105,682.38
2026-02-09,STR-006,94123,SKU-403,129,682.32
2026-02-09,STR-006,94123,SKU-501,22,399.16
2026-02-09,STR-006,94123,SKU-502,14,434.64
2026-02-09,STR-006,94123,SKU-503,22,449.92
2026-02-09,STR-006,94123,SKU-504,12,213.60
2026-02-09,STR-006,94123,SKU-601,142,1661.83
2026-02-09,STR-006,94123,SKU-602,109,612.63
2026-02-09,STR-006,94123,SKU-603,143,700.84
2026-02-09,STR-006,94123,SKU-604,106,500.06
2026-02-09,STR-006,94123,SKU-701,3,81.74
2026-02-02,STR-001,94103,SKU-101,278,1122.43
2026-02-02,STR-001,94103,SKU-102,341,2119.59
2026-02-02,STR-001,94103,SKU-103,377,2208.20
2026-02-02,STR-001,94103,SKU-104,168,1029.55
2026-02-02,STR-001,94103,SKU-105,174,621.11
2026-02-02,STR-001,94103,SKU-201,219,1381.24
2026-02-02,STR-001,94103,SKU-202,179,1040.62
2026-02-02,STR-001,94103,SKU-203,354,1098.61
2026-02-02,STR-001,94103,SKU-204,122,1307.73
2026-02-02,STR-001,94103,SKU-301,261,1419.18
2026-02-02,STR-001,94103,SKU-302,178,1071.18
2026-02-02,STR-001,94103,SKU-303,149,851.94
2026-02-02,STR-001,94103,SKU-304,237,1521.63
2026-02-02,STR-001,94103,SKU-401,207,1396.66
2026-02-02,STR-001,94103,SKU-402,157,994.85
2026-02-02,STR-001,94103,SKU-403,195,1012.65
2026-02-02,STR-001,94103,SKU-501,27,497.79
2026-02-02,STR-001,94103,SKU-502,13,399.68
2026-02-02,STR-001,94103,SKU-503,27,592.30
2026-02-02,STR-001,94103,SKU-504,12,209.49
2026-02-02,STR-001,94103,SKU-601,150,1783.73
2026-02-02,STR-001,94103,SKU-602,120,682.06
2026-02-02,STR-001,94103,SKU-603,135,683.79
2026-02-02,STR-001,94103,SKU-604,127,594.05
2026-02-02,STR-001,94103,SKU-701,3,81.60
2026-02-02,STR-002,94110,SKU-101,433,1807.37
2026-02-02,STR-002,94110,SKU-102,406,2667.20
2026-02-02,STR-002,94110,SKU-103,334,2052.95
2026-02-02,STR-002,94110,SKU-104,217,1314.25
2026-02-02,STR-002,94110,SKU-105,184,672.45
2026-02-02,STR-002,94110,SKU-201,262,1641.44
2026-02-02,STR-002,94110,SKU-202,326,1811.35
2026-02-02,STR-002,94110,SKU-203,420,1284.62
2026-02-02,STR-002,94110,SKU-204,152,1619.77
2026-02-02,STR-002,94110,SKU-301,320,1837.55
2026-02-02,STR-002,94110,SKU-302,230,1355.44
2026-02-02,STR-002,94110,SKU-303,210,1182.24
2026-02-02,STR-002,94110,SKU-304,230,1431.99
2026-02-02,STR-002,94110,SKU-401,336,2240.39
2026-02-02,STR-002,94110,SKU-402,201,1311.99
2026-02-02,STR-002,94110,SKU-403,252,1348.91
2026-02-02,STR-002,94110,SKU-501,32,587.78
2026-02-02,STR-002,94110,SKU-502,16,480.27
2026-02-02,STR-002,94110,SKU-503,26,540.10
2026-02-02,STR-002,94110,SKU-504,16,276.56
2026-02-02,STR-002,94110,SKU-601,146,1765.85
2026-02-02,STR-002,94110,SKU-602,135,774.23
2026-02-02,STR-002,94110,SKU-603,199,971.82
2026-02-02,STR-002,94110,SKU-604,180,799.33
2026-02-02,STR-002,94110,SKU-701,4,106.68
2026-02-02,STR-003,94133,SKU-101,308,1267.00
2026-02-02,STR-003,94133,SKU-102,273,1712.49
2026-02-02,STR-003,94133,SKU-103,329,1958.78
2026-02-02,STR-003,94133,SKU-104,169,1061.27
2026-02-02,STR-003,94133,SKU-105,136,478.72
2026-02-02,STR-003,94133,SKU-201,200,1237.13
2026-02-02,STR-003,94133,SKU-202,212,1209.29
2026-02-02,STR-003,94133,SKU-203,356,1073.33
2026-02-02,STR-003,94133,SKU-204,91,998.47
2026-02-02,STR-003,94133,SKU-301,276,1537.62
2026-02-02,STR-003,94133,SKU-302,209,1275.51
2026-02-02,STR-003,94133,SKU-303,161,917.83
2026-02-02,STR-003,94133,SKU-304,233,1460.09
2026-02-02,STR-003,94133,SKU-401,234,1522.10
2026-02-02,STR-003,94133,SKU-402,146,926.85
2026-02-02,STR-003,94133,SKU-403,155,832.74
2026-02-02,STR-003,94133,SKU-501,28,508.80
2026-02-02,STR-003,94133,SKU-502,14,439.49
2026-02-02,STR-003,94133,SKU-503,21,426.52
2026-02-02,STR-003,94133,SKU-504,14,250.94
2026-02-02,STR-003,94133,SKU-601,125,1438.75
2026-02-02,STR-003,94133,SKU-602,94,533.34
2026-02-02,STR-003,94133,SKU-603,140,734.88
2026-02-02,STR-003,94133,SKU-604,118,518.92
2026-02-02,STR-003,94133,SKU-701,3,81.02
2026-02-02,STR-004,94102,SKU-101,240,1011.22
2026-02-02,STR-004,94102,SKU-102,312,2014.49
2026-02-02,STR-004,94102,SKU-103,230,1418.82
2026-02-02,STR-004,94102,SKU-104,119,713.66
2026-02-02,STR-004,94102,SKU-105,134,484.36
2026-02-02,STR-004,94102,SKU-201,181,1102.18
2026-02-02,STR-004,94102,SKU-202,185,1059.10
2026-02-02,STR-004,94102,SKU-203,225,703.88
2026-02-02,STR-004,94102,SKU-204,95,1048.05
2026-02-02,STR-004,94102,SKU-301,212,1202.36
2026-02-02,STR-004,94102,SKU-302,148,872.78
2026-02-02,STR-004,94102,SKU-303,162,896.19
2026-02-02,STR-004,94102,SKU-304,167,1052.78
2026-02-02,STR-004,94102,SKU-401,206,1371.61
2026-02-02,STR-004,94102,SKU-402,120,745.92
2026-02-02,STR-004,94102,SKU-403,123,632.44
2026-02-02,STR-004,94102,SKU-501,25,461.32
2026-02-02,STR-004,94102,SKU-502,15,465.25
2026-02-02,STR-004,94102,SKU-503,18,394.71
2026-02-02,STR-004,94102,SKU-504,9,155.22
2026-02-02,STR-004,94102,SKU-601,103,1245.68
2026-02-02,STR-004,94102,SKU-602,106,623.04
2026-02-02,STR-004,94102,SKU-603,116,570.65
2026-02-02,STR-004,94102,SKU-604,101,456.92
2026-02-02,STR-004,94102,SKU-701,3,83.18
2026-02-02,STR-005,94118,SKU-101,272,1099.31
2026-02-02,STR-005,94118,SKU-102,394,2496.21
2026-02-02,STR-005,94118,SKU-103,275,1623.36
2026-02-02,STR-005,94118,SKU-104,188,1141.05
2026-02-02,STR-005,94118,SKU-105,174,634.49
2026-02-02,STR-005,94118,SKU-201,205,1306.03
2026-02-02,STR-005,94118,SKU-202,223,1319.63
2026-02-02,STR-005,94118,SKU-203,344,1105.09
2026-02-02,STR-005,94118,SKU-204,131,1503.87
2026-02-02,STR-005,94118,SKU-301,314,1716.10
2026-02-02,STR-005,94118,SKU-302,209,1252.75
2026-02-02,STR-005,94118,SKU-303,196,1143.51
2026-02-02,STR-005,94118,SKU-304,207,1302.44
2026-02-02,STR-005,94118,SKU-401,215,1489.75
2026-02-02,STR-005,94118,SKU-402,122,790.14
2026-02-02,STR-005,94118,SKU-403,209,1081.12
2026-02-02,STR-005,94118,SKU-501,30,542.09
2026-02-02,STR-005,94118,SKU-502,19,597.88
2026-02-02,STR-005,94118,SKU-503,21,431.46
2026-02-02,STR-005,94118,SKU-504,15,251.04
2026-02-02,STR-005,94118,SKU-601,142,1691.67
2026-02-02,STR-005,94118,SKU-602,142,814.33
2026-02-02,STR-005,94118,SKU-603,175,896.98
2026-02-02,STR-005,94118,SKU-604,138,639.32
2026-02-02,STR-005,94118,SKU-701,4,107.32
2026-02-02,STR-006,94123,SKU-101,307,1268.31
2026-02-02,STR-006,94123,SKU-102,345,2175.08
2026-02-02,STR-006,94123,SKU-103,275,1612.60
2026-02-02,STR-006,94123,SKU-104,156,965.87
2026-02-02,STR-006,94123,SKU-105,147,515.38
2026-02-02,STR-006,94123,SKU-201,211,1333.21
2026-02-02,STR-006,94123,SKU-202,208,1185.98
2026-02-02,STR-006,94123,SKU-203,237,721.89
2026-02-02,STR-006,94123,SKU-204,87,936.73
2026-02-02,STR-006,94123,SKU-301,225,1226.16
2026-02-02,STR-006,94123,SKU-302,212,1226.83
2026-02-02,STR-006,94123,SKU-303,155,914.65
2026-02-02,STR-006,94123,SKU-304,194,1247.67
2026-02-02,STR-006,94123,SKU-401,230,1593.90
2026-02-02,STR-006,94123,SKU-402,104,681.54
2026-02-02,STR-006,94123,SKU-403,129,687.54
2026-02-02,STR-006,94123,SKU-501,23,442.21
2026-02-02,STR-006,94123,SKU-502,15,473.84
2026-02-02,STR-006,94123,SKU-503,20,411.09
2026-02-02,STR-006,94123,SKU-504,10,179.42
2026-02-02,STR-006,94123,SKU-601,127,1542.71
2026-02-02,STR-006,94123,SKU-602,98,569.77
2026-02-02,STR-006,94123,SKU-603,113,582.89
2026-02-02,STR-006,94123,SKU-604,117,527.70
2026-02-02,STR-006,94123,SKU-701,3,83.76
2026-01-26,STR-001,94103,SKU-101,348,1468.55
2026-01-26,STR-001,94103,SKU-102,304,1935.90
2026-01-26,STR-001,94103,SKU-103,275,1653.24
2026-01-26,STR-001,94103,SKU-104,209,1309.69
2026-01-26,STR-001,94103,SKU-105,129,466.74
2026-01-26,STR-001,94103,SKU-201,198,1284.34
2026-01-26,STR-001,94103,SKU-202,221,1288.47
2026-01-26,STR-001,94103,SKU-203,297,905.37
2026-01-26,STR-001,94103,SKU-204,103,1169.77
2026-01-26,STR-001,94103,SKU-301,259,1394.10
2026-01-26,STR-001,94103,SKU-302,228,1355.18
2026-01-26,STR-001,94103,SKU-303,134,771.11
2026-01-26,STR-001,94103,SKU-304,169,1071.32
2026-01-26,STR-001,94103,SKU-401,260,1691.94
2026-01-26,STR-001,94103,SKU-402,167,1074.08
2026-01-26,STR-001,94103,SKU-403,165,871.88
2026-01-26,STR-001,94103,SKU-501,33,638.42
2026-01-26,STR-001,94103,SKU-502,17,537.14
2026-01-26,STR-001,94103,SKU-503,24,499.40
2026-01-26,STR-001,94103,SKU-504,16,278.04
2026-01-26,STR-001,94103,SKU-601,132,1538.48
2026-01-26,STR-001,94103,SKU-602,115,653.35
2026-01-26,STR-001,94103,SKU-603,145,759.67
2026-01-26,STR-001,94103,SKU-604,107,505.35
2026-01-26,STR-001,94103,SKU-701,3,83.01
2026-01-26,STR-002,94110,SKU-101,345,1378.04
2026-01-26,STR-002,94110,SKU-102,507,3251.98
2026-01-26,STR-002,94110,SKU-103,384,2373.35
2026-01-26,STR-002,94110,SKU-104,245,1489.25
2026-01-26,STR-002,94110,SKU-105,214,749.62
2026-01-26,STR-002,94110,SKU-201,331,2150.45
2026-01-26,STR-002,94110,SKU-202,267,1508.23
2026-01-26,STR-002,94110,SKU-203,479,1441.04
2026-01-26,STR-002,94110,SKU-204,158,1777.42
2026-01-26,STR-002,94110,SKU-301,379,2121.80
2026-01-26,STR-002,94110,SKU-302,286,1656.16
2026-01-26,STR-002,94110,SKU-303,200,1152.73
2026-01-26,STR-002,94110,SKU-304,313,2014.17
2026-01-26,STR-002,94110,SKU-401,261,1762.61
2026-01-26,STR-002,94110,SKU-402,199,1245.33
2026-01-26,STR-002,94110,SKU-403,207,1110.46
2026-01-26,STR-002,94110,SKU-501,32,601.78
2026-01-26,STR-002,94110,SKU-502,18,547.25
2026-01-26,STR-002,94110,SKU-503,28,598.05
2026-01-26,STR-002,94110,SKU-504,14,234.94
2026-01-26,STR-002,94110,SKU-601,176,2147.55
2026-01-26,STR-002,94110,SKU-602,144,846.17
2026-01-26,STR-002,94110,SKU-603,169,842.40
2026-01-26,STR-002,94110,SKU-604,137,600.50
2026-01-26,STR-002,94110,SKU-701,5,130.74
2026-01-26,STR-003,94133,SKU-101,325,1335.31
2026-01-26,STR-003,94133,SKU-102,294,1914.52
2026-01-26,STR-003,94133,SKU-103,343,2125.68
2026-01-26,STR-003,94133,SKU-104,153,970.35
2026-01-26,STR-003,94133,SKU-105,152,532.19
2026-01-26,STR-003,94133,SKU-201,221,1365.52
2026-01-26,STR-003,94133,SKU-202,237,1380.01
2026-01-26,STR-003,94133,SKU-203,342,1089.86
2026-01-26,STR-003,94133,SKU-204,109,1159.31
2026-01-26,STR-003,94133,SKU-301,291,1567.98
2026-01-26,STR-003,94133,SKU-302,194,1196.17
2026-01-26,STR-003,94133,SKU-303,177,1017.32
2026-01-26,STR-003,94133,SKU-304,209,1292.51
2026-01-26,STR-003,94133,SKU-401,227,1462.80
2026-01-26,STR-003,94133,SKU-402,112,746.16
2026-01-26,STR-003,94133,SKU-403,196,1040.88
2026-01-26,STR-003,94133,SKU-501,32,614.15
2026-01-26,STR-003,94133,SKU-502,17,514.94
2026-01-26,STR-003,94133,SKU-503,19,409.54
2026-01-26,STR-003,94133,SKU-504,14,246.26
2026-01-26,STR-003,94133,SKU-601,147,1702.65
2026-01-26,STR-003,94133,SKU-602,117,665.38
2026-01-26,STR-003,94133,SKU-603,174,906.25
2026-01-26,STR-003,94133,SKU-604,131,605.52
2026-01-26,STR-003,94133,SKU-701,3,79.09
2026-01-26,STR-004,94102,SKU-101,264,1090.72
2026-01-26,STR-004,94102,SKU-102,322,2138.23
2026-01-26,STR-004,94102,SKU-103,248,1543.41
2026-01-26,STR-004,94102,SKU-104,149,924.84
2026-01-26,STR-004,94102,SKU-105,113,416.84
2026-01-26,STR-004,94102,SKU-201,184,1189.85
2026-01-26,STR-004,94102,SKU-202,213,1226.82
2026-01-26,STR-004,94102,SKU-203,260,802.96
2026-01-26,STR-004,94102,SKU-204,77,828.55
2026-01-26,STR-004,94102,SKU-301,190,1054.21
2026-01-26,STR-004,94102,SKU-302,151,939.56
2026-01-26,STR-004,94102,SKU-303,123,728.37
2026-01-26,STR-004,94102,SKU-304,175,1059.38
2026-01-26,STR-004,94102,SKU-401,207,1370.01
2026-01-26,STR-004,94102,SKU-402,119,781.04
2026-01-26,STR-004,94102,SKU-403,158,809.16
2026-01-26,STR-004,94102,SKU-501,23,429.48
2026-01-26,STR-004,94102,SKU-502,11,329.82
2026-01-26,STR-004,94102,SKU-503,22,480.10
2026-01-26,STR-004,94102,SKU-504,13,226.86
2026-01-26,STR-004,94102,SKU-601,128,1520.02
2026-01-26,STR-004,94102,SKU-602,94,533.92
2026-01-26,STR-004,94102,SKU-603,126,627.74
2026-01-26,STR-004,94102,SKU-604,103,488.06
2026-01-26,STR-004,94102,SKU-701,3,82.25
2026-01-26,STR-005,94118,SKU-101,345,1386.25
2026-01-26,STR-005,94118,SKU-102,408,2538.74
2026-01-26,STR-005,94118,SKU-103,281,1648.81
2026-01-26,STR-005,94118,SKU-104,209,1301.41
2026-01-26,STR-005,94118,SKU-105,144,505.18
2026-01-26,STR-005,94118,SKU-201,248,1591.13
2026-01-26,STR-005,94118,SKU-202,243,1406.21
2026-01-26,STR-005,94118,SKU-203,308,924.86
2026-01-26,STR-005,94118,SKU-204,113,1282.65
2026-01-26,STR-005,94118,SKU-301,304,1700.61
2026-01-26,STR-005,94118,SKU-302,197,1195.79
2026-01-26,STR-005,94118,SKU-303,197,1163.66
2026-01-26,STR-005,94118,SKU-304,193,1206.23
2026-01-26,STR-005,94118,SKU-401,259,1737.13
2026-01-26,STR-005,94118,SKU-402,152,999.42
2026-01-26,STR-005,94118,SKU-403,213,1096.89
2026-01-26,STR-005,94118,SKU-501,26,476.76
2026-01-26,STR-005,94118,SKU-502,18,566.12
2026-01-26,STR-005,94118,SKU-503,28,604.97
2026-01-26,STR-005,94118,SKU-504,13,225.93
2026-01-26,STR-005,94118,SKU-601,125,1526.11
2026-01-26,STR-005,94118,SKU-602,119,676.16
2026-01-26,STR-005,94118,SKU-603,151,766.09
2026-01-26,STR-005,94118,SKU-604,145,637.20
2026-01-26,STR-005,94118,SKU-701,3,81.89
2026-01-26,STR-006,94123,SKU-101,233,938.19
2026-01-26,STR-006,94123,SKU-102,247,1658.91
2026-01-26,STR-006,94123,SKU-103,323,1878.81
2026-01-26,STR-006,94123,SKU-104,176,1085.39
2026-01-26,STR-006,94123,SKU-105,153,538.77
2026-01-26,STR-006,94123,SKU-201,196,1226.43
2026-01-26,STR-006,94123,SKU-202,161,903.31
2026-01-26,STR-006,94123,SKU-203,338,1066.38
2026-01-26,STR-006,94123,SKU-204,113,1230.82
2026-01-26,STR-006,94123,SKU-301,255,1352.29
2026-01-26,STR-006,94123,SKU-302,204,1241.20
2026-01-26,STR-006,94123,SKU-303,138,778.44
2026-01-26,STR-006,94123,SKU-304,154,963.59
2026-01-26,STR-006,94123,SKU-401,226,1555.15
2026-01-26,STR-006,94123,SKU-402,106,681.92
2026-01-26,STR-006,94123,SKU-403,175,918.89
2026-01-26,STR-006,94123,SKU-501,29,553.92
2026-01-26,STR-006,94123,SKU-502,14,436.01
2026-01-26,STR-006,94123,SKU-503,23,487.10
2026-01-26,STR-006,94123,SKU-504,9,159.47
2026-01-26,STR-006,94123,SKU-601,128,1513.07
2026-01-26,STR-006,94123,SKU-602,113,675.16
2026-01-26,STR-006,94123,SKU-603,131,642.13
2026-01-26,STR-006,94123,SKU-604,112,518.22
2026-01-26,STR-006,94123,SKU-701,3,81.94
2026-01-19,STR-001,94103,SKU-101,329,1369.26
2026-01-19,STR-001,94103,SKU-102,291,1809.25
2026-01-19,STR-001,94103,SKU-103,264,1583.87
2026-01-19,STR-001,94103,SKU-104,157,940.33
2026-01-19,STR-001,94103,SKU-105,189,676.93
2026-01-19,STR-001,94103,SKU-201,285,1716.25
2026-01-19,STR-001,94103,SKU-202,244,1395.05
2026-01-19,STR-001,94103,SKU-203,300,906.71
2026-01-19,STR-001,94103,SKU-204,122,1315.67
2026-01-19,STR-001,94103,SKU-301,267,1454.69
2026-01-19,STR-001,94103,SKU-302,195,1198.09
2026-01-19,STR-001,94103,SKU-303,171,1006.43
2026-01-19,STR-001,94103,SKU-304,177,1088.10
2026-01-19,STR-001,94103,SKU-401,254,1737.85
2026-01-19,STR-001,94103,SKU-402,159,1037.76
2026-01-19,STR-001,94103,SKU-403,205,1088.56
2026-01-19,STR-001,94103,SKU-501,29,524.09
2026-01-19,STR-001,94103,SKU-502,18,558.98
2026-01-19,STR-001,94103,SKU-503,18,373.11
2026-01-19,STR-001,94103,SKU-504,12,204.93
2026-01-19,STR-001,94103,SKU-601,133,1651.60
2026-01-19,STR-001,94103,SKU-602,145,848.16
2026-01-19,STR-001,94103,SKU-603,126,616.27
2026-01-19,STR-001,94103,SKU-604,109,499.85
2026-01-19,STR-001,94103,SKU-701,3,82.63
2026-01-19,STR-002,94110,SKU-101,374,1540.82
2026-01-19,STR-002,94110,SKU-102,409,2677.45
2026-01-19,STR-002,94110,SKU-103,407,2428.19
2026-01-19,STR-002,94110,SKU-104,210,1360.41
2026-01-19,STR-002,94110,SKU-105,166,621.94
2026-01-19,STR-002,94110,SKU-201,290,1816.10
2026-01-19,STR-002,94110,SKU-202,254,1408.11
2026-01-19,STR-002,94110,SKU-203,450,1389.23
2026-01-19,STR-002,94110,SKU-204,162,1782.29
2026-01-19,STR-002,94110,SKU-301,430,2440.76
2026-01-19,STR-002,94110,SKU-302,292,1689.57
2026-01-19,STR-002,94110,SKU-303,199,1173.83
2026-01-19,STR-002,94110,SKU-304,298,1816.73
2026-01-19,STR-002,94110,SKU-401,284,1903.66
2026-01-19,STR-002,94110,SKU-402,207,1394.65
2026-01-19,STR-002,94110,SKU-403,259,1364.22
2026-01-19,STR-002,94110,SKU-501,33,620.03
2026-01-19,STR-002,94110,SKU-502,17,527.01
2026-01-19,STR-002,94110,SKU-503,27,572.34
2026-01-19,STR-002,94110,SKU-504,15,268.18
2026-01-19,STR-002,94110,SKU-601,196,2273.54
2026-01-19,STR-002,94110,SKU-602,178,1016.07
2026-01-19,STR-002,94110,SKU-603,180,904.97
2026-01-19,STR-002,94110,SKU-604,146,687.53
2026-01-19,STR-002,94110,SKU-701,4,108.98
2026-01-19,STR-003,94133,SKU-101,296,1160.25
2026-01-19,STR-003,94133,SKU-102,372,2418.96
2026-01-19,STR-003,94133,SKU-103,263,1513.93
2026-01-19,STR-003,94133,SKU-104,177,1146.72
2026-01-19,STR-003,94133,SKU-105,142,528.22
2026-01-19,STR-003,94133,SKU-201,241,1496.02
2026-01-19,STR-003,94133,SKU-202,192,1150.78
2026-01-19,STR-003,94133,SKU-203,290,889.13
2026-01-19,STR-003,94133,SKU-204,124,1416.98
2026-01-19,STR-003,94133,SKU-301,272,1563.46
2026-01-19,STR-003,94133,SKU-302,204,1256.42
2026-01-19,STR-003,94133,SKU-303,131,747.85
2026-01-19,STR-003,94133,SKU-304,167,1078.01
2026-01-19,STR-003,94133,SKU-401,224,1521.74
2026-01-19,STR-003,94133,SKU-402,114,738.10
2026-01-19,STR-003,94133,SKU-403,166,861.64
2026-01-19,STR-003,94133,SKU-501,29,557.22
2026-01-19,STR-003,94133,SKU-502,13,399.95
2026-01-19,STR-003,94133,SKU-503,23,481.60
2026-01-19,STR-003,94133,SKU-504,15,255.41
2026-01-19,STR-003,94133,SKU-601,146,1707.71
2026-01-19,STR-003,94133,SKU-602,99,553.03
2026-01-19,STR-003,94133,SKU-603,165,848.48
2026-01-19,STR-003,94133,SKU-604,132,611.96
2026-01-19,STR-003,94133,SKU-701,3,78.84
2026-01-19,STR-004,94102,SKU-101,202,853.86
2026-01-19,STR-004,94102,SKU-102,250,1596.74
2026-01-19,STR-004,94102,SKU-103,213,1272.91
2026-01-19,STR-004,94102,SKU-104,153,927.69
2026-01-19,STR-004,94102,SKU-105,113,423.14
2026-01-19,STR-004,94102,SKU-201,232,1469.16
2026-01-19,STR-004,94102,SKU-202,175,1044.81
2026-01-19,STR-004,94102,SKU-203,281,870.94
2026-01-19,STR-004,94102,SKU-204,107,1193.57
2026-01-19,STR-004,94102,SKU-301,252,1432.57
2026-01-19,STR-004,94102,SKU-302,175,1009.45
2026-01-19,STR-004,94102,SKU-303,128,750.74
2026-01-19,STR-004,94102,SKU-304,188,1171.03
2026-01-19,STR-004,94102,SKU-401,216,1475.61
2026-01-19,STR-004,94102,SKU-402,134,835.21
2026-01-19,STR-004,94102,SKU-403,137,710.28
2026-01-19,STR-004,94102,SKU-501,21,389.84
2026-01-19,STR-004,94102,SKU-502,11,330.89
2026-01-19,STR-004,94102,SKU-503,17,355.47
2026-01-19,STR-004,94102,SKU-504,12,200.10
2026-01-19,STR-004,94102,SKU-601,93,1135.92
2026-01-19,STR-004,94102,SKU-602,110,628.47
2026-01-19,STR-004,94102,SKU-603,115,597.62
2026-01-19,STR-004,94102,SKU-604,110,512.51
2026-01-19,STR-004,94102,SKU-701,2,54.59
2026-01-19,STR-005,94118,SKU-101,310,1292.69
2026-01-19,STR-005,94118,SKU-102,418,2814.52
2026-01-19,STR-005,94118,SKU-103,290,1712.18
2026-01-19,STR-005,94118,SKU-104,169,1019.02
2026-01-19,STR-005,94118,SKU-105,188,678.29
2026-01-19,STR-005,94118,SKU-201,245,1549.31
2026-01-19,STR-005,94118,SKU-202,223,1317.42
2026-01-19,STR-005,94118,SKU-203,343,1049.37
2026-01-19,STR-005,94118,SKU-204,107,1221.95
2026-01-19,STR-005,94118,SKU-301,326,1809.47
2026-01-19,STR-005,94118,SKU-302,250,1495.04
2026-01-19,STR-005,94118,SKU-303,200,1164.65
2026-01-19,STR-005,94118,SKU-304,196,1218.28
2026-01-19,STR-005,94118,SKU-401,267,1833.49
2026-01-19,STR-005,94118,SKU-402,147,991.08
2026-01-19,STR-005,94118,SKU-403,162,830.96
2026-01-19,STR-005,94118,SKU-501,26,502.10
2026-01-19,STR-005,94118,SKU-502,15,454.83
2026-01-19,STR-005,94118,SKU-503,23,490.78
2026-01-19,STR-005,94118,SKU-504,16,275.62
2026-01-19,STR-005,94118,SKU-601,143,1655.87
2026-01-19,STR-005,94118,SKU-602,111,621.42
2026-01-19,STR-005,94118,SKU-603,154,747.27
2026-01-19,STR-005,94118,SKU-604,138,635.39
2026-01-19,STR-005,94118,SKU-701,3,79.65
2026-01-19,STR-006,94123,SKU-101,240,973.80
2026-01-19,STR-006,94123,SKU-102,280,1840.43
2026-01-19,STR-006,94123,SKU-103,220,1364.09
2026-01-19,STR-006,94123,SKU-104,133,807.81
2026-01-19,STR-006,94123,SKU-105,118,416.53
2026-01-19,STR-006,94123,SKU-201,240,1547.32
2026-01-19,STR-006,94123,SKU-202,187,1085.98
2026-01-19,STR-006,94123,SKU-203,291,920.37
2026-01-19,STR-006,94123,SKU-204,89,1004.41
2026-01-19,STR-006,94123,SKU-301,199,1071.41
2026-01-19,STR-006,94123,SKU-302,158,987.12
2026-01-19,STR-006,94123,SKU-303,174,1015.34
2026-01-19,STR-006,94123,SKU-304,169,1026.50
2026-01-19,STR-006,94123,SKU-401,178,1216.92
2026-01-19,STR-006,94123,SKU-402,131,865.38
2026-01-19,STR-006,94123,SKU-403,175,958.05
2026-01-19,STR-006,94123,SKU-501,24,434.33
2026-01-19,STR-006,94123,SKU-502,16,486.57
2026-01-19,STR-006,94123,SKU-503,19,387.32
2026-01-19,STR-006,94123,SKU-504,9,160.26
2026-01-19,STR-006,94123,SKU-601,106,1314.36
2026-01-19,STR-006,94123,SKU-602,106,591.18
2026-01-19,STR-006,94123,SKU-603,149,733.31
2026-01-19,STR-006,94123,SKU-604,111,521.11
2026-01-19,STR-006,94123,SKU-701,2,52.72
2026-01-12,STR-001,94103,SKU-101,254,1005.06
2026-01-12,STR-001,94103,SKU-102,339,2286.26
2026-01-12,STR-001,94103,SKU-103,352,2173.91
2026-01-12,STR-001,94103,SKU-104,179,1133.72
2026-01-12,STR-001,94103,SKU-105,142,522.65
2026-01-12,STR-001,94103,SKU-201,257,1589.43
2026-01-12,STR-001,94103,SKU-202,226,1334.96
2026-01-12,STR-001,94103,SKU-203,396,1210.22
2026-01-12,STR-001,94103,SKU-204,121,1285.59
2026-01-12,STR-001,94103,SKU-301,237,1298.79
2026-01-12,STR-001,94103,SKU-302,215,1252.77
2026-01-12,STR-001,94103,SKU-303,143,851.19
2026-01-12,STR-001,94103,SKU-304,241,1478.20
2026-01-12,STR-001,94103,SKU-401,183,1235.56
2026-01-12,STR-001,94103,SKU-402,113,707.31
2026-01-12,STR-001,94103,SKU-403,187,967.79
2026-01-12,STR-001,94103,SKU-501,35,641.64
2026-01-12,STR-001,94103,SKU-502,18,544.04
2026-01-12,STR-001,94103,SKU-503,22,472.09
2026-01-12,STR-001,94103,SKU-504,15,263.67
2026-01-12,STR-001,94103,SKU-601,125,1451.63
2026-01-12,STR-001,94103,SKU-602,126,703.35
2026-01-12,STR-001,94103,SKU-603,167,826.12
2026-01-12,STR-001,94103,SKU-604,115,507.65
2026-01-12,STR-001,94103,SKU-701,3,80.74
2026-01-12,STR-002,94110,SKU-101,390,1613.46
2026-01-12,STR-002,94110,SKU-102,379,2420.88
2026-01-12,STR-002,94110,SKU-103,375,2200.04
2026-01-12,STR-002,94110,SKU-104,228,1410.08
2026-01-12,STR-002,94110,SKU-105,224,829.39
2026-01-12,STR-002,94110,SKU-201,321,2002.71
2026-01-12,STR-002,94110,SKU-202,307,1741.10
2026-01-12,STR-002,94110,SKU-203,456,1382.14
2026-01-12,STR-002,94110,SKU-204,162,1836.03
2026-01-12,STR-002,94110,SKU-301,407,2164.80
2026-01-12,STR-002,94110,SKU-302,253,1460.21
2026-01-12,STR-002,94110,SKU-303,218,1239.95
2026-01-12,STR-002,94110,SKU-304,278,1764.23
2026-01-12,STR-002,94110,SKU-401,253,1684.41
2026-01-12,STR-002,94110,SKU-402,180,1141.94
2026-01-12,STR-002,94110,SKU-403,190,992.86
2026-01-12,STR-002,94110,SKU-501,38,718.11
2026-01-12,STR-002,94110,SKU-502,23,678.40
2026-01-12,STR-002,94110,SKU-503,33,690.22
2026-01-12,STR-002,94110,SKU-504,16,269.94
2026-01-12,STR-002,94110,SKU-601,150,1816.91
2026-01-12,STR-002,94110,SKU-602,137,809.52
2026-01-12,STR-002,94110,SKU-603,198,1009.40
2026-01-12,STR-002,94110,SKU-604,195,920.64
2026-01-12,STR-002,94110,SKU-701,3,80.55
2026-01-12,STR-003,94133,SKU-101,235,959.54
2026-01-12,STR-003,94133,SKU-102,265,1678.03
2026-01-12,STR-003,94133,SKU-103,238,1478.38
2026-01-12,STR-003,94133,SKU-104,134,867.09
2026-01-12,STR-003,94133,SKU-105,169,602.02
2026-01-12,STR-003,94133,SKU-201,262,1675.48
2026-01-12,STR-003,94133,SKU-202,176,1017.75
2026-01-12,STR-003,94133,SKU-203,257,819.39
2026-01-12,STR-003,94133,SKU-204,116,1257.73
2026-01-12,STR-003,94133,SKU-301,304,1656.76
2026-01-12,STR-003,94133,SKU-302,221,1374.45
2026-01-12,STR-003,94133,SKU-303,175,1048.80
2026-01-12,STR-003,94133,SKU-304,166,996.30
2026-01-12,STR-003,94133,SKU-401,183,1259.32
2026-01-12,STR-003,94133,SKU-402,111,744.12
2026-01-12,STR-003,94133,SKU-403,148,809.70
2026-01-12,STR-003,94133,SKU-501,33,641.57
2026-01-12,STR-003,94133,SKU-502,16,506.15
2026-01-12,STR-003,94133,SKU-503,24,491.80
2026-01-12,STR-003,94133,SKU-504,14,245.41
2026-01-12,STR-003,94133,SKU-601,115,1382.79
2026-01-12,STR-003,94133,SKU-602,121,686.43
2026-01-12,STR-003,94133,SKU-603,135,705.36
2026-01-12,STR-003,94133,SKU-604,145,636.70
2026-01-12,STR-003,94133,SKU-701,2,54.76
2026-01-12,STR-004,94102,SKU-101,234,967.31
2026-01-12,STR-004,94102,SKU-102,233,1478.91
2026-01-12,STR-004,94102,SKU-103,229,1318.27
2026-01-12,STR-004,94102,SKU-104,129,803.01
2026-01-12,STR-004,94102,SKU-105,150,544.55
2026-01-12,STR-004,94102,SKU-201,212,1365.85
2026-01-12,STR-004,94102,SKU-202,147,852.79
2026-01-12,STR-004,94102,SKU-203,243,783.79
2026-01-12,STR-004,94102,SKU-204,91,972.28
2026-01-12,STR-004,94102,SKU-301,251,1379.36
2026-01-12,STR-004,94102,SKU-302,147,898.44
2026-01-12,STR-004,94102,SKU-303,114,661.28
2026-01-12,STR-004,94102,SKU-304,167,1079.43
2026-01-12,STR-004,94102,SKU-401,215,1502.83
2026-01-12,STR-004,94102,SKU-402,112,719.87
2026-01-12,STR-004,94102,SKU-403,168,901.61
2026-01-12,STR-004,94102,SKU-501,21,381.67
2026-01-12,STR-004,94102,SKU-502,15,471.21
2026-01-12,STR-004,94102,SKU-503,21,430.69
2026-01-12,STR-004,94102,SKU-504,12,205.23
2026-01-12,STR-004,94102,SKU-601,137,1704.85
2026-01-12,STR-004,94102,SKU-602,88,513.93
2026-01-12,STR-004,94102,SKU-603,146,723.82
2026-01-12,STR-004,94102,SKU-604,118,534.30
2026-01-12,STR-004,94102,SKU-701,3,77.83
2026-01-12,STR-005,94118,SKU-101,362,1476.06
2026-01-12,STR-005,94118,SKU-102,369,2442.74
2026-01-12,STR-005,94118,SKU-103,383,2230.57
2026-01-12,STR-005,94118,SKU-104,210,1297.69
2026-01-12,STR-005,94118,SKU-105,140,508.29
2026-01-12,STR-005,94118,SKU-201,244,1571.02
2026-01-12,STR-005,94118,SKU-202,182,1049.37
2026-01-12,STR-005,94118,SKU-203,381,1155.26
2026-01-12,STR-005,94118,SKU-204,103,1146.82
2026-01-12,STR-005,94118,SKU-301,280,1504.70
2026-01-12,STR-005,94118,SKU-302,222,1335.29
2026-01-12,STR-005,94118,SKU-303,211,1180.64
2026-01-12,STR-005,94118,SKU-304,220,1380.75
2026-01-12,STR-005,94118,SKU-401,247,1596.10
2026-01-12,STR-005,94118,SKU-402,173,1100.97
2026-01-12,STR-005,94118,SKU-403,207,1096.54
2026-01-12,STR-005,94118,SKU-501,29,526.97
2026-01-12,STR-005,94118,SKU-502,17,538.66
2026-01-12,STR-005,94118,SKU-503,21,459.28
2026-01-12,STR-005,94118,SKU-504,12,206.57
2026-01-12,STR-005,94118,SKU-601,130,1542.86
2026-01-12,STR-005,94118,SKU-602,112,648.61
2026-01-12,STR-005,94118,SKU-603,135,682.39
2026-01-12,STR-005,94118,SKU-604,123,576.20
2026-01-12,STR-005,94118,SKU-701,4,108.03
2026-01-12,STR-006,94123,SKU-101,220,903.52
2026-01-12,STR-006,94123,SKU-102,332,2220.94
2026-01-12,STR-006,94123,SKU-103,243,1482.54
2026-01-12,STR-006,94123,SKU-104,144,896.37
2026-01-12,STR-006,94123,SKU-105,120,449.23
2026-01-12,STR-006,94123,SKU-201,183,1164.36
2026-01-12,STR-006,94123,SKU-202,213,1272.09
2026-01-12,STR-006,94123,SKU-203,243,761.10
2026-01-12,STR-006,94123,SKU-204,105,1181.65
2026-01-12,STR-006,94123,SKU-301,299,1608.97
2026-01-12,STR-006,94123,SKU-302,205,1242.21
2026-01-12,STR-006,94123,SKU-303,164,905.35
2026-01-12,STR-006,94123,SKU-304,203,1227.52
2026-01-12,STR-006,94123,SKU-401,201,1338.74
2026-01-12,STR-006,94123,SKU-402,110,709.75
2026-01-12,STR-006,94123,SKU-403,173,946.96
2026-01-12,STR-006,94123,SKU-501,28,535.77
2026-01-12,STR-006,94123,SKU-502,16,511.82
2026-01-12,STR-006,94123,SKU-503,22,452.71
2026-01-12,STR-006,94123,SKU-504,14,243.46
2026-01-12,STR-006,94123,SKU-601,123,1533.38
2026-01-12,STR-006,94123,SKU-602,93,543.83
2026-01-12,STR-006,94123,SKU-603,132,653.28
2026-01-12,STR-006,94123,SKU-604,134,629.04
2026-01-12,STR-006,94123,SKU-701,2,54.37
2026-01-05,STR-001,94103,SKU-101,321,1328.83
2026-01-05,STR-001,94103,SKU-102,350,2299.06
2026-01-05,STR-001,94103,SKU-103,281,1755.23
2026-01-05,STR-001,94103,SKU-104,183,1177.71
2026-01-05,STR-001,94103,SKU-105,147,527.60
2026-01-05,STR-001,94103,SKU-201,252,1570.54
2026-01-05,STR-001,94103,SKU-202,198,1108.37
2026-01-05,STR-001,94103,SKU-203,350,1076.08
2026-01-05,STR-001,94103,SKU-204,128,1390.69
2026-01-05,STR-001,94103,SKU-301,283,1572.40
2026-01-05,STR-001,94103,SKU-302,229,1408.28
2026-01-05,STR-001,94103,SKU-303,201,1115.79
2026-01-05,STR-001,94103,SKU-304,216,1296.33
2026-01-05,STR-001,94103,SKU-401,269,1782.01
2026-01-05,STR-001,94103,SKU-402,132,834.24
2026-01-05,STR-001,94103,SKU-403,160,867.07
2026-01-05,STR-001,94103,SKU-501,32,580.96
2026-01-05,STR-001,94103,SKU-502,17,521.26
2026-01-05,STR-001,94103,SKU-503,26,567.93
2026-01-05,STR-001,94103,SKU-504,12,210.11
2026-01-05,STR-001,94103,SKU-601,118,1372.20
2026-01-05,STR-001,94103,SKU-602,124,701.93
2026-01-05,STR-001,94103,SKU-603,182,899.86
2026-01-05,STR-001,94103,SKU-604,124,550.73
2026-01-05,STR-001,94103,SKU-701,2,55.42
2026-01-05,STR-002,94110,SKU-101,380,1524.76
2026-01-05,STR-002,94110,SKU-102,384,2504.11
2026-01-05,STR-002,94110,SKU-103,423,2516.27
2026-01-05,STR-002,94110,SKU-104,191,1198.15
2026-01-05,STR-002,94110,SKU-105,209,748.93
2026-01-05,STR-002,94110,SKU-201,257,1631.89
2026-01-05,STR-002,94110,SKU-202,245,1380.05
2026-01-05,STR-002,94110,SKU-203,438,1396.48
2026-01-05,STR-002,94110,SKU-204,160,1817.72
2026-01-05,STR-002,94110,SKU-301,377,2136.03
2026-01-05,STR-002,94110,SKU-302,229,1347.89
2026-01-05,STR-002,94110,SKU-303,193,1074.55
2026-01-05,STR-002,94110,SKU-304,297,1853.04
2026-01-05,STR-002,94110,SKU-401,247,1596.16
2026-01-05,STR-002,94110,SKU-402,181,1162.05
2026-01-05,STR-002,94110,SKU-403,202,1085.85
2026-01-05,STR-002,94110,SKU-501,39,744.54
2026-01-05,STR-002,94110,SKU-502,23,685.80
2026-01-05,STR-002,94110,SKU-503,25,508.25
2026-01-05,STR-002,94110,SKU-504,15,250.08
2026-01-05,STR-002,94110,SKU-601,184,2270.77
2026-01-05,STR-002,94110,SKU-602,186,1062.71
2026-01-05,STR-002,94110,SKU-603,215,1094.00
2026-01-05,STR-002,94110,SKU-604,159,709.14
2026-01-05,STR-002,94110,SKU-701,3,79.19
2026-01-05,STR-003,94133,SKU-101,259,1083.93
2026-01-05,STR-003,94133,SKU-102,273,1721.11
2026-01-05,STR-003,94133,SKU-103,303,1794.19
2026-01-05,STR-003,94133,SKU-104,132,795.25
2026-01-05,STR-003,94133,SKU-105,122,449.24
2026-01-05,STR-003,94133,SKU-201,230,1446.63
2026-01-05,STR-003,94133,SKU-202,192,1061.35
2026-01-05,STR-003,94133,SKU-203,264,812.36
2026-01-05,STR-003,94133,SKU-204,118,1308.82
2026-01-05,STR-003,94133,SKU-301,306,1699.84
2026-01-05,STR-003,94133,SKU-302,228,1386.77
2026-01-05,STR-003,94133,SKU-303,159,930.51
2026-01-05,STR-003,94133,SKU-304,218,1380.84
2026-01-05,STR-003,94133,SKU-401,226,1566.59
2026-01-05,STR-003,94133,SKU-402,149,971.87
2026-01-05,STR-003,94133,SKU-403,158,864.44
2026-01-05,STR-003,94133,SKU-501,28,512.82
2026-01-05,STR-003,94133,SKU-502,18,563.99
2026-01-05,STR-003,94133,SKU-503,20,434.86
2026-01-05,STR-003,94133,SKU-504,12,204.42
2026-01-05,STR-003,94133,SKU-601,127,1530.57
2026-01-05,STR-003,94133,SKU-602,94,520.55
2026-01-05,STR-003,94133,SKU-603,141,737.74
2026-01-05,STR-003,94133,SKU-604,128,573.18
2026-01-05,STR-003,94133,SKU-701,3,79.24
2026-01-05,STR-004,94102,SKU-101,281,1121.84
2026-01-05,STR-004,94102,SKU-102,285,1791.14
2026-01-05,STR-004,94102,SKU-103,261,1564.00
2026-01-05,STR-004,94102,SKU-104,147,928.34
2026-01-05,STR-004,94102,SKU-105,127,447.09
2026-01-05,STR-004,94102,SKU-201,234,1420.26
2026-01-05,STR-004,94102,SKU-202,209,1161.44
2026-01-05,STR-004,94102,SKU-203,258,781.67
2026-01-05,STR-004,94102,SKU-204,109,1169.53
2026-01-05,STR-004,94102,SKU-301,278,1523.92
2026-01-05,STR-004,94102,SKU-302,153,920.58
2026-01-05,STR-004,94102,SKU-303,127,733.71
2026-01-05,STR-004,94102,SKU-304,217,1406.97
2026-01-05,STR-004,94102,SKU-401,202,1312.82
2026-01-05,STR-004,94102,SKU-402,122,796.28
2026-01-05,STR-004,94102,SKU-403,167,863.32
2026-01-05,STR-004,94102,SKU-501,25,477.07
2026-01-05,STR-004,94102,SKU-502,14,425.40
2026-01-05,STR-004,94102,SKU-503,17,358.56
2026-01-05,STR-004,94102,SKU-504,9,153.61
2026-01-05,STR-004,94102,SKU-601,94,1140.55
2026-01-05,STR-004,94102,SKU-602,106,608.64
2026-01-05,STR-004,94102,SKU-603,130,639.11
2026-01-05,STR-004,94102,SKU-604,126,561.44
2026-01-05,STR-004,94102,SKU-701,3,78.08
2026-01-05,STR-005,94118,SKU-101,273,1120.91
2026-01-05,STR-005,94118,SKU-102,408,2615.29
2026-01-05,STR-005,94118,SKU-103,378,2187.56
2026-01-05,STR-005,94118,SKU-104,154,975.40
2026-01-05,STR-005,94118,SKU-105,149,534.94
2026-01-05,STR-005,94118,SKU-201,299,1912.00
2026-01-05,STR-005,94118,SKU-202,191,1057.02
2026-01-05,STR-005,94118,SKU-203,383,1244.20
2026-01-05,STR-005,94118,SKU-204,133,1430.35
2026-01-05,STR-005,94118,SKU-301,294,1678.19
2026-01-05,STR-005,94118,SKU-302,260,1616.36
2026-01-05,STR-005,94118,SKU-303,164,941.63
2026-01-05,STR-005,94118,SKU-304,188,1219.24
2026-01-05,STR-005,94118,SKU-401,277,1813.82
2026-01-05,STR-005,94118,SKU-402,154,1007.98
2026-01-05,STR-005,94118,SKU-403,208,1138.46
2026-01-05,STR-005,94118,SKU-501,35,657.35
2026-01-05,STR-005,94118,SKU-502,18,543.96
2026-01-05,STR-005,94118,SKU-503,24,499.14
2026-01-05,STR-005,94118,SKU-504,14,251.92
2026-01-05,STR-005,94118,SKU-601,160,1934.24
2026-01-05,STR-005,94118,SKU-602,106,616.90
2026-01-05,STR-005,94118,SKU-603,165,852.26
2026-01-05,STR-005,94118,SKU-604,115,506.03
2026-01-05,STR-005,94118,SKU-701,3,77.71
2026-01-05,STR-006,94123,SKU-101,301,1257.04
2026-01-05,STR-006,94123,SKU-102,319,2045.47
2026-01-05,STR-006,94123,SKU-103,282,1650.72
2026-01-05,STR-006,94123,SKU-104,149,898.09
2026-01-05,STR-006,94123,SKU-105,115,405.16
2026-01-05,STR-006,94123,SKU-201,242,1467.33
2026-01-05,STR-006,94123,SKU-202,155,924.95
2026-01-05,STR-006,94123,SKU-203,299,919.47
2026-01-05,STR-006,94123,SKU-204,98,1056.73
2026-01-05,STR-006,94123,SKU-301,224,1253.21
2026-01-05,STR-006,94123,SKU-302,162,998.17
2026-01-05,STR-006,94123,SKU-303,124,720.47
2026-01-05,STR-006,94123,SKU-304,173,1106.98
2026-01-05,STR-006,94123,SKU-401,158,1073.91
2026-01-05,STR-006,94123,SKU-402,104,662.62
2026-01-05,STR-006,94123,SKU-403,159,821.82
2026-01-05,STR-006,94123,SKU-501,24,458.03
2026-01-05,STR-006,94123,SKU-502,15,454.53
2026-01-05,STR-006,94123,SKU-503,19,411.36
2026-01-05,STR-006,94123,SKU-504,9,161.36
2026-01-05,STR-006,94123,SKU-601,108,1306.89
2026-01-05,STR-006,94123,SKU-602,106,619.62
2026-01-05,STR-006,94123,SKU-603,139,688.47
2026-01-05,STR-006,94123,SKU-604,105,498.00
2026-01-05,STR-006,94123,SKU-701,3,81.40
2025-12-29,STR-001,94103,SKU-101,293,1160.34
2025-12-29,STR-001,94103,SKU-102,301,1905.56
2025-12-29,STR-001,94103,SKU-103,340,2012.62
2025-12-29,STR-001,94103,SKU-104,161,1022.36
2025-12-29,STR-001,94103,SKU-105,139,480.03
2025-12-29,STR-001,94103,SKU-201,219,1378.34
2025-12-29,STR-001,94103,SKU-202,232,1296.21
2025-12-29,STR-001,94103,SKU-203,356,1094.51
2025-12-29,STR-001,94103,SKU-204,93,1001.11
2025-12-29,STR-001,94103,SKU-301,268,1455.41
2025-12-29,STR-001,94103,SKU-302,252,1516.46
2025-12-29,STR-001,94103,SKU-303,152,856.08
2025-12-29,STR-001,94103,SKU-304,235,1412.89
2025-12-29,STR-001,94103,SKU-401,253,1682.06
2025-12-29,STR-001,94103,SKU-402,113,760.28
2025-12-29,STR-001,94103,SKU-403,140,728.79
2025-12-29,STR-001,94103,SKU-501,35,675.95
2025-12-29,STR-001,94103,SKU-502,14,426.73
2025-12-29,STR-001,94103,SKU-503,18,387.55
2025-12-29,STR-001,94103,SKU-504,15,261.08
2025-12-29,STR-001,94103,SKU-601,156,1816.40
2025-12-29,STR-001,94103,SKU-602,118,653.08
2025-12-29,STR-001,94103,SKU-603,156,758.58
2025-12-29,STR-001,94103,SKU-604,127,593.38
2025-12-29,STR-001,94103,SKU-701,3,81.04
2025-12-29,STR-002,94110,SKU-101,299,1213.43
2025-12-29,STR-002,94110,SKU-102,351,2224.98
2025-12-29,STR-002,94110,SKU-103,422,2496.62
2025-12-29,STR-002,94110,SKU-104,204,1265.64
2025-12-29,STR-002,94110,SKU-105,199,741.70
2025-12-29,STR-002,94110,SKU-201,340,2046.18
2025-12-29,STR-002,94110,SKU-202,312,1738.27
2025-12-29,STR-002,94110,SKU-203,339,1016.84
2025-12-29,STR-002,94110,SKU-204,169,1872.79
2025-12-29,STR-002,94110,SKU-301,432,2436.46
2025-12-29,STR-002,94110,SKU-302,235,1465.64
2025-12-29,STR-002,94110,SKU-303,229,1290.25
2025-12-29,STR-002,94110,SKU-304,299,1853.55
2025-12-29,STR-002,94110,SKU-401,309,2089.46
2025-12-29,STR-002,94110,SKU-402,205,1299.55
2025-12-29,STR-002,94110,SKU-403,229,1255.84
2025-12-29,STR-002,94110,SKU-501,41,761.05
2025-12-29,STR-002,94110,SKU-502,20,638.02
2025-12-29,STR-002,94110,SKU-503,24,502.13
2025-12-29,STR-002,94110,SKU-504,20,353.62
2025-12-29,STR-002,94110,SKU-601,200,2316.84
2025-12-29,STR-002,94110,SKU-602,165,976.05
2025-12-29,STR-002,94110,SKU-603,168,824.80
2025-12-29,STR-002,94110,SKU-604,165,723.76
2025-12-29,STR-002,94110,SKU-701,3,83.14
2025-12-29,STR-003,94133,SKU-101,247,969.42
2025-12-29,STR-003,94133,SKU-102,295,1966.15
2025-12-29,STR-003,94133,SKU-103,320,1905.27
2025-12-29,STR-003,94133,SKU-104,141,898.62
2025-12-29,STR-003,94133,SKU-105,147,520.87
2025-12-29,STR-003,94133,SKU-201,190,1195.30
2025-12-29,STR-003,94133,SKU-202,208,1244.09
2025-12-29,STR-003,94133,SKU-203,294,938.35
2025-12-29,STR-003,94133,SKU-204,116,1262.79
2025-12-29,STR-003,94133,SKU-301,295,1683.79
2025-12-29,STR-003,94133,SKU-302,170,1044.21
2025-12-29,STR-003,94133,SKU-303,157,909.49
2025-12-29,STR-003,94133,SKU-304,215,1363.99
2025-12-29,STR-003,94133,SKU-401,237,1544.21
2025-12-29,STR-003,94133,SKU-402,138,915.74
2025-12-29,STR-003,94133,SKU-403,151,785.83
2025-12-29,STR-003,94133,SKU-501,24,431.26
2025-12-29,STR-003,94133,SKU-502,16,477.56
2025-12-29,STR-003,94133,SKU-503,20,410.99
2025-12-29,STR-003,94133,SKU-504,10,166.07
2025-12-29,STR-003,94133,SKU-601,144,1759.58
2025-12-29,STR-003,94133,SKU-602,112,647.54
2025-12-29,STR-003,94133,SKU-603,163,819.93
2025-12-29,STR-003,94133,SKU-604,138,620.49
2025-12-29,STR-003,94133,SKU-701,3,82.97
2025-12-29,STR-004,94102,SKU-101,264,1113.22
2025-12-29,STR-004,94102,SKU-102,243,1541.42
2025-12-29,STR-004,94102,SKU-103,218,1289.39
2025-12-29,STR-004,94102,SKU-104,145,889.76
2025-12-29,STR-004,94102,SKU-105,120,444.63
2025-12-29,STR-004,94102,SKU-201,184,1106.66
2025-12-29,STR-004,94102,SKU-202,172,974.44
2025-12-29,STR-004,94102,SKU-203,265,806.69
2025-12-29,STR-004,94102,SKU-204,98,1071.40
2025-12-29,STR-004,94102,SKU-301,221,1195.76
2025-12-29,STR-004,94102,SKU-302,185,1083.91
2025-12-29,STR-004,94102,SKU-303,120,686.52
2025-12-29,STR-004,94102,SKU-304,161,1044.79
2025-12-29,STR-004,94102,SKU-401,186,1272.67
2025-12-29,STR-004,94102,SKU-402,109,734.77
2025-12-29,STR-004,94102,SKU-403,146,754.45
2025-12-29,STR-004,94102,SKU-501,22,415.81
2025-12-29,STR-004,94102,SKU-502,13,413.64
2025-12-29,STR-004,94102,SKU-503,22,460.28
2025-12-29,STR-004,94102,SKU-504,13,217.88
2025-12-29,STR-004,94102,SKU-601,111,1326.70
2025-12-29,STR-004,94102,SKU-602,97,564.91
2025-12-29,STR-004,94102,SKU-603,117,589.01
2025-12-29,STR-004,94102,SKU-604,114,522.11
2025-12-29,STR-004,94102,SKU-701,2,52.07
2025-12-29,STR-005,94118,SKU-101,268,1124.77
2025-12-29,STR-005,94118,SKU-102,403,2511.11
2025-12-29,STR-005,94118,SKU-103,355,2163.92
2025-12-29,STR-005,94118,SKU-104,180,1143.59
2025-12-29,STR-005,94118,SKU-105,192,671.58
2025-12-29,STR-005,94118,SKU-201,252,1636.55
2025-12-29,STR-005,94118,SKU-202,220,1259.16
2025-12-29,STR-005,94118,SKU-203,412,1336.50
2025-12-29,STR-005,94118,SKU-204,134,1447.47
2025-12-29,STR-005,94118,SKU-301,260,1470.09
2025-12-29,STR-005,94118,SKU-302,215,1248.50
2025-12-29,STR-005,94118,SKU-303,152,848.93
2025-12-29,STR-005,94118,SKU-304,255,1578.78
2025-12-29,STR-005,94118,SKU-401,263,1706.39
2025-12-29,STR-005,94118,SKU-402,154,979.30
2025-12-29,STR-005,94118,SKU-403,191,999.64
2025-12-29,STR-005,94118,SKU-501,37,692.07
2025-12-29,STR-005,94118,SKU-502,15,468.51
2025-12-29,STR-005,94118,SKU-503,24,498.63
2025-12-29,STR-005,94118,SKU-504,16,279.74
2025-12-29,STR-005,94118,SKU-601,173,2001.49
2025-12-29,STR-005,94118,SKU-602,143,794.03
2025-12-29,STR-005,94118,SKU-603,167,858.09
2025-12-29,STR-005,94118,SKU-604,129,599.99
2025-12-29,STR-005,94118,SKU-701,3,77.59
2025-12-29,STR-006,94123,SKU-101,263,1092.38
2025-12-29,STR-006,94123,SKU-102,252,1647.35
2025-12-29,STR-006,94123,SKU-103,264,1543.21
2025-12-29,STR-006,94123,SKU-104,134,859.92
2025-12-29,STR-006,94123,SKU-105,128,453.93
2025-12-29,STR-006,94123,SKU-201,245,1555.95
2025-12-29,STR-006,94123,SKU-202,218,1246.91
2025-12-29,STR-006,94123,SKU-203,330,996.74
2025-12-29,STR-006,94123,SKU-204,94,1014.26
2025-12-29,STR-006,94123,SKU-301,295,1649.65
2025-12-29,STR-006,94123,SKU-302,201,1165.49
2025-12-29,STR-006,94123,SKU-303,169,982.10
2025-12-29,STR-006,94123,SKU-304,168,1038.38
2025-12-29,STR-006,94123,SKU-401,215,1422.99
2025-12-29,STR-006,94123,SKU-402,137,918.95
2025-12-29,STR-006,94123,SKU-403,178,932.62
2025-12-29,STR-006,94123,SKU-501,27,525.13
2025-12-29,STR-006,94123,SKU-502,14,441.66
2025-12-29,STR-006,94123,SKU-503,16,336.71
2025-12-29,STR-006,94123,SKU-504,12,214.71
2025-12-29,STR-006,94123,SKU-601,127,1482.95
2025-12-29,STR-006,94123,SKU-602,119,676.92
2025-12-29,STR-006,94123,SKU-603,131,654.68
2025-12-29,STR-006,94123,SKU-604,125,581.12
2025-12-29,STR-006,94123,SKU-701,3,80.88
2025-12-22,STR-001,94103,SKU-101,241,1011.88
2025-12-22,STR-001,94103,SKU-102,346,2180.22
2025-12-22,STR-001,94103,SKU-103,337,1984.37
2025-12-22,STR-001,94103,SKU-104,166,1051.58
2025-12-22,STR-001,94103,SKU-105,150,555.30
2025-12-22,STR-001,94103,SKU-201,257,1540.31
2025-12-22,STR-001,94103,SKU-202,208,1189.01
2025-12-22,STR-001,94103,SKU-203,339,1073.99
2025-12-22,STR-001,94103,SKU-204,97,1106.00
2025-12-22,STR-001,94103,SKU-301,297,1612.47
2025-12-22,STR-001,94103,SKU-302,244,1483.71
2025-12-22,STR-001,94103,SKU-303,203,1146.78
2025-12-22,STR-001,94103,SKU-304,262,1699.23
2025-12-22,STR-001,94103,SKU-401,213,1397.33
2025-12-22,STR-001,94103,SKU-402,153,1014.03
2025-12-22,STR-001,94103,SKU-403,170,901.09
2025-12-22,STR-001,94103,SKU-501,28,510.06
2025-12-22,STR-001,94103,SKU-502,18,559.04
2025-12-22,STR-001,94103,SKU-503,22,448.75
2025-12-22,STR-001,94103,SKU-504,16,268.44
2025-12-22,STR-001,94103,SKU-601,143,1710.21
2025-12-22,STR-001,94103,SKU-602,134,761.85
2025-12-22,STR-001,94103,SKU-603,185,932.02
2025-12-22,STR-001,94103,SKU-604,114,504.40
2025-12-22,STR-001,94103,SKU-701,4,108.02
2025-12-22,STR-002,94110,SKU-101,329,1309.92
2025-12-22,STR-002,94110,SKU-102,428,2785.14
2025-12-22,STR-002,94110,SKU-103,390,2389.66
2025-12-22,STR-002,94110,SKU-104,219,1354.56
2025-12-22,STR-002,94110,SKU-105,180,638.98
2025-12-22,STR-002,94110,SKU-201,324,1969.05
2025-12-22,STR-002,94110,SKU-202,300,1692.10
2025-12-22,STR-002,94110,SKU-203,420,1277.61
2025-12-22,STR-002,94110,SKU-204,166,1888.98
2025-12-22,STR-002,94110,SKU-301,404,2170.44
2025-12-22,STR-002,94110,SKU-302,268,1553.04
2025-12-22,STR-002,94110,SKU-303,246,1370.86
2025-12-22,STR-002,94110,SKU-304,301,1814.79
2025-12-22,STR-002,94110,SKU-401,322,2239.16
2025-12-22,STR-002,94110,SKU-402,174,1165.62
2025-12-22,STR-002,94110,SKU-403,213,1086.09
2025-12-22,STR-002,94110,SKU-501,42,761.37
2025-12-22,STR-002,94110,SKU-502,22,649.58
2025-12-22,STR-002,94110,SKU-503,30,614.71
2025-12-22,STR-002,94110,SKU-504,17,287.28
2025-12-22,STR-002,94110,SKU-601,210,2511.63
2025-12-22,STR-002,94110,SKU-602,154,884.65
2025-12-22,STR-002,94110,SKU-603,169,841.08
2025-12-22,STR-002,94110,SKU-604,168,776.05
2025-12-22,STR-002,94110,SKU-701,5,132.90
2025-12-22,STR-003,94133,SKU-101,249,1050.65
2025-12-22,STR-003,94133,SKU-102,300,1905.42
2025-12-22,STR-003,94133,SKU-103,334,1978.94
2025-12-22,STR-003,94133,SKU-104,136,875.42
2025-12-22,STR-003,94133,SKU-105,132,463.24
2025-12-22,STR-003,94133,SKU-201,266,1605.10
2025-12-22,STR-003,94133,SKU-202,195,1084.69
2025-12-22,STR-003,94133,SKU-203,295,918.84
2025-12-22,STR-003,94133,SKU-204,93,987.07
2025-12-22,STR-003,94133,SKU-301,248,1345.32
2025-12-22,STR-003,94133,SKU-302,239,1407.24
2025-12-22,STR-003,94133,SKU-303,178,1007.84
2025-12-22,STR-003,94133,SKU-304,173,1041.46
2025-12-22,STR-003,94133,SKU-401,241,1656.05
2025-12-22,STR-003,94133,SKU-402,128,850.38
2025-12-22,STR-003,94133,SKU-403,144,732.67
2025-12-22,STR-003,94133,SKU-501,25,461.73
2025-12-22,STR-003,94133,SKU-502,12,353.69
2025-12-22,STR-003,94133,SKU-503,18,378.65
2025-12-22,STR-003,94133,SKU-504,10,170.64
2025-12-22,STR-003,94133,SKU-601,137,1596.85
2025-12-22,STR-003,94133,SKU-602,131,741.25
2025-12-22,STR-003,94133,SKU-603,132,649.43
2025-12-22,STR-003,94133,SKU-604,126,569.33
2025-12-22,STR-003,94133,SKU-701,3,82.37
2025-12-22,STR-004,94102,SKU-101,224,902.89
2025-12-22,STR-004,94102,SKU-102,258,1724.53
2025-12-22,STR-004,94102,SKU-103,275,1625.56
2025-12-22,STR-004,94102,SKU-104,168,1016.91
2025-12-22,STR-004,94102,SKU-105,129,472.99
2025-12-22,STR-004,94102,SKU-201,201,1220.30
2025-12-22,STR-004,94102,SKU-202,195,1153.20
2025-12-22,STR-004,94102,SKU-203,243,741.64
2025-12-22,STR-004,94102,SKU-204,85,922.69
2025-12-22,STR-004,94102,SKU-301,233,1297.08
2025-12-22,STR-004,94102,SKU-302,202,1232.80
2025-12-22,STR-004,94102,SKU-303,153,886.62
2025-12-22,STR-004,94102,SKU-304,219,1356.25
2025-12-22,STR-004,94102,SKU-401,185,1263.01
2025-12-22,STR-004,94102,SKU-402,124,805.18
2025-12-22,STR-004,94102,SKU-403,113,609.54
2025-12-22,STR-004,94102,SKU-501,22,398.18
2025-12-22,STR-004,94102,SKU-502,15,458.37
2025-12-22,STR-004,94102,SKU-503,18,379.19
2025-12-22,STR-004,94102,SKU-504,13,223.53
2025-12-22,STR-004,94102,SKU-601,107,1289.49
2025-12-22,STR-004,94102,SKU-602,96,536.03
2025-12-22,STR-004,94102,SKU-603,119,587.96
2025-12-22,STR-004,94102,SKU-604,98,464.24
2025-12-22,STR-004,94102,SKU-701,3,78.94
2025-12-22,STR-005,94118,SKU-101,252,1018.47
2025-12-22,STR-005,94118,SKU-102,402,2690.82
2025-12-22,STR-005,94118,SKU-103,259,1532.38
2025-12-22,STR-005,94118,SKU-104,216,1402.70
2025-12-22,STR-005,94118,SKU-105,191,681.02
2025-12-22,STR-005,94118,SKU-201,280,1691.88
2025-12-22,STR-005,94118,SKU-202,262,1570.24
2025-12-22,STR-005,94118,SKU-203,284,918.11
2025-12-22,STR-005,94118,SKU-204,126,1368.78
2025-12-22,STR-005,94118,SKU-301,334,1804.54
2025-12-22,STR-005,94118,SKU-302,259,1569.49
2025-12-22,STR-005,94118,SKU-303,199,1126.41
2025-12-22,STR-005,94118,SKU-304,262,1598.44
2025-12-22,STR-005,94118,SKU-401,271,1750.22
2025-12-22,STR-005,94118,SKU-402,153,981.74
2025-12-22,STR-005,94118,SKU-403,197,1047.58
2025-12-22,STR-005,94118,SKU-501,31,593.90
2025-12-22,STR-005,94118,SKU-502,19,570.57
2025-12-22,STR-005,94118,SKU-503,27,561.95
2025-12-22,STR-005,94118,SKU-504,15,257.02
2025-12-22,STR-005,94118,SKU-601,157,1822.48
2025-12-22,STR-005,94118,SKU-602,147,827.54
2025-12-22,STR-005,94118,SKU-603,182,922.97
2025-12-22,STR-005,94118,SKU-604,129,577.34
2025-12-22,STR-005,94118,SKU-701,3,78.58
2025-12-22,STR-006,94123,SKU-101,284,1183.52
2025-12-22,STR-006,94123,SKU-102,308,1967.19
2025-12-22,STR-006,94123,SKU-103,300,1831.52
2025-12-22,STR-006,94123,SKU-104,149,956.96
2025-12-22,STR-006,94123,SKU-105,136,498.58
2025-12-22,STR-006,94123,SKU-201,181,1173.21
2025-12-22,STR-006,94123,SKU-202,189,1047.68
2025-12-22,STR-006,94123,SKU-203,338,1078.08
2025-12-22,STR-006,94123,SKU-204,101,1091.19
2025-12-22,STR-006,94123,SKU-301,304,1725.60
2025-12-22,STR-006,94123,SKU-302,224,1309.42
2025-12-22,STR-006,94123,SKU-303,176,1035.52
2025-12-22,STR-006,94123,SKU-304,188,1162.63
2025-12-22,STR-006,94123,SKU-401,190,1228.76
2025-12-22,STR-006,94123,SKU-402,103,652.82
2025-12-22,STR-006,94123,SKU-403,164,859.31
2025-12-22,STR-006,94123,SKU-501,23,430.83
2025-12-22,STR-006,94123,SKU-502,12,382.17
2025-12-22,STR-006,94123,SKU-503,17,370.62
2025-12-22,STR-006,94123,SKU-504,12,203.33
2025-12-22,STR-006,94123,SKU-601,144,1712.16
2025-12-22,STR-006,94123,SKU-602,97,538.05
2025-12-22,STR-006,94123,SKU-603,120,615.27
2025-12-22,STR-006,94123,SKU-604,132,603.49
2025-12-22,STR-006,94123,SKU-701,3,78.49
2025-12-15,STR-001,94103,SKU-101,249,1019.54
2025-12-15,STR-001,94103,SKU-102,339,2235.39
2025-12-15,STR-001,94103,SKU-103,361,2213.21
2025-12-15,STR-001,94103,SKU-104,200,1236.38
2025-12-15,STR-001,94103,SKU-105,182,655.16
2025-12-15,STR-001,94103,SKU-201,236,1520.87
2025-12-15,STR-001,94103,SKU-202,206,1144.60
2025-12-15,STR-001,94103,SKU-203,310,947.55
2025-12-15,STR-001,94103,SKU-204,114,1261.42
2025-12-15,STR-001,94103,SKU-301,321,1837.58
2025-12-15,STR-001,94103,SKU-302,214,1328.74
2025-12-15,STR-001,94103,SKU-303,166,972.71
2025-12-15,STR-001,94103,SKU-304,216,1393.09
2025-12-15,STR-001,94103,SKU-401,179,1206.26
2025-12-15,STR-001,94103,SKU-402,117,776.08
2025-12-15,STR-001,94103,SKU-403,160,875.07
2025-12-15,STR-001,94103,SKU-501,27,524.63
2025-12-15,STR-001,94103,SKU-502,17,531.99
2025-12-15,STR-001,94103,SKU-503,25,546.34
2025-12-15,STR-001,94103,SKU-504,11,197.67
2025-12-15,STR-001,94103,SKU-601,143,1667.69
2025-12-15,STR-001,94103,SKU-602,129,720.52
2025-12-15,STR-001,94103,SKU-603,134,689.04
2025-12-15,STR-001,94103,SKU-604,127,558.46
2025-12-15,STR-001,94103,SKU-701,3,78.80
2025-12-15,STR-002,94110,SKU-101,368,1557.03
2025-12-15,STR-002,94110,SKU-102,472,3134.48
2025-12-15,STR-002,94110,SKU-103,459,2700.42
2025-12-15,STR-002,94110,SKU-104,217,1397.51
2025-12-15,STR-002,94110,SKU-105,203,726.32
2025-12-15,STR-002,94110,SKU-201,320,1929.46
2025-12-15,STR-002,94110,SKU-202,223,1334.38
2025-12-15,STR-002,94110,SKU-203,455,1474.39
2025-12-15,STR-002,94110,SKU-204,157,1781.97
2025-12-15,STR-002,94110,SKU-301,403,2142.13
2025-12-15,STR-002,94110,SKU-302,297,1743.22
2025-12-15,STR-002,94110,SKU-303,214,1257.21
2025-12-15,STR-002,94110,SKU-304,310,1963.27
2025-12-15,STR-002,94110,SKU-401,302,2048.08
2025-12-15,STR-002,94110,SKU-402,155,1037.26
2025-12-15,STR-002,94110,SKU-403,242,1227.67
2025-12-15,STR-002,94110,SKU-501,34,650.73
2025-12-15,STR-002,94110,SKU-502,20,593.06
2025-12-15,STR-002,94110,SKU-503,25,537.31
2025-12-15,STR-002,94110,SKU-504,19,315.77
2025-12-15,STR-002,94110,SKU-601,196,2354.61
2025-12-15,STR-002,94110,SKU-602,143,831.14
2025-12-15,STR-002,94110,SKU-603,194,961.78
2025-12-15,STR-002,94110,SKU-604,188,837.05
2025-12-15,STR-002,94110,SKU-701,4,110.66
2025-12-15,STR-003,94133,SKU-101,231,956.53
2025-12-15,STR-003,94133,SKU-102,288,1932.58
2025-12-15,STR-003,94133,SKU-103,300,1778.38
2025-12-15,STR-003,94133,SKU-104,133,828.47
2025-12-15,STR-003,94133,SKU-105,147,512.94
2025-12-15,STR-003,94133,SKU-201,272,1668.47
2025-12-15,STR-003,94133,SKU-202,232,1301.90
2025-12-15,STR-003,94133,SKU-203,262,797.33
2025-12-15,STR-003,94133,SKU-204,107,1141.79
2025-12-15,STR-003,94133,SKU-301,250,1333.51
2025-12-15,STR-003,94133,SKU-302,233,1454.13
2025-12-15,STR-003,94133,SKU-303,194,1084.24
2025-12-15,STR-003,94133,SKU-304,257,1641.62
2025-12-15,STR-003,94133,SKU-401,235,1560.38
2025-12-15,STR-003,94133,SKU-402,136,896.00
2025-12-15,STR-003,94133,SKU-403,156,797.89
2025-12-15,STR-003,94133,SKU-501,25,474.37
2025-12-15,STR-003,94133,SKU-502,17,538.39
2025-12-15,STR-003,94133,SKU-503,17,352.68
2025-12-15,STR-003,94133,SKU-504,12,204.40
2025-12-15,STR-003,94133,SKU-601,119,1423.38
2025-12-15,STR-003,94133,SKU-602,106,607.97
2025-12-15,STR-003,94133,SKU-603,120,606.15
2025-12-15,STR-003,94133,SKU-604,115,513.30
2025-12-15,STR-003,94133,SKU-701,3,79.27
2025-12-15,STR-004,94102,SKU-101,273,1119.66
2025-12-15,STR-004,94102,SKU-102,302,1994.50
2025-12-15,STR-004,94102,SKU-103,224,1367.21
2025-12-15,STR-004,94102,SKU-104,131,833.27
2025-12-15,STR-004,94102,SKU-105,117,406.23
2025-12-15,STR-004,94102,SKU-201,160,986.77
2025-12-15,STR-004,94102,SKU-202,166,934.80
2025-12-15,STR-004,94102,SKU-203,275,879.41
2025-12-15,STR-004,94102,SKU-204,109,1177.39
2025-12-15,STR-004,94102,SKU-301,215,1187.91
2025-12-15,STR-004,94102,SKU-302,173,1055.32
2025-12-15,STR-004,94102,SKU-303,157,936.25
2025-12-15,STR-004,94102,SKU-304,194,1243.92
2025-12-15,STR-004,94102,SKU-401,209,1436.38
2025-12-15,STR-004,94102,SKU-402,120,763.63
2025-12-15,STR-004,94102,SKU-403,153,788.55
2025-12-15,STR-004,94102,SKU-501,22,405.91
2025-12-15,STR-004,94102,SKU-502,12,380.49
2025-12-15,STR-004,94102,SKU-503,22,478.01
2025-12-15,STR-004,94102,SKU-504,12,202.13
2025-12-15,STR-004,94102,SKU-601,115,1426.89
2025-12-15,STR-004,94102,SKU-602,87,500.13
2025-12-15,STR-004,94102,SKU-603,126,624.32
2025-12-15,STR-004,94102,SKU-604,123,557.07
2025-12-15,STR-004,94102,SKU-701,3,79.31
2025-12-15,STR-005,94118,SKU-101,328,1357.72
2025-12-15,STR-005,94118,SKU-102,389,2552.85
2025-12-15,STR-005,94118,SKU-103,368,2294.29
2025-12-15,STR-005,94118,SKU-104,203,1236.46
2025-12-15,STR-005,94118,SKU-105,141,490.91
2025-12-15,STR-005,94118,SKU-201,287,1819.47
2025-12-15,STR-005,94118,SKU-202,207,1150.00
2025-12-15,STR-005,94118,SKU-203,381,1205.98
2025-12-15,STR-005,94118,SKU-204,99,1126.93
2025-12-15,STR-005,94118,SKU-301,302,1687.63
2025-12-15,STR-005,94118,SKU-302,239,1417.88
2025-12-15,STR-005,94118,SKU-303,188,1069.41
2025-12-15,STR-005,94118,SKU-304,280,1768.06
2025-12-15,STR-005,94118,SKU-401,274,1832.28
2025-12-15,STR-005,94118,SKU-402,143,896.02
2025-12-15,STR-005,94118,SKU-403,198,1059.96
2025-12-15,STR-005,94118,SKU-501,32,617.18
2025-12-15,STR-005,94118,SKU-502,20,611.08
2025-12-15,STR-005,94118,SKU-503,22,461.45
2025-12-15,STR-005,94118,SKU-504,12,209.20
2025-12-15,STR-005,94118,SKU-601,124,1531.65
2025-12-15,STR-005,94118,SKU-602,116,694.99
2025-12-15,STR-005,94118,SKU-603,187,936.28
2025-12-15,STR-005,94118,SKU-604,117,525.15
2025-12-15,STR-005,94118,SKU-701,3,83.07
2025-12-15,STR-006,94123,SKU-101,206,833.90
2025-12-15,STR-006,94123,SKU-102,287,1860.75
2025-12-15,STR-006,94123,SKU-103,267,1604.93
2025-12-15,STR-006,94123,SKU-104,121,748.07
2025-12-15,STR-006,94123,SKU-105,110,404.12
2025-12-15,STR-006,94123,SKU-201,224,1378.75
2025-12-15,STR-006,94123,SKU-202,188,1076.11
2025-12-15,STR-006,94123,SKU-203,288,867.74
2025-12-15,STR-006,94123,SKU-204,88,995.86
2025-12-15,STR-006,94123,SKU-301,303,1741.60
2025-12-15,STR-006,94123,SKU-302,194,1119.80
2025-12-15,STR-006,94123,SKU-303,191,1142.90
2025-12-15,STR-006,94123,SKU-304,183,1109.85
2025-12-15,STR-006,94123,SKU-401,170,1168.15
2025-12-15,STR-006,94123,SKU-402,99,655.44
2025-12-15,STR-006,94123,SKU-403,130,702.78
2025-12-15,STR-006,94123,SKU-501,22,411.18
2025-12-15,STR-006,94123,SKU-502,15,453.27
2025-12-15,STR-006,94123,SKU-503,16,331.13
2025-12-15,STR-006,94123,SKU-504,12,212.94
2025-12-15,STR-006,94123,SKU-601,128,1556.83
2025-12-15,STR-006,94123,SKU-602,105,608.88
2025-12-15,STR-006,94123,SKU-603,145,705.34
2025-12-15,STR-006,94123,SKU-604,114,513.74
2025-12-15,STR-006,94123,SKU-701,3,79.68
2025-12-08,STR-001,94103,SKU-101,291,1182.09
2025-12-08,STR-001,94103,SKU-102,361,2331.65
2025-12-08,STR-001,94103,SKU-103,254,1464.53
2025-12-08,STR-001,94103,SKU-104,199,1216.21
2025-12-08,STR-001,94103,SKU-105,172,614.01
2025-12-08,STR-001,94103,SKU-201,259,1611.75
2025-12-08,STR-001,94103,SKU-202,194,1093.90
2025-12-08,STR-001,94103,SKU-203,326,1029.72
2025-12-08,STR-001,94103,SKU-204,100,1124.73
2025-12-08,STR-001,94103,SKU-301,306,1684.81
2025-12-08,STR-001,94103,SKU-302,262,1554.42
2025-12-08,STR-001,94103,SKU-303,194,1080.10
2025-12-08,STR-001,94103,SKU-304,196,1254.73
2025-12-08,STR-001,94103,SKU-401,210,1410.98
2025-12-08,STR-001,94103,SKU-402,123,780.19
2025-12-08,STR-001,94103,SKU-403,139,716.45
2025-12-08,STR-001,94103,SKU-501,31,583.90
2025-12-08,STR-001,94103,SKU-502,17,537.99
2025-12-08,STR-001,94103,SKU-503,18,390.02
2025-12-08,STR-001,94103,SKU-504,15,250.50
2025-12-08,STR-001,94103,SKU-601,127,1511.23
2025-12-08,STR-001,94103,SKU-602,125,690.53
2025-12-08,STR-001,94103,SKU-603,159,786.68
2025-12-08,STR-001,94103,SKU-604,122,540.03
2025-12-08,STR-001,94103,SKU-701,2,52.14
2025-12-08,STR-002,94110,SKU-101,376,1488.10
2025-12-08,STR-002,94110,SKU-102,387,2517.86
2025-12-08,STR-002,94110,SKU-103,445,2590.79
2025-12-08,STR-002,94110,SKU-104,189,1152.34
2025-12-08,STR-002,94110,SKU-105,179,665.31
2025-12-08,STR-002,94110,SKU-201,336,2059.59
2025-12-08,STR-002,94110,SKU-202,300,1700.30
2025-12-08,STR-002,94110,SKU-203,416,1252.12
2025-12-08,STR-002,94110,SKU-204,157,1661.96
2025-12-08,STR-002,94110,SKU-301,356,1903.49
2025-12-08,STR-002,94110,SKU-302,328,1950.92
2025-12-08,STR-002,94110,SKU-303,195,1135.21
2025-12-08,STR-002,94110,SKU-304,339,2161.95
2025-12-08,STR-002,94110,SKU-401,297,1950.07
2025-12-08,STR-002,94110,SKU-402,156,983.88
2025-12-08,STR-002,94110,SKU-403,184,937.12
2025-12-08,STR-002,94110,SKU-501,33,615.74
2025-12-08,STR-002,94110,SKU-502,17,516.91
2025-12-08,STR-002,94110,SKU-503,28,596.87
2025-12-08,STR-002,94110,SKU-504,16,272.65
2025-12-08,STR-002,94110,SKU-601,150,1741.05
2025-12-08,STR-002,94110,SKU-602,139,814.82
2025-12-08,STR-002,94110,SKU-603,181,921.19
2025-12-08,STR-002,94110,SKU-604,179,787.32
2025-12-08,STR-002,94110,SKU-701,5,133.46
2025-12-08,STR-003,94133,SKU-101,284,1110.97
2025-12-08,STR-003,94133,SKU-102,274,1703.99
2025-12-08,STR-003,94133,SKU-103,276,1668.27
2025-12-08,STR-003,94133,SKU-104,183,1138.40
2025-12-08,STR-003,94133,SKU-105,166,596.27
2025-12-08,STR-003,94133,SKU-201,247,1601.80
2025-12-08,STR-003,94133,SKU-202,183,1074.10
2025-12-08,STR-003,94133,SKU-203,303,927.81
2025-12-08,STR-003,94133,SKU-204,106,1165.72
2025-12-08,STR-003,94133,SKU-301,250,1353.89
2025-12-08,STR-003,94133,SKU-302,223,1314.62
2025-12-08,STR-003,94133,SKU-303,207,1150.54
2025-12-08,STR-003,94133,SKU-304,190,1222.85
2025-12-08,STR-003,94133,SKU-401,229,1539.81
2025-12-08,STR-003,94133,SKU-402,117,789.54
2025-12-08,STR-003,94133,SKU-403,148,785.27
2025-12-08,STR-003,94133,SKU-501,29,533.44
2025-12-08,STR-003,94133,SKU-502,14,444.73
2025-12-08,STR-003,94133,SKU-503,23,473.55
2025-12-08,STR-003,94133,SKU-504,12,204.91
2025-12-08,STR-003,94133,SKU-601,115,1354.15
2025-12-08,STR-003,94133,SKU-602,97,574.96
2025-12-08,STR-003,94133,SKU-603,161,821.35
2025-12-08,STR-003,94133,SKU-604,140,615.06
2025-12-08,STR-003,94133,SKU-701,3,77.94
2025-12-08,STR-004,94102,SKU-101,273,1078.74
2025-12-08,STR-004,94102,SKU-102,217,1370.77
2025-12-08,STR-004,94102,SKU-103,270,1629.57
2025-12-08,STR-004,94102,SKU-104,120,726.15
2025-12-08,STR-004,94102,SKU-105,117,418.88
2025-12-08,STR-004,94102,SKU-201,195,1248.72
2025-12-08,STR-004,94102,SKU-202,170,1006.02
2025-12-08,STR-004,94102,SKU-203,301,933.75
2025-12-08,STR-004,94102,SKU-204,81,894.58
2025-12-08,STR-004,94102,SKU-301,222,1184.32
2025-12-08,STR-004,94102,SKU-302,190,1180.74
2025-12-08,STR-004,94102,SKU-303,159,877.78
2025-12-08,STR-004,94102,SKU-304,187,1211.81
2025-12-08,STR-004,94102,SKU-401,178,1216.34
2025-12-08,STR-004,94102,SKU-402,119,741.92
2025-12-08,STR-004,94102,SKU-403,146,774.09
2025-12-08,STR-004,94102,SKU-501,22,419.17
2025-12-08,STR-004,94102,SKU-502,13,396.79
2025-12-08,STR-004,94102,SKU-503,21,444.91
2025-12-08,STR-004,94102,SKU-504,9,151.49
2025-12-08,STR-004,94102,SKU-601,107,1333.06
2025-12-08,STR-004,94102,SKU-602,91,521.08
2025-12-08,STR-004,94102,SKU-603,104,541.17
2025-12-08,STR-004,94102,SKU-604,123,583.01
2025-12-08,STR-004,94102,SKU-701,3,81.99
2025-12-08,STR-005,94118,SKU-101,329,1332.28
2025-12-08,STR-005,94118,SKU-102,364,2338.50
2025-12-08,STR-005,94118,SKU-103,261,1526.96
2025-12-08,STR-005,94118,SKU-104,183,1172.52
2025-12-08,STR-005,94118,SKU-105,135,502.61
2025-12-08,STR-005,94118,SKU-201,235,1444.34
2025-12-08,STR-005,94118,SKU-202,235,1371.01
2025-12-08,STR-005,94118,SKU-203,386,1211.32
2025-12-08,STR-005,94118,SKU-204,116,1278.22
2025-12-08,STR-005,94118,SKU-301,306,1688.87
2025-12-08,STR-005,94118,SKU-302,285,1696.60
2025-12-08,STR-005,94118,SKU-303,217,1250.89
2025-12-08,STR-005,94118,SKU-304,201,1279.54
2025-12-08,STR-005,94118,SKU-401,190,1239.54
2025-12-08,STR-005,94118,SKU-402,132,848.30
2025-12-08,STR-005,94118,SKU-403,200,1041.80
2025-12-08,STR-005,94118,SKU-501,37,695.32
2025-12-08,STR-005,94118,SKU-502,18,565.64
2025-12-08,STR-005,94118,SKU-503,23,478.96
2025-12-08,STR-005,94118,SKU-504,15,248.73
2025-12-08,STR-005,94118,SKU-601,148,1833.07
2025-12-08,STR-005,94118,SKU-602,117,651.49
2025-12-08,STR-005,94118,SKU-603,183,905.98
2025-12-08,STR-005,94118,SKU-604,121,546.74
2025-12-08,STR-005,94118,SKU-701,3,82.23
2025-12-08,STR-006,94123,SKU-101,261,1061.03
2025-12-08,STR-006,94123,SKU-102,269,1686.06
2025-12-08,STR-006,94123,SKU-103,269,1676.79
2025-12-08,STR-006,94123,SKU-104,131,824.00
2025-12-08,STR-006,94123,SKU-105,150,517.98
2025-12-08,STR-006,94123,SKU-201,249,1595.87
2025-12-08,STR-006,94123,SKU-202,197,1129.40
2025-12-08,STR-006,94123,SKU-203,305,956.12
2025-12-08,STR-006,94123,SKU-204,111,1222.32
2025-12-08,STR-006,94123,SKU-301,285,1533.46
2025-12-08,STR-006,94123,SKU-302,174,1083.32
2025-12-08,STR-006,94123,SKU-303,140,776.50
2025-12-08,STR-006,94123,SKU-304,227,1449.67
2025-12-08,STR-006,94123,SKU-401,209,1365.34
2025-12-08,STR-006,94123,SKU-402,101,640.29
2025-12-08,STR-006,94123,SKU-403,150,787.51
2025-12-08,STR-006,94123,SKU-501,24,450.29
2025-12-08,STR-006,94123,SKU-502,16,495.31
2025-12-08,STR-006,94123,SKU-503,17,355.11
2025-12-08,STR-006,94123,SKU-504,9,160.19
2025-12-08,STR-006,94123,SKU-601,100,1177.15
2025-12-08,STR-006,94123,SKU-602,105,605.13
2025-12-08,STR-006,94123,SKU-603,148,763.09
2025-12-08,STR-006,94123,SKU-604,97,459.27
2025-12-08,STR-006,94123,SKU-701,3,81.87
2025-12-01,STR-001,94103,SKU-101,232,952.54
2025-12-01,STR-001,94103,SKU-102,358,2227.42
2025-12-01,STR-001,94103,SKU-103,331,1913.62
2025-12-01,STR-001,94103,SKU-104,151,950.34
2025-12-01,STR-001,94103,SKU-105,164,602.57
2025-12-01,STR-001,94103,SKU-201,248,1504.36
2025-12-01,STR-001,94103,SKU-202,195,1147.48
2025-12-01,STR-001,94103,SKU-203,305,965.21
2025-12-01,STR-001,94103,SKU-204,133,1498.39
2025-12-01,STR-001,94103,SKU-301,299,1669.84
2025-12-01,STR-001,94103,SKU-302,260,1597.34
2025-12-01,STR-001,94103,SKU-303,228,1267.59
2025-12-01,STR-001,94103,SKU-304,267,1660.52
2025-12-01,STR-001,94103,SKU-401,234,1529.42
2025-12-01,STR-001,94103,SKU-402,139,868.47
2025-12-01,STR-001,94103,SKU-403,199,1062.32
2025-12-01,STR-001,94103,SKU-501,25,484.33
2025-12-01,STR-001,94103,SKU-502,16,506.04
2025-12-01,STR-001,94103,SKU-503,25,541.10
2025-12-01,STR-001,94103,SKU-504,15,251.32
2025-12-01,STR-001,94103,SKU-601,145,1780.44
2025-12-01,STR-001,94103,SKU-602,111,645.61
2025-12-01,STR-001,94103,SKU-603,162,783.07
2025-12-01,STR-001,94103,SKU-604,125,560.93
2025-12-01,STR-001,94103,SKU-701,3,80.88
2025-12-01,STR-002,94110,SKU-101,361,1486.51
2025-12-01,STR-002,94110,SKU-102,343,2163.77
2025-12-01,STR-002,94110,SKU-103,381,2202.20
2025-12-01,STR-002,94110,SKU-104,246,1519.63
2025-12-01,STR-002,94110,SKU-105,210,750.03
2025-12-01,STR-002,94110,SKU-201,351,2142.82
2025-12-01,STR-002,94110,SKU-202,250,1481.33
2025-12-01,STR-002,94110,SKU-203,355,1083.05
2025-12-01,STR-002,94110,SKU-204,165,1835.19
2025-12-01,STR-002,94110,SKU-301,388,2190.20
2025-12-01,STR-002,94110,SKU-302,285,1693.45
2025-12-01,STR-002,94110,SKU-303,284,1681.19
2025-12-01,STR-002,94110,SKU-304,324,2082.29
2025-12-01,STR-002,94110,SKU-401,319,2133.07
2025-12-01,STR-002,94110,SKU-402,195,1258.20
2025-12-01,STR-002,94110,SKU-403,245,1268.42
2025-12-01,STR-002,94110,SKU-501,39,754.72
2025-12-01,STR-002,94110,SKU-502,20,598.50
2025-12-01,STR-002,94110,SKU-503,28,592.70
2025-12-01,STR-002,94110,SKU-504,14,233.33
2025-12-01,STR-002,94110,SKU-601,196,2383.19
2025-12-01,STR-002,94110,SKU-602,145,858.14
2025-12-01,STR-002,94110,SKU-603,213,1043.80
2025-12-01,STR-002,94110,SKU-604,169,788.71
2025-12-01,STR-002,94110,SKU-701,4,105.70
2025-12-01,STR-003,94133,SKU-101,311,1217.83
2025-12-01,STR-003,94133,SKU-102,284,1816.47
2025-12-01,STR-003,94133,SKU-103,289,1741.26
2025-12-01,STR-003,94133,SKU-104,140,896.11
2025-12-01,STR-003,94133,SKU-105,117,431.72
2025-12-01,STR-003,94133,SKU-201,207,1292.21
2025-12-01,STR-003,94133,SKU-202,182,1089.01
2025-12-01,STR-003,94133,SKU-203,322,1024.85
2025-12-01,STR-003,94133,SKU-204,105,1196.40
2025-12-01,STR-003,94133,SKU-301,277,1533.22
2025-12-01,STR-003,94133,SKU-302,175,1079.14
2025-12-01,STR-003,94133,SKU-303,175,1045.23
2025-12-01,STR-003,94133,SKU-304,199,1206.63
2025-12-01,STR-003,94133,SKU-401,243,1661.26
2025-12-01,STR-003,94133,SKU-402,107,714.59
2025-12-01,STR-003,94133,SKU-403,139,729.80
2025-12-01,STR-003,94133,SKU-501,31,592.94
2025-12-01,STR-003,94133,SKU-502,13,412.47
2025-12-01,STR-003,94133,SKU-503,19,407.34
2025-12-01,STR-003,94133,SKU-504,14,245.03
2025-12-01,STR-003,94133,SKU-601,134,1605.70
2025-12-01,STR-003,94133,SKU-602,126,707.37
2025-12-01,STR-003,94133,SKU-603,123,607.03
2025-12-01,STR-003,94133,SKU-604,119,524.34
2025-12-01,STR-003,94133,SKU-701,3,82.34
2025-12-01,STR-004,94102,SKU-101,251,992.19
2025-12-01,STR-004,94102,SKU-102,281,1836.05
2025-12-01,STR-004,94102,SKU-103,205,1236.24
2025-12-01,STR-004,94102,SKU-104,134,846.40
2025-12-01,STR-004,94102,SKU-105,100,370.52
2025-12-01,STR-004,94102,SKU-201,203,1253.39
2025-12-01,STR-004,94102,SKU-202,153,885.06
2025-12-01,STR-004,94102,SKU-203,246,779.58
2025-12-01,STR-004,94102,SKU-204,87,946.90
2025-12-01,STR-004,94102,SKU-301,285,1538.24
2025-12-01,STR-004,94102,SKU-302,157,964.90
2025-12-01,STR-004,94102,SKU-303,136,811.48
2025-12-01,STR-004,94102,SKU-304,206,1264.41
2025-12-01,STR-004,94102,SKU-401,182,1264.21
2025-12-01,STR-004,94102,SKU-402,103,693.46
2025-12-01,STR-004,94102,SKU-403,122,618.88
2025-12-01,STR-004,94102,SKU-501,23,427.82
2025-12-01,STR-004,94102,SKU-502,11,351.89
2025-12-01,STR-004,94102,SKU-503,17,358.41
2025-12-01,STR-004,94102,SKU-504,9,153.24
2025-12-01,STR-004,94102,SKU-601,101,1224.10
2025-12-01,STR-004,94102,SKU-602,100,573.00
2025-12-01,STR-004,94102,SKU-603,145,743.25
2025-12-01,STR-004,94102,SKU-604,123,549.99
2025-12-01,STR-004,94102,SKU-701,2,53.87
2025-12-01,STR-005,94118,SKU-101,343,1363.01
2025-12-01,STR-005,94118,SKU-102,325,2123.88
2025-12-01,STR-005,94118,SKU-103,278,1699.74
2025-12-01,STR-005,94118,SKU-104,180,1085.96
2025-12-01,STR-005,94118,SKU-105,127,446.31
2025-12-01,STR-005,94118,SKU-201,213,1370.51
2025-12-01,STR-005,94118,SKU-202,267,1600.56
2025-12-01,STR-005,94118,SKU-203,387,1243.10
2025-12-01,STR-005,94118,SKU-204,96,1045.02
2025-12-01,STR-005,94118,SKU-301,303,1693.24
2025-12-01,STR-005,94118,SKU-302,290,1734.74
2025-12-01,STR-005,94118,SKU-303,173,989.69
2025-12-01,STR-005,94118,SKU-304,297,1827.26
2025-12-01,STR-005,94118,SKU-401,181,1183.45
2025-12-01,STR-005,94118,SKU-402,132,877.05
2025-12-01,STR-005,94118,SKU-403,153,835.14
2025-12-01,STR-005,94118,SKU-501,37,708.30
2025-12-01,STR-005,94118,SKU-502,17,532.81
2025-12-01,STR-005,94118,SKU-503,19,389.96
2025-12-01,STR-005,94118,SKU-504,14,243.45
2025-12-01,STR-005,94118,SKU-601,117,1389.97
2025-12-01,STR-005,94118,SKU-602,113,647.62
2025-12-01,STR-005,94118,SKU-603,190,955.74
2025-12-01,STR-005,94118,SKU-604,118,552.32
2025-12-01,STR-005,94118,SKU-701,3,82.70
2025-12-01,STR-006,94123,SKU-101,208,871.80
2025-12-01,STR-006,94123,SKU-102,233,1503.72
2025-12-01,STR-006,94123,SKU-103,251,1492.35
2025-12-01,STR-006,94123,SKU-104,141,849.26
2025-12-01,STR-006,94123,SKU-105,134,462.54
2025-12-01,STR-006,94123,SKU-201,251,1599.68
2025-12-01,STR-006,94123,SKU-202,176,990.62
2025-12-01,STR-006,94123,SKU-203,245,781.51
2025-12-01,STR-006,94123,SKU-204,83,901.49
2025-12-01,STR-006,94123,SKU-301,243,1384.05
2025-12-01,STR-006,94123,SKU-302,188,1123.75
2025-12-01,STR-006,94123,SKU-303,149,838.60
2025-12-01,STR-006,94123,SKU-304,239,1465.35
2025-12-01,STR-006,94123,SKU-401,218,1437.09
2025-12-01,STR-006,94123,SKU-402,113,734.11
2025-12-01,STR-006,94123,SKU-403,170,933.31
2025-12-01,STR-006,94123,SKU-501,21,395.35
2025-12-01,STR-006,94123,SKU-502,12,368.51
2025-12-01,STR-006,94123,SKU-503,16,330.80
2025-12-01,STR-006,94123,SKU-504,10,172.29
2025-12-01,STR-006,94123,SKU-601,115,1367.23
2025-12-01,STR-006,94123,SKU-602,125,702.52
2025-12-01,STR-006,94123,SKU-603,130,680.23
2025-12-01,STR-006,94123,SKU-604,118,521.00
2025-12-01,STR-006,94123,SKU-701,3,82.80
2025-11-24,STR-001,94103,SKU-101,231,969.82
2025-11-24,STR-001,94103,SKU-102,292,1819.27
2025-11-24,STR-001,94103,SKU-103,241,1411.59
2025-11-24,STR-001,94103,SKU-104,189,1190.99
2025-11-24,STR-001,94103,SKU-105,162,605.65
2025-11-24,STR-001,94103,SKU-201,272,1688.14
2025-11-24,STR-001,94103,SKU-202,209,1198.32
2025-11-24,STR-001,94103,SKU-203,269,857.16
2025-11-24,STR-001,94103,SKU-204,103,1158.45
2025-11-24,STR-001,94103,SKU-301,325,1799.10
2025-11-24,STR-001,94103,SKU-302,246,1494.52
2025-11-24,STR-001,94103,SKU-303,210,1169.30
2025-11-24,STR-001,94103,SKU-304,235,1513.98
2025-11-24,STR-001,94103,SKU-401,221,1473.79
2025-11-24,STR-001,94103,SKU-402,110,706.81
2025-11-24,STR-001,94103,SKU-403,192,1051.52
2025-11-24,STR-001,94103,SKU-501,27,495.01
2025-11-24,STR-001,94103,SKU-502,15,478.66
2025-11-24,STR-001,94103,SKU-503,23,485.03
2025-11-24,STR-001,94103,SKU-504,14,240.65
2025-11-24,STR-001,94103,SKU-601,114,1319.65
2025-11-24,STR-001,94103,SKU-602,101,568.28
2025-11-24,STR-001,94103,SKU-603,182,906.43
2025-11-24,STR-001,94103,SKU-604,145,665.94
2025-11-24,STR-001,94103,SKU-701,3,79.50
2025-11-24,STR-002,94110,SKU-101,365,1541.94
2025-11-24,STR-002,94110,SKU-102,382,2431.30
2025-11-24,STR-002,94110,SKU-103,438,2627.73
2025-11-24,STR-002,94110,SKU-104,223,1431.61
2025-11-24,STR-002,94110,SKU-105,170,625.47
2025-11-24,STR-002,94110,SKU-201,255,1603.03
2025-11-24,STR-002,94110,SKU-202,266,1524.50
2025-11-24,STR-002,94110,SKU-203,443,1367.28
2025-11-24,STR-002,94110,SKU-204,141,1617.80
2025-11-24,STR-002,94110,SKU-301,417,2350.40
2025-11-24,STR-002,94110,SKU-302,270,1623.79
2025-11-24,STR-002,94110,SKU-303,246,1448.95
2025-11-24,STR-002,94110,SKU-304,295,1846.67
2025-11-24,STR-002,94110,SKU-401,315,2183.62
2025-11-24,STR-002,94110,SKU-402,146,970.75
2025-11-24,STR-002,94110,SKU-403,249,1338.76
2025-11-24,STR-002,94110,SKU-501,40,750.69
2025-11-24,STR-002,94110,SKU-502,17,539.66
2025-11-24,STR-002,94110,SKU-503,26,556.58
2025-11-24,STR-002,94110,SKU-504,16,280.54
2025-11-24,STR-002,94110,SKU-601,209,2416.06
2025-11-24,STR-002,94110,SKU-602,130,718.71
2025-11-24,STR-002,94110,SKU-603,195,985.95
2025-11-24,STR-002,94110,SKU-604,181,847.52
2025-11-24,STR-002,94110,SKU-701,4,110.68
2025-11-24,STR-003,94133,SKU-101,286,1144.59
2025-11-24,STR-003,94133,SKU-102,298,1991.05
2025-11-24,STR-003,94133,SKU-103,264,1557.38
2025-11-24,STR-003,94133,SKU-104,163,988.97
2025-11-24,STR-003,94133,SKU-105,134,466.45
2025-11-24,STR-003,94133,SKU-201,203,1290.14
2025-11-24,STR-003,94133,SKU-202,201,1143.43
2025-11-24,STR-003,94133,SKU-203,250,806.53
2025-11-24,STR-003,94133,SKU-204,116,1244.00
2025-11-24,STR-003,94133,SKU-301,285,1544.20
2025-11-24,STR-003,94133,SKU-302,217,1315.01
2025-11-24,STR-003,94133,SKU-303,162,953.15
2025-11-24,STR-003,94133,SKU-304,228,1476.91
2025-11-24,STR-003,94133,SKU-401,174,1204.82
2025-11-24,STR-003,94133,SKU-402,133,895.01
2025-11-24,STR-003,94133,SKU-403,160,877.16
2025-11-24,STR-003,94133,SKU-501,24,466.26
2025-11-24,STR-003,94133,SKU-502,12,355.90
2025-11-24,STR-003,94133,SKU-503,25,522.31
2025-11-24,STR-003,94133,SKU-504,12,205.37
2025-11-24,STR-003,94133,SKU-601,148,1764.56
2025-11-24,STR-003,94133,SKU-602,100,595.25
2025-11-24,STR-003,94133,SKU-603,159,832.01
2025-11-24,STR-003,94133,SKU-604,122,555.55
2025-11-24,STR-003,94133,SKU-701,3,82.71
2025-11-24,STR-004,94102,SKU-101,214,874.92
2025-11-24,STR-004,94102,SKU-102,211,1401.28
2025-11-24,STR-004,94102,SKU-103,237,1444.75
2025-11-24,STR-004,94102,SKU-104,158,1001.38
2025-11-24,STR-004,94102,SKU-105,143,532.81
2025-11-24,STR-004,94102,SKU-201,220,1382.28
2025-11-24,STR-004,94102,SKU-202,181,1005.35
2025-11-24,STR-004,94102,SKU-203,244,753.48
2025-11-24,STR-004,94102,SKU-204,105,1125.86
2025-11-24,STR-004,94102,SKU-301,228,1259.77
2025-11-24,STR-004,94102,SKU-302,191,1128.66
2025-11-24,STR-004,94102,SKU-303,164,931.42
2025-11-24,STR-004,94102,SKU-304,187,1178.11
2025-11-24,STR-004,94102,SKU-401,155,1054.76
2025-11-24,STR-004,94102,SKU-402,116,741.46
2025-11-24,STR-004,94102,SKU-403,127,668.07
2025-11-24,STR-004,94102,SKU-501,28,540.42
2025-11-24,STR-004,94102,SKU-502,11,339.12
2025-11-24,STR-004,94102,SKU-503,15,313.67
2025-11-24,STR-004,94102,SKU-504,12,199.52
2025-11-24,STR-004,94102,SKU-601,127,1492.78
2025-11-24,STR-004,94102,SKU-602,86,484.27
2025-11-24,STR-004,94102,SKU-603,102,505.07
2025-11-24,STR-004,94102,SKU-604,111,508.15
2025-11-24,STR-004,94102,SKU-701,3,81.42
2025-11-24,STR-005,94118,SKU-101,316,1241.39
2025-11-24,STR-005,94118,SKU-102,284,1853.02
2025-11-24,STR-005,94118,SKU-103,333,2011.04
2025-11-24,STR-005,94118,SKU-104,204,1225.33
2025-11-24,STR-005,94118,SKU-105,172,640.97
2025-11-24,STR-005,94118,SKU-201,262,1623.89
2025-11-24,STR-005,94118,SKU-202,229,1346.39
2025-11-24,STR-005,94118,SKU-203,403,1276.75
2025-11-24,STR-005,94118,SKU-204,100,1099.96
2025-11-24,STR-005,94118,SKU-301,286,1533.59
2025-11-24,STR-005,94118,SKU-302,280,1650.04
2025-11-24,STR-005,94118,SKU-303,197,1128.52
2025-11-24,STR-005,94118,SKU-304,215,1346.91
2025-11-24,STR-005,94118,SKU-401,186,1297.26
2025-11-24,STR-005,94118,SKU-402,142,882.81
2025-11-24,STR-005,94118,SKU-403,151,776.67
2025-11-24,STR-005,94118,SKU-501,36,658.36
2025-11-24,STR-005,94118,SKU-502,17,523.28
2025-11-24,STR-005,94118,SKU-503,22,476.58
2025-11-24,STR-005,94118,SKU-504,13,225.10
2025-11-24,STR-005,94118,SKU-601,138,1614.64
2025-11-24,STR-005,94118,SKU-602,123,716.87
2025-11-24,STR-005,94118,SKU-603,169,881.51
2025-11-24,STR-005,94118,SKU-604,116,530.20
2025-11-24,STR-005,94118,SKU-701,3,79.09
2025-11-24,STR-006,94123,SKU-101,278,1141.91
2025-11-24,STR-006,94123,SKU-102,317,2137.85
2025-11-24,STR-006,94123,SKU-103,294,1806.33
2025-11-24,STR-006,94123,SKU-104,157,991.81
2025-11-24,STR-006,94123,SKU-105,131,462.34
2025-11-24,STR-006,94123,SKU-201,182,1160.15
2025-11-24,STR-006,94123,SKU-202,163,922.59
2025-11-24,STR-006,94123,SKU-203,292,941.70
2025-11-24,STR-006,94123,SKU-204,106,1137.82
2025-11-24,STR-006,94123,SKU-301,245,1312.23
2025-11-24,STR-006,94123,SKU-302,187,1090.20
2025-11-24,STR-006,94123,SKU-303,193,1151.39
2025-11-24,STR-006,94123,SKU-304,222,1400.02
2025-11-24,STR-006,94123,SKU-401,165,1128.52
2025-11-24,STR-006,94123,SKU-402,120,807.05
2025-11-24,STR-006,94123,SKU-403,164,842.48
2025-11-24,STR-006,94123,SKU-501,28,514.96
2025-11-24,STR-006,94123,SKU-502,11,326.47
2025-11-24,STR-006,94123,SKU-503,22,477.57
2025-11-24,STR-006,94123,SKU-504,12,213.51
2025-11-24,STR-006,94123,SKU-601,113,1337.02
2025-11-24,STR-006,94123,SKU-602,107,596.65
2025-11-24,STR-006,94123,SKU-603,161,815.53
2025-11-24,STR-006,94123,SKU-604,132,621.46
2025-11-24,STR-006,94123,SKU-701,3,77.94
2025-11-17,STR-001,94103,SKU-101,238,964.24
2025-11-17,STR-001,94103,SKU-102,298,1877.98
2025-11-17,STR-001,94103,SKU-103,280,1740.65
2025-11-17,STR-001,94103,SKU-104,182,1137.77
2025-11-17,STR-001,94103,SKU-105,171,597.43
2025-11-17,STR-001,94103,SKU-201,284,1807.97
2025-11-17,STR-001,94103,SKU-202,249,1478.25
2025-11-17,STR-001,94103,SKU-203,336,1030.60
2025-11-17,STR-001,94103,SKU-204,98,1103.16
2025-11-17,STR-001,94103,SKU-301,313,1770.70
2025-11-17,STR-001,94103,SKU-302,244,1482.70
2025-11-17,STR-001,94103,SKU-303,197,1117.70
2025-11-17,STR-001,94103,SKU-304,225,1390.20
2025-11-17,STR-001,94103,SKU-401,186,1208.40
2025-11-17,STR-001,94103,SKU-402,145,902.62
2025-11-17,STR-001,94103,SKU-403,186,986.24
2025-11-17,STR-001,94103,SKU-501,33,599.47
2025-11-17,STR-001,94103,SKU-502,19,574.91
2025-11-17,STR-001,94103,SKU-503,27,555.29
2025-11-17,STR-001,94103,SKU-504,15,259.69
2025-11-17,STR-001,94103,SKU-601,160,1844.17
2025-11-17,STR-001,94103,SKU-602,147,845.95
2025-11-17,STR-001,94103,SKU-603,128,648.48
2025-11-17,STR-001,94103,SKU-604,126,566.89
2025-11-17,STR-001,94103,SKU-701,3,83.98
2025-11-17,STR-002,94110,SKU-101,381,1580.26
2025-11-17,STR-002,94110,SKU-102,437,2861.90
2025-11-17,STR-002,94110,SKU-103,388,2405.42
2025-11-17,STR-002,94110,SKU-104,179,1110.14
2025-11-17,STR-002,94110,SKU-105,202,722.11
2025-11-17,STR-002,94110,SKU-201,262,1690.33
2025-11-17,STR-002,94110,SKU-202,276,1565.23
2025-11-17,STR-002,94110,SKU-203,361,1152.98
2025-11-17,STR-002,94110,SKU-204,125,1341.25
2025-11-17,STR-002,94110,SKU-301,337,1825.14
2025-11-17,STR-002,94110,SKU-302,333,1950.27
2025-11-17,STR-002,94110,SKU-303,212,1170.93
2025-11-17,STR-002,94110,SKU-304,316,1924.64
2025-11-17,STR-002,94110,SKU-401,270,1852.58
2025-11-17,STR-002,94110,SKU-402,182,1211.67
2025-11-17,STR-002,94110,SKU-403,210,1124.16
2025-11-17,STR-002,94110,SKU-501,45,876.71
2025-11-17,STR-002,94110,SKU-502,19,604.30
2025-11-17,STR-002,94110,SKU-503,31,637.47
2025-11-17,STR-002,94110,SKU-504,20,346.27
2025-11-17,STR-002,94110,SKU-601,207,2508.21
2025-11-17,STR-002,94110,SKU-602,169,1007.02
2025-11-17,STR-002,94110,SKU-603,222,1145.10
2025-11-17,STR-002,94110,SKU-604,131,617.10
2025-11-17,STR-002,94110,SKU-701,4,105.43
2025-11-17,STR-003,94133,SKU-101,252,1037.89
2025-11-17,STR-003,94133,SKU-102,291,1923.88
2025-11-17,STR-003,94133,SKU-103,274,1647.96
2025-11-17,STR-003,94133,SKU-104,171,1078.21
2025-11-17,STR-003,94133,SKU-105,133,479.82
2025-11-17,STR-003,94133,SKU-201,258,1562.12
2025-11-17,STR-003,94133,SKU-202,231,1325.64
2025-11-17,STR-003,94133,SKU-203,362,1152.60
2025-11-17,STR-003,94133,SKU-204,107,1152.83
2025-11-17,STR-003,94133,SKU-301,281,1518.42
2025-11-17,STR-003,94133,SKU-302,261,1501.88
2025-11-17,STR-003,94133,SKU-303,198,1164.87
2025-11-17,STR-003,94133,SKU-304,193,1195.93
2025-11-17,STR-003,94133,SKU-401,214,1419.06
2025-11-17,STR-003,94133,SKU-402,98,641.89
2025-11-17,STR-003,94133,SKU-403,163,854.54
2025-11-17,STR-003,94133,SKU-501,34,628.58
2025-11-17,STR-003,94133,SKU-502,15,453.99
2025-11-17,STR-003,94133,SKU-503,18,366.24
2025-11-17,STR-003,94133,SKU-504,10,165.62
2025-11-17,STR-003,94133,SKU-601,130,1596.45
2025-11-17,STR-003,94133,SKU-602,97,562.66
2025-11-17,STR-003,94133,SKU-603,157,800.56
2025-11-17,STR-003,94133,SKU-604,145,647.20
2025-11-17,STR-003,94133,SKU-701,2,52.23
2025-11-17,STR-004,94102,SKU-101,223,891.51
2025-11-17,STR-004,94102,SKU-102,280,1843.90
2025-11-17,STR-004,94102,SKU-103,272,1674.48
2025-11-17,STR-004,94102,SKU-104,150,912.30
2025-11-17,STR-004,94102,SKU-105,98,352.41
2025-11-17,STR-004,94102,SKU-201,206,1263.98
2025-11-17,STR-004,94102,SKU-202,149,845.33
2025-11-17,STR-004,94102,SKU-203,266,823.85
2025-11-17,STR-004,94102,SKU-204,102,1153.98
2025-11-17,STR-004,94102,SKU-301,303,1725.38
2025-11-17,STR-004,94102,SKU-302,155,901.19
2025-11-17,STR-004,94102,SKU-303,185,1060.68
2025-11-17,STR-004,94102,SKU-304,215,1382.62
2025-11-17,STR-004,94102,SKU-401,197,1373.45
2025-11-17,STR-004,94102,SKU-402,87,582.65
2025-11-17,STR-004,94102,SKU-403,157,796.70
2025-11-17,STR-004,94102,SKU-501,23,422.58
2025-11-17,STR-004,94102,SKU-502,14,421.55
2025-11-17,STR-004,94102,SKU-503,16,344.74
2025-11-17,STR-004,94102,SKU-504,12,199.54
2025-11-17,STR-004,94102,SKU-601,117,1359.43
2025-11-17,STR-004,94102,SKU-602,81,481.53
2025-11-17,STR-004,94102,SKU-603,127,644.60
2025-11-17,STR-004,94102,SKU-604,86,377.30
2025-11-17,STR-004,94102,SKU-701,2,54.89
2025-11-17,STR-005,94118,SKU-101,273,1069.09
2025-11-17,STR-005,94118,SKU-102,291,1904.51
2025-11-17,STR-005,94118,SKU-103,368,2147.74
2025-11-17,STR-005,94118,SKU-104,177,1098.26
2025-11-17,STR-005,94118,SKU-105,164,597.06
2025-11-17,STR-005,94118,SKU-201,209,1250.58
2025-11-17,STR-005,94118,SKU-202,226,1345.86
2025-11-17,STR-005,94118,SKU-203,329,996.51
2025-11-17,STR-005,94118,SKU-204,128,1401.75
2025-11-17,STR-005,94118,SKU-301,337,1902.25
2025-11-17,STR-005,94118,SKU-302,262,1587.22
2025-11-17,STR-005,94118,SKU-303,246,1466.40
2025-11-17,STR-005,94118,SKU-304,217,1371.58
2025-11-17,STR-005,94118,SKU-401,264,1732.98
2025-11-17,STR-005,94118,SKU-402,121,779.46
2025-11-17,STR-005,94118,SKU-403,181,967.76
2025-11-17,STR-005,94118,SKU-501,31,587.48
2025-11-17,STR-005,94118,SKU-502,14,443.89
2025-11-17,STR-005,94118,SKU-503,21,429.27
2025-11-17,STR-005,94118,SKU-504,14,233.46
2025-11-17,STR-005,94118,SKU-601,153,1875.51
2025-11-17,STR-005,94118,SKU-602,154,917.72
2025-11-17,STR-005,94118,SKU-603,173,904.22
2025-11-17,STR-005,94118,SKU-604,158,728.57
2025-11-17,STR-005,94118,SKU-701,4,109.72
2025-11-17,STR-006,94123,SKU-101,266,1092.05
2025-11-17,STR-006,94123,SKU-102,262,1761.58
2025-11-17,STR-006,94123,SKU-103,283,1629.05
2025-11-17,STR-006,94123,SKU-104,160,992.68
2025-11-17,STR-006,94123,SKU-105,147,544.47
2025-11-17,STR-006,94123,SKU-201,188,1209.53
2025-11-17,STR-006,94123,SKU-202,171,1023.31
2025-11-17,STR-006,94123,SKU-203,302,952.89
2025-11-17,STR-006,94123,SKU-204,101,1092.19
2025-11-17,STR-006,94123,SKU-301,265,1427.41
2025-11-17,STR-006,94123,SKU-302,195,1156.79
2025-11-17,STR-006,94123,SKU-303,198,1117.80
2025-11-17,STR-006,94123,SKU-304,225,1350.68
2025-11-17,STR-006,94123,SKU-401,192,1260.57
2025-11-17,STR-006,94123,SKU-402,112,709.83
2025-11-17,STR-006,94123,SKU-403,147,807.24
2025-11-17,STR-006,94123,SKU-501,29,526.08
2025-11-17,STR-006,94123,SKU-502,12,359.44
2025-11-17,STR-006,94123,SKU-503,16,333.18
2025-11-17,STR-006,94123,SKU-504,11,192.87
2025-11-17,STR-006,94123,SKU-601,138,1613.34
2025-11-17,STR-006,94123,SKU-602,109,621.59
2025-11-17,STR-006,94123,SKU-603,154,766.88
2025-11-17,STR-006,94123,SKU-604,122,562.83
2025-11-17,STR-006,94123,SKU-701,2,53.86
2025-11-10,STR-001,94103,SKU-101,308,1275.86
2025-11-10,STR-001,94103,SKU-102,355,2371.13
2025-11-10,STR-001,94103,SKU-103,284,1644.77
2025-11-10,STR-001,94103,SKU-104,200,1235.54
2025-11-10,STR-001,94103,SKU-105,128,448.35
2025-11-10,STR-001,94103,SKU-201,243,1548.74
2025-11-10,STR-001,94103,SKU-202,249,1415.66
2025-11-10,STR-001,94103,SKU-203,389,1170.35
2025-11-10,STR-001,94103,SKU-204,95,1036.45
2025-11-10,STR-001,94103,SKU-301,349,2001.30
2025-11-10,STR-001,94103,SKU-302,253,1456.31
2025-11-10,STR-001,94103,SKU-303,223,1297.50
2025-11-10,STR-001,94103,SKU-304,307,1888.73
2025-11-10,STR-001,94103,SKU-401,215,1455.93
2025-11-10,STR-001,94103,SKU-402,135,867.81
2025-11-10,STR-001,94103,SKU-403,188,1020.10
2025-11-10,STR-001,94103,SKU-501,24,446.82
2025-11-10,STR-001,94103,SKU-502,13,392.93
2025-11-10,STR-001,94103,SKU-503,20,424.17
2025-11-10,STR-001,94103,SKU-504,14,251.82
2025-11-10,STR-001,94103,SKU-601,111,1354.00
2025-11-10,STR-001,94103,SKU-602,125,740.88
2025-11-10,STR-001,94103,SKU-603,140,718.26
2025-11-10,STR-001,94103,SKU-604,116,532.86
2025-11-10,STR-001,94103,SKU-701,3,78.06
2025-11-10,STR-002,94110,SKU-101,399,1569.24
2025-11-10,STR-002,94110,SKU-102,450,2834.30
2025-11-10,STR-002,94110,SKU-103,405,2436.04
2025-11-10,STR-002,94110,SKU-104,242,1522.12
2025-11-10,STR-002,94110,SKU-105,192,685.71
2025-11-10,STR-002,94110,SKU-201,325,2097.27
2025-11-10,STR-002,94110,SKU-202,307,1775.88
2025-11-10,STR-002,94110,SKU-203,480,1448.26
2025-11-10,STR-002,94110,SKU-204,169,1800.74
2025-11-10,STR-002,94110,SKU-301,391,2089.78
2025-11-10,STR-002,94110,SKU-302,272,1596.78
2025-11-10,STR-002,94110,SKU-303,215,1249.66
2025-11-10,STR-002,94110,SKU-304,364,2310.65
2025-11-10,STR-002,94110,SKU-401,217,1509.63
2025-11-10,STR-002,94110,SKU-402,174,1158.25
2025-11-10,STR-002,94110,SKU-403,202,1040.55
2025-11-10,STR-002,94110,SKU-501,44,844.46
2025-11-10,STR-002,94110,SKU-502,17,524.18
2025-11-10,STR-002,94110,SKU-503,30,617.60
2025-11-10,STR-002,94110,SKU-504,16,285.67
2025-11-10,STR-002,94110,SKU-601,163,1908.63
2025-11-10,STR-002,94110,SKU-602,163,956.74
2025-11-10,STR-002,94110,SKU-603,199,964.41
2025-11-10,STR-002,94110,SKU-604,183,811.69
2025-11-10,STR-002,94110,SKU-701,4,106.77
2025-11-10,STR-003,94133,SKU-101,232,916.58
2025-11-10,STR-003,94133,SKU-102,338,2252.79
2025-11-10,STR-003,94133,SKU-103,282,1754.17
2025-11-10,STR-003,94133,SKU-104,160,1013.24
2025-11-10,STR-003,94133,SKU-105,125,436.70
2025-11-10,STR-003,94133,SKU-201,249,1497.11
2025-11-10,STR-003,94133,SKU-202,225,1301.18
2025-11-10,STR-003,94133,SKU-203,335,1060.57
2025-11-10,STR-003,94133,SKU-204,89,983.48
2025-11-10,STR-003,94133,SKU-301,309,1753.63
2025-11-10,STR-003,94133,SKU-302,220,1316.33
2025-11-10,STR-003,94133,SKU-303,179,1038.73
2025-11-10,STR-003,94133,SKU-304,254,1645.42
2025-11-10,STR-003,94133,SKU-401,194,1308.54
2025-11-10,STR-003,94133,SKU-402,105,703.53
2025-11-10,STR-003,94133,SKU-403,131,669.62
2025-11-10,STR-003,94133,SKU-501,28,531.40
2025-11-10,STR-003,94133,SKU-502,16,495.05
2025-11-10,STR-003,94133,SKU-503,22,452.74
2025-11-10,STR-003,94133,SKU-504,13,224.73
2025-11-10,STR-003,94133,SKU-601,133,1643.95
2025-11-10,STR-003,94133,SKU-602,114,671.48
2025-11-10,STR-003,94133,SKU-603,149,739.23
2025-11-10,STR-003,94133,SKU-604,111,502.82
2025-11-10,STR-003,94133,SKU-701,2,53.35
2025-11-10,STR-004,94102,SKU-101,180,747.20
2025-11-10,STR-004,94102,SKU-102,219,1464.25
2025-11-10,STR-004,94102,SKU-103,257,1493.71
2025-11-10,STR-004,94102,SKU-104,124,795.43
2025-11-10,STR-004,94102,SKU-105,120,437.04
2025-11-10,STR-004,94102,SKU-201,161,976.23
2025-11-10,STR-004,94102,SKU-202,155,908.94
2025-11-10,STR-004,94102,SKU-203,296,913.22
2025-11-10,STR-004,94102,SKU-204,83,934.88
2025-11-10,STR-004,94102,SKU-301,303,1662.73
2025-11-10,STR-004,94102,SKU-302,162,962.77
2025-11-10,STR-004,94102,SKU-303,162,937.68
2025-11-10,STR-004,94102,SKU-304,214,1318.11
2025-11-10,STR-004,94102,SKU-401,172,1191.18
2025-11-10,STR-004,94102,SKU-402,95,635.86
2025-11-10,STR-004,94102,SKU-403,153,814.85
2025-11-10,STR-004,94102,SKU-501,20,369.29
2025-11-10,STR-004,94102,SKU-502,11,332.22
2025-11-10,STR-004,94102,SKU-503,15,305.22
2025-11-10,STR-004,94102,SKU-504,12,210.68
2025-11-10,STR-004,94102,SKU-601,134,1574.03
2025-11-10,STR-004,94102,SKU-602,116,684.11
2025-11-10,STR-004,94102,SKU-603,103,513.23
2025-11-10,STR-004,94102,SKU-604,106,472.58
2025-11-10,STR-004,94102,SKU-701,3,81.21
2025-11-10,STR-005,94118,SKU-101,254,1037.62
2025-11-10,STR-005,94118,SKU-102,356,2265.62
2025-11-10,STR-005,94118,SKU-103,262,1605.55
2025-11-10,STR-005,94118,SKU-104,195,1187.34
2025-11-10,STR-005,94118,SKU-105,141,522.54
2025-11-10,STR-005,94118,SKU-201,294,1909.99
2025-11-10,STR-005,94118,SKU-202,258,1451.73
2025-11-10,STR-005,94118,SKU-203,296,938.82
2025-11-10,STR-005,94118,SKU-204,116,1269.33
2025-11-10,STR-005,94118,SKU-301,360,1906.92
2025-11-10,STR-005,94118,SKU-302,231,1411.00
2025-11-10,STR-005,94118,SKU-303,248,1448.95
2025-11-10,STR-005,94118,SKU-304,246,1531.03
2025-11-10,STR-005,94118,SKU-401,215,1438.45
2025-11-10,STR-005,94118,SKU-402,116,740.52
2025-11-10,STR-005,94118,SKU-403,166,877.10
2025-11-10,STR-005,94118,SKU-501,34,649.87
2025-11-10,STR-005,94118,SKU-502,16,504.54
2025-11-10,STR-005,94118,SKU-503,22,478.26
2025-11-10,STR-005,94118,SKU-504,15,268.94
2025-11-10,STR-005,94118,SKU-601,141,1693.66
2025-11-10,STR-005,94118,SKU-602,148,840.39
2025-11-10,STR-005,94118,SKU-603,157,823.29
2025-11-10,STR-005,94118,SKU-604,134,620.08
2025-11-10,STR-005,94118,SKU-701,3,82.98
2025-11-10,STR-006,94123,SKU-101,280,1110.79
2025-11-10,STR-006,94123,SKU-102,226,1467.97
2025-11-10,STR-006,94123,SKU-103,278,1620.59
2025-11-10,STR-006,94123,SKU-104,164,1024.45
2025-11-10,STR-006,94123,SKU-105,124,428.80
2025-11-10,STR-006,94123,SKU-201,223,1345.92
2025-11-10,STR-006,94123,SKU-202,156,910.89
2025-11-10,STR-006,94123,SKU-203,229,734.50
2025-11-10,STR-006,94123,SKU-204,105,1179.20
2025-11-10,STR-006,94123,SKU-301,236,1319.57
2025-11-10,STR-006,94123,SKU-302,199,1205.61
2025-11-10,STR-006,94123,SKU-303,194,1078.76
2025-11-10,STR-006,94123,SKU-304,219,1318.27
2025-11-10,STR-006,94123,SKU-401,201,1334.47
2025-11-10,STR-006,94123,SKU-402,124,805.16
2025-11-10,STR-006,94123,SKU-403,133,697.23
2025-11-10,STR-006,94123,SKU-501,21,386.48
2025-11-10,STR-006,94123,SKU-502,14,421.28
2025-11-10,STR-006,94123,SKU-503,16,344.92
2025-11-10,STR-006,94123,SKU-504,10,170.78
2025-11-10,STR-006,94123,SKU-601,113,1389.80
2025-11-10,STR-006,94123,SKU-602,118,677.02
2025-11-10,STR-006,94123,SKU-603,144,714.26
2025-11-10,STR-006,94123,SKU-604,108,509.49
2025-11-10,STR-006,94123,SKU-701,3,79.65
2025-11-03,STR-001,94103,SKU-101,269,1106.02
2025-11-03,STR-001,94103,SKU-102,310,1984.13
2025-11-03,STR-001,94103,SKU-103,234,1390.52
2025-11-03,STR-001,94103,SKU-104,201,1279.99
2025-11-03,STR-001,94103,SKU-105,126,439.09
2025-11-03,STR-001,94103,SKU-201,221,1422.04
2025-11-03,STR-001,94103,SKU-202,178,1033.70
2025-11-03,STR-001,94103,SKU-203,369,1167.19
2025-11-03,STR-001,94103,SKU-204,123,1409.81
2025-11-03,STR-001,94103,SKU-301,262,1449.01
2025-11-03,STR-001,94103,SKU-302,197,1151.98
2025-11-03,STR-001,94103,SKU-303,222,1313.50
2025-11-03,STR-001,94103,SKU-304,256,1547.29
2025-11-03,STR-001,94103,SKU-401,216,1508.77
2025-11-03,STR-001,94103,SKU-402,113,715.36
2025-11-03,STR-001,94103,SKU-403,169,923.52
2025-11-03,STR-001,94103,SKU-501,26,494.15
2025-11-03,STR-001,94103,SKU-502,18,564.40
2025-11-03,STR-001,94103,SKU-503,22,460.92
2025-11-03,STR-001,94103,SKU-504,13,230.34
2025-11-03,STR-001,94103,SKU-601,125,1526.67
2025-11-03,STR-001,94103,SKU-602,110,648.48
2025-11-03,STR-001,94103,SKU-603,167,841.08
2025-11-03,STR-001,94103,SKU-604,134,589.53
2025-11-03,STR-001,94103,SKU-701,3,81.25
2025-11-03,STR-002,94110,SKU-101,363,1500.28
2025-11-03,STR-002,94110,SKU-102,435,2856.30
2025-11-03,STR-002,94110,SKU-103,319,1866.76
2025-11-03,STR-002,94110,SKU-104,185,1185.63
2025-11-03,STR-002,94110,SKU-105,198,737.01
2025-11-03,STR-002,94110,SKU-201,250,1582.94
2025-11-03,STR-002,94110,SKU-202,227,1361.49
2025-11-03,STR-002,94110,SKU-203,360,1089.85
2025-11-03,STR-002,94110,SKU-204,124,1414.19
2025-11-03,STR-002,94110,SKU-301,413,2367.40
2025-11-03,STR-002,94110,SKU-302,352,2175.77
2025-11-03,STR-002,94110,SKU-303,216,1289.37
2025-11-03,STR-002,94110,SKU-304,352,2279.26
2025-11-03,STR-002,94110,SKU-401,295,1985.58
2025-11-03,STR-002,94110,SKU-402,145,944.37
2025-11-03,STR-002,94110,SKU-403,190,988.76
2025-11-03,STR-002,94110,SKU-501,32,617.88
2025-11-03,STR-002,94110,SKU-502,23,716.69
2025-11-03,STR-002,94110,SKU-503,24,505.47
2025-11-03,STR-002,94110,SKU-504,14,251.51
2025-11-03,STR-002,94110,SKU-601,169,2110.69
2025-11-03,STR-002,94110,SKU-602,174,1016.59
2025-11-03,STR-002,94110,SKU-603,221,1104.20
2025-11-03,STR-002,94110,SKU-604,152,702.37
2025-11-03,STR-002,94110,SKU-701,4,105.37
2025-11-03,STR-003,94133,SKU-101,289,1158.88
2025-11-03,STR-003,94133,SKU-102,238,1524.37
2025-11-03,STR-003,94133,SKU-103,291,1786.13
2025-11-03,STR-003,94133,SKU-104,159,999.93
2025-11-03,STR-003,94133,SKU-105,117,433.21
2025-11-03,STR-003,94133,SKU-201,192,1184.15
2025-11-03,STR-003,94133,SKU-202,165,913.44
2025-11-03,STR-003,94133,SKU-203,278,886.24
2025-11-03,STR-003,94133,SKU-204,114,1308.72
2025-11-03,STR-003,94133,SKU-301,245,1308.87
2025-11-03,STR-003,94133,SKU-302,246,1526.92
2025-11-03,STR-003,94133,SKU-303,158,923.33
2025-11-03,STR-003,94133,SKU-304,200,1292.04
2025-11-03,STR-003,94133,SKU-401,188,1277.25
2025-11-03,STR-003,94133,SKU-402,108,727.19
2025-11-03,STR-003,94133,SKU-403,164,855.30
2025-11-03,STR-003,94133,SKU-501,24,464.08
2025-11-03,STR-003,94133,SKU-502,12,374.09
2025-11-03,STR-003,94133,SKU-503,17,357.32
2025-11-03,STR-003,94133,SKU-504,13,232.26
2025-11-03,STR-003,94133,SKU-601,121,1454.31
2025-11-03,STR-003,94133,SKU-602,112,657.74
2025-11-03,STR-003,94133,SKU-603,117,593.76
2025-11-03,STR-003,94133,SKU-604,98,428.53
2025-11-03,STR-003,94133,SKU-701,3,81.95
2025-11-03,STR-004,94102,SKU-101,212,850.44
2025-11-03,STR-004,94102,SKU-102,276,1767.95
2025-11-03,STR-004,94102,SKU-103,206,1186.01
2025-11-03,STR-004,94102,SKU-104,163,1038.13
2025-11-03,STR-004,94102,SKU-105,117,410.85
2025-11-03,STR-004,94102,SKU-201,161,972.46
2025-11-03,STR-004,94102,SKU-202,150,871.29
2025-11-03,STR-004,94102,SKU-203,266,797.29
2025-11-03,STR-004,94102,SKU-204,106,1214.14
2025-11-03,STR-004,94102,SKU-301,307,1681.41
2025-11-03,STR-004,94102,SKU-302,163,959.97
2025-11-03,STR-004,94102,SKU-303,151,882.95
2025-11-03,STR-004,94102,SKU-304,251,1603.00
2025-11-03,STR-004,94102,SKU-401,153,1023.40
2025-11-03,STR-004,94102,SKU-402,99,641.15
2025-11-03,STR-004,94102,SKU-403,111,592.64
2025-11-03,STR-004,94102,SKU-501,24,435.64
2025-11-03,STR-004,94102,SKU-502,14,445.97
2025-11-03,STR-004,94102,SKU-503,20,418.42
2025-11-03,STR-004,94102,SKU-504,10,170.68
2025-11-03,STR-004,94102,SKU-601,108,1267.25
2025-11-03,STR-004,94102,SKU-602,110,635.00
2025-11-03,STR-004,94102,SKU-603,101,494.99
2025-11-03,STR-004,94102,SKU-604,92,412.85
2025-11-03,STR-004,94102,SKU-701,3,80.84
2025-11-03,STR-005,94118,SKU-101,304,1261.07
2025-11-03,STR-005,94118,SKU-102,368,2288.34
2025-11-03,STR-005,94118,SKU-103,344,2064.72
2025-11-03,STR-005,94118,SKU-104,190,1160.86
2025-11-03,STR-005,94118,SKU-105,180,623.25
2025-11-03,STR-005,94118,SKU-201,202,1310.20
2025-11-03,STR-005,94118,SKU-202,221,1300.71
2025-11-03,STR-005,94118,SKU-203,329,1032.42
2025-11-03,STR-005,94118,SKU-204,121,1378.54
2025-11-03,STR-005,94118,SKU-301,347,1961.21
2025-11-03,STR-005,94118,SKU-302,277,1657.57
2025-11-03,STR-005,94118,SKU-303,234,1306.51
2025-11-03,STR-005,94118,SKU-304,250,1581.95
2025-11-03,STR-005,94118,SKU-401,197,1305.25
2025-11-03,STR-005,94118,SKU-402,135,887.05
2025-11-03,STR-005,94118,SKU-403,202,1051.04
2025-11-03,STR-005,94118,SKU-501,28,544.06
2025-11-03,STR-005,94118,SKU-502,19,576.90
2025-11-03,STR-005,94118,SKU-503,24,513.63
2025-11-03,STR-005,94118,SKU-504,13,225.73
2025-11-03,STR-005,94118,SKU-601,157,1898.00
2025-11-03,STR-005,94118,SKU-602,139,831.20
2025-11-03,STR-005,94118,SKU-603,190,994.02
2025-11-03,STR-005,94118,SKU-604,122,536.71
2025-11-03,STR-005,94118,SKU-701,3,81.17
2025-11-03,STR-006,94123,SKU-101,241,968.78
2025-11-03,STR-006,94123,SKU-102,242,1530.60
2025-11-03,STR-006,94123,SKU-103,232,1420.93
2025-11-03,STR-006,94123,SKU-104,121,743.31
2025-11-03,STR-006,94123,SKU-105,118,433.53
2025-11-03,STR-006,94123,SKU-201,196,1251.94
2025-11-03,STR-006,94123,SKU-202,171,985.25
2025-11-03,STR-006,94123,SKU-203,311,996.68
2025-11-03,STR-006,94123,SKU-204,102,1108.31
2025-11-03,STR-006,94123,SKU-301,305,1719.15
2025-11-03,STR-006,94123,SKU-302,245,1509.40
2025-11-03,STR-006,94123,SKU-303,185,1092.71
2025-11-03,STR-006,94123,SKU-304,198,1260.32
2025-11-03,STR-006,94123,SKU-401,182,1211.52
2025-11-03,STR-006,94123,SKU-402,130,812.93
2025-11-03,STR-006,94123,SKU-403,114,596.74
2025-11-03,STR-006,94123,SKU-501,29,533.96
2025-11-03,STR-006,94123,SKU-502,15,447.16
2025-11-03,STR-006,94123,SKU-503,18,376.76
2025-11-03,STR-006,94123,SKU-504,9,151.86
2025-11-03,STR-006,94123,SKU-601,143,1658.89
2025-11-03,STR-006,94123,SKU-602,106,616.96
2025-11-03,STR-006,94123,SKU-603,149,780.03
2025-11-03,STR-006,94123,SKU-604,113,503.64
2025-11-03,STR-006,94123,SKU-701,2,52.51
2025-10-27,STR-001,94103,SKU-101,292,1211.27
2025-10-27,STR-001,94103,SKU-102,310,2028.34
2025-10-27,STR-001,94103,SKU-103,308,1879.58
2025-10-27,STR-001,94103,SKU-104,190,1198.06
2025-10-27,STR-001,94103,SKU-105,143,527.24
2025-10-27,STR-001,94103,SKU-201,278,1761.36
2025-10-27,STR-001,94103,SKU-202,240,1397.91
2025-10-27,STR-001,94103,SKU-203,272,846.06
2025-10-27,STR-001,94103,SKU-204,125,1351.66
2025-10-27,STR-001,94103,SKU-301,363,2062.58
2025-10-27,STR-001,94103,SKU-302,201,1209.16
2025-10-27,STR-001,94103,SKU-303,232,1281.23
2025-10-27,STR-001,94103,SKU-304,231,1421.57
2025-10-27,STR-001,94103,SKU-401,173,1172.80
2025-10-27,STR-001,94103,SKU-402,123,778.06
2025-10-27,STR-001,94103,SKU-403,140,767.19
2025-10-27,STR-001,94103,SKU-501,26,474.72
2025-10-27,STR-001,94103,SKU-502,14,424.48
2025-10-27,STR-001,94103,SKU-503,26,557.25
2025-10-27,STR-001,94103,SKU-504,15,269.60
2025-10-27,STR-001,94103,SKU-601,117,1382.41
2025-10-27,STR-001,94103,SKU-602,131,730.19
2025-10-27,STR-001,94103,SKU-603,159,799.87
2025-10-27,STR-001,94103,SKU-604,129,578.90
2025-10-27,STR-001,94103,SKU-701,3,82.15
2025-10-27,STR-002,94110,SKU-101,328,1368.03
2025-10-27,STR-002,94110,SKU-102,341,2153.41
2025-10-27,STR-002,94110,SKU-103,414,2460.53
2025-10-27,STR-002,94110,SKU-104,243,1519.11
2025-10-27,STR-002,94110,SKU-105,193,688.06
2025-10-27,STR-002,94110,SKU-201,281,1754.69
2025-10-27,STR-002,94110,SKU-202,272,1505.87
2025-10-27,STR-002,94110,SKU-203,458,1436.73
2025-10-27,STR-002,94110,SKU-204,153,1699.73
2025-10-27,STR-002,94110,SKU-301,419,2403.52
2025-10-27,STR-002,94110,SKU-302,328,1902.81
2025-10-27,STR-002,94110,SKU-303,258,1497.30
2025-10-27,STR-002,94110,SKU-304,296,1831.18
2025-10-27,STR-002,94110,SKU-401,282,1825.95
2025-10-27,STR-002,94110,SKU-402,179,1144.16
2025-10-27,STR-002,94110,SKU-403,167,881.62
2025-10-27,STR-002,94110,SKU-501,37,682.41
2025-10-27,STR-002,94110,SKU-502,18,570.84
2025-10-27,STR-002,94110,SKU-503,26,566.35
2025-10-27,STR-002,94110,SKU-504,19,331.17
2025-10-27,STR-002,94110,SKU-601,140,1704.91
2025-10-27,STR-002,94110,SKU-602,137,820.74
2025-10-27,STR-002,94110,SKU-603,183,907.08
2025-10-27,STR-002,94110,SKU-604,142,634.86
2025-10-27,STR-002,94110,SKU-701,4,108.43
2025-10-27,STR-003,94133,SKU-101,289,1221.65
2025-10-27,STR-003,94133,SKU-102,267,1746.28
2025-10-27,STR-003,94133,SKU-103,318,1865.11
2025-10-27,STR-003,94133,SKU-104,169,1014.82
2025-10-27,STR-003,94133,SKU-105,111,389.05
2025-10-27,STR-003,94133,SKU-201,199,1239.11
2025-10-27,STR-003,94133,SKU-202,182,1035.23
2025-10-27,STR-003,94133,SKU-203,300,964.92
2025-10-27,STR-003,94133,SKU-204,96,1090.70
2025-10-27,STR-003,94133,SKU-301,254,1389.19
2025-10-27,STR-003,94133,SKU-302,206,1212.46
2025-10-27,STR-003,94133,SKU-303,219,1284.76
2025-10-27,STR-003,94133,SKU-304,261,1654.12
2025-10-27,STR-003,94133,SKU-401,198,1343.77
2025-10-27,STR-003,94133,SKU-402,129,842.71
2025-10-27,STR-003,94133,SKU-403,155,845.99
2025-10-27,STR-003,94133,SKU-501,23,429.48
2025-10-27,STR-003,94133,SKU-502,13,395.10
2025-10-27,STR-003,94133,SKU-503,21,427.22
2025-10-27,STR-003,94133,SKU-504,10,177.89
2025-10-27,STR-003,94133,SKU-601,148,1761.60
2025-10-27,STR-003,94133,SKU-602,138,800.19
2025-10-27,STR-003,94133,SKU-603,164,819.61
2025-10-27,STR-003,94133,SKU-604,116,511.89
2025-10-27,STR-003,94133,SKU-701,3,78.76
2025-10-27,STR-004,94102,SKU-101,209,833.89
2025-10-27,STR-004,94102,SKU-102,240,1493.76
2025-10-27,STR-004,94102,SKU-103,223,1316.06
2025-10-27,STR-004,94102,SKU-104,160,1021.83
2025-10-27,STR-004,94102,SKU-105,128,477.08
2025-10-27,STR-004,94102,SKU-201,184,1121.35
2025-10-27,STR-004,94102,SKU-202,153,885.17
2025-10-27,STR-004,94102,SKU-203,254,818.16
2025-10-27,STR-004,94102,SKU-204,91,1043.92
2025-10-27,STR-004,94102,SKU-301,215,1209.13
2025-10-27,STR-004,94102,SKU-302,175,1086.40
2025-10-27,STR-004,94102,SKU-303,190,1088.91
2025-10-27,STR-004,94102,SKU-304,181,1133.97
2025-10-27,STR-004,94102,SKU-401,185,1288.87
2025-10-27,STR-004,94102,SKU-402,99,624.14
2025-10-27,STR-004,94102,SKU-403,108,552.08
2025-10-27,STR-004,94102,SKU-501,27,519.74
2025-10-27,STR-004,94102,SKU-502,13,383.36
2025-10-27,STR-004,94102,SKU-503,21,437.34
2025-10-27,STR-004,94102,SKU-504,9,158.12
2025-10-27,STR-004,94102,SKU-601,107,1263.70
2025-10-27,STR-004,94102,SKU-602,113,634.91
2025-10-27,STR-004,94102,SKU-603,110,555.49
2025-10-27,STR-004,94102,SKU-604,122,576.09
2025-10-27,STR-004,94102,SKU-701,2,53.85
2025-10-27,STR-005,94118,SKU-101,318,1244.32
2025-10-27,STR-005,94118,SKU-102,344,2140.17
2025-10-27,STR-005,94118,SKU-103,289,1786.02
2025-10-27,STR-005,94118,SKU-104,211,1341.54
2025-10-27,STR-005,94118,SKU-105,123,436.67
2025-10-27,STR-005,94118,SKU-201,263,1681.22
2025-10-27,STR-005,94118,SKU-202,189,1120.86
2025-10-27,STR-005,94118,SKU-203,309,998.81
2025-10-27,STR-005,94118,SKU-204,112,1237.14
2025-10-27,STR-005,94118,SKU-301,388,2133.32
2025-10-27,STR-005,94118,SKU-302,298,1796.73
2025-10-27,STR-005,94118,SKU-303,188,1084.42
2025-10-27,STR-005,94118,SKU-304,226,1447.31
2025-10-27,STR-005,94118,SKU-401,245,1606.24
2025-10-27,STR-005,94118,SKU-402,133,846.98
2025-10-27,STR-005,94118,SKU-403,149,765.43
2025-10-27,STR-005,94118,SKU-501,31,572.02
2025-10-27,STR-005,94118,SKU-502,17,529.08
2025-10-27,STR-005,94118,SKU-503,26,559.22
2025-10-27,STR-005,94118,SKU-504,14,251.80
2025-10-27,STR-005,94118,SKU-601,155,1839.14
2025-10-27,STR-005,94118,SKU-602,132,731.88
2025-10-27,STR-005,94118,SKU-603,170,823.54
2025-10-27,STR-005,94118,SKU-604,127,582.66
2025-10-27,STR-005,94118,SKU-701,3,81.83
2025-10-27,STR-006,94123,SKU-101,236,969.76
2025-10-27,STR-006,94123,SKU-102,226,1513.59
2025-10-27,STR-006,94123,SKU-103,286,1666.64
2025-10-27,STR-006,94123,SKU-104,154,950.04
2025-10-27,STR-006,94123,SKU-105,136,484.82
2025-10-27,STR-006,94123,SKU-201,199,1234.43
2025-10-27,STR-006,94123,SKU-202,157,897.72
2025-10-27,STR-006,94123,SKU-203,231,736.37
2025-10-27,STR-006,94123,SKU-204,94,1052.80
2025-10-27,STR-006,94123,SKU-301,265,1461.08
2025-10-27,STR-006,94123,SKU-302,213,1250.28
2025-10-27,STR-006,94123,SKU-303,157,912.94
2025-10-27,STR-006,94123,SKU-304,254,1597.60
2025-10-27,STR-006,94123,SKU-401,175,1189.26
2025-10-27,STR-006,94123,SKU-402,112,707.73
2025-10-27,STR-006,94123,SKU-403,138,747.94
2025-10-27,STR-006,94123,SKU-501,30,573.07
2025-10-27,STR-006,94123,SKU-502,12,356.47
2025-10-27,STR-006,94123,SKU-503,17,349.29
2025-10-27,STR-006,94123,SKU-504,9,161.44
2025-10-27,STR-006,94123,SKU-601,127,1557.96
2025-10-27,STR-006,94123,SKU-602,93,520.67
2025-10-27,STR-006,94123,SKU-603,157,799.31
2025-10-27,STR-006,94123,SKU-604,102,469.98
2025-10-27,STR-006,94123,SKU-701,3,83.15
2025-10-20,STR-001,94103,SKU-101,287,1127.96
2025-10-20,STR-001,94103,SKU-102,300,1946.12
2025-10-20,STR-001,94103,SKU-103,249,1502.21
2025-10-20,STR-001,94103,SKU-104,192,1212.33
2025-10-20,STR-001,94103,SKU-105,144,522.38
2025-10-20,STR-001,94103,SKU-201,195,1206.54
2025-10-20,STR-001,94103,SKU-202,235,1400.86
2025-10-20,STR-001,94103,SKU-203,370,1133.25
2025-10-20,STR-001,94103,SKU-204,118,1253.50
2025-10-20,STR-001,94103,SKU-301,297,1601.93
2025-10-20,STR-001,94103,SKU-302,225,1320.19
2025-10-20,STR-001,94103,SKU-303,241,1359.90
2025-10-20,STR-001,94103,SKU-304,300,1888.77
2025-10-20,STR-001,94103,SKU-401,176,1175.23
2025-10-20,STR-001,94103,SKU-402,117,728.49
2025-10-20,STR-001,94103,SKU-403,184,984.27
2025-10-20,STR-001,94103,SKU-501,28,511.47
2025-10-20,STR-001,94103,SKU-502,17,501.99
2025-10-20,STR-001,94103,SKU-503,23,502.01
2025-10-20,STR-001,94103,SKU-504,14,246.18
2025-10-20,STR-001,94103,SKU-601,140,1635.73
2025-10-20,STR-001,94103,SKU-602,129,727.92
2025-10-20,STR-001,94103,SKU-603,167,854.82
2025-10-20,STR-001,94103,SKU-604,148,696.90
2025-10-20,STR-001,94103,SKU-701,3,81.38
2025-10-20,STR-002,94110,SKU-101,367,1486.75
2025-10-20,STR-002,94110,SKU-102,445,2952.46
2025-10-20,STR-002,94110,SKU-103,393,2447.31
2025-10-20,STR-002,94110,SKU-104,200,1294.96
2025-10-20,STR-002,94110,SKU-105,178,631.12
2025-10-20,STR-002,94110,SKU-201,296,1862.82
2025-10-20,STR-002,94110,SKU-202,289,1615.46
2025-10-20,STR-002,94110,SKU-203,365,1138.83
2025-10-20,STR-002,94110,SKU-204,129,1456.87
2025-10-20,STR-002,94110,SKU-301,406,2305.62
2025-10-20,STR-002,94110,SKU-302,305,1816.89
2025-10-20,STR-002,94110,SKU-303,230,1325.13
2025-10-20,STR-002,94110,SKU-304,404,2489.81
2025-10-20,STR-002,94110,SKU-401,211,1469.60
2025-10-20,STR-002,94110,SKU-402,185,1209.85
2025-10-20,STR-002,94110,SKU-403,236,1216.44
2025-10-20,STR-002,94110,SKU-501,39,717.02
2025-10-20,STR-002,94110,SKU-502,21,646.65
2025-10-20,STR-002,94110,SKU-503,27,566.91
2025-10-20,STR-002,94110,SKU-504,19,340.66
2025-10-20,STR-002,94110,SKU-601,149,1839.26
2025-10-20,STR-002,94110,SKU-602,138,813.90
2025-10-20,STR-002,94110,SKU-603,171,848.74
2025-10-20,STR-002,94110,SKU-604,178,780.40
2025-10-20,STR-002,94110,SKU-701,3,82.54
2025-10-20,STR-003,94133,SKU-101,223,902.15
2025-10-20,STR-003,94133,SKU-102,232,1527.56
2025-10-20,STR-003,94133,SKU-103,280,1658.91
2025-10-20,STR-003,94133,SKU-104,170,1049.79
2025-10-20,STR-003,94133,SKU-105,120,437.08
2025-10-20,STR-003,94133,SKU-201,228,1396.22
2025-10-20,STR-003,94133,SKU-202,231,1328.13
2025-10-20,STR-003,94133,SKU-203,277,852.04
2025-10-20,STR-003,94133,SKU-204,125,1350.27
2025-10-20,STR-003,94133,SKU-301,359,2059.14
2025-10-20,STR-003,94133,SKU-302,191,1107.04
2025-10-20,STR-003,94133,SKU-303,172,1021.33
2025-10-20,STR-003,94133,SKU-304,274,1773.25
2025-10-20,STR-003,94133,SKU-401,215,1426.78
2025-10-20,STR-003,94133,SKU-402,139,936.06
2025-10-20,STR-003,94133,SKU-403,167,914.83
2025-10-20,STR-003,94133,SKU-501,25,479.37
2025-10-20,STR-003,94133,SKU-502,16,489.09
2025-10-20,STR-003,94133,SKU-503,23,476.08
2025-10-20,STR-003,94133,SKU-504,15,252.18
2025-10-20,STR-003,94133,SKU-601,117,1444.48
2025-10-20,STR-003,94133,SKU-602,130,764.59
2025-10-20,STR-003,94133,SKU-603,151,749.86
2025-10-20,STR-003,94133,SKU-604,121,560.43
2025-10-20,STR-003,94133,SKU-701,3,78.78
2025-10-20,STR-004,94102,SKU-101,241,1008.83
2025-10-20,STR-004,94102,SKU-102,241,1508.26
2025-10-20,STR-004,94102,SKU-103,206,1214.97
2025-10-20,STR-004,94102,SKU-104,122,791.30
2025-10-20,STR-004,94102,SKU-105,131,482.03
2025-10-20,STR-004,94102,SKU-201,206,1258.05
2025-10-20,STR-004,94102,SKU-202,197,1103.10
2025-10-20,STR-004,94102,SKU-203,240,745.20
2025-10-20,STR-004,94102,SKU-204,76,873.35
2025-10-20,STR-004,94102,SKU-301,224,1233.43
2025-10-20,STR-004,94102,SKU-302,169,996.48
2025-10-20,STR-004,94102,SKU-303,143,811.00
2025-10-20,STR-004,94102,SKU-304,186,1197.86
2025-10-20,STR-004,94102,SKU-401,183,1268.34
2025-10-20,STR-004,94102,SKU-402,82,530.46
2025-10-20,STR-004,94102,SKU-403,139,705.74
2025-10-20,STR-004,94102,SKU-501,25,463.61
2025-10-20,STR-004,94102,SKU-502,14,420.03
2025-10-20,STR-004,94102,SKU-503,19,417.26
2025-10-20,STR-004,94102,SKU-504,12,209.79
2025-10-20,STR-004,94102,SKU-601,119,1428.03
2025-10-20,STR-004,94102,SKU-602,113,630.96
2025-10-20,STR-004,94102,SKU-603,112,568.50
2025-10-20,STR-004,94102,SKU-604,91,404.22
2025-10-20,STR-004,94102,SKU-701,2,55.39
2025-10-20,STR-005,94118,SKU-101,232,931.80
2025-10-20,STR-005,94118,SKU-102,317,2126.99
2025-10-20,STR-005,94118,SKU-103,248,1430.09
2025-10-20,STR-005,94118,SKU-104,212,1314.51
2025-10-20,STR-005,94118,SKU-105,165,600.46
2025-10-20,STR-005,94118,SKU-201,221,1390.23
2025-10-20,STR-005,94118,SKU-202,181,1013.76
2025-10-20,STR-005,94118,SKU-203,365,1143.60
2025-10-20,STR-005,94118,SKU-204,114,1231.18
2025-10-20,STR-005,94118,SKU-301,288,1631.05
2025-10-20,STR-005,94118,SKU-302,221,1364.07
2025-10-20,STR-005,94118,SKU-303,271,1580.19
2025-10-20,STR-005,94118,SKU-304,328,2039.12
2025-10-20,STR-005,94118,SKU-401,174,1129.86
2025-10-20,STR-005,94118,SKU-402,115,766.54
2025-10-20,STR-005,94118,SKU-403,146,778.48
2025-10-20,STR-005,94118,SKU-501,33,594.16
2025-10-20,STR-005,94118,SKU-502,16,500.65
2025-10-20,STR-005,94118,SKU-503,21,447.54
2025-10-20,STR-005,94118,SKU-504,13,215.86
2025-10-20,STR-005,94118,SKU-601,148,1843.45
2025-10-20,STR-005,94118,SKU-602,140,816.99
2025-10-20,STR-005,94118,SKU-603,184,904.85
2025-10-20,STR-005,94118,SKU-604,148,698.29
2025-10-20,STR-005,94118,SKU-701,3,79.43
2025-10-20,STR-006,94123,SKU-101,242,987.61
2025-10-20,STR-006,94123,SKU-102,265,1717.70
2025-10-20,STR-006,94123,SKU-103,288,1790.76
2025-10-20,STR-006,94123,SKU-104,164,999.59
2025-10-20,STR-006,94123,SKU-105,136,478.69
2025-10-20,STR-006,94123,SKU-201,236,1481.99
2025-10-20,STR-006,94123,SKU-202,183,1022.29
2025-10-20,STR-006,94123,SKU-203,245,787.22
2025-10-20,STR-006,94123,SKU-204,83,889.33
2025-10-20,STR-006,94123,SKU-301,305,1675.41
2025-10-20,STR-006,94123,SKU-302,224,1347.38
2025-10-20,STR-006,94123,SKU-303,205,1184.24
2025-10-20,STR-006,94123,SKU-304,248,1554.52
2025-10-20,STR-006,94123,SKU-401,144,952.20
2025-10-20,STR-006,94123,SKU-402,123,773.11
2025-10-20,STR-006,94123,SKU-403,147,779.47
2025-10-20,STR-006,94123,SKU-501,23,442.50
2025-10-20,STR-006,94123,SKU-502,15,441.87
2025-10-20,STR-006,94123,SKU-503,16,349.87
2025-10-20,STR-006,94123,SKU-504,10,175.60
2025-10-20,STR-006,94123,SKU-601,97,1209.47
2025-10-20,STR-006,94123,SKU-602,123,704.88
2025-10-20,STR-006,94123,SKU-603,135,674.98
2025-10-20,STR-006,94123,SKU-604,95,425.01
2025-10-20,STR-006,94123,SKU-701,3,83.33
2025-10-13,STR-001,94103,SKU-101,291,1198.17
2025-10-13,STR-001,94103,SKU-102,305,1917.47
2025-10-13,STR-001,94103,SKU-103,312,1826.25
2025-10-13,STR-001,94103,SKU-104,154,996.83
2025-10-13,STR-001,94103,SKU-105,128,463.45
2025-10-13,STR-001,94103,SKU-201,269,1635.03
2025-10-13,STR-001,94103,SKU-202,184,1060.59
2025-10-13,STR-001,94103,SKU-203,302,919.22
2025-10-13,STR-001,94103,SKU-204,95,1090.94
2025-10-13,STR-001,94103,SKU-301,388,2064.51
2025-10-13,STR-001,94103,SKU-302,205,1200.02
2025-10-13,STR-001,94103,SKU-303,183,1033.86
2025-10-13,STR-001,94103,SKU-304,256,1568.88
2025-10-13,STR-001,94103,SKU-401,228,1583.25
2025-10-13,STR-001,94103,SKU-402,104,666.22
2025-10-13,STR-001,94103,SKU-403,185,976.99
2025-10-13,STR-001,94103,SKU-501,27,523.90
2025-10-13,STR-001,94103,SKU-502,18,544.16
2025-10-13,STR-001,94103,SKU-503,27,560.07
2025-10-13,STR-001,94103,SKU-504,13,230.64
2025-10-13,STR-001,94103,SKU-601,150,1735.98
2025-10-13,STR-001,94103,SKU-602,125,708.36
2025-10-13,STR-001,94103,SKU-603,163,802.84
2025-10-13,STR-001,94103,SKU-604,118,530.08
2025-10-13,STR-001,94103,SKU-701,3,79.90
2025-10-13,STR-002,94110,SKU-101,306,1203.52
2025-10-13,STR-002,94110,SKU-102,340,2204.28
2025-10-13,STR-002,94110,SKU-103,299,1851.35
2025-10-13,STR-002,94110,SKU-104,235,1434.76
2025-10-13,STR-002,94110,SKU-105,173,615.17
2025-10-13,STR-002,94110,SKU-201,256,1592.68
2025-10-13,STR-002,94110,SKU-202,259,1516.27
2025-10-13,STR-002,94110,SKU-203,356,1116.54
2025-10-13,STR-002,94110,SKU-204,165,1778.47
2025-10-13,STR-002,94110,SKU-301,424,2248.31
2025-10-13,STR-002,94110,SKU-302,349,2035.25
2025-10-13,STR-002,94110,SKU-303,242,1394.58
2025-10-13,STR-002,94110,SKU-304,355,2240.14
2025-10-13,STR-002,94110,SKU-401,223,1450.15
2025-10-13,STR-002,94110,SKU-402,138,868.45
2025-10-13,STR-002,94110,SKU-403,216,1176.22
2025-10-13,STR-002,94110,SKU-501,39,759.93
2025-10-13,STR-002,94110,SKU-502,21,648.19
2025-10-13,STR-002,94110,SKU-503,25,520.38
2025-10-13,STR-002,94110,SKU-504,16,276.62
2025-10-13,STR-002,94110,SKU-601,144,1797.79
2025-10-13,STR-002,94110,SKU-602,171,976.62
2025-10-13,STR-002,94110,SKU-603,160,829.80
2025-10-13,STR-002,94110,SKU-604,180,790.84
2025-10-13,STR-002,94110,SKU-701,5,132.85
2025-10-13,STR-003,94133,SKU-101,285,1195.28
2025-10-13,STR-003,94133,SKU-102,269,1674.95
2025-10-13,STR-003,94133,SKU-103,255,1560.57
2025-10-13,STR-003,94133,SKU-104,154,973.02
2025-10-13,STR-003,94133,SKU-105,115,398.44
2025-10-13,STR-003,94133,SKU-201,220,1384.52
2025-10-13,STR-003,94133,SKU-202,194,1077.50
2025-10-13,STR-003,94133,SKU-203,315,989.72
2025-10-13,STR-003,94133,SKU-204,99,1110.16
2025-10-13,STR-003,94133,SKU-301,296,1628.74
2025-10-13,STR-003,94133,SKU-302,196,1139.80
2025-10-13,STR-003,94133,SKU-303,224,1267.07
2025-10-13,STR-003,94133,SKU-304,299,1835.03
2025-10-13,STR-003,94133,SKU-401,199,1380.61
2025-10-13,STR-003,94133,SKU-402,137,898.12
2025-10-13,STR-003,94133,SKU-403,150,809.55
2025-10-13,STR-003,94133,SKU-501,32,605.42
2025-10-13,STR-003,94133,SKU-502,17,541.76
2025-10-13,STR-003,94133,SKU-503,20,434.04
2025-10-13,STR-003,94133,SKU-504,10,174.52
2025-10-13,STR-003,94133,SKU-601,125,1540.60
2025-10-13,STR-003,94133,SKU-602,132,771.89
2025-10-13,STR-003,94133,SKU-603,126,647.24
2025-10-13,STR-003,94133,SKU-604,124,585.83
2025-10-13,STR-003,94133,SKU-701,3,80.71
2025-10-13,STR-004,94102,SKU-101,191,764.59
2025-10-13,STR-004,94102,SKU-102,210,1389.10
2025-10-13,STR-004,94102,SKU-103,203,1195.18
2025-10-13,STR-004,94102,SKU-104,146,890.44
2025-10-13,STR-004,94102,SKU-105,113,413.10
2025-10-13,STR-004,94102,SKU-201,199,1237.93
2025-10-13,STR-004,94102,SKU-202,180,1012.50
2025-10-13,STR-004,94102,SKU-203,300,953.90
2025-10-13,STR-004,94102,SKU-204,92,986.76
2025-10-13,STR-004,94102,SKU-301,303,1721.69
2025-10-13,STR-004,94102,SKU-302,191,1162.80
2025-10-13,STR-004,94102,SKU-303,198,1107.97
2025-10-13,STR-004,94102,SKU-304,256,1576.86
2025-10-13,STR-004,94102,SKU-401,183,1273.51
2025-10-13,STR-004,94102,SKU-402,97,647.46
2025-10-13,STR-004,94102,SKU-403,138,729.14
2025-10-13,STR-004,94102,SKU-501,26,498.48
2025-10-13,STR-004,94102,SKU-502,13,382.76
2025-10-13,STR-004,94102,SKU-503,20,424.36
2025-10-13,STR-004,94102,SKU-504,9,159.16
2025-10-13,STR-004,94102,SKU-601,111,1380.66
2025-10-13,STR-004,94102,SKU-602,108,611.78
2025-10-13,STR-004,94102,SKU-603,103,502.07
2025-10-13,STR-004,94102,SKU-604,94,434.37
2025-10-13,STR-004,94102,SKU-701,3,82.67
2025-10-13,STR-005,94118,SKU-101,288,1137.16
2025-10-13,STR-005,94118,SKU-102,358,2269.04
2025-10-13,STR-005,94118,SKU-103,255,1563.22
2025-10-13,STR-005,94118,SKU-104,166,1029.19
2025-10-13,STR-005,94118,SKU-105,149,516.47
2025-10-13,STR-005,94118,SKU-201,284,1795.57
2025-10-13,STR-005,94118,SKU-202,258,1470.30
2025-10-13,STR-005,94118,SKU-203,378,1213.83
2025-10-13,STR-005,94118,SKU-204,133,1416.99
2025-10-13,STR-005,94118,SKU-301,365,1984.73
2025-10-13,STR-005,94118,SKU-302,285,1659.10
2025-10-13,STR-005,94118,SKU-303,214,1260.56
2025-10-13,STR-005,94118,SKU-304,334,2082.38
2025-10-13,STR-005,94118,SKU-401,236,1577.82
2025-10-13,STR-005,94118,SKU-402,124,814.77
2025-10-13,STR-005,94118,SKU-403,158,852.31
2025-10-13,STR-005,94118,SKU-501,25,469.87
2025-10-13,STR-005,94118,SKU-502,16,498.48
2025-10-13,STR-005,94118,SKU-503,27,589.14
2025-10-13,STR-005,94118,SKU-504,14,251.12
2025-10-13,STR-005,94118,SKU-601,162,1988.02
2025-10-13,STR-005,94118,SKU-602,137,761.11
2025-10-13,STR-005,94118,SKU-603,177,878.31
2025-10-13,STR-005,94118,SKU-604,128,565.50
2025-10-13,STR-005,94118,SKU-701,3,79.85
2025-10-13,STR-006,94123,SKU-101,220,926.08
2025-10-13,STR-006,94123,SKU-102,277,1856.54
2025-10-13,STR-006,94123,SKU-103,220,1287.27
2025-10-13,STR-006,94123,SKU-104,150,940.46
2025-10-13,STR-006,94123,SKU-105,99,348.37
2025-10-13,STR-006,94123,SKU-201,219,1356.85
2025-10-13,STR-006,94123,SKU-202,161,932.72
2025-10-13,STR-006,94123,SKU-203,315,1017.56
2025-10-13,STR-006,94123,SKU-204,85,943.98
2025-10-13,STR-006,94123,SKU-301,242,1374.35
2025-10-13,STR-006,94123,SKU-302,231,1340.67
2025-10-13,STR-006,94123,SKU-303,223,1325.58
2025-10-13,STR-006,94123,SKU-304,240,1479.70
2025-10-13,STR-006,94123,SKU-401,200,1369.64
2025-10-13,STR-006,94123,SKU-402,88,566.86
2025-10-13,STR-006,94123,SKU-403,160,844.67
2025-10-13,STR-006,94123,SKU-501,22,410.16
2025-10-13,STR-006,94123,SKU-502,11,338.00
2025-10-13,STR-006,94123,SKU-503,19,391.70
2025-10-13,STR-006,94123,SKU-504,13,218.66
2025-10-13,STR-006,94123,SKU-601,137,1616.79
2025-10-13,STR-006,94123,SKU-602,89,495.82
2025-10-13,STR-006,94123,SKU-603,152,774.35
2025-10-13,STR-006,94123,SKU-604,127,581.10
2025-10-13,STR-006,94123,SKU-701,3,77.91
2025-10-06,STR-001,94103,SKU-101,242,1000.87
2025-10-06,STR-001,94103,SKU-102,247,1629.92
2025-10-06,STR-001,94103,SKU-103,321,1849.72
2025-10-06,STR-001,94103,SKU-104,148,899.90
2025-10-06,STR-001,94103,SKU-105,114,419.17
2025-10-06,STR-001,94103,SKU-201,233,1490.46
2025-10-06,STR-001,94103,SKU-202,186,1075.41
2025-10-06,STR-001,94103,SKU-203,378,1203.59
2025-10-06,STR-001,94103,SKU-204,130,1425.33
2025-10-06,STR-001,94103,SKU-301,382,2129.58
2025-10-06,STR-001,94103,SKU-302,252,1554.93
2025-10-06,STR-001,94103,SKU-303,194,1115.21
2025-10-06,STR-001,94103,SKU-304,246,1536.64
2025-10-06,STR-001,94103,SKU-401,179,1211.77
2025-10-06,STR-001,94103,SKU-402,122,803.34
2025-10-06,STR-001,94103,SKU-403,183,960.23
2025-10-06,STR-001,94103,SKU-501,32,620.56
2025-10-06,STR-001,94103,SKU-502,16,476.72
2025-10-06,STR-001,94103,SKU-503,22,451.47
2025-10-06,STR-001,94103,SKU-504,14,248.58
2025-10-06,STR-001,94103,SKU-601,131,1592.13
2025-10-06,STR-001,94103,SKU-602,115,662.59
2025-10-06,STR-001,94103,SKU-603,144,710.20
2025-10-06,STR-001,94103,SKU-604,129,607.52
2025-10-06,STR-001,94103,SKU-701,4,103.24
2025-10-06,STR-002,94110,SKU-101,299,1198.59
2025-10-06,STR-002,94110,SKU-102,423,2837.93
2025-10-06,STR-002,94110,SKU-103,315,1892.21
2025-10-06,STR-002,94110,SKU-104,204,1251.03
2025-10-06,STR-002,94110,SKU-105,190,694.62
2025-10-06,STR-002,94110,SKU-201,359,2327.46
2025-10-06,STR-002,94110,SKU-202,320,1885.46
2025-10-06,STR-002,94110,SKU-203,372,1118.28
2025-10-06,STR-002,94110,SKU-204,117,1331.11
2025-10-06,STR-002,94110,SKU-301,413,2198.26
2025-10-06,STR-002,94110,SKU-302,314,1827.23
2025-10-06,STR-002,94110,SKU-303,324,1900.60
2025-10-06,STR-002,94110,SKU-304,322,1953.49
2025-10-06,STR-002,94110,SKU-401,237,1539.16
2025-10-06,STR-002,94110,SKU-402,138,921.96
2025-10-06,STR-002,94110,SKU-403,191,1044.08
2025-10-06,STR-002,94110,SKU-501,37,708.41
2025-10-06,STR-002,94110,SKU-502,23,710.19
2025-10-06,STR-002,94110,SKU-503,31,647.30
2025-10-06,STR-002,94110,SKU-504,18,308.06
2025-10-06,STR-002,94110,SKU-601,176,2142.61
2025-10-06,STR-002,94110,SKU-602,155,873.37
2025-10-06,STR-002,94110,SKU-603,159,798.07
2025-10-06,STR-002,94110,SKU-604,176,810.17
2025-10-06,STR-002,94110,SKU-701,3,82.14
2025-10-06,STR-003,94133,SKU-101,244,972.88
2025-10-06,STR-003,94133,SKU-102,327,2112.36
2025-10-06,STR-003,94133,SKU-103,299,1819.47
2025-10-06,STR-003,94133,SKU-104,143,904.46
2025-10-06,STR-003,94133,SKU-105,118,427.70
2025-10-06,STR-003,94133,SKU-201,191,1176.59
2025-10-06,STR-003,94133,SKU-202,164,943.57
2025-10-06,STR-003,94133,SKU-203,310,971.07
2025-10-06,STR-003,94133,SKU-204,114,1231.13
2025-10-06,STR-003,94133,SKU-301,371,2099.97
2025-10-06,STR-003,94133,SKU-302,267,1661.69
2025-10-06,STR-003,94133,SKU-303,211,1176.59
2025-10-06,STR-003,94133,SKU-304,280,1776.07
2025-10-06,STR-003,94133,SKU-401,215,1447.49
2025-10-06,STR-003,94133,SKU-402,102,686.36
2025-10-06,STR-003,94133,SKU-403,166,863.73
2025-10-06,STR-003,94133,SKU-501,26,486.94
2025-10-06,STR-003,94133,SKU-502,15,461.33
2025-10-06,STR-003,94133,SKU-503,21,431.92
2025-10-06,STR-003,94133,SKU-504,13,231.42
2025-10-06,STR-003,94133,SKU-601,135,1627.08
2025-10-06,STR-003,94133,SKU-602,95,543.87
2025-10-06,STR-003,94133,SKU-603,162,849.92
2025-10-06,STR-003,94133,SKU-604,128,561.13
2025-10-06,STR-003,94133,SKU-701,2,55.23
2025-10-06,STR-004,94102,SKU-101,179,705.10
2025-10-06,STR-004,94102,SKU-102,258,1704.92
2025-10-06,STR-004,94102,SKU-103,241,1388.92
2025-10-06,STR-004,94102,SKU-104,150,908.34
2025-10-06,STR-004,94102,SKU-105,92,328.19
2025-10-06,STR-004,94102,SKU-201,211,1331.65
2025-10-06,STR-004,94102,SKU-202,176,1001.67
2025-10-06,STR-004,94102,SKU-203,216,700.49
2025-10-06,STR-004,94102,SKU-204,83,907.82
2025-10-06,STR-004,94102,SKU-301,302,1685.19
2025-10-06,STR-004,94102,SKU-302,165,949.19
2025-10-06,STR-004,94102,SKU-303,186,1089.75
2025-10-06,STR-004,94102,SKU-304,209,1257.18
2025-10-06,STR-004,94102,SKU-401,136,895.43
2025-10-06,STR-004,94102,SKU-402,112,739.02
2025-10-06,STR-004,94102,SKU-403,104,570.47
2025-10-06,STR-004,94102,SKU-501,29,547.40
2025-10-06,STR-004,94102,SKU-502,14,425.25
2025-10-06,STR-004,94102,SKU-503,19,392.51
2025-10-06,STR-004,94102,SKU-504,12,201.02
2025-10-06,STR-004,94102,SKU-601,106,1220.90
2025-10-06,STR-004,94102,SKU-602,93,514.46
2025-10-06,STR-004,94102,SKU-603,123,602.08
2025-10-06,STR-004,94102,SKU-604,109,511.66
2025-10-06,STR-004,94102,SKU-701,3,81.33
2025-10-06,STR-005,94118,SKU-101,311,1245.91
2025-10-06,STR-005,94118,SKU-102,358,2247.28
2025-10-06,STR-005,94118,SKU-103,318,1934.47
2025-10-06,STR-005,94118,SKU-104,181,1102.41
2025-10-06,STR-005,94118,SKU-105,137,493.75
2025-10-06,STR-005,94118,SKU-201,291,1827.50
2025-10-06,STR-005,94118,SKU-202,225,1245.18
2025-10-06,STR-005,94118,SKU-203,307,990.59
2025-10-06,STR-005,94118,SKU-204,94,1074.93
2025-10-06,STR-005,94118,SKU-301,320,1829.14
2025-10-06,STR-005,94118,SKU-302,274,1637.05
2025-10-06,STR-005,94118,SKU-303,236,1319.70
2025-10-06,STR-005,94118,SKU-304,304,1871.42
2025-10-06,STR-005,94118,SKU-401,252,1719.21
2025-10-06,STR-005,94118,SKU-402,108,676.24
2025-10-06,STR-005,94118,SKU-403,138,699.49
2025-10-06,STR-005,94118,SKU-501,33,614.28
2025-10-06,STR-005,94118,SKU-502,19,587.22
2025-10-06,STR-005,94118,SKU-503,21,461.03
2025-10-06,STR-005,94118,SKU-504,14,232.27
2025-10-06,STR-005,94118,SKU-601,118,1397.17
2025-10-06,STR-005,94118,SKU-602,145,867.64
2025-10-06,STR-005,94118,SKU-603,174,862.32
2025-10-06,STR-005,94118,SKU-604,159,744.87
2025-10-06,STR-005,94118,SKU-701,3,77.39
2025-10-06,STR-006,94123,SKU-101,222,896.36
2025-10-06,STR-006,94123,SKU-102,230,1450.53
2025-10-06,STR-006,94123,SKU-103,231,1360.69
2025-10-06,STR-006,94123,SKU-104,126,766.46
2025-10-06,STR-006,94123,SKU-105,139,514.34
2025-10-06,STR-006,94123,SKU-201,195,1258.95
2025-10-06,STR-006,94123,SKU-202,190,1120.45
2025-10-06,STR-006,94123,SKU-203,237,754.20
2025-10-06,STR-006,94123,SKU-204,84,904.63
2025-10-06,STR-006,94123,SKU-301,243,1347.86
2025-10-06,STR-006,94123,SKU-302,181,1101.83
2025-10-06,STR-006,94123,SKU-303,188,1099.97
2025-10-06,STR-006,94123,SKU-304,217,1314.21
2025-10-06,STR-006,94123,SKU-401,147,1025.77
2025-10-06,STR-006,94123,SKU-402,98,625.00
2025-10-06,STR-006,94123,SKU-403,118,603.81
2025-10-06,STR-006,94123,SKU-501,22,420.08
2025-10-06,STR-006,94123,SKU-502,15,476.56
2025-10-06,STR-006,94123,SKU-503,16,338.96
2025-10-06,STR-006,94123,SKU-504,11,197.50
2025-10-06,STR-006,94123,SKU-601,126,1553.42
2025-10-06,STR-006,94123,SKU-602,105,627.60
2025-10-06,STR-006,94123,SKU-603,124,640.29
2025-10-06,STR-006,94123,SKU-604,103,452.78
2025-10-06,STR-006,94123,SKU-701,2,53.26
2025-09-29,STR-001,94103,SKU-101,298,1186.68
2025-09-29,STR-001,94103,SKU-102,287,1816.59
2025-09-29,STR-001,94103,SKU-103,259,1490.72
2025-09-29,STR-001,94103,SKU-104,141,907.41
2025-09-29,STR-001,94103,SKU-105,166,620.24
2025-09-29,STR-001,94103,SKU-201,281,1795.37
2025-09-29,STR-001,94103,SKU-202,213,1218.63
2025-09-29,STR-001,94103,SKU-203,267,814.22
2025-09-29,STR-001,94103,SKU-204,93,1015.82
2025-09-29,STR-001,94103,SKU-301,375,2019.84
2025-09-29,STR-001,94103,SKU-302,286,1716.48
2025-09-29,STR-001,94103,SKU-303,264,1521.30
2025-09-29,STR-001,94103,SKU-304,296,1827.37
2025-09-29,STR-001,94103,SKU-401,204,1424.58
2025-09-29,STR-001,94103,SKU-402,118,764.98
2025-09-29,STR-001,94103,SKU-403,148,792.16
2025-09-29,STR-001,94103,SKU-501,35,628.85
2025-09-29,STR-001,94103,SKU-502,18,545.20
2025-09-29,STR-001,94103,SKU-503,24,494.45
2025-09-29,STR-001,94103,SKU-504,15,257.35
2025-09-29,STR-001,94103,SKU-601,151,1850.01
2025-09-29,STR-001,94103,SKU-602,101,568.01
2025-09-29,STR-001,94103,SKU-603,157,770.75
2025-09-29,STR-001,94103,SKU-604,132,586.35
2025-09-29,STR-001,94103,SKU-701,3,78.04
2025-09-29,STR-002,94110,SKU-101,294,1242.64
2025-09-29,STR-002,94110,SKU-102,352,2215.91
2025-09-29,STR-002,94110,SKU-103,311,1824.34
2025-09-29,STR-002,94110,SKU-104,177,1114.56
2025-09-29,STR-002,94110,SKU-105,142,512.32
2025-09-29,STR-002,94110,SKU-201,276,1777.28
2025-09-29,STR-002,94110,SKU-202,270,1546.78
2025-09-29,STR-002,94110,SKU-203,401,1223.23
2025-09-29,STR-002,94110,SKU-204,146,1617.40
2025-09-29,STR-002,94110,SKU-301,475,2590.81
2025-09-29,STR-002,94110,SKU-302,314,1851.81
2025-09-29,STR-002,94110,SKU-303,237,1418.29
2025-09-29,STR-002,94110,SKU-304,352,2259.58
2025-09-29,STR-002,94110,SKU-401,202,1389.24
2025-09-29,STR-002,94110,SKU-402,164,1085.90
2025-09-29,STR-002,94110,SKU-403,226,1160.45
2025-09-29,STR-002,94110,SKU-501,44,844.60
2025-09-29,STR-002,94110,SKU-502,18,573.25
2025-09-29,STR-002,94110,SKU-503,29,607.60
2025-09-29,STR-002,94110,SKU-504,18,319.67
2025-09-29,STR-002,94110,SKU-601,148,1776.13
2025-09-29,STR-002,94110,SKU-602,178,1052.43
2025-09-29,STR-002,94110,SKU-603,161,785.72
2025-09-29,STR-002,94110,SKU-604,190,852.17
2025-09-29,STR-002,94110,SKU-701,3,83.88
2025-09-29,STR-003,94133,SKU-101,215,857.75
2025-09-29,STR-003,94133,SKU-102,236,1554.00
2025-09-29,STR-003,94133,SKU-103,222,1372.63
2025-09-29,STR-003,94133,SKU-104,146,928.78
2025-09-29,STR-003,94133,SKU-105,140,497.45
2025-09-29,STR-003,94133,SKU-201,204,1263.52
2025-09-29,STR-003,94133,SKU-202,204,1131.96
2025-09-29,STR-003,94133,SKU-203,246,762.32
2025-09-29,STR-003,94133,SKU-204,109,1190.35
2025-09-29,STR-003,94133,SKU-301,328,1751.33
2025-09-29,STR-003,94133,SKU-302,219,1306.20
2025-09-29,STR-003,94133,SKU-303,207,1178.68
2025-09-29,STR-003,94133,SKU-304,240,1557.18
2025-09-29,STR-003,94133,SKU-401,180,1181.51
2025-09-29,STR-003,94133,SKU-402,92,589.77
2025-09-29,STR-003,94133,SKU-403,154,831.67
2025-09-29,STR-003,94133,SKU-501,28,517.37
2025-09-29,STR-003,94133,SKU-502,14,430.34
2025-09-29,STR-003,94133,SKU-503,23,491.92
2025-09-29,STR-003,94133,SKU-504,11,185.04
2025-09-29,STR-003,94133,SKU-601,153,1909.65
2025-09-29,STR-003,94133,SKU-602,131,770.00
2025-09-29,STR-003,94133,SKU-603,119,586.29
2025-09-29,STR-003,94133,SKU-604,117,523.89
2025-09-29,STR-003,94133,SKU-701,3,81.66
2025-09-29,STR-004,94102,SKU-101,199,839.77
2025-09-29,STR-004,94102,SKU-102,240,1549.05
2025-09-29,STR-004,94102,SKU-103,245,1511.91
2025-09-29,STR-004,94102,SKU-104,158,946.43
2025-09-29,STR-004,94102,SKU-105,94,350.89
2025-09-29,STR-004,94102,SKU-201,190,1196.32
2025-09-29,STR-004,94102,SKU-202,154,892.78
2025-09-29,STR-004,94102,SKU-203,262,848.22
2025-09-29,STR-004,94102,SKU-204,84,889.35
2025-09-29,STR-004,94102,SKU-301,307,1653.67
2025-09-29,STR-004,94102,SKU-302,222,1342.49
2025-09-29,STR-004,94102,SKU-303,215,1214.60
2025-09-29,STR-004,94102,SKU-304,233,1486.59
2025-09-29,STR-004,94102,SKU-401,163,1133.13
2025-09-29,STR-004,94102,SKU-402,79,521.54
2025-09-29,STR-004,94102,SKU-403,122,631.26
2025-09-29,STR-004,94102,SKU-501,26,472.48
2025-09-29,STR-004,94102,SKU-502,10,302.93
2025-09-29,STR-004,94102,SKU-503,17,357.72
2025-09-29,STR-004,94102,SKU-504,10,171.14
2025-09-29,STR-004,94102,SKU-601,95,1134.24
2025-09-29,STR-004,94102,SKU-602,88,492.98
2025-09-29,STR-004,94102,SKU-603,144,735.04
2025-09-29,STR-004,94102,SKU-604,87,409.75
2025-09-29,STR-004,94102,SKU-701,3,79.28
2025-09-29,STR-005,94118,SKU-101,279,1100.28
2025-09-29,STR-005,94118,SKU-102,276,1742.25
2025-09-29,STR-005,94118,SKU-103,253,1465.66
2025-09-29,STR-005,94118,SKU-104,190,1208.97
2025-09-29,STR-005,94118,SKU-105,132,468.83
2025-09-29,STR-005,94118,SKU-201,250,1547.24
2025-09-29,STR-005,94118,SKU-202,266,1473.62
2025-09-29,STR-005,94118,SKU-203,326,982.00
2025-09-29,STR-005,94118,SKU-204,99,1086.89
2025-09-29,STR-005,94118,SKU-301,333,1896.59
2025-09-29,STR-005,94118,SKU-302,255,1518.25
2025-09-29,STR-005,94118,SKU-303,274,1548.14
2025-09-29,STR-005,94118,SKU-304,354,2130.53
2025-09-29,STR-005,94118,SKU-401,203,1360.23
2025-09-29,STR-005,94118,SKU-402,123,769.74
2025-09-29,STR-005,94118,SKU-403,190,1014.71
2025-09-29,STR-005,94118,SKU-501,27,497.01
2025-09-29,STR-005,94118,SKU-502,16,504.15
2025-09-29,STR-005,94118,SKU-503,20,434.43
2025-09-29,STR-005,94118,SKU-504,14,246.70
2025-09-29,STR-005,94118,SKU-601,133,1646.66
2025-09-29,STR-005,94118,SKU-602,106,629.99
2025-09-29,STR-005,94118,SKU-603,154,783.14
2025-09-29,STR-005,94118,SKU-604,110,512.61
2025-09-29,STR-005,94118,SKU-701,3,77.89
2025-09-29,STR-006,94123,SKU-101,248,1012.89
2025-09-29,STR-006,94123,SKU-102,305,2024.23
2025-09-29,STR-006,94123,SKU-103,209,1227.64
2025-09-29,STR-006,94123,SKU-104,178,1105.74
2025-09-29,STR-006,94123,SKU-105,112,394.57
2025-09-29,STR-006,94123,SKU-201,229,1407.16
2025-09-29,STR-006,94123,SKU-202,170,941.17
2025-09-29,STR-006,94123,SKU-203,244,792.40
2025-09-29,STR-006,94123,SKU-204,115,1315.65
2025-09-29,STR-006,94123,SKU-301,335,1839.96
2025-09-29,STR-006,94123,SKU-302,232,1424.65
2025-09-29,STR-006,94123,SKU-303,220,1306.41
2025-09-29,STR-006,94123,SKU-304,214,1344.68
2025-09-29,STR-006,94123,SKU-401,177,1144.56
2025-09-29,STR-006,94123,SKU-402,105,656.90
2025-09-29,STR-006,94123,SKU-403,135,734.06
2025-09-29,STR-006,94123,SKU-501,25,479.14
2025-09-29,STR-006,94123,SKU-502,12,359.90
2025-09-29,STR-006,94123,SKU-503,22,483.72
2025-09-29,STR-006,94123,SKU-504,9,160.82
2025-09-29,STR-006,94123,SKU-601,124,1485.05
2025-09-29,STR-006,94123,SKU-602,101,591.02
2025-09-29,STR-006,94123,SKU-603,120,587.45
2025-09-29,STR-006,94123,SKU-604,130,588.31
2025-09-29,STR-006,94123,SKU-701,3,78.41
2025-09-22,STR-001,94103,SKU-101,219,862.97
2025-09-22,STR-001,94103,SKU-102,241,1512.16
2025-09-22,STR-001,94103,SKU-103,280,1704.50
2025-09-22,STR-001,94103,SKU-104,176,1129.03
2025-09-22,STR-001,94103,SKU-105,138,496.55
2025-09-22,STR-001,94103,SKU-201,268,1621.00
2025-09-22,STR-001,94103,SKU-202,223,1235.48
2025-09-22,STR-001,94103,SKU-203,363,1123.18
2025-09-22,STR-001,94103,SKU-204,111,1248.67
2025-09-22,STR-001,94103,SKU-301,282,1601.55
2025-09-22,STR-001,94103,SKU-302,258,1503.82
2025-09-22,STR-001,94103,SKU-303,194,1100.97
2025-09-22,STR-001,94103,SKU-304,331,2076.04
2025-09-22,STR-001,94103,SKU-401,164,1085.41
2025-09-22,STR-001,94103,SKU-402,139,878.72
2025-09-22,STR-001,94103,SKU-403,168,883.65
2025-09-22,STR-001,94103,SKU-501,26,492.47
2025-09-22,STR-001,94103,SKU-502,18,538.74
2025-09-22,STR-001,94103,SKU-503,23,503.83
2025-09-22,STR-001,94103,SKU-504,13,226.39
2025-09-22,STR-001,94103,SKU-601,145,1733.80
2025-09-22,STR-001,94103,SKU-602,107,639.55
2025-09-22,STR-001,94103,SKU-603,181,876.42
2025-09-22,STR-001,94103,SKU-604,126,584.30
2025-09-22,STR-001,94103,SKU-701,4,105.92
2025-09-22,STR-002,94110,SKU-101,271,1082.50
2025-09-22,STR-002,94110,SKU-102,357,2334.61
2025-09-22,STR-002,94110,SKU-103,373,2283.45
2025-09-22,STR-002,94110,SKU-104,182,1142.46
2025-09-22,STR-002,94110,SKU-105,175,636.06
2025-09-22,STR-002,94110,SKU-201,337,2067.02
2025-09-22,STR-002,94110,SKU-202,217,1290.52
2025-09-22,STR-002,94110,SKU-203,407,1257.72
2025-09-22,STR-002,94110,SKU-204,142,1569.49
2025-09-22,STR-002,94110,SKU-301,459,2619.23
2025-09-22,STR-002,94110,SKU-302,256,1592.14
2025-09-22,STR-002,94110,SKU-303,264,1504.34
2025-09-22,STR-002,94110,SKU-304,346,2082.94
2025-09-22,STR-002,94110,SKU-401,223,1461.14
2025-09-22,STR-002,94110,SKU-402,167,1095.71
2025-09-22,STR-002,94110,SKU-403,194,1028.61
2025-09-22,STR-002,94110,SKU-501,35,664.02
2025-09-22,STR-002,94110,SKU-502,18,575.26
2025-09-22,STR-002,94110,SKU-503,33,678.03
2025-09-22,STR-002,94110,SKU-504,14,232.11
2025-09-22,STR-002,94110,SKU-601,163,1958.16
2025-09-22,STR-002,94110,SKU-602,138,815.42
2025-09-22,STR-002,94110,SKU-603,226,1103.90
2025-09-22,STR-002,94110,SKU-604,185,856.57
2025-09-22,STR-002,94110,SKU-701,4,109.94
2025-09-22,STR-003,94133,SKU-101,240,988.64
2025-09-22,STR-003,94133,SKU-102,246,1540.41
2025-09-22,STR-003,94133,SKU-103,294,1765.09
2025-09-22,STR-003,94133,SKU-104,184,1114.11
2025-09-22,STR-003,94133,SKU-105,136,497.41
2025-09-22,STR-003,94133,SKU-201,227,1426.50
2025-09-22,STR-003,94133,SKU-202,220,1222.92
2025-09-22,STR-003,94133,SKU-203,324,974.16
2025-09-22,STR-003,94133,SKU-204,113,1252.30
2025-09-22,STR-003,94133,SKU-301,378,2042.94
2025-09-22,STR-003,94133,SKU-302,195,1166.58
2025-09-22,STR-003,94133,SKU-303,229,1347.06
2025-09-22,STR-003,94133,SKU-304,262,1627.19
2025-09-22,STR-003,94133,SKU-401,208,1430.40
2025-09-22,STR-003,94133,SKU-402,107,688.20
2025-09-22,STR-003,94133,SKU-403,119,616.46
2025-09-22,STR-003,94133,SKU-501,23,425.12
2025-09-22,STR-003,94133,SKU-502,13,390.41
2025-09-22,STR-003,94133,SKU-503,23,501.04
2025-09-22,STR-003,94133,SKU-504,12,211.88
2025-09-22,STR-003,94133,SKU-601,114,1408.30
2025-09-22,STR-003,94133,SKU-602,98,578.48
2025-09-22,STR-003,94133,SKU-603,128,636.03
2025-09-22,STR-003,94133,SKU-604,102,454.78
2025-09-22,STR-003,94133,SKU-701,3,79.96
2025-09-22,STR-004,94102,SKU-101,171,695.56
2025-09-22,STR-004,94102,SKU-102,277,1805.90
2025-09-22,STR-004,94102,SKU-103,242,1441.71
2025-09-22,STR-004,94102,SKU-104,142,856.92
2025-09-22,STR-004,94102,SKU-105,96,345.80
2025-09-22,STR-004,94102,SKU-201,192,1204.61
2025-09-22,STR-004,94102,SKU-202,174,963.61
2025-09-22,STR-004,94102,SKU-203,248,791.81
2025-09-22,STR-004,94102,SKU-204,108,1181.96
2025-09-22,STR-004,94102,SKU-301,326,1746.39
2025-09-22,STR-004,94102,SKU-302,235,1405.37
2025-09-22,STR-004,94102,SKU-303,147,850.96
2025-09-22,STR-004,94102,SKU-304,250,1504.87
2025-09-22,STR-004,94102,SKU-401,140,909.74
2025-09-22,STR-004,94102,SKU-402,81,521.03
2025-09-22,STR-004,94102,SKU-403,122,646.39
2025-09-22,STR-004,94102,SKU-501,26,494.71
2025-09-22,STR-004,94102,SKU-502,12,375.59
2025-09-22,STR-004,94102,SKU-503,19,405.83
2025-09-22,STR-004,94102,SKU-504,11,188.90
2025-09-22,STR-004,94102,SKU-601,116,1386.55
2025-09-22,STR-004,94102,SKU-602,87,507.13
2025-09-22,STR-004,94102,SKU-603,144,710.67
2025-09-22,STR-004,94102,SKU-604,118,553.36
2025-09-22,STR-004,94102,SKU-701,2,54.00
2025-09-22,STR-005,94118,SKU-101,261,1045.53
2025-09-22,STR-005,94118,SKU-102,368,2347.79
2025-09-22,STR-005,94118,SKU-103,349,2015.83
2025-09-22,STR-005,94118,SKU-104,216,1357.91
2025-09-22,STR-005,94118,SKU-105,143,521.53
2025-09-22,STR-005,94118,SKU-201,246,1589.80
2025-09-22,STR-005,94118,SKU-202,250,1470.75
2025-09-22,STR-005,94118,SKU-203,380,1165.13
2025-09-22,STR-005,94118,SKU-204,104,1166.44
2025-09-22,STR-005,94118,SKU-301,367,2071.46
2025-09-22,STR-005,94118,SKU-302,281,1631.66
2025-09-22,STR-005,94118,SKU-303,272,1615.72
2025-09-22,STR-005,94118,SKU-304,354,2279.01
2025-09-22,STR-005,94118,SKU-401,237,1613.92
2025-09-22,STR-005,94118,SKU-402,147,966.42
2025-09-22,STR-005,94118,SKU-403,143,756.96
2025-09-22,STR-005,94118,SKU-501,36,663.26
2025-09-22,STR-005,94118,SKU-502,14,414.83
2025-09-22,STR-005,94118,SKU-503,25,539.51
2025-09-22,STR-005,94118,SKU-504,12,202.68
2025-09-22,STR-005,94118,SKU-601,166,2013.65
2025-09-22,STR-005,94118,SKU-602,128,739.50
2025-09-22,STR-005,94118,SKU-603,138,679.90
2025-09-22,STR-005,94118,SKU-604,141,620.99
2025-09-22,STR-005,94118,SKU-701,3,80.53
2025-09-22,STR-006,94123,SKU-101,198,833.32
2025-09-22,STR-006,94123,SKU-102,237,1496.84
2025-09-22,STR-006,94123,SKU-103,220,1358.78
2025-09-22,STR-006,94123,SKU-104,176,1091.98
2025-09-22,STR-006,94123,SKU-105,133,462.09
2025-09-22,STR-006,94123,SKU-201,186,1156.81
2025-09-22,STR-006,94123,SKU-202,188,1067.29
2025-09-22,STR-006,94123,SKU-203,302,916.90
2025-09-22,STR-006,94123,SKU-204,107,1226.86
2025-09-22,STR-006,94123,SKU-301,248,1343.14
2025-09-22,STR-006,94123,SKU-302,212,1220.65
2025-09-22,STR-006,94123,SKU-303,199,1144.85
2025-09-22,STR-006,94123,SKU-304,212,1322.37
2025-09-22,STR-006,94123,SKU-401,180,1218.31
2025-09-22,STR-006,94123,SKU-402,90,583.49
2025-09-22,STR-006,94123,SKU-403,141,765.19
2025-09-22,STR-006,94123,SKU-501,26,467.60
2025-09-22,STR-006,94123,SKU-502,13,404.02
2025-09-22,STR-006,94123,SKU-503,17,371.70
2025-09-22,STR-006,94123,SKU-504,12,200.18
2025-09-22,STR-006,94123,SKU-601,117,1350.16
2025-09-22,STR-006,94123,SKU-602,90,515.94
2025-09-22,STR-006,94123,SKU-603,143,743.93
2025-09-22,STR-006,94123,SKU-604,104,471.39
2025-09-22,STR-006,94123,SKU-701,3,82.73
2025-09-15,STR-001,94103,SKU-101,224,895.05
2025-09-15,STR-001,94103,SKU-102,293,1957.32
2025-09-15,STR-001,94103,SKU-103,332,2058.11
2025-09-15,STR-001,94103,SKU-104,182,1153.10
2025-09-15,STR-001,94103,SKU-105,113,423.27
2025-09-15,STR-001,94103,SKU-201,204,1244.19
2025-09-15,STR-001,94103,SKU-202,244,1462.04
2025-09-15,STR-001,94103,SKU-203,272,853.44
2025-09-15,STR-001,94103,SKU-204,119,1298.76
2025-09-15,STR-001,94103,SKU-301,290,1593.46
2025-09-15,STR-001,94103,SKU-302,220,1369.76
2025-09-15,STR-001,94103,SKU-303,241,1437.71
2025-09-15,STR-001,94103,SKU-304,246,1504.20
2025-09-15,STR-001,94103,SKU-401,168,1117.28
2025-09-15,STR-001,94103,SKU-402,104,689.71
2025-09-15,STR-001,94103,SKU-403,174,923.72
2025-09-15,STR-001,94103,SKU-501,35,651.88
2025-09-15,STR-001,94103,SKU-502,14,427.66
2025-09-15,STR-001,94103,SKU-503,25,531.99
2025-09-15,STR-001,94103,SKU-504,12,214.84
2025-09-15,STR-001,94103,SKU-601,133,1635.33
2025-09-15,STR-001,94103,SKU-602,125,738.85
2025-09-15,STR-001,94103,SKU-603,157,802.84
2025-09-15,STR-001,94103,SKU-604,141,622.93
2025-09-15,STR-001,94103,SKU-701,3,83.32
2025-09-15,STR-002,94110,SKU-101,372,1483.49
2025-09-15,STR-002,94110,SKU-102,391,2493.68
2025-09-15,STR-002,94110,SKU-103,403,2348.03
2025-09-15,STR-002,94110,SKU-104,224,1384.69
2025-09-15,STR-002,94110,SKU-105,139,488.43
2025-09-15,STR-002,94110,SKU-201,304,1954.19
2025-09-15,STR-002,94110,SKU-202,317,1846.71
2025-09-15,STR-002,94110,SKU-203,455,1405.21
2025-09-15,STR-002,94110,SKU-204,127,1378.44
2025-09-15,STR-002,94110,SKU-301,502,2828.64
2025-09-15,STR-002,94110,SKU-302,365,2164.89
2025-09-15,STR-002,94110,SKU-303,234,1313.48
2025-09-15,STR-002,94110,SKU-304,382,2397.50
2025-09-15,STR-002,94110,SKU-401,216,1436.74
2025-09-15,STR-002,94110,SKU-402,136,903.12
2025-09-15,STR-002,94110,SKU-403,185,950.38
2025-09-15,STR-002,94110,SKU-501,32,575.00
2025-09-15,STR-002,94110,SKU-502,19,563.71
2025-09-15,STR-002,94110,SKU-503,30,639.07
2025-09-15,STR-002,94110,SKU-504,14,245.73
2025-09-15,STR-002,94110,SKU-601,170,1976.55
2025-09-15,STR-002,94110,SKU-602,149,845.01
2025-09-15,STR-002,94110,SKU-603,220,1093.77
2025-09-15,STR-002,94110,SKU-604,182,862.28
2025-09-15,STR-002,94110,SKU-701,3,80.40
2025-09-15,STR-003,94133,SKU-101,262,1082.68
2025-09-15,STR-003,94133,SKU-102,231,1504.29
2025-09-15,STR-003,94133,SKU-103,211,1222.00
2025-09-15,STR-003,94133,SKU-104,186,1145.36
2025-09-15,STR-003,94133,SKU-105,113,419.36
2025-09-15,STR-003,94133,SKU-201,258,1611.96
2025-09-15,STR-003,94133,SKU-202,217,1271.63
2025-09-15,STR-003,94133,SKU-203,335,1045.61
2025-09-15,STR-003,94133,SKU-204,116,1316.27
2025-09-15,STR-003,94133,SKU-301,311,1738.48
2025-09-15,STR-003,94133,SKU-302,238,1443.76
2025-09-15,STR-003,94133,SKU-303,206,1227.64
2025-09-15,STR-003,94133,SKU-304,292,1867.62
2025-09-15,STR-003,94133,SKU-401,173,1197.17
2025-09-15,STR-003,94133,SKU-402,122,809.04
2025-09-15,STR-003,94133,SKU-403,129,668.47
2025-09-15,STR-003,94133,SKU-501,25,463.17
2025-09-15,STR-003,94133,SKU-502,17,529.74
2025-09-15,STR-003,94133,SKU-503,25,509.24
2025-09-15,STR-003,94133,SKU-504,14,234.67
2025-09-15,STR-003,94133,SKU-601,120,1419.90
2025-09-15,STR-003,94133,SKU-602,127,709.08
2025-09-15,STR-003,94133,SKU-603,161,838.33
2025-09-15,STR-003,94133,SKU-604,122,548.11
2025-09-15,STR-003,94133,SKU-701,3,78.21
2025-09-15,STR-004,94102,SKU-101,188,744.42
2025-09-15,STR-004,94102,SKU-102,285,1846.55
2025-09-15,STR-004,94102,SKU-103,264,1615.90
2025-09-15,STR-004,94102,SKU-104,161,969.34
2025-09-15,STR-004,94102,SKU-105,99,367.19
2025-09-15,STR-004,94102,SKU-201,196,1192.25
2025-09-15,STR-004,94102,SKU-202,172,963.36
2025-09-15,STR-004,94102,SKU-203,295,927.92
2025-09-15,STR-004,94102,SKU-204,84,946.59
2025-09-15,STR-004,94102,SKU-301,281,1596.90
2025-09-15,STR-004,94102,SKU-302,229,1353.44
2025-09-15,STR-004,94102,SKU-303,194,1144.66
2025-09-15,STR-004,94102,SKU-304,251,1545.33
2025-09-15,STR-004,94102,SKU-401,141,930.61
2025-09-15,STR-004,94102,SKU-402,114,768.28
2025-09-15,STR-004,94102,SKU-403,131,686.87
2025-09-15,STR-004,94102,SKU-501,28,503.88
2025-09-15,STR-004,94102,SKU-502,15,446.51
2025-09-15,STR-004,94102,SKU-503,15,329.72
2025-09-15,STR-004,94102,SKU-504,12,212.91
2025-09-15,STR-004,94102,SKU-601,95,1115.99
2025-09-15,STR-004,94102,SKU-602,102,573.17
2025-09-15,STR-004,94102,SKU-603,108,525.67
2025-09-15,STR-004,94102,SKU-604,84,381.50
2025-09-15,STR-004,94102,SKU-701,3,77.75
2025-09-15,STR-005,94118,SKU-101,265,1042.14
2025-09-15,STR-005,94118,SKU-102,310,2080.43
2025-09-15,STR-005,94118,SKU-103,256,1558.63
2025-09-15,STR-005,94118,SKU-104,198,1230.22
2025-09-15,STR-005,94118,SKU-105,128,451.35
2025-09-15,STR-005,94118,SKU-201,285,1846.69
2025-09-15,STR-005,94118,SKU-202,216,1203.98
2025-09-15,STR-005,94118,SKU-203,293,879.67
2025-09-15,STR-005,94118,SKU-204,98,1038.54
2025-09-15,STR-005,94118,SKU-301,414,2207.01
2025-09-15,STR-005,94118,SKU-302,219,1349.89
2025-09-15,STR-005,94118,SKU-303,202,1181.50
2025-09-15,STR-005,94118,SKU-304,330,2109.72
2025-09-15,STR-005,94118,SKU-401,169,1120.94
2025-09-15,STR-005,94118,SKU-402,142,941.51
2025-09-15,STR-005,94118,SKU-403,174,898.65
2025-09-15,STR-005,94118,SKU-501,36,689.91
2025-09-15,STR-005,94118,SKU-502,16,477.65
2025-09-15,STR-005,94118,SKU-503,24,493.10
2025-09-15,STR-005,94118,SKU-504,13,224.76
2025-09-15,STR-005,94118,SKU-601,133,1605.32
2025-09-15,STR-005,94118,SKU-602,138,820.03
2025-09-15,STR-005,94118,SKU-603,152,737.49
2025-09-15,STR-005,94118,SKU-604,136,603.94
2025-09-15,STR-005,94118,SKU-701,4,108.58
2025-09-15,STR-006,94123,SKU-101,189,760.07
2025-09-15,STR-006,94123,SKU-102,219,1377.09
2025-09-15,STR-006,94123,SKU-103,233,1375.38
2025-09-15,STR-006,94123,SKU-104,130,782.68
2025-09-15,STR-006,94123,SKU-105,133,494.65
2025-09-15,STR-006,94123,SKU-201,241,1449.39
2025-09-15,STR-006,94123,SKU-202,197,1091.02
2025-09-15,STR-006,94123,SKU-203,257,774.80
2025-09-15,STR-006,94123,SKU-204,115,1313.63
2025-09-15,STR-006,94123,SKU-301,268,1422.51
2025-09-15,STR-006,94123,SKU-302,213,1311.80
2025-09-15,STR-006,94123,SKU-303,171,948.96
2025-09-15,STR-006,94123,SKU-304,262,1631.48
2025-09-15,STR-006,94123,SKU-401,139,951.35
2025-09-15,STR-006,94123,SKU-402,100,658.30
2025-09-15,STR-006,94123,SKU-403,130,705.85
2025-09-15,STR-006,94123,SKU-501,28,511.74
2025-09-15,STR-006,94123,SKU-502,15,444.81
2025-09-15,STR-006,94123,SKU-503,17,359.06
2025-09-15,STR-006,94123,SKU-504,9,155.75
2025-09-15,STR-006,94123,SKU-601,108,1262.86
2025-09-15,STR-006,94123,SKU-602,100,560.70
2025-09-15,STR-006,94123,SKU-603,138,685.85
2025-09-15,STR-006,94123,SKU-604,122,564.74
2025-09-15,STR-006,94123,SKU-701,3,78.44
2025-09-08,STR-001,94103,SKU-101,249,988.37
2025-09-08,STR-001,94103,SKU-102,291,1833.69
2025-09-08,STR-001,94103,SKU-103,260,1618.12
2025-09-08,STR-001,94103,SKU-104,180,1128.49
2025-09-08,STR-001,94103,SKU-105,115,427.93
2025-09-08,STR-001,94103,SKU-201,268,1631.06
2025-09-08,STR-001,94103,SKU-202,234,1371.68
2025-09-08,STR-001,94103,SKU-203,321,1022.78
2025-09-08,STR-001,94103,SKU-204,119,1332.50
2025-09-08,STR-001,94103,SKU-301,293,1654.54
2025-09-08,STR-001,94103,SKU-302,212,1298.63
2025-09-08,STR-001,94103,SKU-303,193,1086.80
2025-09-08,STR-001,94103,SKU-304,307,1896.56
2025-09-08,STR-001,94103,SKU-401,186,1257.31
2025-09-08,STR-001,94103,SKU-402,135,872.74
2025-09-08,STR-001,94103,SKU-403,159,844.37
2025-09-08,STR-001,94103,SKU-501,33,626.50
2025-09-08,STR-001,94103,SKU-502,17,519.73
2025-09-08,STR-001,94103,SKU-503,20,409.84
2025-09-08,STR-001,94103,SKU-504,12,201.87
2025-09-08,STR-001,94103,SKU-601,115,1347.90
2025-09-08,STR-001,94103,SKU-602,140,790.67
2025-09-08,STR-001,94103,SKU-603,133,643.12
2025-09-08,STR-001,94103,SKU-604,132,625.10
2025-09-08,STR-001,94103,SKU-701,3,78.06
2025-09-08,STR-002,94110,SKU-101,331,1374.65
2025-09-08,STR-002,94110,SKU-102,417,2747.37
2025-09-08,STR-002,94110,SKU-103,364,2156.52
2025-09-08,STR-002,94110,SKU-104,239,1553.11
2025-09-08,STR-002,94110,SKU-105,171,636.71
2025-09-08,STR-002,94110,SKU-201,246,1477.92
2025-09-08,STR-002,94110,SKU-202,274,1521.81
2025-09-08,STR-002,94110,SKU-203,406,1312.91
2025-09-08,STR-002,94110,SKU-204,121,1313.26
2025-09-08,STR-002,94110,SKU-301,418,2267.76
2025-09-08,STR-002,94110,SKU-302,317,1846.80
2025-09-08,STR-002,94110,SKU-303,245,1461.61
2025-09-08,STR-002,94110,SKU-304,373,2306.95
2025-09-08,STR-002,94110,SKU-401,213,1464.64
2025-09-08,STR-002,94110,SKU-402,150,955.80
2025-09-08,STR-002,94110,SKU-403,176,919.42
2025-09-08,STR-002,94110,SKU-501,37,687.39
2025-09-08,STR-002,94110,SKU-502,18,554.66
2025-09-08,STR-002,94110,SKU-503,29,601.25
2025-09-08,STR-002,94110,SKU-504,18,302.80
2025-09-08,STR-002,94110,SKU-601,204,2348.49
2025-09-08,STR-002,94110,SKU-602,125,740.32
2025-09-08,STR-002,94110,SKU-603,175,850.47
2025-09-08,STR-002,94110,SKU-604,152,686.89
2025-09-08,STR-002,94110,SKU-701,4,105.37
2025-09-08,STR-003,94133,SKU-101,251,1016.83
2025-09-08,STR-003,94133,SKU-102,291,1953.55
2025-09-08,STR-003,94133,SKU-103,219,1327.57
2025-09-08,STR-003,94133,SKU-104,175,1052.07
2025-09-08,STR-003,94133,SKU-105,131,455.48
2025-09-08,STR-003,94133,SKU-201,204,1227.33
2025-09-08,STR-003,94133,SKU-202,230,1291.81
2025-09-08,STR-003,94133,SKU-203,304,978.92
2025-09-08,STR-003,94133,SKU-204,114,1251.10
2025-09-08,STR-003,94133,SKU-301,324,1756.10
2025-09-08,STR-003,94133,SKU-302,235,1429.64
2025-09-08,STR-003,94133,SKU-303,171,1001.15
2025-09-08,STR-003,94133,SKU-304,291,1766.27
2025-09-08,STR-003,94133,SKU-401,155,1012.73
2025-09-08,STR-003,94133,SKU-402,109,711.19
2025-09-08,STR-003,94133,SKU-403,171,910.47
2025-09-08,STR-003,94133,SKU-501,31,565.60
2025-09-08,STR-003,94133,SKU-502,14,441.32
2025-09-08,STR-003,94133,SKU-503,24,488.75
2025-09-08,STR-003,94133,SKU-504,11,197.29
2025-09-08,STR-003,94133,SKU-601,140,1694.95
2025-09-08,STR-003,94133,SKU-602,108,601.27
2025-09-08,STR-003,94133,SKU-603,157,777.13
2025-09-08,STR-003,94133,SKU-604,131,590.83
2025-09-08,STR-003,94133,SKU-701,3,77.80
2025-09-08,STR-004,94102,SKU-101,176,746.37
2025-09-08,STR-004,94102,SKU-102,204,1319.74
2025-09-08,STR-004,94102,SKU-103,215,1246.87
2025-09-08,STR-004,94102,SKU-104,126,760.52
2025-09-08,STR-004,94102,SKU-105,108,379.38
2025-09-08,STR-004,94102,SKU-201,181,1100.30
2025-09-08,STR-004,94102,SKU-202,192,1080.14
2025-09-08,STR-004,94102,SKU-203,313,939.57
2025-09-08,STR-004,94102,SKU-204,76,849.70
2025-09-08,STR-004,94102,SKU-301,296,1596.48
2025-09-08,STR-004,94102,SKU-302,178,1097.02
2025-09-08,STR-004,94102,SKU-303,181,1044.59
2025-09-08,STR-004,94102,SKU-304,242,1561.80
2025-09-08,STR-004,94102,SKU-401,156,1068.41
2025-09-08,STR-004,94102,SKU-402,88,549.29
2025-09-08,STR-004,94102,SKU-403,114,604.85
2025-09-08,STR-004,94102,SKU-501,28,507.78
2025-09-08,STR-004,94102,SKU-502,14,420.82
2025-09-08,STR-004,94102,SKU-503,17,344.22
2025-09-08,STR-004,94102,SKU-504,10,167.82
2025-09-08,STR-004,94102,SKU-601,127,1560.64
2025-09-08,STR-004,94102,SKU-602,103,615.45
2025-09-08,STR-004,94102,SKU-603,119,589.23
2025-09-08,STR-004,94102,SKU-604,87,412.28
2025-09-08,STR-004,94102,SKU-701,2,52.09
2025-09-08,STR-005,94118,SKU-101,246,970.29
2025-09-08,STR-005,94118,SKU-102,346,2302.18
2025-09-08,STR-005,94118,SKU-103,280,1699.24
2025-09-08,STR-005,94118,SKU-104,169,1070.20
2025-09-08,STR-005,94118,SKU-105,146,530.68
2025-09-08,STR-005,94118,SKU-201,283,1813.32
2025-09-08,STR-005,94118,SKU-202,234,1350.27
2025-09-08,STR-005,94118,SKU-203,309,956.70
2025-09-08,STR-005,94118,SKU-204,108,1167.40
2025-09-08,STR-005,94118,SKU-301,416,2355.23
2025-09-08,STR-005,94118,SKU-302,275,1676.60
2025-09-08,STR-005,94118,SKU-303,218,1292.95
2025-09-08,STR-005,94118,SKU-304,299,1858.11
2025-09-08,STR-005,94118,SKU-401,231,1574.53
2025-09-08,STR-005,94118,SKU-402,140,880.18
2025-09-08,STR-005,94118,SKU-403,162,884.74
2025-09-08,STR-005,94118,SKU-501,30,551.86
2025-09-08,STR-005,94118,SKU-502,17,505.43
2025-09-08,STR-005,94118,SKU-503,25,513.97
2025-09-08,STR-005,94118,SKU-504,15,264.60
2025-09-08,STR-005,94118,SKU-601,167,2024.97
2025-09-08,STR-005,94118,SKU-602,109,617.54
2025-09-08,STR-005,94118,SKU-603,182,950.58
2025-09-08,STR-005,94118,SKU-604,147,665.62
2025-09-08,STR-005,94118,SKU-701,3,83.27
2025-09-08,STR-006,94123,SKU-101,268,1049.09
2025-09-08,STR-006,94123,SKU-102,215,1436.66
2025-09-08,STR-006,94123,SKU-103,271,1691.81
2025-09-08,STR-006,94123,SKU-104,145,869.18
2025-09-08,STR-006,94123,SKU-105,138,509.60
2025-09-08,STR-006,94123,SKU-201,244,1513.47
2025-09-08,STR-006,94123,SKU-202,191,1079.29
2025-09-08,STR-006,94123,SKU-203,311,950.72
2025-09-08,STR-006,94123,SKU-204,87,975.32
2025-09-08,STR-006,94123,SKU-301,325,1747.27
2025-09-08,STR-006,94123,SKU-302,179,1043.24
2025-09-08,STR-006,94123,SKU-303,183,1045.72
2025-09-08,STR-006,94123,SKU-304,230,1473.94
2025-09-08,STR-006,94123,SKU-401,163,1126.05
2025-09-08,STR-006,94123,SKU-402,100,643.77
2025-09-08,STR-006,94123,SKU-403,107,550.26
2025-09-08,STR-006,94123,SKU-501,29,539.50
2025-09-08,STR-006,94123,SKU-502,13,399.06
2025-09-08,STR-006,94123,SKU-503,19,406.50
2025-09-08,STR-006,94123,SKU-504,12,204.84
2025-09-08,STR-006,94123,SKU-601,128,1502.98
2025-09-08,STR-006,94123,SKU-602,94,535.71
2025-09-08,STR-006,94123,SKU-603,118,578.74
2025-09-08,STR-006,94123,SKU-604,98,430.87
2025-09-08,STR-006,94123,SKU-701,3,82.93
2025-09-01,STR-001,94103,SKU-101,212,877.46
2025-09-01,STR-001,94103,SKU-102,263,1662.68
2025-09-01,STR-001,94103,SKU-103,232,1418.69
2025-09-01,STR-001,94103,SKU-104,164,1005.28
2025-09-01,STR-001,94103,SKU-105,136,491.94
2025-09-01,STR-001,94103,SKU-201,213,1312.24
2025-09-01,STR-001,94103,SKU-202,197,1161.10
2025-09-01,STR-001,94103,SKU-203,266,852.91
2025-09-01,STR-001,94103,SKU-204,92,988.81
2025-09-01,STR-001,94103,SKU-301,342,1847.01
2025-09-01,STR-001,94103,SKU-302,203,1227.19
2025-09-01,STR-001,94103,SKU-303,192,1099.48
2025-09-01,STR-001,94103,SKU-304,281,1786.10
2025-09-01,STR-001,94103,SKU-401,181,1232.89
2025-09-01,STR-001,94103,SKU-402,134,836.86
2025-09-01,STR-001,94103,SKU-403,172,910.96
2025-09-01,STR-001,94103,SKU-501,30,580.20
2025-09-01,STR-001,94103,SKU-502,14,431.74
2025-09-01,STR-001,94103,SKU-503,22,464.57
2025-09-01,STR-001,94103,SKU-504,11,196.69
2025-09-01,STR-001,94103,SKU-601,154,1845.07
2025-09-01,STR-001,94103,SKU-602,131,746.79
2025-09-01,STR-001,94103,SKU-603,169,877.32
2025-09-01,STR-001,94103,SKU-604,134,595.73
2025-09-01,STR-001,94103,SKU-701,3,81.48
2025-09-01,STR-002,94110,SKU-101,286,1158.78
2025-09-01,STR-002,94110,SKU-102,392,2598.26
2025-09-01,STR-002,94110,SKU-103,391,2339.30
2025-09-01,STR-002,94110,SKU-104,254,1560.08
2025-09-01,STR-002,94110,SKU-105,144,533.01
2025-09-01,STR-002,94110,SKU-201,280,1746.99
2025-09-01,STR-002,94110,SKU-202,246,1420.26
2025-09-01,STR-002,94110,SKU-203,398,1258.73
2025-09-01,STR-002,94110,SKU-204,136,1561.15
2025-09-01,STR-002,94110,SKU-301,427,2414.13
2025-09-01,STR-002,94110,SKU-302,339,2062.62
2025-09-01,STR-002,94110,SKU-303,266,1595.88
2025-09-01,STR-002,94110,SKU-304,328,1996.02
2025-09-01,STR-002,94110,SKU-401,213,1409.30
2025-09-01,STR-002,94110,SKU-402,132,826.40
2025-09-01,STR-002,94110,SKU-403,199,1069.89
2025-09-01,STR-002,94110,SKU-501,31,593.58
2025-09-01,STR-002,94110,SKU-502,19,567.19
2025-09-01,STR-002,94110,SKU-503,29,589.22
2025-09-01,STR-002,94110,SKU-504,18,310.84
2025-09-01,STR-002,94110,SKU-601,200,2422.07
2025-09-01,STR-002,94110,SKU-602,151,887.24
2025-09-01,STR-002,94110,SKU-603,214,1086.17
2025-09-01,STR-002,94110,SKU-604,190,864.88
2025-09-01,STR-002,94110,SKU-701,5,130.99
2025-09-01,STR-003,94133,SKU-101,285,1120.57
2025-09-01,STR-003,94133,SKU-102,248,1549.71
2025-09-01,STR-003,94133,SKU-103,224,1349.55
2025-09-01,STR-003,94133,SKU-104,189,1189.59
2025-09-01,STR-003,94133,SKU-105,112,398.68
2025-09-01,STR-003,94133,SKU-201,190,1201.79
2025-09-01,STR-003,94133,SKU-202,160,958.06
2025-09-01,STR-003,94133,SKU-203,325,979.00
2025-09-01,STR-003,94133,SKU-204,92,1027.86
2025-09-01,STR-003,94133,SKU-301,301,1661.90
2025-09-01,STR-003,94133,SKU-302,230,1417.65
2025-09-01,STR-003,94133,SKU-303,178,1012.60
2025-09-01,STR-003,94133,SKU-304,276,1746.74
2025-09-01,STR-003,94133,SKU-401,171,1160.84
2025-09-01,STR-003,94133,SKU-402,96,634.36
2025-09-01,STR-003,94133,SKU-403,148,779.14
2025-09-01,STR-003,94133,SKU-501,25,456.85
2025-09-01,STR-003,94133,SKU-502,13,411.88
2025-09-01,STR-003,94133,SKU-503,21,441.79
2025-09-01,STR-003,94133,SKU-504,10,167.75
2025-09-01,STR-003,94133,SKU-601,139,1676.27
2025-09-01,STR-003,94133,SKU-602,138,784.37
2025-09-01,STR-003,94133,SKU-603,161,780.11
2025-09-01,STR-003,94133,SKU-604,129,567.11
2025-09-01,STR-003,94133,SKU-701,3,80.45
2025-09-01,STR-004,94102,SKU-101,174,708.21
2025-09-01,STR-004,94102,SKU-102,254,1621.15
2025-09-01,STR-004,94102,SKU-103,228,1323.42
2025-09-01,STR-004,94102,SKU-104,118,753.47
2025-09-01,STR-004,94102,SKU-105,110,407.47
2025-09-01,STR-004,94102,SKU-201,193,1237.26
2025-09-01,STR-004,94102,SKU-202,185,1036.66
2025-09-01,STR-004,94102,SKU-203,253,794.48
2025-09-01,STR-004,94102,SKU-204,102,1122.17
2025-09-01,STR-004,94102,SKU-301,249,1420.44
2025-09-01,STR-004,94102,SKU-302,183,1115.83
2025-09-01,STR-004,94102,SKU-303,201,1169.90
2025-09-01,STR-004,94102,SKU-304,198,1225.94
2025-09-01,STR-004,94102,SKU-401,185,1266.32
2025-09-01,STR-004,94102,SKU-402,111,707.59
2025-09-01,STR-004,94102,SKU-403,106,580.29
2025-09-01,STR-004,94102,SKU-501,24,463.23
2025-09-01,STR-004,94102,SKU-502,15,450.12
2025-09-01,STR-004,94102,SKU-503,15,325.05
2025-09-01,STR-004,94102,SKU-504,12,209.63
2025-09-01,STR-004,94102,SKU-601,105,1238.83
2025-09-01,STR-004,94102,SKU-602,92,550.58
2025-09-01,STR-004,94102,SKU-603,141,732.37
2025-09-01,STR-004,94102,SKU-604,111,499.89
2025-09-01,STR-004,94102,SKU-701,3,82.20
2025-09-01,STR-005,94118,SKU-101,247,984.80
2025-09-01,STR-005,94118,SKU-102,322,2028.69
2025-09-01,STR-005,94118,SKU-103,241,1487.22
2025-09-01,STR-005,94118,SKU-104,160,1002.73
2025-09-01,STR-005,94118,SKU-105,147,512.71
2025-09-01,STR-005,94118,SKU-201,222,1341.60
2025-09-01,STR-005,94118,SKU-202,191,1080.14
2025-09-01,STR-005,94118,SKU-203,382,1166.54
2025-09-01,STR-005,94118,SKU-204,121,1336.34
2025-09-01,STR-005,94118,SKU-301,355,1971.72
2025-09-01,STR-005,94118,SKU-302,279,1713.79
2025-09-01,STR-005,94118,SKU-303,205,1155.95
2025-09-01,STR-005,94118,SKU-304,343,2143.81
2025-09-01,STR-005,94118,SKU-401,178,1173.22
2025-09-01,STR-005,94118,SKU-402,114,713.29
2025-09-01,STR-005,94118,SKU-403,171,915.90
2025-09-01,STR-005,94118,SKU-501,31,562.55
2025-09-01,STR-005,94118,SKU-502,16,482.42
2025-09-01,STR-005,94118,SKU-503,25,542.85
2025-09-01,STR-005,94118,SKU-504,12,200.80
2025-09-01,STR-005,94118,SKU-601,162,1981.78
2025-09-01,STR-005,94118,SKU-602,145,856.39
2025-09-01,STR-005,94118,SKU-603,153,770.69
2025-09-01,STR-005,94118,SKU-604,122,558.06
2025-09-01,STR-005,94118,SKU-701,3,80.19
2025-09-01,STR-006,94123,SKU-101,193,785.46
2025-09-01,STR-006,94123,SKU-102,237,1547.42
2025-09-01,STR-006,94123,SKU-103,251,1562.71
2025-09-01,STR-006,94123,SKU-104,177,1083.52
2025-09-01,STR-006,94123,SKU-105,134,493.15
2025-09-01,STR-006,94123,SKU-201,211,1327.14
2025-09-01,STR-006,94123,SKU-202,209,1165.58
2025-09-01,STR-006,94123,SKU-203,331,1069.02
2025-09-01,STR-006,94123,SKU-204,90,997.38
2025-09-01,STR-006,94123,SKU-301,333,1832.42
2025-09-01,STR-006,94123,SKU-302,200,1153.15
2025-09-01,STR-006,94123,SKU-303,185,1021.38
2025-09-01,STR-006,94123,SKU-304,289,1756.77
2025-09-01,STR-006,94123,SKU-401,158,1056.62
2025-09-01,STR-006,94123,SKU-402,119,758.13
2025-09-01,STR-006,94123,SKU-403,147,807.65
2025-09-01,STR-006,94123,SKU-501,24,458.08
2025-09-01,STR-006,94123,SKU-502,12,383.78
2025-09-01,STR-006,94123,SKU-503,16,341.75
2025-09-01,STR-006,94123,SKU-504,13,219.53
2025-09-01,STR-006,94123,SKU-601,104,1249.22
2025-09-01,STR-006,94123,SKU-602,127,702.52
2025-09-01,STR-006,94123,SKU-603,133,685.41
2025-09-01,STR-006,94123,SKU-604,125,553.71
2025-09-01,STR-006,94123,SKU-701,3,83.29
2025-08-25,STR-001,94103,SKU-101,263,1108.23
2025-08-25,STR-001,94103,SKU-102,264,1771.66
2025-08-25,STR-001,94103,SKU-103,242,1498.90
2025-08-25,STR-001,94103,SKU-104,206,1281.99
2025-08-25,STR-001,94103,SKU-105,136,501.72
2025-08-25,STR-001,94103,SKU-201,263,1656.23
2025-08-25,STR-001,94103,SKU-202,241,1388.20
2025-08-25,STR-001,94103,SKU-203,311,949.64
2025-08-25,STR-001,94103,SKU-204,105,1189.81
2025-08-25,STR-001,94103,SKU-301,391,2112.97
2025-08-25,STR-001,94103,SKU-302,232,1411.37
2025-08-25,STR-001,94103,SKU-303,194,1095.10
2025-08-25,STR-001,94103,SKU-304,297,1888.58
2025-08-25,STR-001,94103,SKU-401,190,1250.82
2025-08-25,STR-001,94103,SKU-402,122,822.01
2025-08-25,STR-001,94103,SKU-403,164,842.46
2025-08-25,STR-001,94103,SKU-501,32,605.63
2025-08-25,STR-001,94103,SKU-502,17,520.34
2025-08-25,STR-001,94103,SKU-503,19,411.35
2025-08-25,STR-001,94103,SKU-504,10,179.61
2025-08-25,STR-001,94103,SKU-601,137,1695.53
2025-08-25,STR-001,94103,SKU-602,123,704.55
2025-08-25,STR-001,94103,SKU-603,176,893.81
2025-08-25,STR-001,94103,SKU-604,111,519.84
2025-08-25,STR-001,94103,SKU-701,3,78.93
2025-08-25,STR-002,94110,SKU-101,263,1115.24
2025-08-25,STR-002,94110,SKU-102,341,2145.34
2025-08-25,STR-002,94110,SKU-103,278,1663.16
2025-08-25,STR-002,94110,SKU-104,247,1520.83
2025-08-25,STR-002,94110,SKU-105,150,523.75
2025-08-25,STR-002,94110,SKU-201,244,1472.70
2025-08-25,STR-002,94110,SKU-202,238,1407.22
2025-08-25,STR-002,94110,SKU-203,434,1397.72
2025-08-25,STR-002,94110,SKU-204,111,1207.29
2025-08-25,STR-002,94110,SKU-301,370,1988.96
2025-08-25,STR-002,94110,SKU-302,341,2103.90
2025-08-25,STR-002,94110,SKU-303,227,1270.49
2025-08-25,STR-002,94110,SKU-304,402,2433.87
2025-08-25,STR-002,94110,SKU-401,291,1877.73
2025-08-25,STR-002,94110,SKU-402,174,1113.82
2025-08-25,STR-002,94110,SKU-403,158,861.33
2025-08-25,STR-002,94110,SKU-501,35,644.47
2025-08-25,STR-002,94110,SKU-502,16,506.74
2025-08-25,STR-002,94110,SKU-503,32,700.99
2025-08-25,STR-002,94110,SKU-504,14,241.27
2025-08-25,STR-002,94110,SKU-601,176,2135.16
2025-08-25,STR-002,94110,SKU-602,162,938.72
2025-08-25,STR-002,94110,SKU-603,170,867.34
2025-08-25,STR-002,94110,SKU-604,132,597.29
2025-08-25,STR-002,94110,SKU-701,4,110.37
2025-08-25,STR-003,94133,SKU-101,256,1042.80
2025-08-25,STR-003,94133,SKU-102,234,1519.80
2025-08-25,STR-003,94133,SKU-103,294,1825.17
2025-08-25,STR-003,94133,SKU-104,177,1106.39
2025-08-25,STR-003,94133,SKU-105,128,459.50
2025-08-25,STR-003,94133,SKU-201,230,1380.69
2025-08-25,STR-003,94133,SKU-202,201,1173.46
2025-08-25,STR-003,94133,SKU-203,334,1045.92
2025-08-25,STR-003,94133,SKU-204,84,897.65
2025-08-25,STR-003,94133,SKU-301,372,2082.46
2025-08-25,STR-003,94133,SKU-302,223,1382.49
2025-08-25,STR-003,94133,SKU-303,215,1222.31
2025-08-25,STR-003,94133,SKU-304,249,1593.84
2025-08-25,STR-003,94133,SKU-401,216,1398.99
2025-08-25,STR-003,94133,SKU-402,127,824.21
2025-08-25,STR-003,94133,SKU-403,146,802.49
2025-08-25,STR-003,94133,SKU-501,26,478.95
2025-08-25,STR-003,94133,SKU-502,17,505.33
2025-08-25,STR-003,94133,SKU-503,19,412.52
2025-08-25,STR-003,94133,SKU-504,11,182.36
2025-08-25,STR-003,94133,SKU-601,143,1750.13
2025-08-25,STR-003,94133,SKU-602,127,728.11
2025-08-25,STR-003,94133,SKU-603,160,835.97
2025-08-25,STR-003,94133,SKU-604,118,559.78
2025-08-25,STR-003,94133,SKU-701,3,78.02
2025-08-25,STR-004,94102,SKU-101,230,954.20
2025-08-25,STR-004,94102,SKU-102,222,1469.76
2025-08-25,STR-004,94102,SKU-103,212,1324.42
2025-08-25,STR-004,94102,SKU-104,115,704.06
2025-08-25,STR-004,94102,SKU-105,129,462.45
2025-08-25,STR-004,94102,SKU-201,156,992.37
2025-08-25,STR-004,94102,SKU-202,176,1009.32
2025-08-25,STR-004,94102,SKU-203,247,742.44
2025-08-25,STR-004,94102,SKU-204,77,857.06
2025-08-25,STR-004,94102,SKU-301,317,1741.51
2025-08-25,STR-004,94102,SKU-302,169,1033.87
2025-08-25,STR-004,94102,SKU-303,173,1016.76
2025-08-25,STR-004,94102,SKU-304,223,1380.38
2025-08-25,STR-004,94102,SKU-401,143,1000.96
2025-08-25,STR-004,94102,SKU-402,114,762.48
2025-08-25,STR-004,94102,SKU-403,111,582.32
2025-08-25,STR-004,94102,SKU-501,26,505.54
2025-08-25,STR-004,94102,SKU-502,14,419.14
2025-08-25,STR-004,94102,SKU-503,15,310.47
2025-08-25,STR-004,94102,SKU-504,10,175.92
2025-08-25,STR-004,94102,SKU-601,108,1331.47
2025-08-25,STR-004,94102,SKU-602,105,617.81
2025-08-25,STR-004,94102,SKU-603,137,677.67
2025-08-25,STR-004,94102,SKU-604,89,396.91
2025-08-25,STR-004,94102,SKU-701,3,82.82
2025-08-25,STR-005,94118,SKU-101,277,1124.31
2025-08-25,STR-005,94118,SKU-102,319,2104.15
2025-08-25,STR-005,94118,SKU-103,334,2085.67
2025-08-25,STR-005,94118,SKU-104,210,1265.46
2025-08-25,STR-005,94118,SKU-105,128,442.13
2025-08-25,STR-005,94118,SKU-201,228,1395.36
2025-08-25,STR-005,94118,SKU-202,253,1446.65
2025-08-25,STR-005,94118,SKU-203,388,1195.68
2025-08-25,STR-005,94118,SKU-204,138,1535.36
2025-08-25,STR-005,94118,SKU-301,376,2099.07
2025-08-25,STR-005,94118,SKU-302,279,1606.86
2025-08-25,STR-005,94118,SKU-303,214,1193.95
2025-08-25,STR-005,94118,SKU-304,342,2189.87
2025-08-25,STR-005,94118,SKU-401,207,1394.81
2025-08-25,STR-005,94118,SKU-402,145,968.00
2025-08-25,STR-005,94118,SKU-403,183,958.14
2025-08-25,STR-005,94118,SKU-501,31,574.43
2025-08-25,STR-005,94118,SKU-502,19,578.81
2025-08-25,STR-005,94118,SKU-503,19,402.42
2025-08-25,STR-005,94118,SKU-504,13,216.51
2025-08-25,STR-005,94118,SKU-601,145,1802.02
2025-08-25,STR-005,94118,SKU-602,145,828.09
2025-08-25,STR-005,94118,SKU-603,157,764.45
2025-08-25,STR-005,94118,SKU-604,113,506.49
2025-08-25,STR-005,94118,SKU-701,3,82.44
2025-08-25,STR-006,94123,SKU-101,204,816.62
2025-08-25,STR-006,94123,SKU-102,222,1438.38
2025-08-25,STR-006,94123,SKU-103,195,1125.91
2025-08-25,STR-006,94123,SKU-104,132,826.32
2025-08-25,STR-006,94123,SKU-105,115,407.16
2025-08-25,STR-006,94123,SKU-201,209,1267.52
2025-08-25,STR-006,94123,SKU-202,172,961.47
2025-08-25,STR-006,94123,SKU-203,337,1084.79
2025-08-25,STR-006,94123,SKU-204,92,1006.21
2025-08-25,STR-006,94123,SKU-301,332,1861.04
2025-08-25,STR-006,94123,SKU-302,259,1581.80
2025-08-25,STR-006,94123,SKU-303,162,944.07
2025-08-25,STR-006,94123,SKU-304,217,1395.36
2025-08-25,STR-006,94123,SKU-401,141,938.45
2025-08-25,STR-006,94123,SKU-402,93,619.83
2025-08-25,STR-006,94123,SKU-403,153,835.20
2025-08-25,STR-006,94123,SKU-501,23,434.10
2025-08-25,STR-006,94123,SKU-502,12,357.04
2025-08-25,STR-006,94123,SKU-503,20,419.16
2025-08-25,STR-006,94123,SKU-504,11,190.42
2025-08-25,STR-006,94123,SKU-601,116,1400.35
2025-08-25,STR-006,94123,SKU-602,116,659.00
2025-08-25,STR-006,94123,SKU-603,120,600.90
2025-08-25,STR-006,94123,SKU-604,107,493.11
2025-08-25,STR-006,94123,SKU-701,3,82.72
2025-08-18,STR-001,94103,SKU-101,221,898.98
2025-08-18,STR-001,94103,SKU-102,265,1689.58
2025-08-18,STR-001,94103,SKU-103,264,1549.36
2025-08-18,STR-001,94103,SKU-104,207,1337.08
2025-08-18,STR-001,94103,SKU-105,160,588.28
2025-08-18,STR-001,94103,SKU-201,236,1520.84
2025-08-18,STR-001,94103,SKU-202,250,1444.88
2025-08-18,STR-001,94103,SKU-203,312,966.86
2025-08-18,STR-001,94103,SKU-204,127,1426.69
2025-08-18,STR-001,94103,SKU-301,329,1775.46
2025-08-18,STR-001,94103,SKU-302,258,1607.82
2025-08-18,STR-001,94103,SKU-303,231,1360.81
2025-08-18,STR-001,94103,SKU-304,313,1900.44
2025-08-18,STR-001,94103,SKU-401,186,1246.82
2025-08-18,STR-001,94103,SKU-402,104,663.69
2025-08-18,STR-001,94103,SKU-403,152,835.13
2025-08-18,STR-001,94103,SKU-501,29,540.02
2025-08-18,STR-001,94103,SKU-502,18,545.87
2025-08-18,STR-001,94103,SKU-503,26,566.97
2025-08-18,STR-001,94103,SKU-504,14,244.45
2025-08-18,STR-001,94103,SKU-601,140,1705.77
2025-08-18,STR-001,94103,SKU-602,142,790.10
2025-08-18,STR-001,94103,SKU-603,176,922.78
2025-08-18,STR-001,94103,SKU-604,125,557.30
2025-08-18,STR-001,94103,SKU-701,2,52.30
2025-08-18,STR-002,94110,SKU-101,333,1393.22
2025-08-18,STR-002,94110,SKU-102,356,2302.87
2025-08-18,STR-002,94110,SKU-103,287,1688.40
2025-08-18,STR-002,94110,SKU-104,173,1088.90
2025-08-18,STR-002,94110,SKU-105,154,576.52
2025-08-18,STR-002,94110,SKU-201,334,2098.60
2025-08-18,STR-002,94110,SKU-202,257,1530.87
2025-08-18,STR-002,94110,SKU-203,454,1419.54
2025-08-18,STR-002,94110,SKU-204,137,1477.59
2025-08-18,STR-002,94110,SKU-301,423,2351.14
2025-08-18,STR-002,94110,SKU-302,276,1676.02
2025-08-18,STR-002,94110,SKU-303,232,1337.11
2025-08-18,STR-002,94110,SKU-304,395,2382.29
2025-08-18,STR-002,94110,SKU-401,208,1362.32
2025-08-18,STR-002,94110,SKU-402,126,836.67
2025-08-18,STR-002,94110,SKU-403,177,933.96
2025-08-18,STR-002,94110,SKU-501,31,570.74
2025-08-18,STR-002,94110,SKU-502,19,590.40
2025-08-18,STR-002,94110,SKU-503,24,506.13
2025-08-18,STR-002,94110,SKU-504,19,337.13
2025-08-18,STR-002,94110,SKU-601,173,2101.31
2025-08-18,STR-002,94110,SKU-602,125,714.04
2025-08-18,STR-002,94110,SKU-603,172,871.60
2025-08-18,STR-002,94110,SKU-604,129,576.81
2025-08-18,STR-002,94110,SKU-701,4,104.59
2025-08-18,STR-003,94133,SKU-101,226,937.18
2025-08-18,STR-003,94133,SKU-102,303,2021.19
2025-08-18,STR-003,94133,SKU-103,217,1271.50
2025-08-18,STR-003,94133,SKU-104,184,1162.30
2025-08-18,STR-003,94133,SKU-105,106,391.71
2025-08-18,STR-003,94133,SKU-201,204,1229.71
2025-08-18,STR-003,94133,SKU-202,163,901.72
2025-08-18,STR-003,94133,SKU-203,255,796.70
2025-08-18,STR-003,94133,SKU-204,105,1205.00
2025-08-18,STR-003,94133,SKU-301,343,1855.04
2025-08-18,STR-003,94133,SKU-302,231,1354.54
2025-08-18,STR-003,94133,SKU-303,211,1218.81
2025-08-18,STR-003,94133,SKU-304,301,1878.46
2025-08-18,STR-003,94133,SKU-401,209,1390.04
2025-08-18,STR-003,94133,SKU-402,128,846.65
2025-08-18,STR-003,94133,SKU-403,172,918.47
2025-08-18,STR-003,94133,SKU-501,22,401.56
2025-08-18,STR-003,94133,SKU-502,16,486.98
2025-08-18,STR-003,94133,SKU-503,25,522.88
2025-08-18,STR-003,94133,SKU-504,13,219.19
2025-08-18,STR-003,94133,SKU-601,115,1407.41
2025-08-18,STR-003,94133,SKU-602,114,629.89
2025-08-18,STR-003,94133,SKU-603,149,771.21
2025-08-18,STR-003,94133,SKU-604,128,595.40
2025-08-18,STR-003,94133,SKU-701,3,82.07
2025-08-18,STR-004,94102,SKU-101,178,708.47
2025-08-18,STR-004,94102,SKU-102,258,1672.40
2025-08-18,STR-004,94102,SKU-103,247,1487.59
2025-08-18,STR-004,94102,SKU-104,117,705.01
2025-08-18,STR-004,94102,SKU-105,116,419.02
2025-08-18,STR-004,94102,SKU-201,210,1335.84
2025-08-18,STR-004,94102,SKU-202,152,880.29
2025-08-18,STR-004,94102,SKU-203,254,815.69
2025-08-18,STR-004,94102,SKU-204,81,873.12
2025-08-18,STR-004,94102,SKU-301,325,1819.09
2025-08-18,STR-004,94102,SKU-302,184,1128.74
2025-08-18,STR-004,94102,SKU-303,208,1210.86
2025-08-18,STR-004,94102,SKU-304,249,1512.14
2025-08-18,STR-004,94102,SKU-401,137,922.58
2025-08-18,STR-004,94102,SKU-402,100,665.96
2025-08-18,STR-004,94102,SKU-403,136,725.53
2025-08-18,STR-004,94102,SKU-501,20,384.85
2025-08-18,STR-004,94102,SKU-502,13,406.30
2025-08-18,STR-004,94102,SKU-503,19,399.96
2025-08-18,STR-004,94102,SKU-504,11,197.18
2025-08-18,STR-004,94102,SKU-601,129,1503.30
2025-08-18,STR-004,94102,SKU-602,106,603.56
2025-08-18,STR-004,94102,SKU-603,120,614.79
2025-08-18,STR-004,94102,SKU-604,122,541.42
2025-08-18,STR-004,94102,SKU-701,2,53.13
2025-08-18,STR-005,94118,SKU-101,243,994.34
2025-08-18,STR-005,94118,SKU-102,359,2396.16
2025-08-18,STR-005,94118,SKU-103,235,1389.20
2025-08-18,STR-005,94118,SKU-104,148,946.16
2025-08-18,STR-005,94118,SKU-105,139,517.60
2025-08-18,STR-005,94118,SKU-201,240,1526.68
2025-08-18,STR-005,94118,SKU-202,213,1265.92
2025-08-18,STR-005,94118,SKU-203,387,1235.19
2025-08-18,STR-005,94118,SKU-204,134,1524.84
2025-08-18,STR-005,94118,SKU-301,346,1925.96
2025-08-18,STR-005,94118,SKU-302,291,1762.43
2025-08-18,STR-005,94118,SKU-303,203,1166.54
2025-08-18,STR-005,94118,SKU-304,251,1528.40
2025-08-18,STR-005,94118,SKU-401,171,1157.33
2025-08-18,STR-005,94118,SKU-402,129,852.95
2025-08-18,STR-005,94118,SKU-403,151,808.69
2025-08-18,STR-005,94118,SKU-501,30,549.21
2025-08-18,STR-005,94118,SKU-502,15,471.21
2025-08-18,STR-005,94118,SKU-503,26,568.96
2025-08-18,STR-005,94118,SKU-504,12,214.61
2025-08-18,STR-005,94118,SKU-601,144,1682.72
2025-08-18,STR-005,94118,SKU-602,145,840.12
2025-08-18,STR-005,94118,SKU-603,186,910.39
2025-08-18,STR-005,94118,SKU-604,129,596.80
2025-08-18,STR-005,94118,SKU-701,3,81.74
2025-08-18,STR-006,94123,SKU-101,218,852.46
2025-08-18,STR-006,94123,SKU-102,307,1985.39
2025-08-18,STR-006,94123,SKU-103,202,1202.58
2025-08-18,STR-006,94123,SKU-104,123,755.99
2025-08-18,STR-006,94123,SKU-105,117,419.41
2025-08-18,STR-006,94123,SKU-201,222,1420.26
2025-08-18,STR-006,94123,SKU-202,168,931.23
2025-08-18,STR-006,94123,SKU-203,306,977.40
2025-08-18,STR-006,94123,SKU-204,88,980.73
2025-08-18,STR-006,94123,SKU-301,317,1819.54
2025-08-18,STR-006,94123,SKU-302,190,1113.40
2025-08-18,STR-006,94123,SKU-303,177,1029.60
2025-08-18,STR-006,94123,SKU-304,239,1466.14
2025-08-18,STR-006,94123,SKU-401,165,1067.28
2025-08-18,STR-006,94123,SKU-402,97,606.84
2025-08-18,STR-006,94123,SKU-403,109,598.20
2025-08-18,STR-006,94123,SKU-501,31,598.75
2025-08-18,STR-006,94123,SKU-502,14,444.76
2025-08-18,STR-006,94123,SKU-503,23,496.17
2025-08-18,STR-006,94123,SKU-504,11,194.22
2025-08-18,STR-006,94123,SKU-601,123,1509.47
2025-08-18,STR-006,94123,SKU-602,85,487.95
2025-08-18,STR-006,94123,SKU-603,153,749.57
2025-08-18,STR-006,94123,SKU-604,92,427.40
2025-08-18,STR-006,94123,SKU-701,3,79.53
2025-08-11,STR-001,94103,SKU-101,291,1222.06
2025-08-11,STR-001,94103,SKU-102,286,1827.02
2025-08-11,STR-001,94103,SKU-103,301,1807.29
2025-08-11,STR-001,94103,SKU-104,147,950.21
2025-08-11,STR-001,94103,SKU-105,164,597.78
2025-08-11,STR-001,94103,SKU-201,261,1622.42
2025-08-11,STR-001,94103,SKU-202,181,1014.80
2025-08-11,STR-001,94103,SKU-203,337,1070.86
2025-08-11,STR-001,94103,SKU-204,96,1034.02
2025-08-11,STR-001,94103,SKU-301,270,1539.99
2025-08-11,STR-001,94103,SKU-302,216,1342.70
2025-08-11,STR-001,94103,SKU-303,185,1085.37
2025-08-11,STR-001,94103,SKU-304,233,1509.39
2025-08-11,STR-001,94103,SKU-401,164,1118.67
2025-08-11,STR-001,94103,SKU-402,137,852.34
2025-08-11,STR-001,94103,SKU-403,124,650.05
2025-08-11,STR-001,94103,SKU-501,28,519.20
2025-08-11,STR-001,94103,SKU-502,13,393.78
2025-08-11,STR-001,94103,SKU-503,18,367.58
2025-08-11,STR-001,94103,SKU-504,13,220.47
2025-08-11,STR-001,94103,SKU-601,139,1605.64
2025-08-11,STR-001,94103,SKU-602,129,723.89
2025-08-11,STR-001,94103,SKU-603,162,845.89
2025-08-11,STR-001,94103,SKU-604,106,496.67
2025-08-11,STR-001,94103,SKU-701,3,77.48
2025-08-11,STR-002,94110,SKU-101,306,1215.59
2025-08-11,STR-002,94110,SKU-102,435,2871.55
2025-08-11,STR-002,94110,SKU-103,307,1796.48
2025-08-11,STR-002,94110,SKU-104,204,1294.44
2025-08-11,STR-002,94110,SKU-105,143,495.43
2025-08-11,STR-002,94110,SKU-201,267,1597.25
2025-08-11,STR-002,94110,SKU-202,227,1343.85
2025-08-11,STR-002,94110,SKU-203,373,1139.85
2025-08-11,STR-002,94110,SKU-204,120,1308.35
2025-08-11,STR-002,94110,SKU-301,401,2154.75
2025-08-11,STR-002,94110,SKU-302,284,1656.27
2025-08-11,STR-002,94110,SKU-303,304,1776.03
2025-08-11,STR-002,94110,SKU-304,392,2454.58
2025-08-11,STR-002,94110,SKU-401,286,1985.32
2025-08-11,STR-002,94110,SKU-402,130,808.73
2025-08-11,STR-002,94110,SKU-403,222,1174.05
2025-08-11,STR-002,94110,SKU-501,34,653.37
2025-08-11,STR-002,94110,SKU-502,16,491.03
2025-08-11,STR-002,94110,SKU-503,24,495.97
2025-08-11,STR-002,94110,SKU-504,19,323.16
2025-08-11,STR-002,94110,SKU-601,201,2355.72
2025-08-11,STR-002,94110,SKU-602,153,896.23
2025-08-11,STR-002,94110,SKU-603,187,951.93
2025-08-11,STR-002,94110,SKU-604,165,751.36
2025-08-11,STR-002,94110,SKU-701,4,106.57
2025-08-11,STR-003,94133,SKU-101,267,1075.70
2025-08-11,STR-003,94133,SKU-102,251,1581.33
2025-08-11,STR-003,94133,SKU-103,306,1814.22
2025-08-11,STR-003,94133,SKU-104,143,916.58
2025-08-11,STR-003,94133,SKU-105,118,435.23
2025-08-11,STR-003,94133,SKU-201,196,1233.85
2025-08-11,STR-003,94133,SKU-202,200,1160.02
2025-08-11,STR-003,94133,SKU-203,273,861.77
2025-08-11,STR-003,94133,SKU-204,100,1089.29
2025-08-11,STR-003,94133,SKU-301,288,1588.09
2025-08-11,STR-003,94133,SKU-302,231,1362.67
2025-08-11,STR-003,94133,SKU-303,198,1105.82
2025-08-11,STR-003,94133,SKU-304,219,1395.54
2025-08-11,STR-003,94133,SKU-401,188,1289.94
2025-08-11,STR-003,94133,SKU-402,107,709.41
2025-08-11,STR-003,94133,SKU-403,138,738.14
2025-08-11,STR-003,94133,SKU-501,26,480.39
2025-08-11,STR-003,94133,SKU-502,14,442.50
2025-08-11,STR-003,94133,SKU-503,19,387.46
2025-08-11,STR-003,94133,SKU-504,13,229.23
2025-08-11,STR-003,94133,SKU-601,150,1787.93
2025-08-11,STR-003,94133,SKU-602,120,711.25
2025-08-11,STR-003,94133,SKU-603,117,608.14
2025-08-11,STR-003,94133,SKU-604,119,520.06
2025-08-11,STR-003,94133,SKU-701,3,83.98
2025-08-11,STR-004,94102,SKU-101,218,912.50
2025-08-11,STR-004,94102,SKU-102,246,1642.36
2025-08-11,STR-004,94102,SKU-103,210,1225.31
2025-08-11,STR-004,94102,SKU-104,153,951.28
2025-08-11,STR-004,94102,SKU-105,120,429.43
2025-08-11,STR-004,94102,SKU-201,158,1003.87
2025-08-11,STR-004,94102,SKU-202,177,989.34
2025-08-11,STR-004,94102,SKU-203,278,841.91
2025-08-11,STR-004,94102,SKU-204,84,948.07
2025-08-11,STR-004,94102,SKU-301,230,1240.35
2025-08-11,STR-004,94102,SKU-302,181,1064.14
2025-08-11,STR-004,94102,SKU-303,199,1151.64
2025-08-11,STR-004,94102,SKU-304,273,1704.14
2025-08-11,STR-004,94102,SKU-401,177,1205.32
2025-08-11,STR-004,94102,SKU-402,83,519.61
2025-08-11,STR-004,94102,SKU-403,117,632.31
2025-08-11,STR-004,94102,SKU-501,25,470.22
2025-08-11,STR-004,94102,SKU-502,11,334.93
2025-08-11,STR-004,94102,SKU-503,19,390.66
2025-08-11,STR-004,94102,SKU-504,9,149.75
2025-08-11,STR-004,94102,SKU-601,91,1097.40
2025-08-11,STR-004,94102,SKU-602,114,640.04
2025-08-11,STR-004,94102,SKU-603,127,642.85
2025-08-11,STR-004,94102,SKU-604,112,508.28
2025-08-11,STR-004,94102,SKU-701,2,54.18
2025-08-11,STR-005,94118,SKU-101,300,1214.09
2025-08-11,STR-005,94118,SKU-102,350,2227.70
2025-08-11,STR-005,94118,SKU-103,235,1381.53
2025-08-11,STR-005,94118,SKU-104,165,1051.85
2025-08-11,STR-005,94118,SKU-105,147,507.41
2025-08-11,STR-005,94118,SKU-201,203,1226.94
2025-08-11,STR-005,94118,SKU-202,193,1091.86
2025-08-11,STR-005,94118,SKU-203,380,1192.72
2025-08-11,STR-005,94118,SKU-204,136,1488.56
2025-08-11,STR-005,94118,SKU-301,309,1652.48
2025-08-11,STR-005,94118,SKU-302,225,1361.92
2025-08-11,STR-005,94118,SKU-303,274,1596.91
2025-08-11,STR-005,94118,SKU-304,331,2032.43
2025-08-11,STR-005,94118,SKU-401,191,1302.52
2025-08-11,STR-005,94118,SKU-402,112,725.96
2025-08-11,STR-005,94118,SKU-403,149,761.04
2025-08-11,STR-005,94118,SKU-501,27,514.35
2025-08-11,STR-005,94118,SKU-502,19,561.90
2025-08-11,STR-005,94118,SKU-503,19,401.58
2025-08-11,STR-005,94118,SKU-504,13,216.75
2025-08-11,STR-005,94118,SKU-601,158,1916.39
2025-08-11,STR-005,94118,SKU-602,137,815.09
2025-08-11,STR-005,94118,SKU-603,143,750.25
2025-08-11,STR-005,94118,SKU-604,141,631.73
2025-08-11,STR-005,94118,SKU-701,3,77.80
2025-08-11,STR-006,94123,SKU-101,186,737.03
2025-08-11,STR-006,94123,SKU-102,266,1705.15
2025-08-11,STR-006,94123,SKU-103,231,1419.59
2025-08-11,STR-006,94123,SKU-104,171,1097.22
2025-08-11,STR-006,94123,SKU-105,111,407.66
2025-08-11,STR-006,94123,SKU-201,170,1103.03
2025-08-11,STR-006,94123,SKU-202,186,1032.18
2025-08-11,STR-006,94123,SKU-203,231,736.46
2025-08-11,STR-006,94123,SKU-204,106,1160.73
2025-08-11,STR-006,94123,SKU-301,299,1657.46
2025-08-11,STR-006,94123,SKU-302,254,1584.21
2025-08-11,STR-006,94123,SKU-303,158,891.77
2025-08-11,STR-006,94123,SKU-304,241,1512.35
2025-08-11,STR-006,94123,SKU-401,207,1446.13
2025-08-11,STR-006,94123,SKU-402,86,538.83
2025-08-11,STR-006,94123,SKU-403,146,802.58
2025-08-11,STR-006,94123,SKU-501,30,578.46
2025-08-11,STR-006,94123,SKU-502,15,465.60
2025-08-11,STR-006,94123,SKU-503,16,338.62
2025-08-11,STR-006,94123,SKU-504,12,211.30
2025-08-11,STR-006,94123,SKU-601,131,1528.32
2025-08-11,STR-006,94123,SKU-602,124,692.01
2025-08-11,STR-006,94123,SKU-603,160,798.93
2025-08-11,STR-006,94123,SKU-604,118,544.04
2025-08-11,STR-006,94123,SKU-701,2,52.10
2025-08-04,STR-001,94103,SKU-101,297,1217.51
2025-08-04,STR-001,94103,SKU-102,323,2058.23
2025-08-04,STR-001,94103,SKU-103,240,1429.96
2025-08-04,STR-001,94103,SKU-104,165,1043.46
2025-08-04,STR-001,94103,SKU-105,137,475.47
2025-08-04,STR-001,94103,SKU-201,264,1589.25
2025-08-04,STR-001,94103,SKU-202,169,977.97
2025-08-04,STR-001,94103,SKU-203,265,821.74
2025-08-04,STR-001,94103,SKU-204,117,1328.14
2025-08-04,STR-001,94103,SKU-301,369,2023.50
2025-08-04,STR-001,94103,SKU-302,250,1528.18
2025-08-04,STR-001,94103,SKU-303,182,1025.48
2025-08-04,STR-001,94103,SKU-304,283,1729.18
2025-08-04,STR-001,94103,SKU-401,186,1246.73
2025-08-04,STR-001,94103,SKU-402,110,710.52
2025-08-04,STR-001,94103,SKU-403,164,841.62
2025-08-04,STR-001,94103,SKU-501,29,561.94
2025-08-04,STR-001,94103,SKU-502,18,563.13
2025-08-04,STR-001,94103,SKU-503,26,561.62
2025-08-04,STR-001,94103,SKU-504,12,207.61
2025-08-04,STR-001,94103,SKU-601,121,1397.24
2025-08-04,STR-001,94103,SKU-602,123,711.22
2025-08-04,STR-001,94103,SKU-603,180,925.28
2025-08-04,STR-001,94103,SKU-604,148,692.55
2025-08-04,STR-001,94103,SKU-701,3,81.68
2025-08-04,STR-002,94110,SKU-101,373,1515.41
2025-08-04,STR-002,94110,SKU-102,333,2153.10
2025-08-04,STR-002,94110,SKU-103,279,1693.42
2025-08-04,STR-002,94110,SKU-104,234,1399.93
2025-08-04,STR-002,94110,SKU-105,153,562.69
2025-08-04,STR-002,94110,SKU-201,287,1740.95
2025-08-04,STR-002,94110,SKU-202,306,1710.90
2025-08-04,STR-002,94110,SKU-203,379,1185.06
2025-08-04,STR-002,94110,SKU-204,152,1609.92
2025-08-04,STR-002,94110,SKU-301,440,2367.38
2025-08-04,STR-002,94110,SKU-302,364,2104.67
2025-08-04,STR-002,94110,SKU-303,316,1891.14
2025-08-04,STR-002,94110,SKU-304,349,2215.57
2025-08-04,STR-002,94110,SKU-401,244,1658.07
2025-08-04,STR-002,94110,SKU-402,131,863.08
2025-08-04,STR-002,94110,SKU-403,189,997.51
2025-08-04,STR-002,94110,SKU-501,35,655.10
2025-08-04,STR-002,94110,SKU-502,18,573.06
2025-08-04,STR-002,94110,SKU-503,30,620.99
2025-08-04,STR-002,94110,SKU-504,15,263.65
2025-08-04,STR-002,94110,SKU-601,165,2006.15
2025-08-04,STR-002,94110,SKU-602,136,754.45
2025-08-04,STR-002,94110,SKU-603,166,818.92
2025-08-04,STR-002,94110,SKU-604,152,697.87
2025-08-04,STR-002,94110,SKU-701,4,106.19
2025-08-04,STR-003,94133,SKU-101,199,830.42
2025-08-04,STR-003,94133,SKU-102,325,2082.24
2025-08-04,STR-003,94133,SKU-103,306,1891.27
2025-08-04,STR-003,94133,SKU-104,156,934.76
2025-08-04,STR-003,94133,SKU-105,125,454.29
2025-08-04,STR-003,94133,SKU-201,207,1276.06
2025-08-04,STR-003,94133,SKU-202,170,975.15
2025-08-04,STR-003,94133,SKU-203,338,1080.18
2025-08-04,STR-003,94133,SKU-204,98,1103.45
2025-08-04,STR-003,94133,SKU-301,316,1777.04
2025-08-04,STR-003,94133,SKU-302,224,1345.08
2025-08-04,STR-003,94133,SKU-303,215,1228.34
2025-08-04,STR-003,94133,SKU-304,248,1485.81
2025-08-04,STR-003,94133,SKU-401,164,1140.96
2025-08-04,STR-003,94133,SKU-402,122,797.10
2025-08-04,STR-003,94133,SKU-403,155,821.59
2025-08-04,STR-003,94133,SKU-501,30,539.26
2025-08-04,STR-003,94133,SKU-502,17,526.69
2025-08-04,STR-003,94133,SKU-503,22,470.87
2025-08-04,STR-003,94133,SKU-504,13,217.11
2025-08-04,STR-003,94133,SKU-601,143,1693.67
2025-08-04,STR-003,94133,SKU-602,129,751.07
2025-08-04,STR-003,94133,SKU-603,171,875.16
2025-08-04,STR-003,94133,SKU-604,129,584.13
2025-08-04,STR-003,94133,SKU-701,3,82.84
2025-08-04,STR-004,94102,SKU-101,222,913.11
2025-08-04,STR-004,94102,SKU-102,228,1440.43
2025-08-04,STR-004,94102,SKU-103,229,1400.69
2025-08-04,STR-004,94102,SKU-104,145,908.43
2025-08-04,STR-004,94102,SKU-105,129,458.15
2025-08-04,STR-004,94102,SKU-201,154,984.24
2025-08-04,STR-004,94102,SKU-202,159,948.87
2025-08-04,STR-004,94102,SKU-203,289,920.17
2025-08-04,STR-004,94102,SKU-204,78,830.85
2025-08-04,STR-004,94102,SKU-301,284,1581.45
2025-08-04,STR-004,94102,SKU-302,208,1272.60
2025-08-04,STR-004,94102,SKU-303,208,1222.18
2025-08-04,STR-004,94102,SKU-304,246,1545.99
2025-08-04,STR-004,94102,SKU-401,141,934.97
2025-08-04,STR-004,94102,SKU-402,96,602.54
2025-08-04,STR-004,94102,SKU-403,118,610.74
2025-08-04,STR-004,94102,SKU-501,22,425.53
2025-08-04,STR-004,94102,SKU-502,13,386.36
2025-08-04,STR-004,94102,SKU-503,20,416.93
2025-08-04,STR-004,94102,SKU-504,10,176.59
2025-08-04,STR-004,94102,SKU-601,108,1265.71
2025-08-04,STR-004,94102,SKU-602,116,675.74
2025-08-04,STR-004,94102,SKU-603,134,687.01
2025-08-04,STR-004,94102,SKU-604,83,384.38
2025-08-04,STR-004,94102,SKU-701,2,52.29
2025-08-04,STR-005,94118,SKU-101,217,869.99
2025-08-04,STR-005,94118,SKU-102,350,2292.19
2025-08-04,STR-005,94118,SKU-103,315,1845.16
2025-08-04,STR-005,94118,SKU-104,149,927.82
2025-08-04,STR-005,94118,SKU-105,128,450.71
2025-08-04,STR-005,94118,SKU-201,298,1922.81
2025-08-04,STR-005,94118,SKU-202,179,998.42
2025-08-04,STR-005,94118,SKU-203,370,1130.98
2025-08-04,STR-005,94118,SKU-204,94,1014.17
2025-08-04,STR-005,94118,SKU-301,413,2227.40
2025-08-04,STR-005,94118,SKU-302,301,1779.71
2025-08-04,STR-005,94118,SKU-303,202,1153.12
2025-08-04,STR-005,94118,SKU-304,263,1623.02
2025-08-04,STR-005,94118,SKU-401,176,1149.92
2025-08-04,STR-005,94118,SKU-402,141,929.26
2025-08-04,STR-005,94118,SKU-403,152,833.23
2025-08-04,STR-005,94118,SKU-501,35,645.45
2025-08-04,STR-005,94118,SKU-502,15,444.79
2025-08-04,STR-005,94118,SKU-503,23,466.02
2025-08-04,STR-005,94118,SKU-504,14,242.59
2025-08-04,STR-005,94118,SKU-601,165,1954.81
2025-08-04,STR-005,94118,SKU-602,106,607.40
2025-08-04,STR-005,94118,SKU-603,185,968.63
2025-08-04,STR-005,94118,SKU-604,118,523.69
2025-08-04,STR-005,94118,SKU-701,3,79.73
2025-08-04,STR-006,94123,SKU-101,260,1068.15
2025-08-04,STR-006,94123,SKU-102,252,1693.73
2025-08-04,STR-006,94123,SKU-103,245,1464.80
2025-08-04,STR-006,94123,SKU-104,161,1040.46
2025-08-04,STR-006,94123,SKU-105,100,351.39
2025-08-04,STR-006,94123,SKU-201,230,1429.53
2025-08-04,STR-006,94123,SKU-202,202,1143.67
2025-08-04,STR-006,94123,SKU-203,313,969.56
2025-08-04,STR-006,94123,SKU-204,108,1168.00
2025-08-04,STR-006,94123,SKU-301,291,1645.59
2025-08-04,STR-006,94123,SKU-302,206,1194.57
2025-08-04,STR-006,94123,SKU-303,155,911.66
2025-08-04,STR-006,94123,SKU-304,217,1360.25
2025-08-04,STR-006,94123,SKU-401,144,974.16
2025-08-04,STR-006,94123,SKU-402,99,654.82
2025-08-04,STR-006,94123,SKU-403,142,739.29
2025-08-04,STR-006,94123,SKU-501,24,444.73
2025-08-04,STR-006,94123,SKU-502,16,495.49
2025-08-04,STR-006,94123,SKU-503,21,429.21
2025-08-04,STR-006,94123,SKU-504,13,218.99
2025-08-04,STR-006,94123,SKU-601,136,1571.84
2025-08-04,STR-006,94123,SKU-602,91,542.27
2025-08-04,STR-006,94123,SKU-603,107,531.01
2025-08-04,STR-006,94123,SKU-604,119,522.72
2025-08-04,STR-006,94123,SKU-701,3,82.54
2025-07-28,STR-001,94103,SKU-101,281,1187.19
2025-07-28,STR-001,94103,SKU-102,277,1743.54
2025-07-28,STR-001,94103,SKU-103,321,1870.22
2025-07-28,STR-001,94103,SKU-104,154,990.37
2025-07-28,STR-001,94103,SKU-105,118,441.52
2025-07-28,STR-001,94103,SKU-201,214,1296.84
2025-07-28,STR-001,94103,SKU-202,243,1385.03
2025-07-28,STR-001,94103,SKU-203,339,1092.53
2025-07-28,STR-001,94103,SKU-204,91,993.09
2025-07-28,STR-001,94103,SKU-301,293,1550.75
2025-07-28,STR-001,94103,SKU-302,275,1670.95
2025-07-28,STR-001,94103,SKU-303,235,1339.34
2025-07-28,STR-001,94103,SKU-304,279,1810.57
2025-07-28,STR-001,94103,SKU-401,192,1266.78
2025-07-28,STR-001,94103,SKU-402,144,936.93
2025-07-28,STR-001,94103,SKU-403,138,718.74
2025-07-28,STR-001,94103,SKU-501,27,494.61
2025-07-28,STR-001,94103,SKU-502,17,505.89
2025-07-28,STR-001,94103,SKU-503,20,424.40
2025-07-28,STR-001,94103,SKU-504,15,250.14
2025-07-28,STR-001,94103,SKU-601,161,2005.44
2025-07-28,STR-001,94103,SKU-602,110,616.43
2025-07-28,STR-001,94103,SKU-603,181,902.95
2025-07-28,STR-001,94103,SKU-604,145,634.60
2025-07-28,STR-001,94103,SKU-701,3,79.21
2025-07-28,STR-002,94110,SKU-101,263,1086.84
2025-07-28,STR-002,94110,SKU-102,436,2733.60
2025-07-28,STR-002,94110,SKU-103,399,2305.93
2025-07-28,STR-002,94110,SKU-104,208,1313.22
2025-07-28,STR-002,94110,SKU-105,191,691.51
2025-07-28,STR-002,94110,SKU-201,250,1591.64
2025-07-28,STR-002,94110,SKU-202,221,1314.66
2025-07-28,STR-002,94110,SKU-203,369,1146.85
2025-07-28,STR-002,94110,SKU-204,149,1608.88
2025-07-28,STR-002,94110,SKU-301,389,2118.64
2025-07-28,STR-002,94110,SKU-302,351,2094.58
2025-07-28,STR-002,94110,SKU-303,308,1762.20
2025-07-28,STR-002,94110,SKU-304,319,2058.87
2025-07-28,STR-002,94110,SKU-401,290,1965.78
2025-07-28,STR-002,94110,SKU-402,132,856.62
2025-07-28,STR-002,94110,SKU-403,202,1105.64
2025-07-28,STR-002,94110,SKU-501,36,655.77
2025-07-28,STR-002,94110,SKU-502,20,603.03
2025-07-28,STR-002,94110,SKU-503,25,542.46
2025-07-28,STR-002,94110,SKU-504,18,310.33
2025-07-28,STR-002,94110,SKU-601,145,1732.78
2025-07-28,STR-002,94110,SKU-602,158,902.69
2025-07-28,STR-002,94110,SKU-603,212,1078.23
2025-07-28,STR-002,94110,SKU-604,168,758.61
2025-07-28,STR-002,94110,SKU-701,4,109.86
2025-07-28,STR-003,94133,SKU-101,214,903.35
2025-07-28,STR-003,94133,SKU-102,233,1501.09
2025-07-28,STR-003,94133,SKU-103,293,1761.14
2025-07-28,STR-003,94133,SKU-104,164,1059.88
2025-07-28,STR-003,94133,SKU-105,146,530.56
2025-07-28,STR-003,94133,SKU-201,208,1256.38
2025-07-28,STR-003,94133,SKU-202,215,1222.44
2025-07-28,STR-003,94133,SKU-203,272,878.34
2025-07-28,STR-003,94133,SKU-204,87,965.89
2025-07-28,STR-003,94133,SKU-301,279,1538.97
2025-07-28,STR-003,94133,SKU-302,193,1202.51
2025-07-28,STR-003,94133,SKU-303,245,1413.63
2025-07-28,STR-003,94133,SKU-304,300,1904.22
2025-07-28,STR-003,94133,SKU-401,154,1001.88
2025-07-28,STR-003,94133,SKU-402,92,578.04
2025-07-28,STR-003,94133,SKU-403,127,672.52
2025-07-28,STR-003,94133,SKU-501,33,602.36
2025-07-28,STR-003,94133,SKU-502,13,386.80
2025-07-28,STR-003,94133,SKU-503,17,366.81
2025-07-28,STR-003,94133,SKU-504,12,211.79
2025-07-28,STR-003,94133,SKU-601,139,1608.27
2025-07-28,STR-003,94133,SKU-602,104,585.72
2025-07-28,STR-003,94133,SKU-603,163,827.96
2025-07-28,STR-003,94133,SKU-604,109,487.22
2025-07-28,STR-003,94133,SKU-701,3,79.85
2025-07-28,STR-004,94102,SKU-101,223,879.73
2025-07-28,STR-004,94102,SKU-102,221,1399.21
2025-07-28,STR-004,94102,SKU-103,182,1058.22
2025-07-28,STR-004,94102,SKU-104,132,841.19
2025-07-28,STR-004,94102,SKU-105,133,497.88
2025-07-28,STR-004,94102,SKU-201,176,1081.67
2025-07-28,STR-004,94102,SKU-202,165,978.84
2025-07-28,STR-004,94102,SKU-203,247,771.54
2025-07-28,STR-004,94102,SKU-204,72,823.71
2025-07-28,STR-004,94102,SKU-301,276,1492.12
2025-07-28,STR-004,94102,SKU-302,225,1340.00
2025-07-28,STR-004,94102,SKU-303,177,981.67
2025-07-28,STR-004,94102,SKU-304,247,1506.93
2025-07-28,STR-004,94102,SKU-401,153,1021.91
2025-07-28,STR-004,94102,SKU-402,108,719.05
2025-07-28,STR-004,94102,SKU-403,144,729.31
2025-07-28,STR-004,94102,SKU-501,19,341.69
2025-07-28,STR-004,94102,SKU-502,15,474.90
2025-07-28,STR-004,94102,SKU-503,15,311.55
2025-07-28,STR-004,94102,SKU-504,9,153.54
2025-07-28,STR-004,94102,SKU-601,90,1084.07
2025-07-28,STR-004,94102,SKU-602,113,627.42
2025-07-28,STR-004,94102,SKU-603,130,666.17
2025-07-28,STR-004,94102,SKU-604,86,385.82
2025-07-28,STR-004,94102,SKU-701,2,52.48
2025-07-28,STR-005,94118,SKU-101,285,1175.97
2025-07-28,STR-005,94118,SKU-102,282,1861.94
2025-07-28,STR-005,94118,SKU-103,285,1685.54
2025-07-28,STR-005,94118,SKU-104,151,940.79
2025-07-28,STR-005,94118,SKU-105,163,592.15
2025-07-28,STR-005,94118,SKU-201,287,1773.27
2025-07-28,STR-005,94118,SKU-202,191,1073.00
2025-07-28,STR-005,94118,SKU-203,367,1129.16
2025-07-28,STR-005,94118,SKU-204,98,1090.38
2025-07-28,STR-005,94118,SKU-301,344,1968.93
2025-07-28,STR-005,94118,SKU-302,247,1507.13
2025-07-28,STR-005,94118,SKU-303,227,1340.81
2025-07-28,STR-005,94118,SKU-304,332,1992.44
2025-07-28,STR-005,94118,SKU-401,241,1635.05
2025-07-28,STR-005,94118,SKU-402,137,886.72
2025-07-28,STR-005,94118,SKU-403,168,901.24
2025-07-28,STR-005,94118,SKU-501,36,672.20
2025-07-28,STR-005,94118,SKU-502,19,581.68
2025-07-28,STR-005,94118,SKU-503,23,481.68
2025-07-28,STR-005,94118,SKU-504,12,215.27
2025-07-28,STR-005,94118,SKU-601,167,1985.98
2025-07-28,STR-005,94118,SKU-602,124,721.13
2025-07-28,STR-005,94118,SKU-603,151,778.14
2025-07-28,STR-005,94118,SKU-604,124,572.01
2025-07-28,STR-005,94118,SKU-701,3,77.72
2025-07-28,STR-006,94123,SKU-101,224,913.48
2025-07-28,STR-006,94123,SKU-102,241,1604.05
2025-07-28,STR-006,94123,SKU-103,282,1743.87
2025-07-28,STR-006,94123,SKU-104,150,913.97
2025-07-28,STR-006,94123,SKU-105,118,413.21
2025-07-28,STR-006,94123,SKU-201,186,1170.43
2025-07-28,STR-006,94123,SKU-202,188,1076.53
2025-07-28,STR-006,94123,SKU-203,266,857.56
2025-07-28,STR-006,94123,SKU-204,110,1218.54
2025-07-28,STR-006,94123,SKU-301,285,1549.88
2025-07-28,STR-006,94123,SKU-302,253,1562.31
2025-07-28,STR-006,94123,SKU-303,215,1244.43
2025-07-28,STR-006,94123,SKU-304,213,1362.13
2025-07-28,STR-006,94123,SKU-401,202,1358.90
2025-07-28,STR-006,94123,SKU-402,106,670.49
2025-07-28,STR-006,94123,SKU-403,154,791.14
2025-07-28,STR-006,94123,SKU-501,29,527.35
2025-07-28,STR-006,94123,SKU-502,15,446.94
2025-07-28,STR-006,94123,SKU-503,18,375.62
2025-07-28,STR-006,94123,SKU-504,13,227.04
2025-07-28,STR-006,94123,SKU-601,140,1690.17
2025-07-28,STR-006,94123,SKU-602,115,646.66
2025-07-28,STR-006,94123,SKU-603,145,737.24
2025-07-28,STR-006,94123,SKU-604,125,586.80
2025-07-28,STR-006,94123,SKU-701,2,55.14
2025-07-21,STR-001,94103,SKU-101,211,868.04
2025-07-21,STR-001,94103,SKU-102,241,1570.90
2025-07-21,STR-001,94103,SKU-103,310,1810.83
2025-07-21,STR-001,94103,SKU-104,162,1025.41
2025-07-21,STR-001,94103,SKU-105,164,582.65
2025-07-21,STR-001,94103,SKU-201,236,1435.97
2025-07-21,STR-001,94103,SKU-202,245,1372.09
2025-07-21,STR-001,94103,SKU-203,297,903.08
2025-07-21,STR-001,94103,SKU-204,97,1055.10
2025-07-21,STR-001,94103,SKU-301,279,1588.60
2025-07-21,STR-001,94103,SKU-302,257,1604.59
2025-07-21,STR-001,94103,SKU-303,248,1386.65
2025-07-21,STR-001,94103,SKU-304,313,1997.17
2025-07-21,STR-001,94103,SKU-401,216,1472.56
2025-07-21,STR-001,94103,SKU-402,97,625.86
2025-07-21,STR-001,94103,SKU-403,148,808.86
2025-07-21,STR-001,94103,SKU-501,34,616.10
2025-07-21,STR-001,94103,SKU-502,17,502.11
2025-07-21,STR-001,94103,SKU-503,20,428.01
2025-07-21,STR-001,94103,SKU-504,13,219.20
2025-07-21,STR-001,94103,SKU-601,153,1861.35
2025-07-21,STR-001,94103,SKU-602,142,817.29
2025-07-21,STR-001,94103,SKU-603,178,883.77
2025-07-21,STR-001,94103,SKU-604,107,496.66
2025-07-21,STR-001,94103,SKU-701,4,106.21
2025-07-21,STR-002,94110,SKU-101,347,1412.90
2025-07-21,STR-002,94110,SKU-102,424,2844.05
2025-07-21,STR-002,94110,SKU-103,298,1816.62
2025-07-21,STR-002,94110,SKU-104,229,1486.18
2025-07-21,STR-002,94110,SKU-105,170,603.11
2025-07-21,STR-002,94110,SKU-201,298,1899.44
2025-07-21,STR-002,94110,SKU-202,210,1162.26
2025-07-21,STR-002,94110,SKU-203,335,1071.50
2025-07-21,STR-002,94110,SKU-204,164,1739.68
2025-07-21,STR-002,94110,SKU-301,457,2459.78
2025-07-21,STR-002,94110,SKU-302,337,2042.29
2025-07-21,STR-002,94110,SKU-303,316,1766.34
2025-07-21,STR-002,94110,SKU-304,394,2488.80
2025-07-21,STR-002,94110,SKU-401,285,1975.61
2025-07-21,STR-002,94110,SKU-402,139,923.46
2025-07-21,STR-002,94110,SKU-403,201,1094.39
2025-07-21,STR-002,94110,SKU-501,36,700.58
2025-07-21,STR-002,94110,SKU-502,22,655.87
2025-07-21,STR-002,94110,SKU-503,33,669.25
2025-07-21,STR-002,94110,SKU-504,15,269.71
2025-07-21,STR-002,94110,SKU-601,187,2169.11
2025-07-21,STR-002,94110,SKU-602,144,826.43
2025-07-21,STR-002,94110,SKU-603,185,941.50
2025-07-21,STR-002,94110,SKU-604,141,642.84
2025-07-21,STR-002,94110,SKU-701,4,107.11
2025-07-21,STR-003,94133,SKU-101,209,838.10
2025-07-21,STR-003,94133,SKU-102,269,1691.26
2025-07-21,STR-003,94133,SKU-103,293,1754.86
2025-07-21,STR-003,94133,SKU-104,149,905.34
2025-07-21,STR-003,94133,SKU-105,110,384.54
2025-07-21,STR-003,94133,SKU-201,185,1184.92
2025-07-21,STR-003,94133,SKU-202,227,1272.67
2025-07-21,STR-003,94133,SKU-203,358,1097.16
2025-07-21,STR-003,94133,SKU-204,92,1015.49
2025-07-21,STR-003,94133,SKU-301,309,1703.82
2025-07-21,STR-003,94133,SKU-302,215,1330.67
2025-07-21,STR-003,94133,SKU-303,231,1275.29
2025-07-21,STR-003,94133,SKU-304,289,1744.17
2025-07-21,STR-003,94133,SKU-401,207,1436.31
2025-07-21,STR-003,94133,SKU-402,128,847.25
2025-07-21,STR-003,94133,SKU-403,119,616.47
2025-07-21,STR-003,94133,SKU-501,27,494.96
2025-07-21,STR-003,94133,SKU-502,14,442.71
2025-07-21,STR-003,94133,SKU-503,19,410.73
2025-07-21,STR-003,94133,SKU-504,11,194.26
2025-07-21,STR-003,94133,SKU-601,150,1828.71
2025-07-21,STR-003,94133,SKU-602,121,669.26
2025-07-21,STR-003,94133,SKU-603,163,843.16
2025-07-21,STR-003,94133,SKU-604,116,537.85
2025-07-21,STR-003,94133,SKU-701,2,53.35
2025-07-21,STR-004,94102,SKU-101,178,744.72
2025-07-21,STR-004,94102,SKU-102,238,1489.36
2025-07-21,STR-004,94102,SKU-103,232,1425.55
2025-07-21,STR-004,94102,SKU-104,140,844.58
2025-07-21,STR-004,94102,SKU-105,99,369.03
2025-07-21,STR-004,94102,SKU-201,215,1320.21
2025-07-21,STR-004,94102,SKU-202,185,1046.14
2025-07-21,STR-004,94102,SKU-203,244,772.45
2025-07-21,STR-004,94102,SKU-204,99,1132.17
2025-07-21,STR-004,94102,SKU-301,240,1277.39
2025-07-21,STR-004,94102,SKU-302,162,952.26
2025-07-21,STR-004,94102,SKU-303,143,839.55
2025-07-21,STR-004,94102,SKU-304,210,1346.31
2025-07-21,STR-004,94102,SKU-401,183,1260.74
2025-07-21,STR-004,94102,SKU-402,82,517.24
2025-07-21,STR-004,94102,SKU-403,120,614.46
2025-07-21,STR-004,94102,SKU-501,21,393.22
2025-07-21,STR-004,94102,SKU-502,11,328.79
2025-07-21,STR-004,94102,SKU-503,18,366.75
2025-07-21,STR-004,94102,SKU-504,10,168.81
2025-07-21,STR-004,94102,SKU-601,119,1471.79
2025-07-21,STR-004,94102,SKU-602,88,519.11
2025-07-21,STR-004,94102,SKU-603,143,736.82
2025-07-21,STR-004,94102,SKU-604,98,458.23
2025-07-21,STR-004,94102,SKU-701,2,53.27
2025-07-21,STR-005,94118,SKU-101,259,1071.86
2025-07-21,STR-005,94118,SKU-102,253,1609.56
2025-07-21,STR-005,94118,SKU-103,314,1924.83
2025-07-21,STR-005,94118,SKU-104,189,1227.51
2025-07-21,STR-005,94118,SKU-105,120,434.95
2025-07-21,STR-005,94118,SKU-201,252,1507.33
2025-07-21,STR-005,94118,SKU-202,252,1407.55
2025-07-21,STR-005,94118,SKU-203,377,1172.05
2025-07-21,STR-005,94118,SKU-204,99,1086.50
2025-07-21,STR-005,94118,SKU-301,314,1765.59
2025-07-21,STR-005,94118,SKU-302,227,1353.57
2025-07-21,STR-005,94118,SKU-303,247,1427.37
2025-07-21,STR-005,94118,SKU-304,259,1632.31
2025-07-21,STR-005,94118,SKU-401,249,1721.72
2025-07-21,STR-005,94118,SKU-402,117,734.53
2025-07-21,STR-005,94118,SKU-403,153,839.75
2025-07-21,STR-005,94118,SKU-501,35,671.97
2025-07-21,STR-005,94118,SKU-502,17,505.39
2025-07-21,STR-005,94118,SKU-503,27,590.93
2025-07-21,STR-005,94118,SKU-504,14,251.00
2025-07-21,STR-005,94118,SKU-601,142,1650.96
2025-07-21,STR-005,94118,SKU-602,102,569.51
2025-07-21,STR-005,94118,SKU-603,171,859.34
2025-07-21,STR-005,94118,SKU-604,125,583.02
2025-07-21,STR-005,94118,SKU-701,4,105.50
2025-07-21,STR-006,94123,SKU-101,212,899.62
2025-07-21,STR-006,94123,SKU-102,229,1504.55
2025-07-21,STR-006,94123,SKU-103,249,1462.03
2025-07-21,STR-006,94123,SKU-104,123,756.24
2025-07-21,STR-006,94123,SKU-105,115,400.05
2025-07-21,STR-006,94123,SKU-201,209,1334.59
2025-07-21,STR-006,94123,SKU-202,191,1062.66
2025-07-21,STR-006,94123,SKU-203,296,893.51
2025-07-21,STR-006,94123,SKU-204,100,1130.80
2025-07-21,STR-006,94123,SKU-301,320,1703.82
2025-07-21,STR-006,94123,SKU-302,217,1286.05
2025-07-21,STR-006,94123,SKU-303,179,1041.99
2025-07-21,STR-006,94123,SKU-304,209,1274.47
2025-07-21,STR-006,94123,SKU-401,159,1104.95
2025-07-21,STR-006,94123,SKU-402,106,692.08
2025-07-21,STR-006,94123,SKU-403,121,624.45
2025-07-21,STR-006,94123,SKU-501,24,447.86
2025-07-21,STR-006,94123,SKU-502,14,421.30
2025-07-21,STR-006,94123,SKU-503,23,503.93
2025-07-21,STR-006,94123,SKU-504,10,176.44
2025-07-21,STR-006,94123,SKU-601,137,1632.50
2025-07-21,STR-006,94123,SKU-602,122,711.69
2025-07-21,STR-006,94123,SKU-603,131,660.36
2025-07-21,STR-006,94123,SKU-604,120,547.36
2025-07-21,STR-006,94123,SKU-701,3,79.04
2025-07-14,STR-001,94103,SKU-101,308,1257.95
2025-07-14,STR-001,94103,SKU-102,346,2172.57
2025-07-14,STR-001,94103,SKU-103,232,1378.74
2025-07-14,STR-001,94103,SKU-104,155,930.54
2025-07-14,STR-001,94103,SKU-105,121,448.35
2025-07-14,STR-001,94103,SKU-201,249,1533.07
2025-07-14,STR-001,94103,SKU-202,208,1154.02
2025-07-14,STR-001,94103,SKU-203,364,1101.44
2025-07-14,STR-001,94103,SKU-204,116,1276.15
2025-07-14,STR-001,94103,SKU-301,286,1536.41
2025-07-14,STR-001,94103,SKU-302,197,1231.08
2025-07-14,STR-001,94103,SKU-303,189,1071.33
2025-07-14,STR-001,94103,SKU-304,296,1840.20
2025-07-14,STR-001,94103,SKU-401,180,1201.77
2025-07-14,STR-001,94103,SKU-402,122,777.05
2025-07-14,STR-001,94103,SKU-403,166,907.35
2025-07-14,STR-001,94103,SKU-501,26,502.67
2025-07-14,STR-001,94103,SKU-502,14,443.78
2025-07-14,STR-001,94103,SKU-503,23,482.87
2025-07-14,STR-001,94103,SKU-504,11,187.85
2025-07-14,STR-001,94103,SKU-601,127,1504.08
2025-07-14,STR-001,94103,SKU-602,98,570.97
2025-07-14,STR-001,94103,SKU-603,153,754.09
2025-07-14,STR-001,94103,SKU-604,127,559.71
2025-07-14,STR-001,94103,SKU-701,3,78.54
2025-07-14,STR-002,94110,SKU-101,383,1532.08
2025-07-14,STR-002,94110,SKU-102,379,2441.98
2025-07-14,STR-002,94110,SKU-103,390,2256.23
2025-07-14,STR-002,94110,SKU-104,231,1399.78
2025-07-14,STR-002,94110,SKU-105,201,736.11
2025-07-14,STR-002,94110,SKU-201,262,1571.56
2025-07-14,STR-002,94110,SKU-202,291,1672.28
2025-07-14,STR-002,94110,SKU-203,353,1067.38
2025-07-14,STR-002,94110,SKU-204,116,1255.52
2025-07-14,STR-002,94110,SKU-301,463,2553.16
2025-07-14,STR-002,94110,SKU-302,293,1716.37
2025-07-14,STR-002,94110,SKU-303,253,1403.99
2025-07-14,STR-002,94110,SKU-304,310,1944.14
2025-07-14,STR-002,94110,SKU-401,279,1916.11
2025-07-14,STR-002,94110,SKU-402,139,912.50
2025-07-14,STR-002,94110,SKU-403,155,804.43
2025-07-14,STR-002,94110,SKU-501,38,722.70
2025-07-14,STR-002,94110,SKU-502,16,508.98
2025-07-14,STR-002,94110,SKU-503,23,476.43
2025-07-14,STR-002,94110,SKU-504,19,320.00
2025-07-14,STR-002,94110,SKU-601,176,2035.59
2025-07-14,STR-002,94110,SKU-602,180,1005.68
2025-07-14,STR-002,94110,SKU-603,172,860.60
2025-07-14,STR-002,94110,SKU-604,152,702.30
2025-07-14,STR-002,94110,SKU-701,4,109.90
2025-07-14,STR-003,94133,SKU-101,261,1058.88
2025-07-14,STR-003,94133,SKU-102,328,2173.74
2025-07-14,STR-003,94133,SKU-103,220,1322.73
2025-07-14,STR-003,94133,SKU-104,165,1045.78
2025-07-14,STR-003,94133,SKU-105,127,463.80
2025-07-14,STR-003,94133,SKU-201,257,1537.36
2025-07-14,STR-003,94133,SKU-202,161,948.33
2025-07-14,STR-003,94133,SKU-203,333,1056.73
2025-07-14,STR-003,94133,SKU-204,84,949.97
2025-07-14,STR-003,94133,SKU-301,311,1729.27
2025-07-14,STR-003,94133,SKU-302,206,1213.67
2025-07-14,STR-003,94133,SKU-303,238,1330.11
2025-07-14,STR-003,94133,SKU-304,262,1604.14
2025-07-14,STR-003,94133,SKU-401,152,1039.88
2025-07-14,STR-003,94133,SKU-402,95,621.80
2025-07-14,STR-003,94133,SKU-403,164,845.52
2025-07-14,STR-003,94133,SKU-501,31,583.10
2025-07-14,STR-003,94133,SKU-502,17,518.97
2025-07-14,STR-003,94133,SKU-503,19,396.09
2025-07-14,STR-003,94133,SKU-504,11,185.31
2025-07-14,STR-003,94133,SKU-601,147,1696.88
2025-07-14,STR-003,94133,SKU-602,103,603.13
2025-07-14,STR-003,94133,SKU-603,130,676.98
2025-07-14,STR-003,94133,SKU-604,114,507.37
2025-07-14,STR-003,94133,SKU-701,3,78.68
2025-07-14,STR-004,94102,SKU-101,221,932.57
2025-07-14,STR-004,94102,SKU-102,195,1304.75
2025-07-14,STR-004,94102,SKU-103,251,1545.85
2025-07-14,STR-004,94102,SKU-104,161,1021.64
2025-07-14,STR-004,94102,SKU-105,125,436.52
2025-07-14,STR-004,94102,SKU-201,171,1059.65
2025-07-14,STR-004,94102,SKU-202,146,853.31
2025-07-14,STR-004,94102,SKU-203,218,682.16
2025-07-14,STR-004,94102,SKU-204,94,1005.78
2025-07-14,STR-004,94102,SKU-301,283,1532.45
2025-07-14,STR-004,94102,SKU-302,226,1359.17
2025-07-14,STR-004,94102,SKU-303,189,1065.36
2025-07-14,STR-004,94102,SKU-304,252,1524.57
2025-07-14,STR-004,94102,SKU-401,135,924.70
2025-07-14,STR-004,94102,SKU-402,95,610.95
2025-07-14,STR-004,94102,SKU-403,140,765.30
2025-07-14,STR-004,94102,SKU-501,28,524.00
2025-07-14,STR-004,94102,SKU-502,13,391.80
2025-07-14,STR-004,94102,SKU-503,17,359.34
2025-07-14,STR-004,94102,SKU-504,10,176.09
2025-07-14,STR-004,94102,SKU-601,130,1609.14
2025-07-14,STR-004,94102,SKU-602,87,491.78
2025-07-14,STR-004,94102,SKU-603,119,598.53
2025-07-14,STR-004,94102,SKU-604,112,497.04
2025-07-14,STR-004,94102,SKU-701,2,51.72
2025-07-14,STR-005,94118,SKU-101,295,1237.90
2025-07-14,STR-005,94118,SKU-102,265,1654.00
2025-07-14,STR-005,94118,SKU-103,241,1420.51
2025-07-14,STR-005,94118,SKU-104,167,1028.06
2025-07-14,STR-005,94118,SKU-105,126,437.01
2025-07-14,STR-005,94118,SKU-201,263,1603.20
2025-07-14,STR-005,94118,SKU-202,231,1291.73
2025-07-14,STR-005,94118,SKU-203,309,960.83
2025-07-14,STR-005,94118,SKU-204,125,1343.35
2025-07-14,STR-005,94118,SKU-301,403,2137.55
2025-07-14,STR-005,94118,SKU-302,261,1597.60
2025-07-14,STR-005,94118,SKU-303,220,1317.75
2025-07-14,STR-005,94118,SKU-304,320,2068.40
2025-07-14,STR-005,94118,SKU-401,251,1628.04
2025-07-14,STR-005,94118,SKU-402,153,953.75
2025-07-14,STR-005,94118,SKU-403,188,974.54
2025-07-14,STR-005,94118,SKU-501,25,456.10
2025-07-14,STR-005,94118,SKU-502,13,396.24
2025-07-14,STR-005,94118,SKU-503,21,436.17
2025-07-14,STR-005,94118,SKU-504,16,282.69
2025-07-14,STR-005,94118,SKU-601,142,1750.07
2025-07-14,STR-005,94118,SKU-602,139,811.00
2025-07-14,STR-005,94118,SKU-603,188,928.37
2025-07-14,STR-005,94118,SKU-604,140,647.42
2025-07-14,STR-005,94118,SKU-701,3,79.10
2025-07-14,STR-006,94123,SKU-101,222,937.33
2025-07-14,STR-006,94123,SKU-102,298,1999.53
2025-07-14,STR-006,94123,SKU-103,290,1720.54
2025-07-14,STR-006,94123,SKU-104,128,817.31
2025-07-14,STR-006,94123,SKU-105,99,346.82
2025-07-14,STR-006,94123,SKU-201,198,1243.72
2025-07-14,STR-006,94123,SKU-202,196,1123.86
2025-07-14,STR-006,94123,SKU-203,268,862.62
2025-07-14,STR-006,94123,SKU-204,86,971.99
2025-07-14,STR-006,94123,SKU-301,328,1757.77
2025-07-14,STR-006,94123,SKU-302,224,1325.93
2025-07-14,STR-006,94123,SKU-303,160,905.06
2025-07-14,STR-006,94123,SKU-304,252,1599.58
2025-07-14,STR-006,94123,SKU-401,142,923.56
2025-07-14,STR-006,94123,SKU-402,122,759.09
2025-07-14,STR-006,94123,SKU-403,131,705.10
2025-07-14,STR-006,94123,SKU-501,26,473.25
2025-07-14,STR-006,94123,SKU-502,15,444.50
2025-07-14,STR-006,94123,SKU-503,21,439.51
2025-07-14,STR-006,94123,SKU-504,11,194.92
2025-07-14,STR-006,94123,SKU-601,129,1487.86
2025-07-14,STR-006,94123,SKU-602,97,554.30
2025-07-14,STR-006,94123,SKU-603,124,620.92
2025-07-14,STR-006,94123,SKU-604,132,617.82
2025-07-14,STR-006,94123,SKU-701,3,81.43
2025-07-07,STR-001,94103,SKU-101,307,1294.39
2025-07-07,STR-001,94103,SKU-102,318,1992.26
2025-07-07,STR-001,94103,SKU-103,236,1429.28
2025-07-07,STR-001,94103,SKU-104,153,981.25
2025-07-07,STR-001,94103,SKU-105,125,431.85
2025-07-07,STR-001,94103,SKU-201,237,1529.98
2025-07-07,STR-001,94103,SKU-202,193,1153.78
2025-07-07,STR-001,94103,SKU-203,294,929.12
2025-07-07,STR-001,94103,SKU-204,129,1391.96
2025-07-07,STR-001,94103,SKU-301,266,1511.07
2025-07-07,STR-001,94103,SKU-302,204,1255.74
2025-07-07,STR-001,94103,SKU-303,245,1404.26
2025-07-07,STR-001,94103,SKU-304,289,1836.31
2025-07-07,STR-001,94103,SKU-401,184,1204.55
2025-07-07,STR-001,94103,SKU-402,138,859.50
2025-07-07,STR-001,94103,SKU-403,142,750.80
2025-07-07,STR-001,94103,SKU-501,35,663.87
2025-07-07,STR-001,94103,SKU-502,18,560.75
2025-07-07,STR-001,94103,SKU-503,23,477.21
2025-07-07,STR-001,94103,SKU-504,15,267.69
2025-07-07,STR-001,94103,SKU-601,144,1716.95
2025-07-07,STR-001,94103,SKU-602,127,714.06
2025-07-07,STR-001,94103,SKU-603,157,821.39
2025-07-07,STR-001,94103,SKU-604,145,649.36
2025-07-07,STR-001,94103,SKU-701,3,79.56
2025-07-07,STR-002,94110,SKU-101,282,1191.66
2025-07-07,STR-002,94110,SKU-102,307,1981.30
2025-07-07,STR-002,94110,SKU-103,378,2325.66
2025-07-07,STR-002,94110,SKU-104,210,1267.07
2025-07-07,STR-002,94110,SKU-105,204,731.75
2025-07-07,STR-002,94110,SKU-201,276,1736.13
2025-07-07,STR-002,94110,SKU-202,308,1716.62
2025-07-07,STR-002,94110,SKU-203,475,1481.71
2025-07-07,STR-002,94110,SKU-204,132,1495.76
2025-07-07,STR-002,94110,SKU-301,423,2333.93
2025-07-07,STR-002,94110,SKU-302,267,1622.68
2025-07-07,STR-002,94110,SKU-303,238,1355.05
2025-07-07,STR-002,94110,SKU-304,380,2423.68
2025-07-07,STR-002,94110,SKU-401,243,1651.57
2025-07-07,STR-002,94110,SKU-402,154,1008.77
2025-07-07,STR-002,94110,SKU-403,202,1088.34
2025-07-07,STR-002,94110,SKU-501,38,691.02
2025-07-07,STR-002,94110,SKU-502,16,479.03
2025-07-07,STR-002,94110,SKU-503,30,644.10
2025-07-07,STR-002,94110,SKU-504,18,314.68
2025-07-07,STR-002,94110,SKU-601,188,2327.07
2025-07-07,STR-002,94110,SKU-602,168,979.82
2025-07-07,STR-002,94110,SKU-603,227,1127.20
2025-07-07,STR-002,94110,SKU-604,151,677.73
2025-07-07,STR-002,94110,SKU-701,3,78.19
2025-07-07,STR-003,94133,SKU-101,242,1012.67
2025-07-07,STR-003,94133,SKU-102,307,2028.19
2025-07-07,STR-003,94133,SKU-103,237,1463.40
2025-07-07,STR-003,94133,SKU-104,151,926.84
2025-07-07,STR-003,94133,SKU-105,118,429.97
2025-07-07,STR-003,94133,SKU-201,231,1497.39
2025-07-07,STR-003,94133,SKU-202,186,1027.12
2025-07-07,STR-003,94133,SKU-203,339,1063.33
2025-07-07,STR-003,94133,SKU-204,106,1194.56
2025-07-07,STR-003,94133,SKU-301,302,1720.36
2025-07-07,STR-003,94133,SKU-302,243,1469.19
2025-07-07,STR-003,94133,SKU-303,164,960.04
2025-07-07,STR-003,94133,SKU-304,279,1792.66
2025-07-07,STR-003,94133,SKU-401,200,1346.40
2025-07-07,STR-003,94133,SKU-402,127,837.95
2025-07-07,STR-003,94133,SKU-403,161,849.74
2025-07-07,STR-003,94133,SKU-501,23,445.67
2025-07-07,STR-003,94133,SKU-502,16,505.48
2025-07-07,STR-003,94133,SKU-503,24,488.75
2025-07-07,STR-003,94133,SKU-504,10,168.81
2025-07-07,STR-003,94133,SKU-601,139,1632.31
2025-07-07,STR-003,94133,SKU-602,95,568.81
2025-07-07,STR-003,94133,SKU-603,134,664.67
2025-07-07,STR-003,94133,SKU-604,138,633.19
2025-07-07,STR-003,94133,SKU-701,2,52.71
2025-07-07,STR-004,94102,SKU-101,220,884.20
2025-07-07,STR-004,94102,SKU-102,230,1437.15
2025-07-07,STR-004,94102,SKU-103,188,1140.62
2025-07-07,STR-004,94102,SKU-104,136,824.69
2025-07-07,STR-004,94102,SKU-105,114,421.12
2025-07-07,STR-004,94102,SKU-201,226,1427.65
2025-07-07,STR-004,94102,SKU-202,176,991.59
2025-07-07,STR-004,94102,SKU-203,215,643.42
2025-07-07,STR-004,94102,SKU-204,104,1183.26
2025-07-07,STR-004,94102,SKU-301,217,1164.61
2025-07-07,STR-004,94102,SKU-302,214,1312.62
2025-07-07,STR-004,94102,SKU-303,170,958.07
2025-07-07,STR-004,94102,SKU-304,224,1420.87
2025-07-07,STR-004,94102,SKU-401,176,1155.87
2025-07-07,STR-004,94102,SKU-402,104,661.83
2025-07-07,STR-004,94102,SKU-403,117,608.45
2025-07-07,STR-004,94102,SKU-501,24,455.18
2025-07-07,STR-004,94102,SKU-502,11,337.45
2025-07-07,STR-004,94102,SKU-503,18,391.22
2025-07-07,STR-004,94102,SKU-504,11,191.16
2025-07-07,STR-004,94102,SKU-601,116,1436.82
2025-07-07,STR-004,94102,SKU-602,98,542.26
2025-07-07,STR-004,94102,SKU-603,140,678.73
2025-07-07,STR-004,94102,SKU-604,120,567.84
2025-07-07,STR-004,94102,SKU-701,2,53.12
2025-07-07,STR-005,94118,SKU-101,259,1089.63
2025-07-07,STR-005,94118,SKU-102,340,2119.69
2025-07-07,STR-005,94118,SKU-103,321,1900.81
2025-07-07,STR-005,94118,SKU-104,162,1027.03
2025-07-07,STR-005,94118,SKU-105,122,443.36
2025-07-07,STR-005,94118,SKU-201,263,1709.08
2025-07-07,STR-005,94118,SKU-202,209,1219.27
2025-07-07,STR-005,94118,SKU-203,358,1161.72
2025-07-07,STR-005,94118,SKU-204,101,1109.67
2025-07-07,STR-005,94118,SKU-301,376,2110.73
2025-07-07,STR-005,94118,SKU-302,251,1516.07
2025-07-07,STR-005,94118,SKU-303,233,1290.19
2025-07-07,STR-005,94118,SKU-304,287,1820.79
2025-07-07,STR-005,94118,SKU-401,245,1681.25
2025-07-07,STR-005,94118,SKU-402,146,982.56
2025-07-07,STR-005,94118,SKU-403,163,827.20
2025-07-07,STR-005,94118,SKU-501,35,650.14
2025-07-07,STR-005,94118,SKU-502,19,599.55
2025-07-07,STR-005,94118,SKU-503,27,566.43
2025-07-07,STR-005,94118,SKU-504,11,182.88
2025-07-07,STR-005,94118,SKU-601,161,1967.17
2025-07-07,STR-005,94118,SKU-602,150,849.73
2025-07-07,STR-005,94118,SKU-603,132,680.04
2025-07-07,STR-005,94118,SKU-604,110,487.93
2025-07-07,STR-005,94118,SKU-701,3,77.74
2025-07-07,STR-006,94123,SKU-101,193,757.51
2025-07-07,STR-006,94123,SKU-102,279,1850.26
2025-07-07,STR-006,94123,SKU-103,264,1612.05
2025-07-07,STR-006,94123,SKU-104,139,857.01
2025-07-07,STR-006,94123,SKU-105,121,444.65
2025-07-07,STR-006,94123,SKU-201,210,1302.94
2025-07-07,STR-006,94123,SKU-202,178,1017.57
2025-07-07,STR-006,94123,SKU-203,255,805.84
2025-07-07,STR-006,94123,SKU-204,86,964.24
2025-07-07,STR-006,94123,SKU-301,324,1745.13
2025-07-07,STR-006,94123,SKU-302,242,1407.94
2025-07-07,STR-006,94123,SKU-303,177,996.21
2025-07-07,STR-006,94123,SKU-304,232,1453.86
2025-07-07,STR-006,94123,SKU-401,163,1133.41
2025-07-07,STR-006,94123,SKU-402,118,769.61
2025-07-07,STR-006,94123,SKU-403,138,729.28
2025-07-07,STR-006,94123,SKU-501,25,474.08
2025-07-07,STR-006,94123,SKU-502,12,380.26
2025-07-07,STR-006,94123,SKU-503,20,429.69
2025-07-07,STR-006,94123,SKU-504,11,187.90
2025-07-07,STR-006,94123,SKU-601,132,1576.26
2025-07-07,STR-006,94123,SKU-602,121,705.22
2025-07-07,STR-006,94123,SKU-603,113,551.73
2025-07-07,STR-006,94123,SKU-604,89,399.87
2025-07-07,STR-006,94123,SKU-701,2,54.63
2025-06-30,STR-001,94103,SKU-101,301,1274.94
2025-06-30,STR-001,94103,SKU-102,321,2107.82
2025-06-30,STR-001,94103,SKU-103,315,1944.02
2025-06-30,STR-001,94103,SKU-104,147,896.73
2025-06-30,STR-001,94103,SKU-105,146,539.74
2025-06-30,STR-001,94103,SKU-201,198,1243.26
2025-06-30,STR-001,94103,SKU-202,247,1475.76
2025-06-30,STR-001,94103,SKU-203,365,1147.99
2025-06-30,STR-001,94103,SKU-204,114,1218.98
2025-06-30,STR-001,94103,SKU-301,343,1921.69
2025-06-30,STR-001,94103,SKU-302,245,1513.04
2025-06-30,STR-001,94103,SKU-303,231,1310.35
2025-06-30,STR-001,94103,SKU-304,295,1913.64
2025-06-30,STR-001,94103,SKU-401,172,1120.48
2025-06-30,STR-001,94103,SKU-402,135,877.53
2025-06-30,STR-001,94103,SKU-403,132,683.54
2025-06-30,STR-001,94103,SKU-501,30,579.93
2025-06-30,STR-001,94103,SKU-502,16,508.14
2025-06-30,STR-001,94103,SKU-503,24,494.22
2025-06-30,STR-001,94103,SKU-504,12,207.30
2025-06-30,STR-001,94103,SKU-601,128,1495.85
2025-06-30,STR-001,94103,SKU-602,106,585.81
2025-06-30,STR-001,94103,SKU-603,183,923.06
2025-06-30,STR-001,94103,SKU-604,122,545.37
2025-06-30,STR-001,94103,SKU-701,3,79.28
2025-06-30,STR-002,94110,SKU-101,384,1627.24
2025-06-30,STR-002,94110,SKU-102,434,2729.51
2025-06-30,STR-002,94110,SKU-103,358,2122.16
2025-06-30,STR-002,94110,SKU-104,185,1123.25
2025-06-30,STR-002,94110,SKU-105,144,508.72
2025-06-30,STR-002,94110,SKU-201,296,1853.59
2025-06-30,STR-002,94110,SKU-202,219,1229.21
2025-06-30,STR-002,94110,SKU-203,466,1495.36
2025-06-30,STR-002,94110,SKU-204,122,1291.15
2025-06-30,STR-002,94110,SKU-301,437,2413.11
2025-06-30,STR-002,94110,SKU-302,351,2054.62
2025-06-30,STR-002,94110,SKU-303,231,1305.24
2025-06-30,STR-002,94110,SKU-304,383,2371.27
2025-06-30,STR-002,94110,SKU-401,227,1479.77
2025-06-30,STR-002,94110,SKU-402,139,911.59
2025-06-30,STR-002,94110,SKU-403,211,1070.19
2025-06-30,STR-002,94110,SKU-501,44,826.32
2025-06-30,STR-002,94110,SKU-502,21,649.71
2025-06-30,STR-002,94110,SKU-503,29,621.35
2025-06-30,STR-002,94110,SKU-504,13,217.48
2025-06-30,STR-002,94110,SKU-601,194,2424.39
2025-06-30,STR-002,94110,SKU-602,150,848.95
2025-06-30,STR-002,94110,SKU-603,195,980.62
2025-06-30,STR-002,94110,SKU-604,134,593.83
2025-06-30,STR-002,94110,SKU-701,4,111.82
2025-06-30,STR-003,94133,SKU-101,264,1071.30
2025-06-30,STR-003,94133,SKU-102,255,1708.55
2025-06-30,STR-003,94133,SKU-103,244,1479.33
2025-06-30,STR-003,94133,SKU-104,194,1202.84
2025-06-30,STR-003,94133,SKU-105,116,407.22
2025-06-30,STR-003,94133,SKU-201,259,1565.95
2025-06-30,STR-003,94133,SKU-202,233,1347.47
2025-06-30,STR-003,94133,SKU-203,267,803.03
2025-06-30,STR-003,94133,SKU-204,103,1136.67
2025-06-30,STR-003,94133,SKU-301,276,1465.88
2025-06-30,STR-003,94133,SKU-302,247,1432.62
2025-06-30,STR-003,94133,SKU-303,222,1253.28
2025-06-30,STR-003,94133,SKU-304,242,1448.04
2025-06-30,STR-003,94133,SKU-401,181,1240.21
2025-06-30,STR-003,94133,SKU-402,121,816.60
2025-06-30,STR-003,94133,SKU-403,150,819.29
2025-06-30,STR-003,94133,SKU-501,24,443.27
2025-06-30,STR-003,94133,SKU-502,16,509.31
2025-06-30,STR-003,94133,SKU-503,22,446.24
2025-06-30,STR-003,94133,SKU-504,13,227.76
2025-06-30,STR-003,94133,SKU-601,134,1623.66
2025-06-30,STR-003,94133,SKU-602,132,771.35
2025-06-30,STR-003,94133,SKU-603,157,799.11
2025-06-30,STR-003,94133,SKU-604,101,467.67
2025-06-30,STR-003,94133,SKU-701,3,83.95
2025-06-30,STR-004,94102,SKU-101,195,806.42
2025-06-30,STR-004,94102,SKU-102,282,1842.14
2025-06-30,STR-004,94102,SKU-103,271,1621.10
2025-06-30,STR-004,94102,SKU-104,148,940.56
2025-06-30,STR-004,94102,SKU-105,115,423.61
2025-06-30,STR-004,94102,SKU-201,180,1136.38
2025-06-30,STR-004,94102,SKU-202,159,919.38
2025-06-30,STR-004,94102,SKU-203,306,940.51
2025-06-30,STR-004,94102,SKU-204,77,857.15
2025-06-30,STR-004,94102,SKU-301,293,1623.85
2025-06-30,STR-004,94102,SKU-302,175,1026.67
2025-06-30,STR-004,94102,SKU-303,184,1028.70
2025-06-30,STR-004,94102,SKU-304,236,1453.98
2025-06-30,STR-004,94102,SKU-401,163,1099.22
2025-06-30,STR-004,94102,SKU-402,94,616.83
2025-06-30,STR-004,94102,SKU-403,115,591.50
2025-06-30,STR-004,94102,SKU-501,19,343.30
2025-06-30,STR-004,94102,SKU-502,12,369.57
2025-06-30,STR-004,94102,SKU-503,17,369.66
2025-06-30,STR-004,94102,SKU-504,10,166.50
2025-06-30,STR-004,94102,SKU-601,92,1121.99
2025-06-30,STR-004,94102,SKU-602,83,462.14
2025-06-30,STR-004,94102,SKU-603,105,549.44
2025-06-30,STR-004,94102,SKU-604,108,476.15
2025-06-30,STR-004,94102,SKU-701,2,51.55
2025-06-30,STR-005,94118,SKU-101,251,986.31
2025-06-30,STR-005,94118,SKU-102,297,1891.72
2025-06-30,STR-005,94118,SKU-103,331,1965.43
2025-06-30,STR-005,94118,SKU-104,149,966.95
2025-06-30,STR-005,94118,SKU-105,173,611.01
2025-06-30,STR-005,94118,SKU-201,256,1593.11
2025-06-30,STR-005,94118,SKU-202,241,1440.05
2025-06-30,STR-005,94118,SKU-203,345,1120.85
2025-06-30,STR-005,94118,SKU-204,111,1180.56
2025-06-30,STR-005,94118,SKU-301,286,1535.75
2025-06-30,STR-005,94118,SKU-302,257,1485.73
2025-06-30,STR-005,94118,SKU-303,181,1029.81
2025-06-30,STR-005,94118,SKU-304,292,1891.12
2025-06-30,STR-005,94118,SKU-401,171,1114.46
2025-06-30,STR-005,94118,SKU-402,114,748.37
2025-06-30,STR-005,94118,SKU-403,185,995.31
2025-06-30,STR-005,94118,SKU-501,28,510.90
2025-06-30,STR-005,94118,SKU-502,15,476.47
2025-06-30,STR-005,94118,SKU-503,26,541.74
2025-06-30,STR-005,94118,SKU-504,12,215.21
2025-06-30,STR-005,94118,SKU-601,133,1610.60
2025-06-30,STR-005,94118,SKU-602,149,842.86
2025-06-30,STR-005,94118,SKU-603,134,650.34
2025-06-30,STR-005,94118,SKU-604,130,572.45
2025-06-30,STR-005,94118,SKU-701,3,83.70
2025-06-30,STR-006,94123,SKU-101,186,735.04
2025-06-30,STR-006,94123,SKU-102,305,1913.09
2025-06-30,STR-006,94123,SKU-103,243,1450.43
2025-06-30,STR-006,94123,SKU-104,140,845.46
2025-06-30,STR-006,94123,SKU-105,100,370.45
2025-06-30,STR-006,94123,SKU-201,175,1073.83
2025-06-30,STR-006,94123,SKU-202,186,1078.67
2025-06-30,STR-006,94123,SKU-203,327,1059.22
2025-06-30,STR-006,94123,SKU-204,92,991.92
2025-06-30,STR-006,94123,SKU-301,330,1864.43
2025-06-30,STR-006,94123,SKU-302,211,1217.48
2025-06-30,STR-006,94123,SKU-303,146,864.99
2025-06-30,STR-006,94123,SKU-304,191,1154.65
2025-06-30,STR-006,94123,SKU-401,169,1166.55
2025-06-30,STR-006,94123,SKU-402,98,654.64
2025-06-30,STR-006,94123,SKU-403,128,655.11
2025-06-30,STR-006,94123,SKU-501,29,548.55
2025-06-30,STR-006,94123,SKU-502,14,434.20
2025-06-30,STR-006,94123,SKU-503,21,449.50
2025-06-30,STR-006,94123,SKU-504,9,153.79
2025-06-30,STR-006,94123,SKU-601,98,1212.05
2025-06-30,STR-006,94123,SKU-602,112,618.99
2025-06-30,STR-006,94123,SKU-603,155,761.81
2025-06-30,STR-006,94123,SKU-604,114,515.95
2025-06-30,STR-006,94123,SKU-701,3,83.00
2025-06-23,STR-001,94103,SKU-101,268,1076.69
2025-06-23,STR-001,94103,SKU-102,292,1873.54
2025-06-23,STR-001,94103,SKU-103,313,1873.74
2025-06-23,STR-001,94103,SKU-104,137,866.13
2025-06-23,STR-001,94103,SKU-105,151,550.43
2025-06-23,STR-001,94103,SKU-201,267,1667.27
2025-06-23,STR-001,94103,SKU-202,214,1210.55
2025-06-23,STR-001,94103,SKU-203,349,1126.80
2025-06-23,STR-001,94103,SKU-204,124,1346.70
2025-06-23,STR-001,94103,SKU-301,341,1909.60
2025-06-23,STR-001,94103,SKU-302,229,1353.57
2025-06-23,STR-001,94103,SKU-303,236,1360.91
2025-06-23,STR-001,94103,SKU-304,277,1776.85
2025-06-23,STR-001,94103,SKU-401,188,1234.26
2025-06-23,STR-001,94103,SKU-402,116,771.81
2025-06-23,STR-001,94103,SKU-403,153,788.40
2025-06-23,STR-001,94103,SKU-501,28,541.31
2025-06-23,STR-001,94103,SKU-502,17,530.86
2025-06-23,STR-001,94103,SKU-503,26,550.22
2025-06-23,STR-001,94103,SKU-504,11,182.63
2025-06-23,STR-001,94103,SKU-601,153,1801.67
2025-06-23,STR-001,94103,SKU-602,117,671.73
2025-06-23,STR-001,94103,SKU-603,166,861.73
2025-06-23,STR-001,94103,SKU-604,111,503.18
2025-06-23,STR-001,94103,SKU-701,3,82.64
2025-06-23,STR-002,94110,SKU-101,347,1389.58
2025-06-23,STR-002,94110,SKU-102,320,2158.70
2025-06-23,STR-002,94110,SKU-103,299,1777.75
2025-06-23,STR-002,94110,SKU-104,234,1491.75
2025-06-23,STR-002,94110,SKU-105,181,668.35
2025-06-23,STR-002,94110,SKU-201,282,1780.62
2025-06-23,STR-002,94110,SKU-202,234,1397.33
2025-06-23,STR-002,94110,SKU-203,473,1503.78
2025-06-23,STR-002,94110,SKU-204,154,1663.13
2025-06-23,STR-002,94110,SKU-301,415,2357.08
2025-06-23,STR-002,94110,SKU-302,298,1851.30
2025-06-23,STR-002,94110,SKU-303,289,1647.64
2025-06-23,STR-002,94110,SKU-304,311,1972.04
2025-06-23,STR-002,94110,SKU-401,211,1395.05
2025-06-23,STR-002,94110,SKU-402,155,985.20
2025-06-23,STR-002,94110,SKU-403,186,1019.67
2025-06-23,STR-002,94110,SKU-501,41,770.55
2025-06-23,STR-002,94110,SKU-502,23,692.59
2025-06-23,STR-002,94110,SKU-503,25,542.37
2025-06-23,STR-002,94110,SKU-504,18,311.82
2025-06-23,STR-002,94110,SKU-601,183,2177.45
2025-06-23,STR-002,94110,SKU-602,170,998.66
2025-06-23,STR-002,94110,SKU-603,160,830.31
2025-06-23,STR-002,94110,SKU-604,132,608.91
2025-06-23,STR-002,94110,SKU-701,3,81.08
2025-06-23,STR-003,94133,SKU-101,250,1008.35
2025-06-23,STR-003,94133,SKU-102,244,1571.21
2025-06-23,STR-003,94133,SKU-103,252,1483.68
2025-06-23,STR-003,94133,SKU-104,167,1033.43
2025-06-23,STR-003,94133,SKU-105,126,450.55
2025-06-23,STR-003,94133,SKU-201,232,1477.25
2025-06-23,STR-003,94133,SKU-202,193,1076.64
2025-06-23,STR-003,94133,SKU-203,294,946.98
2025-06-23,STR-003,94133,SKU-204,94,1023.51
2025-06-23,STR-003,94133,SKU-301,280,1583.22
2025-06-23,STR-003,94133,SKU-302,255,1568.67
2025-06-23,STR-003,94133,SKU-303,219,1258.69
2025-06-23,STR-003,94133,SKU-304,197,1247.70
2025-06-23,STR-003,94133,SKU-401,207,1404.57
2025-06-23,STR-003,94133,SKU-402,114,747.88
2025-06-23,STR-003,94133,SKU-403,142,735.99
2025-06-23,STR-003,94133,SKU-501,24,462.09
2025-06-23,STR-003,94133,SKU-502,16,510.43
2025-06-23,STR-003,94133,SKU-503,20,412.81
2025-06-23,STR-003,94133,SKU-504,14,241.44
2025-06-23,STR-003,94133,SKU-601,132,1609.42
2025-06-23,STR-003,94133,SKU-602,118,663.50
2025-06-23,STR-003,94133,SKU-603,163,815.40
2025-06-23,STR-003,94133,SKU-604,138,620.65
2025-06-23,STR-003,94133,SKU-701,3,81.79
2025-06-23,STR-004,94102,SKU-101,200,846.77
2025-06-23,STR-004,94102,SKU-102,287,1907.09
2025-06-23,STR-004,94102,SKU-103,221,1287.52
2025-06-23,STR-004,94102,SKU-104,150,916.37
2025-06-23,STR-004,94102,SKU-105,123,424.81
2025-06-23,STR-004,94102,SKU-201,155,993.37
2025-06-23,STR-004,94102,SKU-202,200,1188.21
2025-06-23,STR-004,94102,SKU-203,291,920.88
2025-06-23,STR-004,94102,SKU-204,77,819.90
2025-06-23,STR-004,94102,SKU-301,219,1202.77
2025-06-23,STR-004,94102,SKU-302,163,946.30
2025-06-23,STR-004,94102,SKU-303,149,824.09
2025-06-23,STR-004,94102,SKU-304,179,1153.01
2025-06-23,STR-004,94102,SKU-401,173,1117.75
2025-06-23,STR-004,94102,SKU-402,117,780.83
2025-06-23,STR-004,94102,SKU-403,151,790.93
2025-06-23,STR-004,94102,SKU-501,19,354.89
2025-06-23,STR-004,94102,SKU-502,15,445.24
2025-06-23,STR-004,94102,SKU-503,19,394.35
2025-06-23,STR-004,94102,SKU-504,9,158.07
2025-06-23,STR-004,94102,SKU-601,109,1345.39
2025-06-23,STR-004,94102,SKU-602,98,570.79
2025-06-23,STR-004,94102,SKU-603,139,720.44
2025-06-23,STR-004,94102,SKU-604,106,485.41
2025-06-23,STR-004,94102,SKU-701,2,52.02
2025-06-23,STR-005,94118,SKU-101,311,1242.65
2025-06-23,STR-005,94118,SKU-102,287,1819.54
2025-06-23,STR-005,94118,SKU-103,319,1836.06
2025-06-23,STR-005,94118,SKU-104,152,920.29
2025-06-23,STR-005,94118,SKU-105,158,549.62
2025-06-23,STR-005,94118,SKU-201,226,1468.26
2025-06-23,STR-005,94118,SKU-202,192,1141.68
2025-06-23,STR-005,94118,SKU-203,299,897.99
2025-06-23,STR-005,94118,SKU-204,103,1145.63
2025-06-23,STR-005,94118,SKU-301,349,1887.74
2025-06-23,STR-005,94118,SKU-302,267,1553.60
2025-06-23,STR-005,94118,SKU-303,186,1038.37
2025-06-23,STR-005,94118,SKU-304,241,1473.62
2025-06-23,STR-005,94118,SKU-401,238,1652.47
2025-06-23,STR-005,94118,SKU-402,145,944.11
2025-06-23,STR-005,94118,SKU-403,160,874.61
2025-06-23,STR-005,94118,SKU-501,36,691.44
2025-06-23,STR-005,94118,SKU-502,16,503.57
2025-06-23,STR-005,94118,SKU-503,25,509.07
2025-06-23,STR-005,94118,SKU-504,15,255.52
2025-06-23,STR-005,94118,SKU-601,124,1523.77
2025-06-23,STR-005,94118,SKU-602,139,799.90
2025-06-23,STR-005,94118,SKU-603,142,743.96
2025-06-23,STR-005,94118,SKU-604,120,537.91
2025-06-23,STR-005,94118,SKU-701,3,79.22
2025-06-23,STR-006,94123,SKU-101,195,813.81
2025-06-23,STR-006,94123,SKU-102,318,2046.96
2025-06-23,STR-006,94123,SKU-103,266,1569.49
2025-06-23,STR-006,94123,SKU-104,172,1040.48
2025-06-23,STR-006,94123,SKU-105,122,445.87
2025-06-23,STR-006,94123,SKU-201,223,1367.98
2025-06-23,STR-006,94123,SKU-202,165,983.58
2025-06-23,STR-006,94123,SKU-203,335,1074.94
2025-06-23,STR-006,94123,SKU-204,114,1294.30
2025-06-23,STR-006,94123,SKU-301,302,1615.80
2025-06-23,STR-006,94123,SKU-302,244,1501.54
2025-06-23,STR-006,94123,SKU-303,198,1144.44
2025-06-23,STR-006,94123,SKU-304,258,1547.17
2025-06-23,STR-006,94123,SKU-401,214,1455.56
2025-06-23,STR-006,94123,SKU-402,107,684.57
2025-06-23,STR-006,94123,SKU-403,147,782.52
2025-06-23,STR-006,94123,SKU-501,30,582.98
2025-06-23,STR-006,94123,SKU-502,15,450.11
2025-06-23,STR-006,94123,SKU-503,16,325.73
2025-06-23,STR-006,94123,SKU-504,12,215.09
2025-06-23,STR-006,94123,SKU-601,117,1460.18
2025-06-23,STR-006,94123,SKU-602,87,508.10
2025-06-23,STR-006,94123,SKU-603,140,734.09
2025-06-23,STR-006,94123,SKU-604,109,487.75
2025-06-23,STR-006,94123,SKU-701,2,51.81
2025-06-16,STR-001,94103,SKU-101,226,895.76
2025-06-16,STR-001,94103,SKU-102,326,2134.98
2025-06-16,STR-001,94103,SKU-103,321,1938.63
2025-06-16,STR-001,94103,SKU-104,152,964.72
2025-06-16,STR-001,94103,SKU-105,116,408.71
2025-06-16,STR-001,94103,SKU-201,254,1572.70
2025-06-16,STR-001,94103,SKU-202,203,1132.48
2025-06-16,STR-001,94103,SKU-203,343,1105.11
2025-06-16,STR-001,94103,SKU-204,108,1157.45
2025-06-16,STR-001,94103,SKU-301,296,1569.72
2025-06-16,STR-001,94103,SKU-302,270,1639.53
2025-06-16,STR-001,94103,SKU-303,160,916.56
2025-06-16,STR-001,94103,SKU-304,277,1761.82
2025-06-16,STR-001,94103,SKU-401,207,1361.23
2025-06-16,STR-001,94103,SKU-402,118,746.25
2025-06-16,STR-001,94103,SKU-403,132,683.32
2025-06-16,STR-001,94103,SKU-501,25,468.98
2025-06-16,STR-001,94103,SKU-502,17,511.81
2025-06-16,STR-001,94103,SKU-503,23,488.69
2025-06-16,STR-001,94103,SKU-504,11,192.78
2025-06-16,STR-001,94103,SKU-601,131,1515.69
2025-06-16,STR-001,94103,SKU-602,107,618.50
2025-06-16,STR-001,94103,SKU-603,172,881.00
2025-06-16,STR-001,94103,SKU-604,117,518.04
2025-06-16,STR-001,94103,SKU-701,3,78.50
2025-06-16,STR-002,94110,SKU-101,371,1512.67
2025-06-16,STR-002,94110,SKU-102,348,2289.46
2025-06-16,STR-002,94110,SKU-103,425,2653.46
2025-06-16,STR-002,94110,SKU-104,178,1153.82
2025-06-16,STR-002,94110,SKU-105,158,582.34
2025-06-16,STR-002,94110,SKU-201,276,1779.89
2025-06-16,STR-002,94110,SKU-202,301,1729.78
2025-06-16,STR-002,94110,SKU-203,468,1517.22
2025-06-16,STR-002,94110,SKU-204,159,1719.43
2025-06-16,STR-002,94110,SKU-301,447,2569.77
2025-06-16,STR-002,94110,SKU-302,257,1565.66
2025-06-16,STR-002,94110,SKU-303,207,1173.42
2025-06-16,STR-002,94110,SKU-304,353,2204.99
2025-06-16,STR-002,94110,SKU-401,284,1852.78
2025-06-16,STR-002,94110,SKU-402,181,1140.03
2025-06-16,STR-002,94110,SKU-403,194,1065.96
2025-06-16,STR-002,94110,SKU-501,40,723.68
2025-06-16,STR-002,94110,SKU-502,16,488.71
2025-06-16,STR-002,94110,SKU-503,25,506.71
2025-06-16,STR-002,94110,SKU-504,16,277.44
2025-06-16,STR-002,94110,SKU-601,161,1853.35
2025-06-16,STR-002,94110,SKU-602,176,1031.37
2025-06-16,STR-002,94110,SKU-603,193,962.84
2025-06-16,STR-002,94110,SKU-604,188,843.78
2025-06-16,STR-002,94110,SKU-701,3,81.61
2025-06-16,STR-003,94133,SKU-101,203,838.26
2025-06-16,STR-003,94133,SKU-102,345,2324.99
2025-06-16,STR-003,94133,SKU-103,222,1323.79
2025-06-16,STR-003,94133,SKU-104,167,1055.35
2025-06-16,STR-003,94133,SKU-105,133,469.47
2025-06-16,STR-003,94133,SKU-201,256,1638.46
2025-06-16,STR-003,94133,SKU-202,164,947.79
2025-06-16,STR-003,94133,SKU-203,286,910.76
2025-06-16,STR-003,94133,SKU-204,118,1312.39
2025-06-16,STR-003,94133,SKU-301,277,1502.87
2025-06-16,STR-003,94133,SKU-302,247,1443.43
2025-06-16,STR-003,94133,SKU-303,155,865.78
2025-06-16,STR-003,94133,SKU-304,216,1308.77
2025-06-16,STR-003,94133,SKU-401,191,1296.31
2025-06-16,STR-003,94133,SKU-402,101,639.17
2025-06-16,STR-003,94133,SKU-403,150,799.74
2025-06-16,STR-003,94133,SKU-501,23,416.06
2025-06-16,STR-003,94133,SKU-502,16,477.55
2025-06-16,STR-003,94133,SKU-503,22,465.70
2025-06-16,STR-003,94133,SKU-504,14,242.96
2025-06-16,STR-003,94133,SKU-601,117,1378.63
2025-06-16,STR-003,94133,SKU-602,118,670.90
2025-06-16,STR-003,94133,SKU-603,129,650.25
2025-06-16,STR-003,94133,SKU-604,99,452.68
2025-06-16,STR-003,94133,SKU-701,2,53.12
2025-06-16,STR-004,94102,SKU-101,194,795.98
2025-06-16,STR-004,94102,SKU-102,221,1475.39
2025-06-16,STR-004,94102,SKU-103,273,1620.35
2025-06-16,STR-004,94102,SKU-104,147,897.65
2025-06-16,STR-004,94102,SKU-105,95,330.04
2025-06-16,STR-004,94102,SKU-201,154,990.52
2025-06-16,STR-004,94102,SKU-202,177,1023.91
2025-06-16,STR-004,94102,SKU-203,252,798.08
2025-06-16,STR-004,94102,SKU-204,93,1065.55
2025-06-16,STR-004,94102,SKU-301,298,1700.70
2025-06-16,STR-004,94102,SKU-302,159,956.11
2025-06-16,STR-004,94102,SKU-303,190,1115.73
2025-06-16,STR-004,94102,SKU-304,214,1363.53
2025-06-16,STR-004,94102,SKU-401,141,967.90
2025-06-16,STR-004,94102,SKU-402,99,639.18
2025-06-16,STR-004,94102,SKU-403,106,552.24
2025-06-16,STR-004,94102,SKU-501,25,482.80
2025-06-16,STR-004,94102,SKU-502,15,477.46
2025-06-16,STR-004,94102,SKU-503,17,354.86
2025-06-16,STR-004,94102,SKU-504,11,192.84
2025-06-16,STR-004,94102,SKU-601,91,1081.65
2025-06-16,STR-004,94102,SKU-602,90,508.29
2025-06-16,STR-004,94102,SKU-603,111,574.30
2025-06-16,STR-004,94102,SKU-604,84,381.40
2025-06-16,STR-004,94102,SKU-701,3,81.27
2025-06-16,STR-005,94118,SKU-101,309,1223.79
2025-06-16,STR-005,94118,SKU-102,297,1879.14
2025-06-16,STR-005,94118,SKU-103,327,2027.61
2025-06-16,STR-005,94118,SKU-104,146,931.64
2025-06-16,STR-005,94118,SKU-105,129,473.14
2025-06-16,STR-005,94118,SKU-201,200,1228.89
2025-06-16,STR-005,94118,SKU-202,218,1258.06
2025-06-16,STR-005,94118,SKU-203,338,1019.48
2025-06-16,STR-005,94118,SKU-204,110,1222.75
2025-06-16,STR-005,94118,SKU-301,387,2054.21
2025-06-16,STR-005,94118,SKU-302,269,1622.49
2025-06-16,STR-005,94118,SKU-303,195,1131.76
2025-06-16,STR-005,94118,SKU-304,219,1320.10
2025-06-16,STR-005,94118,SKU-401,197,1366.88
2025-06-16,STR-005,94118,SKU-402,126,783.88
2025-06-16,STR-005,94118,SKU-403,182,996.41
2025-06-16,STR-005,94118,SKU-501,33,616.12
2025-06-16,STR-005,94118,SKU-502,14,423.36
2025-06-16,STR-005,94118,SKU-503,23,469.75
2025-06-16,STR-005,94118,SKU-504,14,248.89
2025-06-16,STR-005,94118,SKU-601,159,1951.44
2025-06-16,STR-005,94118,SKU-602,108,636.91
2025-06-16,STR-005,94118,SKU-603,155,811.14
2025-06-16,STR-005,94118,SKU-604,119,529.71
2025-06-16,STR-005,94118,SKU-701,3,82.90
2025-06-16,STR-006,94123,SKU-101,262,1050.49
2025-06-16,STR-006,94123,SKU-102,316,2130.15
2025-06-16,STR-006,94123,SKU-103,251,1501.57
2025-06-16,STR-006,94123,SKU-104,131,815.10
2025-06-16,STR-006,94123,SKU-105,133,475.19
2025-06-16,STR-006,94123,SKU-201,240,1513.49
2025-06-16,STR-006,94123,SKU-202,198,1094.94
2025-06-16,STR-006,94123,SKU-203,328,1062.50
2025-06-16,STR-006,94123,SKU-204,80,862.78
2025-06-16,STR-006,94123,SKU-301,269,1487.54
2025-06-16,STR-006,94123,SKU-302,215,1333.41
2025-06-16,STR-006,94123,SKU-303,141,831.94
2025-06-16,STR-006,94123,SKU-304,247,1496.95
2025-06-16,STR-006,94123,SKU-401,185,1200.65
2025-06-16,STR-006,94123,SKU-402,104,653.98
2025-06-16,STR-006,94123,SKU-403,142,733.63
2025-06-16,STR-006,94123,SKU-501,30,581.80
2025-06-16,STR-006,94123,SKU-502,16,503.97
2025-06-16,STR-006,94123,SKU-503,20,431.57
2025-06-16,STR-006,94123,SKU-504,10,179.07
2025-06-16,STR-006,94123,SKU-601,98,1139.48
2025-06-16,STR-006,94123,SKU-602,99,546.91
2025-06-16,STR-006,94123,SKU-603,109,545.32
2025-06-16,STR-006,94123,SKU-604,117,539.39
2025-06-16,STR-006,94123,SKU-701,3,82.88
2025-06-09,STR-001,94103,SKU-101,271,1081.72
2025-06-09,STR-001,94103,SKU-102,300,2014.80
2025-06-09,STR-001,94103,SKU-103,309,1798.71
2025-06-09,STR-001,94103,SKU-104,183,1096.12
2025-06-09,STR-001,94103,SKU-105,121,435.07
2025-06-09,STR-001,94103,SKU-201,244,1557.98
2025-06-09,STR-001,94103,SKU-202,244,1369.69
2025-06-09,STR-001,94103,SKU-203,320,975.38
2025-06-09,STR-001,94103,SKU-204,125,1358.85
2025-06-09,STR-001,94103,SKU-301,259,1423.25
2025-06-09,STR-001,94103,SKU-302,191,1102.20
2025-06-09,STR-001,94103,SKU-303,168,928.92
2025-06-09,STR-001,94103,SKU-304,224,1410.34
2025-06-09,STR-001,94103,SKU-401,244,1688.10
2025-06-09,STR-001,94103,SKU-402,113,744.01
2025-06-09,STR-001,94103,SKU-403,149,771.33
2025-06-09,STR-001,94103,SKU-501,26,492.63
2025-06-09,STR-001,94103,SKU-502,17,515.44
2025-06-09,STR-001,94103,SKU-503,22,467.30
2025-06-09,STR-001,94103,SKU-504,15,258.90
2025-06-09,STR-001,94103,SKU-601,160,1858.09
2025-06-09,STR-001,94103,SKU-602,98,552.95
2025-06-09,STR-001,94103,SKU-603,153,763.96
2025-06-09,STR-001,94103,SKU-604,111,521.42
2025-06-09,STR-001,94103,SKU-701,3,77.85
2025-06-09,STR-002,94110,SKU-101,358,1513.77
2025-06-09,STR-002,94110,SKU-102,423,2844.03
2025-06-09,STR-002,94110,SKU-103,426,2510.64
2025-06-09,STR-002,94110,SKU-104,225,1425.31
2025-06-09,STR-002,94110,SKU-105,196,678.33
2025-06-09,STR-002,94110,SKU-201,311,1897.44
2025-06-09,STR-002,94110,SKU-202,241,1389.47
2025-06-09,STR-002,94110,SKU-203,473,1501.50
2025-06-09,STR-002,94110,SKU-204,121,1355.90
2025-06-09,STR-002,94110,SKU-301,456,2414.11
2025-06-09,STR-002,94110,SKU-302,317,1972.50
2025-06-09,STR-002,94110,SKU-303,203,1145.25
2025-06-09,STR-002,94110,SKU-304,258,1582.68
2025-06-09,STR-002,94110,SKU-401,208,1396.30
2025-06-09,STR-002,94110,SKU-402,135,862.07
2025-06-09,STR-002,94110,SKU-403,232,1236.02
2025-06-09,STR-002,94110,SKU-501,34,631.04
2025-06-09,STR-002,94110,SKU-502,22,684.74
2025-06-09,STR-002,94110,SKU-503,31,658.44
2025-06-09,STR-002,94110,SKU-504,15,268.18
2025-06-09,STR-002,94110,SKU-601,152,1816.68
2025-06-09,STR-002,94110,SKU-602,153,847.53
2025-06-09,STR-002,94110,SKU-603,183,926.86
2025-06-09,STR-002,94110,SKU-604,131,588.63
2025-06-09,STR-002,94110,SKU-701,4,107.84
2025-06-09,STR-003,94133,SKU-101,232,984.40
2025-06-09,STR-003,94133,SKU-102,344,2186.25
2025-06-09,STR-003,94133,SKU-103,307,1886.47
2025-06-09,STR-003,94133,SKU-104,187,1194.26
2025-06-09,STR-003,94133,SKU-105,162,588.31
2025-06-09,STR-003,94133,SKU-201,240,1493.83
2025-06-09,STR-003,94133,SKU-202,225,1251.81
2025-06-09,STR-003,94133,SKU-203,281,869.08
2025-06-09,STR-003,94133,SKU-204,101,1087.29
2025-06-09,STR-003,94133,SKU-301,270,1469.16
2025-06-09,STR-003,94133,SKU-302,187,1100.85
2025-06-09,STR-003,94133,SKU-303,192,1137.64
2025-06-09,STR-003,94133,SKU-304,236,1493.99
2025-06-09,STR-003,94133,SKU-401,233,1597.95
2025-06-09,STR-003,94133,SKU-402,127,833.30
2025-06-09,STR-003,94133,SKU-403,135,725.27
2025-06-09,STR-003,94133,SKU-501,29,554.68
2025-06-09,STR-003,94133,SKU-502,14,428.05
2025-06-09,STR-003,94133,SKU-503,17,353.76
2025-06-09,STR-003,94133,SKU-504,14,232.68
2025-06-09,STR-003,94133,SKU-601,118,1364.68
2025-06-09,STR-003,94133,SKU-602,106,597.41
2025-06-09,STR-003,94133,SKU-603,117,578.63
2025-06-09,STR-003,94133,SKU-604,136,595.63
2025-06-09,STR-003,94133,SKU-701,3,83.66
2025-06-09,STR-004,94102,SKU-101,232,966.79
2025-06-09,STR-004,94102,SKU-102,225,1445.90
2025-06-09,STR-004,94102,SKU-103,242,1501.43
2025-06-09,STR-004,94102,SKU-104,152,939.86
2025-06-09,STR-004,94102,SKU-105,122,453.84
2025-06-09,STR-004,94102,SKU-201,225,1461.46
2025-06-09,STR-004,94102,SKU-202,142,796.52
2025-06-09,STR-004,94102,SKU-203,236,725.98
2025-06-09,STR-004,94102,SKU-204,98,1079.06
2025-06-09,STR-004,94102,SKU-301,246,1390.31
2025-06-09,STR-004,94102,SKU-302,188,1159.19
2025-06-09,STR-004,94102,SKU-303,147,831.46
2025-06-09,STR-004,94102,SKU-304,171,1091.30
2025-06-09,STR-004,94102,SKU-401,192,1264.09
2025-06-09,STR-004,94102,SKU-402,99,652.07
2025-06-09,STR-004,94102,SKU-403,116,626.95
2025-06-09,STR-004,94102,SKU-501,28,510.84
2025-06-09,STR-004,94102,SKU-502,11,342.73
2025-06-09,STR-004,94102,SKU-503,16,329.95
2025-06-09,STR-004,94102,SKU-504,10,171.04
2025-06-09,STR-004,94102,SKU-601,121,1416.28
2025-06-09,STR-004,94102,SKU-602,99,565.31
2025-06-09,STR-004,94102,SKU-603,102,512.27
2025-06-09,STR-004,94102,SKU-604,84,383.00
2025-06-09,STR-004,94102,SKU-701,2,55.14
2025-06-09,STR-005,94118,SKU-101,229,931.63
2025-06-09,STR-005,94118,SKU-102,371,2305.12
2025-06-09,STR-005,94118,SKU-103,360,2112.52
2025-06-09,STR-005,94118,SKU-104,195,1234.43
2025-06-09,STR-005,94118,SKU-105,127,453.23
2025-06-09,STR-005,94118,SKU-201,226,1456.52
2025-06-09,STR-005,94118,SKU-202,192,1111.96
2025-06-09,STR-005,94118,SKU-203,338,1039.35
2025-06-09,STR-005,94118,SKU-204,108,1187.79
2025-06-09,STR-005,94118,SKU-301,300,1605.99
2025-06-09,STR-005,94118,SKU-302,219,1367.76
2025-06-09,STR-005,94118,SKU-303,184,1070.64
2025-06-09,STR-005,94118,SKU-304,233,1408.15
2025-06-09,STR-005,94118,SKU-401,223,1471.65
2025-06-09,STR-005,94118,SKU-402,131,877.89
2025-06-09,STR-005,94118,SKU-403,201,1070.95
2025-06-09,STR-005,94118,SKU-501,29,558.41
2025-06-09,STR-005,94118,SKU-502,18,547.02
2025-06-09,STR-005,94118,SKU-503,27,583.76
2025-06-09,STR-005,94118,SKU-504,15,264.78
2025-06-09,STR-005,94118,SKU-601,135,1610.61
2025-06-09,STR-005,94118,SKU-602,138,812.15
2025-06-09,STR-005,94118,SKU-603,182,903.73
2025-06-09,STR-005,94118,SKU-604,128,560.01
2025-06-09,STR-005,94118,SKU-701,3,78.55
2025-06-09,STR-006,94123,SKU-101,222,886.59
2025-06-09,STR-006,94123,SKU-102,323,2130.37
2025-06-09,STR-006,94123,SKU-103,282,1682.15
2025-06-09,STR-006,94123,SKU-104,146,916.48
2025-06-09,STR-006,94123,SKU-105,125,435.34
2025-06-09,STR-006,94123,SKU-201,237,1525.00
2025-06-09,STR-006,94123,SKU-202,151,842.41
2025-06-09,STR-006,94123,SKU-203,229,696.96
2025-06-09,STR-006,94123,SKU-204,98,1099.04
2025-06-09,STR-006,94123,SKU-301,233,1266.02
2025-06-09,STR-006,94123,SKU-302,230,1371.40
2025-06-09,STR-006,94123,SKU-303,182,1056.65
2025-06-09,STR-006,94123,SKU-304,212,1294.44
2025-06-09,STR-006,94123,SKU-401,179,1217.07
2025-06-09,STR-006,94123,SKU-402,115,747.10
2025-06-09,STR-006,94123,SKU-403,122,669.38
2025-06-09,STR-006,94123,SKU-501,29,533.43
2025-06-09,STR-006,94123,SKU-502,16,489.67
2025-06-09,STR-006,94123,SKU-503,15,311.68
2025-06-09,STR-006,94123,SKU-504,11,182.92
2025-06-09,STR-006,94123,SKU-601,131,1555.12
2025-06-09,STR-006,94123,SKU-602,114,643.46
2025-06-09,STR-006,94123,SKU-603,130,676.51
2025-06-09,STR-006,94123,SKU-604,126,579.20
2025-06-09,STR-006,94123,SKU-701,2,52.83
2025-06-02,STR-001,94103,SKU-101,235,951.71
2025-06-02,STR-001,94103,SKU-102,272,1750.58
2025-06-02,STR-001,94103,SKU-103,267,1551.44
2025-06-02,STR-001,94103,SKU-104,173,1114.03
2025-06-02,STR-001,94103,SKU-105,117,435.34
2025-06-02,STR-001,94103,SKU-201,260,1579.05
2025-06-02,STR-001,94103,SKU-202,216,1221.79
2025-06-02,STR-001,94103,SKU-203,338,1097.18
2025-06-02,STR-001,94103,SKU-204,97,1035.74
2025-06-02,STR-001,94103,SKU-301,291,1612.59
2025-06-02,STR-001,94103,SKU-302,230,1333.54
2025-06-02,STR-001,94103,SKU-303,176,1043.29
2025-06-02,STR-001,94103,SKU-304,231,1486.94
2025-06-02,STR-001,94103,SKU-401,179,1183.75
2025-06-02,STR-001,94103,SKU-402,122,782.62
2025-06-02,STR-001,94103,SKU-403,141,754.50
2025-06-02,STR-001,94103,SKU-501,33,606.55
2025-06-02,STR-001,94103,SKU-502,18,564.95
2025-06-02,STR-001,94103,SKU-503,21,460.37
2025-06-02,STR-001,94103,SKU-504,15,262.46
2025-06-02,STR-001,94103,SKU-601,113,1347.65
2025-06-02,STR-001,94103,SKU-602,128,750.38
2025-06-02,STR-001,94103,SKU-603,163,841.88
2025-06-02,STR-001,94103,SKU-604,136,645.91
2025-06-02,STR-001,94103,SKU-701,3,81.68
2025-06-02,STR-002,94110,SKU-101,334,1350.00
2025-06-02,STR-002,94110,SKU-102,378,2544.35
2025-06-02,STR-002,94110,SKU-103,310,1916.36
2025-06-02,STR-002,94110,SKU-104,192,1170.85
2025-06-02,STR-002,94110,SKU-105,189,680.51
2025-06-02,STR-002,94110,SKU-201,305,1881.17
2025-06-02,STR-002,94110,SKU-202,252,1499.75
2025-06-02,STR-002,94110,SKU-203,471,1443.82
2025-06-02,STR-002,94110,SKU-204,112,1234.12
2025-06-02,STR-002,94110,SKU-301,411,2283.17
2025-06-02,STR-002,94110,SKU-302,257,1483.01
2025-06-02,STR-002,94110,SKU-303,233,1345.23
2025-06-02,STR-002,94110,SKU-304,346,2139.30
2025-06-02,STR-002,94110,SKU-401,259,1727.52
2025-06-02,STR-002,94110,SKU-402,154,975.15
2025-06-02,STR-002,94110,SKU-403,192,992.71
2025-06-02,STR-002,94110,SKU-501,43,799.99
2025-06-02,STR-002,94110,SKU-502,18,551.44
2025-06-02,STR-002,94110,SKU-503,30,635.17
2025-06-02,STR-002,94110,SKU-504,18,304.46
2025-06-02,STR-002,94110,SKU-601,196,2287.25
2025-06-02,STR-002,94110,SKU-602,167,939.17
2025-06-02,STR-002,94110,SKU-603,220,1132.67
2025-06-02,STR-002,94110,SKU-604,178,832.94
2025-06-02,STR-002,94110,SKU-701,3,79.29
2025-06-02,STR-003,94133,SKU-101,270,1070.40
2025-06-02,STR-003,94133,SKU-102,310,2075.97
2025-06-02,STR-003,94133,SKU-103,313,1947.93
2025-06-02,STR-003,94133,SKU-104,133,819.49
2025-06-02,STR-003,94133,SKU-105,164,572.27
2025-06-02,STR-003,94133,SKU-201,258,1570.11
2025-06-02,STR-003,94133,SKU-202,225,1270.66
2025-06-02,STR-003,94133,SKU-203,270,867.34
2025-06-02,STR-003,94133,SKU-204,97,1064.29
2025-06-02,STR-003,94133,SKU-301,319,1736.80
2025-06-02,STR-003,94133,SKU-302,203,1182.92
2025-06-02,STR-003,94133,SKU-303,204,1141.69
2025-06-02,STR-003,94133,SKU-304,243,1462.58
2025-06-02,STR-003,94133,SKU-401,217,1453.96
2025-06-02,STR-003,94133,SKU-402,112,698.90
2025-06-02,STR-003,94133,SKU-403,128,658.89
2025-06-02,STR-003,94133,SKU-501,22,406.59
2025-06-02,STR-003,94133,SKU-502,16,488.66
2025-06-02,STR-003,94133,SKU-503,19,396.16
2025-06-02,STR-003,94133,SKU-504,10,168.01
2025-06-02,STR-003,94133,SKU-601,140,1699.19
2025-06-02,STR-003,94133,SKU-602,114,671.24
2025-06-02,STR-003,94133,SKU-603,167,823.47
2025-06-02,STR-003,94133,SKU-604,100,469.41
2025-06-02,STR-003,94133,SKU-701,3,77.32
2025-06-02,STR-004,94102,SKU-101,190,759.12
2025-06-02,STR-004,94102,SKU-102,203,1368.28
2025-06-02,STR-004,94102,SKU-103,194,1133.93
2025-06-02,STR-004,94102,SKU-104,154,968.13
2025-06-02,STR-004,94102,SKU-105,127,468.94
2025-06-02,STR-004,94102,SKU-201,210,1327.65
2025-06-02,STR-004,94102,SKU-202,196,1102.70
2025-06-02,STR-004,94102,SKU-203,230,717.95
2025-06-02,STR-004,94102,SKU-204,98,1080.88
2025-06-02,STR-004,94102,SKU-301,256,1463.25
2025-06-02,STR-004,94102,SKU-302,202,1232.19
2025-06-02,STR-004,94102,SKU-303,156,917.55
2025-06-02,STR-004,94102,SKU-304,219,1349.04
2025-06-02,STR-004,94102,SKU-401,166,1074.14
2025-06-02,STR-004,94102,SKU-402,105,707.19
2025-06-02,STR-004,94102,SKU-403,114,586.45
2025-06-02,STR-004,94102,SKU-501,25,472.63
2025-06-02,STR-004,94102,SKU-502,12,365.54
2025-06-02,STR-004,94102,SKU-503,17,355.51
2025-06-02,STR-004,94102,SKU-504,10,167.66
2025-06-02,STR-004,94102,SKU-601,129,1559.24
2025-06-02,STR-004,94102,SKU-602,90,508.28
2025-06-02,STR-004,94102,SKU-603,98,487.93
2025-06-02,STR-004,94102,SKU-604,118,554.52
2025-06-02,STR-004,94102,SKU-701,3,82.16
2025-06-02,STR-005,94118,SKU-101,314,1289.70
2025-06-02,STR-005,94118,SKU-102,349,2281.39
2025-06-02,STR-005,94118,SKU-103,248,1436.02
2025-06-02,STR-005,94118,SKU-104,202,1279.50
2025-06-02,STR-005,94118,SKU-105,141,508.15
2025-06-02,STR-005,94118,SKU-201,228,1462.58
2025-06-02,STR-005,94118,SKU-202,250,1490.86
2025-06-02,STR-005,94118,SKU-203,378,1161.24
2025-06-02,STR-005,94118,SKU-204,92,1029.28
2025-06-02,STR-005,94118,SKU-301,286,1595.88
2025-06-02,STR-005,94118,SKU-302,279,1661.66
2025-06-02,STR-005,94118,SKU-303,239,1361.62
2025-06-02,STR-005,94118,SKU-304,214,1313.03
2025-06-02,STR-005,94118,SKU-401,197,1272.62
2025-06-02,STR-005,94118,SKU-402,136,906.26
2025-06-02,STR-005,94118,SKU-403,154,811.56
2025-06-02,STR-005,94118,SKU-501,31,579.61
2025-06-02,STR-005,94118,SKU-502,17,529.43
2025-06-02,STR-005,94118,SKU-503,20,430.01
2025-06-02,STR-005,94118,SKU-504,12,199.50
2025-06-02,STR-005,94118,SKU-601,147,1720.56
2025-06-02,STR-005,94118,SKU-602,123,698.41
2025-06-02,STR-005,94118,SKU-603,171,870.95
2025-06-02,STR-005,94118,SKU-604,130,570.40
2025-06-02,STR-005,94118,SKU-701,3,83.77
2025-06-02,STR-006,94123,SKU-101,222,885.87
2025-06-02,STR-006,94123,SKU-102,286,1816.17
2025-06-02,STR-006,94123,SKU-103,215,1335.65
2025-06-02,STR-006,94123,SKU-104,128,777.96
2025-06-02,STR-006,94123,SKU-105,151,530.18
2025-06-02,STR-006,94123,SKU-201,247,1488.02
2025-06-02,STR-006,94123,SKU-202,204,1206.03
2025-06-02,STR-006,94123,SKU-203,268,862.35
2025-06-02,STR-006,94123,SKU-204,100,1124.45
2025-06-02,STR-006,94123,SKU-301,218,1205.51
2025-06-02,STR-006,94123,SKU-302,220,1298.25
2025-06-02,STR-006,94123,SKU-303,180,1037.61
2025-06-02,STR-006,94123,SKU-304,189,1198.31
2025-06-02,STR-006,94123,SKU-401,212,1440.39
2025-06-02,STR-006,94123,SKU-402,118,786.77
2025-06-02,STR-006,94123,SKU-403,115,592.04
2025-06-02,STR-006,94123,SKU-501,25,452.72
2025-06-02,STR-006,94123,SKU-502,11,327.57
2025-06-02,STR-006,94123,SKU-503,21,453.35
2025-06-02,STR-006,94123,SKU-504,11,194.75
2025-06-02,STR-006,94123,SKU-601,128,1521.74
2025-06-02,STR-006,94123,SKU-602,93,549.96
2025-06-02,STR-006,94123,SKU-603,131,667.59
2025-06-02,STR-006,94123,SKU-604,106,500.52
2025-06-02,STR-006,94123,SKU-701,3,83.54
2025-05-26,STR-001,94103,SKU-101,293,1211.91
2025-05-26,STR-001,94103,SKU-102,280,1797.84
2025-05-26,STR-001,94103,SKU-103,273,1696.45
2025-05-26,STR-001,94103,SKU-104,176,1072.42
2025-05-26,STR-001,94103,SKU-105,169,601.53
2025-05-26,STR-001,94103,SKU-201,269,1715.83
2025-05-26,STR-001,94103,SKU-202,222,1278.23
2025-05-26,STR-001,94103,SKU-203,348,1114.87
2025-05-26,STR-001,94103,SKU-204,118,1351.29
2025-05-26,STR-001,94103,SKU-301,351,1904.72
2025-05-26,STR-001,94103,SKU-302,204,1205.82
2025-05-26,STR-001,94103,SKU-303,186,1067.24
2025-05-26,STR-001,94103,SKU-304,229,1459.30
2025-05-26,STR-001,94103,SKU-401,250,1613.62
2025-05-26,STR-001,94103,SKU-402,150,990.70
2025-05-26,STR-001,94103,SKU-403,134,713.89
2025-05-26,STR-001,94103,SKU-501,31,589.49
2025-05-26,STR-001,94103,SKU-502,15,461.45
2025-05-26,STR-001,94103,SKU-503,22,446.84
2025-05-26,STR-001,94103,SKU-504,11,193.99
2025-05-26,STR-001,94103,SKU-601,150,1814.47
2025-05-26,STR-001,94103,SKU-602,135,803.69
2025-05-26,STR-001,94103,SKU-603,132,667.37
2025-05-26,STR-001,94103,SKU-604,146,654.28
2025-05-26,STR-001,94103,SKU-701,3,77.84
2025-05-26,STR-002,94110,SKU-101,348,1415.35
2025-05-26,STR-002,94110,SKU-102,348,2321.93
2025-05-26,STR-002,94110,SKU-103,354,2200.07
2025-05-26,STR-002,94110,SKU-104,245,1567.25
2025-05-26,STR-002,94110,SKU-105,172,628.49
2025-05-26,STR-002,94110,SKU-201,262,1639.76
2025-05-26,STR-002,94110,SKU-202,249,1474.40
2025-05-26,STR-002,94110,SKU-203,388,1186.68
2025-05-26,STR-002,94110,SKU-204,138,1557.88
2025-05-26,STR-002,94110,SKU-301,381,2151.73
2025-05-26,STR-002,94110,SKU-302,254,1505.71
2025-05-26,STR-002,94110,SKU-303,250,1403.58
2025-05-26,STR-002,94110,SKU-304,329,2068.77
2025-05-26,STR-002,94110,SKU-401,268,1844.52
2025-05-26,STR-002,94110,SKU-402,180,1120.02
2025-05-26,STR-002,94110,SKU-403,189,997.63
2025-05-26,STR-002,94110,SKU-501,43,798.20
2025-05-26,STR-002,94110,SKU-502,22,654.21
2025-05-26,STR-002,94110,SKU-503,30,632.98
2025-05-26,STR-002,94110,SKU-504,17,286.07
2025-05-26,STR-002,94110,SKU-601,190,2239.07
2025-05-26,STR-002,94110,SKU-602,172,990.90
2025-05-26,STR-002,94110,SKU-603,202,1038.15
2025-05-26,STR-002,94110,SKU-604,149,690.93
2025-05-26,STR-002,94110,SKU-701,3,78.71
2025-05-26,STR-003,94133,SKU-101,292,1233.16
2025-05-26,STR-003,94133,SKU-102,348,2247.12
2025-05-26,STR-003,94133,SKU-103,282,1706.21
2025-05-26,STR-003,94133,SKU-104,165,990.03
2025-05-26,STR-003,94133,SKU-105,155,574.75
2025-05-26,STR-003,94133,SKU-201,248,1569.89
2025-05-26,STR-003,94133,SKU-202,214,1185.16
2025-05-26,STR-003,94133,SKU-203,281,867.35
2025-05-26,STR-003,94133,SKU-204,101,1152.72
2025-05-26,STR-003,94133,SKU-301,255,1465.68
2025-05-26,STR-003,94133,SKU-302,233,1452.47
2025-05-26,STR-003,94133,SKU-303,196,1130.53
2025-05-26,STR-003,94133,SKU-304,207,1334.26
2025-05-26,STR-003,94133,SKU-401,239,1572.99
2025-05-26,STR-003,94133,SKU-402,111,730.45
2025-05-26,STR-003,94133,SKU-403,142,754.65
2025-05-26,STR-003,94133,SKU-501,27,516.87
2025-05-26,STR-003,94133,SKU-502,13,389.53
2025-05-26,STR-003,94133,SKU-503,25,535.41
2025-05-26,STR-003,94133,SKU-504,10,177.00
2025-05-26,STR-003,94133,SKU-601,144,1764.26
2025-05-26,STR-003,94133,SKU-602,125,739.69
2025-05-26,STR-003,94133,SKU-603,116,587.51
2025-05-26,STR-003,94133,SKU-604,125,564.41
2025-05-26,STR-003,94133,SKU-701,3,79.86
2025-05-26,STR-004,94102,SKU-101,228,905.68
2025-05-26,STR-004,94102,SKU-102,274,1704.42
2025-05-26,STR-004,94102,SKU-103,265,1631.50
2025-05-26,STR-004,94102,SKU-104,139,888.24
2025-05-26,STR-004,94102,SKU-105,108,402.76
2025-05-26,STR-004,94102,SKU-201,188,1205.62
2025-05-26,STR-004,94102,SKU-202,172,962.63
2025-05-26,STR-004,94102,SKU-203,287,906.14
2025-05-26,STR-004,94102,SKU-204,84,889.03
2025-05-26,STR-004,94102,SKU-301,197,1102.49
2025-05-26,STR-004,94102,SKU-302,211,1239.11
2025-05-26,STR-004,94102,SKU-303,121,698.12
2025-05-26,STR-004,94102,SKU-304,172,1089.68
2025-05-26,STR-004,94102,SKU-401,189,1263.24
2025-05-26,STR-004,94102,SKU-402,110,705.29
2025-05-26,STR-004,94102,SKU-403,138,708.81
2025-05-26,STR-004,94102,SKU-501,20,369.32
2025-05-26,STR-004,94102,SKU-502,10,304.84
2025-05-26,STR-004,94102,SKU-503,15,326.24
2025-05-26,STR-004,94102,SKU-504,10,172.21
2025-05-26,STR-004,94102,SKU-601,124,1511.75
2025-05-26,STR-004,94102,SKU-602,89,518.29
2025-05-26,STR-004,94102,SKU-603,104,522.46
2025-05-26,STR-004,94102,SKU-604,84,379.70
2025-05-26,STR-004,94102,SKU-701,3,77.39
2025-05-26,STR-005,94118,SKU-101,312,1306.21
2025-05-26,STR-005,94118,SKU-102,392,2539.47
2025-05-26,STR-005,94118,SKU-103,335,2059.85
2025-05-26,STR-005,94118,SKU-104,154,923.88
2025-05-26,STR-005,94118,SKU-105,155,541.69
2025-05-26,STR-005,94118,SKU-201,223,1395.41
2025-05-26,STR-005,94118,SKU-202,248,1463.77
2025-05-26,STR-005,94118,SKU-203,401,1273.47
2025-05-26,STR-005,94118,SKU-204,125,1409.89
2025-05-26,STR-005,94118,SKU-301,354,1952.41
2025-05-26,STR-005,94118,SKU-302,208,1271.14
2025-05-26,STR-005,94118,SKU-303,208,1223.02
2025-05-26,STR-005,94118,SKU-304,276,1700.74
2025-05-26,STR-005,94118,SKU-401,195,1301.43
2025-05-26,STR-005,94118,SKU-402,127,816.76
2025-05-26,STR-005,94118,SKU-403,137,708.96
2025-05-26,STR-005,94118,SKU-501,30,566.68
2025-05-26,STR-005,94118,SKU-502,16,480.29
2025-05-26,STR-005,94118,SKU-503,19,410.41
2025-05-26,STR-005,94118,SKU-504,12,202.05
2025-05-26,STR-005,94118,SKU-601,158,1840.41
2025-05-26,STR-005,94118,SKU-602,122,729.15
2025-05-26,STR-005,94118,SKU-603,186,962.75
2025-05-26,STR-005,94118,SKU-604,140,643.60
2025-05-26,STR-005,94118,SKU-701,3,82.17
2025-05-26,STR-006,94123,SKU-101,270,1110.41
2025-05-26,STR-006,94123,SKU-102,311,1946.60
2025-05-26,STR-006,94123,SKU-103,225,1335.48
2025-05-26,STR-006,94123,SKU-104,140,904.98
2025-05-26,STR-006,94123,SKU-105,106,381.86
2025-05-26,STR-006,94123,SKU-201,196,1175.20
2025-05-26,STR-006,94123,SKU-202,164,964.78
2025-05-26,STR-006,94123,SKU-203,295,921.34
2025-05-26,STR-006,94123,SKU-204,107,1227.26
2025-05-26,STR-006,94123,SKU-301,272,1475.00
2025-05-26,STR-006,94123,SKU-302,169,1039.97
2025-05-26,STR-006,94123,SKU-303,141,844.99
2025-05-26,STR-006,94123,SKU-304,211,1334.74
2025-05-26,STR-006,94123,SKU-401,174,1172.46
2025-05-26,STR-006,94123,SKU-402,117,752.98
2025-05-26,STR-006,94123,SKU-403,147,784.55
2025-05-26,STR-006,94123,SKU-501,23,425.51
2025-05-26,STR-006,94123,SKU-502,14,424.39
2025-05-26,STR-006,94123,SKU-503,16,344.79
2025-05-26,STR-006,94123,SKU-504,13,224.66
2025-05-26,STR-006,94123,SKU-601,125,1535.65
2025-05-26,STR-006,94123,SKU-602,111,615.23
2025-05-26,STR-006,94123,SKU-603,149,781.07
2025-05-26,STR-006,94123,SKU-604,97,448.61
2025-05-26,STR-006,94123,SKU-701,2,54.37
2025-05-19,STR-001,94103,SKU-101,234,964.89
2025-05-19,STR-001,94103,SKU-102,311,2014.38
2025-05-19,STR-001,94103,SKU-103,314,1853.29
2025-05-19,STR-001,94103,SKU-104,161,1033.42
2025-05-19,STR-001,94103,SKU-105,163,585.55
2025-05-19,STR-001,94103,SKU-201,260,1683.25
2025-05-19,STR-001,94103,SKU-202,207,1231.09
2025-05-19,STR-001,94103,SKU-203,290,873.48
2025-05-19,STR-001,94103,SKU-204,88,956.84
2025-05-19,STR-001,94103,SKU-301,241,1371.20
2025-05-19,STR-001,94103,SKU-302,233,1379.05
2025-05-19,STR-001,94103,SKU-303,212,1264.56
2025-05-19,STR-001,94103,SKU-304,242,1461.72
2025-05-19,STR-001,94103,SKU-401,204,1316.44
2025-05-19,STR-001,94103,SKU-402,112,719.97
2025-05-19,STR-001,94103,SKU-403,147,771.79
2025-05-19,STR-001,94103,SKU-501,25,452.44
2025-05-19,STR-001,94103,SKU-502,18,551.89
2025-05-19,STR-001,94103,SKU-503,22,450.03
2025-05-19,STR-001,94103,SKU-504,12,214.93
2025-05-19,STR-001,94103,SKU-601,123,1442.90
2025-05-19,STR-001,94103,SKU-602,123,680.36
2025-05-19,STR-001,94103,SKU-603,125,642.68
2025-05-19,STR-001,94103,SKU-604,144,653.89
2025-05-19,STR-001,94103,SKU-701,3,83.62
2025-05-19,STR-002,94110,SKU-101,291,1181.71
2025-05-19,STR-002,94110,SKU-102,438,2834.59
2025-05-19,STR-002,94110,SKU-103,334,2067.80
2025-05-19,STR-002,94110,SKU-104,189,1186.91
2025-05-19,STR-002,94110,SKU-105,159,567.69
2025-05-19,STR-002,94110,SKU-201,348,2226.83
2025-05-19,STR-002,94110,SKU-202,252,1407.53
2025-05-19,STR-002,94110,SKU-203,473,1535.85
2025-05-19,STR-002,94110,SKU-204,110,1165.28
2025-05-19,STR-002,94110,SKU-301,316,1777.20
2025-05-19,STR-002,94110,SKU-302,290,1763.95
2025-05-19,STR-002,94110,SKU-303,236,1391.96
2025-05-19,STR-002,94110,SKU-304,270,1725.52
2025-05-19,STR-002,94110,SKU-401,275,1862.33
2025-05-19,STR-002,94110,SKU-402,183,1170.84
2025-05-19,STR-002,94110,SKU-403,223,1160.02
2025-05-19,STR-002,94110,SKU-501,36,664.26
2025-05-19,STR-002,94110,SKU-502,20,609.44
2025-05-19,STR-002,94110,SKU-503,23,481.96
2025-05-19,STR-002,94110,SKU-504,14,241.22
2025-05-19,STR-002,94110,SKU-601,149,1713.99
2025-05-19,STR-002,94110,SKU-602,158,912.91
2025-05-19,STR-002,94110,SKU-603,215,1087.06
2025-05-19,STR-002,94110,SKU-604,150,676.37
2025-05-19,STR-002,94110,SKU-701,4,105.91
2025-05-19,STR-003,94133,SKU-101,222,875.95
2025-05-19,STR-003,94133,SKU-102,338,2246.03
2025-05-19,STR-003,94133,SKU-103,245,1415.72
2025-05-19,STR-003,94133,SKU-104,163,1036.42
2025-05-19,STR-003,94133,SKU-105,143,516.20
2025-05-19,STR-003,94133,SKU-201,178,1131.23
2025-05-19,STR-003,94133,SKU-202,234,1351.96
2025-05-19,STR-003,94133,SKU-203,285,923.11
2025-05-19,STR-003,94133,SKU-204,106,1207.97
2025-05-19,STR-003,94133,SKU-301,298,1615.11
2025-05-19,STR-003,94133,SKU-302,249,1524.24
2025-05-19,STR-003,94133,SKU-303,196,1092.21
2025-05-19,STR-003,94133,SKU-304,217,1406.15
2025-05-19,STR-003,94133,SKU-401,211,1452.11
2025-05-19,STR-003,94133,SKU-402,102,654.09
2025-05-19,STR-003,94133,SKU-403,152,816.48
2025-05-19,STR-003,94133,SKU-501,32,605.95
2025-05-19,STR-003,94133,SKU-502,15,447.16
2025-05-19,STR-003,94133,SKU-503,22,480.19
2025-05-19,STR-003,94133,SKU-504,14,237.61
2025-05-19,STR-003,94133,SKU-601,119,1373.98
2025-05-19,STR-003,94133,SKU-602,120,673.05
2025-05-19,STR-003,94133,SKU-603,127,619.43
2025-05-19,STR-003,94133,SKU-604,121,531.10
2025-05-19,STR-003,94133,SKU-701,3,79.20
2025-05-19,STR-004,94102,SKU-101,212,860.86
2025-05-19,STR-004,94102,SKU-102,267,1758.64
2025-05-19,STR-004,94102,SKU-103,255,1511.71
2025-05-19,STR-004,94102,SKU-104,137,884.38
2025-05-19,STR-004,94102,SKU-105,116,401.69
2025-05-19,STR-004,94102,SKU-201,201,1260.16
2025-05-19,STR-004,94102,SKU-202,153,901.44
2025-05-19,STR-004,94102,SKU-203,211,668.38
2025-05-19,STR-004,94102,SKU-204,81,896.67
2025-05-19,STR-004,94102,SKU-301,229,1291.88
2025-05-19,STR-004,94102,SKU-302,145,896.54
2025-05-19,STR-004,94102,SKU-303,117,686.43
2025-05-19,STR-004,94102,SKU-304,147,886.51
2025-05-19,STR-004,94102,SKU-401,201,1367.06
2025-05-19,STR-004,94102,SKU-402,99,652.20
2025-05-19,STR-004,94102,SKU-403,120,643.09
2025-05-19,STR-004,94102,SKU-501,20,360.13
2025-05-19,STR-004,94102,SKU-502,11,334.72
2025-05-19,STR-004,94102,SKU-503,21,443.82
2025-05-19,STR-004,94102,SKU-504,11,185.30
2025-05-19,STR-004,94102,SKU-601,112,1366.67
2025-05-19,STR-004,94102,SKU-602,106,609.91
2025-05-19,STR-004,94102,SKU-603,113,554.99
2025-05-19,STR-004,94102,SKU-604,97,429.57
2025-05-19,STR-004,94102,SKU-701,3,81.86
2025-05-19,STR-005,94118,SKU-101,284,1135.81
2025-05-19,STR-005,94118,SKU-102,317,2029.94
2025-05-19,STR-005,94118,SKU-103,336,2025.13
2025-05-19,STR-005,94118,SKU-104,178,1111.38
2025-05-19,STR-005,94118,SKU-105,169,598.38
2025-05-19,STR-005,94118,SKU-201,265,1629.72
2025-05-19,STR-005,94118,SKU-202,256,1434.50
2025-05-19,STR-005,94118,SKU-203,369,1110.98
2025-05-19,STR-005,94118,SKU-204,123,1335.86
2025-05-19,STR-005,94118,SKU-301,268,1495.15
2025-05-19,STR-005,94118,SKU-302,270,1594.21
2025-05-19,STR-005,94118,SKU-303,154,870.46
2025-05-19,STR-005,94118,SKU-304,226,1390.51
2025-05-19,STR-005,94118,SKU-401,202,1387.05
2025-05-19,STR-005,94118,SKU-402,157,1047.04
2025-05-19,STR-005,94118,SKU-403,162,841.74
2025-05-19,STR-005,94118,SKU-501,32,583.88
2025-05-19,STR-005,94118,SKU-502,18,569.86
2025-05-19,STR-005,94118,SKU-503,27,593.54
2025-05-19,STR-005,94118,SKU-504,16,268.21
2025-05-19,STR-005,94118,SKU-601,119,1376.04
2025-05-19,STR-005,94118,SKU-602,121,691.12
2025-05-19,STR-005,94118,SKU-603,165,825.57
2025-05-19,STR-005,94118,SKU-604,133,598.97
2025-05-19,STR-005,94118,SKU-701,4,110.53
2025-05-19,STR-006,94123,SKU-101,279,1181.05
2025-05-19,STR-006,94123,SKU-102,261,1704.91
2025-05-19,STR-006,94123,SKU-103,299,1739.17
2025-05-19,STR-006,94123,SKU-104,120,779.53
2025-05-19,STR-006,94123,SKU-105,135,476.91
2025-05-19,STR-006,94123,SKU-201,190,1181.17
2025-05-19,STR-006,94123,SKU-202,162,938.49
2025-05-19,STR-006,94123,SKU-203,331,1064.36
2025-05-19,STR-006,94123,SKU-204,101,1110.62
2025-05-19,STR-006,94123,SKU-301,275,1520.36
2025-05-19,STR-006,94123,SKU-302,229,1373.24
2025-05-19,STR-006,94123,SKU-303,159,936.82
2025-05-19,STR-006,94123,SKU-304,212,1307.90
2025-05-19,STR-006,94123,SKU-401,183,1261.58
2025-05-19,STR-006,94123,SKU-402,124,807.56
2025-05-19,STR-006,94123,SKU-403,129,708.39
2025-05-19,STR-006,94123,SKU-501,21,399.88
2025-05-19,STR-006,94123,SKU-502,16,476.53
2025-05-19,STR-006,94123,SKU-503,21,441.36
2025-05-19,STR-006,94123,SKU-504,10,172.87
2025-05-19,STR-006,94123,SKU-601,120,1411.93
2025-05-19,STR-006,94123,SKU-602,97,561.56
2025-05-19,STR-006,94123,SKU-603,119,592.93
2025-05-19,STR-006,94123,SKU-604,111,506.11
2025-05-19,STR-006,94123,SKU-701,3,79.11
2025-05-12,STR-001,94103,SKU-101,327,1314.81
2025-05-12,STR-001,94103,SKU-102,259,1715.13
2025-05-12,STR-001,94103,SKU-103,300,1726.90
2025-05-12,STR-001,94103,SKU-104,139,894.84
2025-05-12,STR-001,94103,SKU-105,153,542.03
2025-05-12,STR-001,94103,SKU-201,240,1456.84
2025-05-12,STR-001,94103,SKU-202,178,1034.31
2025-05-12,STR-001,94103,SKU-203,277,829.50
2025-05-12,STR-001,94103,SKU-204,125,1364.43
2025-05-12,STR-001,94103,SKU-301,319,1713.70
2025-05-12,STR-001,94103,SKU-302,216,1277.31
2025-05-12,STR-001,94103,SKU-303,195,1119.87
2025-05-12,STR-001,94103,SKU-304,210,1363.69
2025-05-12,STR-001,94103,SKU-401,177,1209.17
2025-05-12,STR-001,94103,SKU-402,146,928.59
2025-05-12,STR-001,94103,SKU-403,160,866.36
2025-05-12,STR-001,94103,SKU-501,30,555.30
2025-05-12,STR-001,94103,SKU-502,16,491.94
2025-05-12,STR-001,94103,SKU-503,21,447.85
2025-05-12,STR-001,94103,SKU-504,13,223.61
2025-05-12,STR-001,94103,SKU-601,134,1629.77
2025-05-12,STR-001,94103,SKU-602,132,746.33
2025-05-12,STR-001,94103,SKU-603,146,764.01
2025-05-12,STR-001,94103,SKU-604,147,693.00
2025-05-12,STR-001,94103,SKU-701,3,77.86
2025-05-12,STR-002,94110,SKU-101,317,1281.26
2025-05-12,STR-002,94110,SKU-102,395,2602.20
2025-05-12,STR-002,94110,SKU-103,386,2273.33
2025-05-12,STR-002,94110,SKU-104,220,1334.25
2025-05-12,STR-002,94110,SKU-105,157,554.81
2025-05-12,STR-002,94110,SKU-201,269,1740.72
2025-05-12,STR-002,94110,SKU-202,223,1234.20
2025-05-12,STR-002,94110,SKU-203,463,1501.61
2025-05-12,STR-002,94110,SKU-204,134,1482.37
2025-05-12,STR-002,94110,SKU-301,393,2181.98
2025-05-12,STR-002,94110,SKU-302,257,1481.60
2025-05-12,STR-002,94110,SKU-303,255,1523.53
2025-05-12,STR-002,94110,SKU-304,315,2019.69
2025-05-12,STR-002,94110,SKU-401,271,1763.31
2025-05-12,STR-002,94110,SKU-402,153,974.74
2025-05-12,STR-002,94110,SKU-403,234,1231.78
2025-05-12,STR-002,94110,SKU-501,34,656.95
2025-05-12,STR-002,94110,SKU-502,20,638.95
2025-05-12,STR-002,94110,SKU-503,26,547.59
2025-05-12,STR-002,94110,SKU-504,17,284.76
2025-05-12,STR-002,94110,SKU-601,182,2143.72
2025-05-12,STR-002,94110,SKU-602,167,977.14
2025-05-12,STR-002,94110,SKU-603,195,961.71
2025-05-12,STR-002,94110,SKU-604,126,589.18
2025-05-12,STR-002,94110,SKU-701,4,104.35
2025-05-12,STR-003,94133,SKU-101,280,1099.60
2025-05-12,STR-003,94133,SKU-102,269,1754.16
2025-05-12,STR-003,94133,SKU-103,285,1721.70
2025-05-12,STR-003,94133,SKU-104,157,954.00
2025-05-12,STR-003,94133,SKU-105,132,494.78
2025-05-12,STR-003,94133,SKU-201,190,1147.89
2025-05-12,STR-003,94133,SKU-202,216,1192.88
2025-05-12,STR-003,94133,SKU-203,277,878.14
2025-05-12,STR-003,94133,SKU-204,85,920.46
2025-05-12,STR-003,94133,SKU-301,252,1359.45
2025-05-12,STR-003,94133,SKU-302,245,1515.44
2025-05-12,STR-003,94133,SKU-303,196,1175.16
2025-05-12,STR-003,94133,SKU-304,216,1307.65
2025-05-12,STR-003,94133,SKU-401,178,1168.34
2025-05-12,STR-003,94133,SKU-402,123,777.10
2025-05-12,STR-003,94133,SKU-403,180,969.05
2025-05-12,STR-003,94133,SKU-501,33,629.42
2025-05-12,STR-003,94133,SKU-502,12,369.90
2025-05-12,STR-003,94133,SKU-503,17,369.22
2025-05-12,STR-003,94133,SKU-504,13,216.66
2025-05-12,STR-003,94133,SKU-601,152,1783.82
2025-05-12,STR-003,94133,SKU-602,118,674.62
2025-05-12,STR-003,94133,SKU-603,117,595.94
2025-05-12,STR-003,94133,SKU-604,114,514.97
2025-05-12,STR-003,94133,SKU-701,3,81.14
2025-05-12,STR-004,94102,SKU-101,248,1052.81
2025-05-12,STR-004,94102,SKU-102,260,1683.44
2025-05-12,STR-004,94102,SKU-103,251,1498.90
2025-05-12,STR-004,94102,SKU-104,130,780.60
2025-05-12,STR-004,94102,SKU-105,137,483.24
2025-05-12,STR-004,94102,SKU-201,212,1304.52
2025-05-12,STR-004,94102,SKU-202,181,1023.10
2025-05-12,STR-004,94102,SKU-203,221,688.00
2025-05-12,STR-004,94102,SKU-204,70,749.12
2025-05-12,STR-004,94102,SKU-301,268,1522.21
2025-05-12,STR-004,94102,SKU-302,188,1157.99
2025-05-12,STR-004,94102,SKU-303,166,994.79
2025-05-12,STR-004,94102,SKU-304,145,920.27
2025-05-12,STR-004,94102,SKU-401,166,1124.77
2025-05-12,STR-004,94102,SKU-402,116,730.50
2025-05-12,STR-004,94102,SKU-403,107,563.92
2025-05-12,STR-004,94102,SKU-501,24,445.89
2025-05-12,STR-004,94102,SKU-502,12,375.99
2025-05-12,STR-004,94102,SKU-503,17,350.54
2025-05-12,STR-004,94102,SKU-504,8,140.15
2025-05-12,STR-004,94102,SKU-601,122,1487.80
2025-05-12,STR-004,94102,SKU-602,86,486.16
2025-05-12,STR-004,94102,SKU-603,119,604.01
2025-05-12,STR-004,94102,SKU-604,105,470.71
2025-05-12,STR-004,94102,SKU-701,3,83.58
2025-05-12,STR-005,94118,SKU-101,245,1004.35
2025-05-12,STR-005,94118,SKU-102,401,2668.83
2025-05-12,STR-005,94118,SKU-103,299,1807.79
2025-05-12,STR-005,94118,SKU-104,158,959.11
2025-05-12,STR-005,94118,SKU-105,141,527.11
2025-05-12,STR-005,94118,SKU-201,280,1761.61
2025-05-12,STR-005,94118,SKU-202,223,1315.74
2025-05-12,STR-005,94118,SKU-203,278,880.67
2025-05-12,STR-005,94118,SKU-204,109,1217.32
2025-05-12,STR-005,94118,SKU-301,294,1590.48
2025-05-12,STR-005,94118,SKU-302,219,1349.13
2025-05-12,STR-005,94118,SKU-303,219,1225.69
2025-05-12,STR-005,94118,SKU-304,278,1799.22
2025-05-12,STR-005,94118,SKU-401,186,1236.14
2025-05-12,STR-005,94118,SKU-402,113,758.71
2025-05-12,STR-005,94118,SKU-403,178,965.30
2025-05-12,STR-005,94118,SKU-501,35,640.89
2025-05-12,STR-005,94118,SKU-502,14,430.98
2025-05-12,STR-005,94118,SKU-503,21,447.78
2025-05-12,STR-005,94118,SKU-504,13,229.94
2025-05-12,STR-005,94118,SKU-601,149,1830.30
2025-05-12,STR-005,94118,SKU-602,132,759.51
2025-05-12,STR-005,94118,SKU-603,153,801.93
2025-05-12,STR-005,94118,SKU-604,135,625.38
2025-05-12,STR-005,94118,SKU-701,3,81.73
2025-05-12,STR-006,94123,SKU-101,291,1177.74
2025-05-12,STR-006,94123,SKU-102,234,1534.48
2025-05-12,STR-006,94123,SKU-103,236,1426.02
2025-05-12,STR-006,94123,SKU-104,132,829.67
2025-05-12,STR-006,94123,SKU-105,155,558.17
2025-05-12,STR-006,94123,SKU-201,245,1490.42
2025-05-12,STR-006,94123,SKU-202,191,1078.02
2025-05-12,STR-006,94123,SKU-203,248,764.17
2025-05-12,STR-006,94123,SKU-204,111,1253.56
2025-05-12,STR-006,94123,SKU-301,283,1621.15
2025-05-12,STR-006,94123,SKU-302,180,1099.57
2025-05-12,STR-006,94123,SKU-303,179,993.29
2025-05-12,STR-006,94123,SKU-304,207,1249.72
2025-05-12,STR-006,94123,SKU-401,162,1088.54
2025-05-12,STR-006,94123,SKU-402,124,820.07
2025-05-12,STR-006,94123,SKU-403,130,713.46
2025-05-12,STR-006,94123,SKU-501,28,509.38
2025-05-12,STR-006,94123,SKU-502,16,492.03
2025-05-12,STR-006,94123,SKU-503,16,328.21
2025-05-12,STR-006,94123,SKU-504,13,223.74
2025-05-12,STR-006,94123,SKU-601,104,1234.11
2025-05-12,STR-006,94123,SKU-602,113,675.16
2025-05-12,STR-006,94123,SKU-603,140,711.46
2025-05-12,STR-006,94123,SKU-604,127,555.04
2025-05-12,STR-006,94123,SKU-701,2,53.25
2025-05-05,STR-001,94103,SKU-101,322,1270.34
2025-05-05,STR-001,94103,SKU-102,371,2418.29
2025-05-05,STR-001,94103,SKU-103,284,1745.37
2025-05-05,STR-001,94103,SKU-104,172,1039.23
2025-05-05,STR-001,94103,SKU-105,146,530.27
2025-05-05,STR-001,94103,SKU-201,221,1410.28
2025-05-05,STR-001,94103,SKU-202,200,1151.20
2025-05-05,STR-001,94103,SKU-203,311,957.45
2025-05-05,STR-001,94103,SKU-204,92,1027.72
2025-05-05,STR-001,94103,SKU-301,335,1868.95
2025-05-05,STR-001,94103,SKU-302,238,1430.47
2025-05-05,STR-001,94103,SKU-303,200,1193.85
2025-05-05,STR-001,94103,SKU-304,245,1538.44
2025-05-05,STR-001,94103,SKU-401,228,1519.44
2025-05-05,STR-001,94103,SKU-402,140,877.24
2025-05-05,STR-001,94103,SKU-403,185,947.87
2025-05-05,STR-001,94103,SKU-501,27,496.66
2025-05-05,STR-001,94103,SKU-502,15,475.01
2025-05-05,STR-001,94103,SKU-503,20,431.42
2025-05-05,STR-001,94103,SKU-504,12,209.25
2025-05-05,STR-001,94103,SKU-601,112,1315.09
2025-05-05,STR-001,94103,SKU-602,130,732.86
2025-05-05,STR-001,94103,SKU-603,168,829.78
2025-05-05,STR-001,94103,SKU-604,127,567.06
2025-05-05,STR-001,94103,SKU-701,3,79.83
2025-05-05,STR-002,94110,SKU-101,415,1642.67
2025-05-05,STR-002,94110,SKU-102,406,2702.28
2025-05-05,STR-002,94110,SKU-103,445,2702.12
2025-05-05,STR-002,94110,SKU-104,214,1282.76
2025-05-05,STR-002,94110,SKU-105,201,750.39
2025-05-05,STR-002,94110,SKU-201,243,1520.04
2025-05-05,STR-002,94110,SKU-202,271,1559.44
2025-05-05,STR-002,94110,SKU-203,430,1384.23
2025-05-05,STR-002,94110,SKU-204,140,1555.81
2025-05-05,STR-002,94110,SKU-301,290,1635.24
2025-05-05,STR-002,94110,SKU-302,265,1603.72
2025-05-05,STR-002,94110,SKU-303,239,1359.11
2025-05-05,STR-002,94110,SKU-304,260,1597.26
2025-05-05,STR-002,94110,SKU-401,249,1688.22
2025-05-05,STR-002,94110,SKU-402,151,1015.79
2025-05-05,STR-002,94110,SKU-403,219,1167.15
2025-05-05,STR-002,94110,SKU-501,30,582.39
2025-05-05,STR-002,94110,SKU-502,22,692.97
2025-05-05,STR-002,94110,SKU-503,31,648.20
2025-05-05,STR-002,94110,SKU-504,17,290.42
2025-05-05,STR-002,94110,SKU-601,140,1620.80
2025-05-05,STR-002,94110,SKU-602,154,853.25
2025-05-05,STR-002,94110,SKU-603,199,1003.48
2025-05-05,STR-002,94110,SKU-604,183,864.85
2025-05-05,STR-002,94110,SKU-701,3,83.12
2025-05-05,STR-003,94133,SKU-101,235,986.83
2025-05-05,STR-003,94133,SKU-102,282,1846.66
2025-05-05,STR-003,94133,SKU-103,231,1342.63
2025-05-05,STR-003,94133,SKU-104,175,1061.27
2025-05-05,STR-003,94133,SKU-105,158,563.26
2025-05-05,STR-003,94133,SKU-201,246,1548.23
2025-05-05,STR-003,94133,SKU-202,195,1163.44
2025-05-05,STR-003,94133,SKU-203,315,981.24
2025-05-05,STR-003,94133,SKU-204,120,1306.32
2025-05-05,STR-003,94133,SKU-301,288,1652.85
2025-05-05,STR-003,94133,SKU-302,179,1085.05
2025-05-05,STR-003,94133,SKU-303,173,1004.45
2025-05-05,STR-003,94133,SKU-304,195,1172.86
2025-05-05,STR-003,94133,SKU-401,236,1574.31
2025-05-05,STR-003,94133,SKU-402,104,650.88
2025-05-05,STR-003,94133,SKU-403,127,693.36
2025-05-05,STR-003,94133,SKU-501,32,584.62
2025-05-05,STR-003,94133,SKU-502,13,395.34
2025-05-05,STR-003,94133,SKU-503,23,503.40
2025-05-05,STR-003,94133,SKU-504,12,202.35
2025-05-05,STR-003,94133,SKU-601,132,1530.17
2025-05-05,STR-003,94133,SKU-602,101,593.88
2025-05-05,STR-003,94133,SKU-603,128,650.62
2025-05-05,STR-003,94133,SKU-604,119,555.38
2025-05-05,STR-003,94133,SKU-701,3,80.22
2025-05-05,STR-004,94102,SKU-101,180,734.48
2025-05-05,STR-004,94102,SKU-102,303,1917.67
2025-05-05,STR-004,94102,SKU-103,209,1287.30
2025-05-05,STR-004,94102,SKU-104,113,711.28
2025-05-05,STR-004,94102,SKU-105,135,494.16
2025-05-05,STR-004,94102,SKU-201,207,1290.03
2025-05-05,STR-004,94102,SKU-202,177,1029.64
2025-05-05,STR-004,94102,SKU-203,212,636.22
2025-05-05,STR-004,94102,SKU-204,89,993.33
2025-05-05,STR-004,94102,SKU-301,236,1320.60
2025-05-05,STR-004,94102,SKU-302,197,1204.99
2025-05-05,STR-004,94102,SKU-303,114,647.60
2025-05-05,STR-004,94102,SKU-304,189,1179.22
2025-05-05,STR-004,94102,SKU-401,139,937.25
2025-05-05,STR-004,94102,SKU-402,120,787.91
2025-05-05,STR-004,94102,SKU-403,112,586.48
2025-05-05,STR-004,94102,SKU-501,21,395.40
2025-05-05,STR-004,94102,SKU-502,13,414.88
2025-05-05,STR-004,94102,SKU-503,20,425.46
2025-05-05,STR-004,94102,SKU-504,10,170.85
2025-05-05,STR-004,94102,SKU-601,89,1050.31
2025-05-05,STR-004,94102,SKU-602,105,623.68
2025-05-05,STR-004,94102,SKU-603,117,587.30
2025-05-05,STR-004,94102,SKU-604,98,430.90
2025-05-05,STR-004,94102,SKU-701,2,52.92
2025-05-05,STR-005,94118,SKU-101,272,1149.24
2025-05-05,STR-005,94118,SKU-102,386,2564.86
2025-05-05,STR-005,94118,SKU-103,266,1557.72
2025-05-05,STR-005,94118,SKU-104,141,862.58
2025-05-05,STR-005,94118,SKU-105,128,446.06
2025-05-05,STR-005,94118,SKU-201,264,1581.67
2025-05-05,STR-005,94118,SKU-202,206,1192.07
2025-05-05,STR-005,94118,SKU-203,269,813.28
2025-05-05,STR-005,94118,SKU-204,93,1058.20
2025-05-05,STR-005,94118,SKU-301,319,1734.81
2025-05-05,STR-005,94118,SKU-302,217,1303.54
2025-05-05,STR-005,94118,SKU-303,151,859.80
2025-05-05,STR-005,94118,SKU-304,261,1692.37
2025-05-05,STR-005,94118,SKU-401,255,1744.56
2025-05-05,STR-005,94118,SKU-402,156,982.58
2025-05-05,STR-005,94118,SKU-403,193,1026.21
2025-05-05,STR-005,94118,SKU-501,33,603.01
2025-05-05,STR-005,94118,SKU-502,15,468.28
2025-05-05,STR-005,94118,SKU-503,23,481.35
2025-05-05,STR-005,94118,SKU-504,16,284.44
2025-05-05,STR-005,94118,SKU-601,116,1351.87
2025-05-05,STR-005,94118,SKU-602,144,805.32
2025-05-05,STR-005,94118,SKU-603,135,667.85
2025-05-05,STR-005,94118,SKU-604,127,558.98
2025-05-05,STR-005,94118,SKU-701,3,77.32
2025-05-05,STR-006,94123,SKU-101,250,1039.50
2025-05-05,STR-006,94123,SKU-102,308,2031.95
2025-05-05,STR-006,94123,SKU-103,213,1282.68
2025-05-05,STR-006,94123,SKU-104,124,790.68
2025-05-05,STR-006,94123,SKU-105,120,434.18
2025-05-05,STR-006,94123,SKU-201,230,1378.02
2025-05-05,STR-006,94123,SKU-202,183,1088.90
2025-05-05,STR-006,94123,SKU-203,289,871.79
2025-05-05,STR-006,94123,SKU-204,105,1188.45
2025-05-05,STR-006,94123,SKU-301,204,1144.09
2025-05-05,STR-006,94123,SKU-302,184,1115.02
2025-05-05,STR-006,94123,SKU-303,153,846.21
2025-05-05,STR-006,94123,SKU-304,169,1073.49
2025-05-05,STR-006,94123,SKU-401,180,1218.95
2025-05-05,STR-006,94123,SKU-402,123,815.00
2025-05-05,STR-006,94123,SKU-403,153,819.00
2025-05-05,STR-006,94123,SKU-501,25,454.32
2025-05-05,STR-006,94123,SKU-502,15,442.32
2025-05-05,STR-006,94123,SKU-503,19,402.70
2025-05-05,STR-006,94123,SKU-504,11,189.65
2025-05-05,STR-006,94123,SKU-601,103,1203.42
2025-05-05,STR-006,94123,SKU-602,86,496.82
2025-05-05,STR-006,94123,SKU-603,145,760.45
2025-05-05,STR-006,94123,SKU-604,109,492.26
2025-05-05,STR-006,94123,SKU-701,3,82.60
2025-04-28,STR-001,94103,SKU-101,331,1334.46
2025-04-28,STR-001,94103,SKU-102,380,2413.99
2025-04-28,STR-001,94103,SKU-103,296,1790.47
2025-04-28,STR-001,94103,SKU-104,170,1066.64
2025-04-28,STR-001,94103,SKU-105,167,612.33
2025-04-28,STR-001,94103,SKU-201,261,1589.03
2025-04-28,STR-001,94103,SKU-202,194,1089.03
2025-04-28,STR-001,94103,SKU-203,318,960.27
2025-04-28,STR-001,94103,SKU-204,128,1394.58
2025-04-28,STR-001,94103,SKU-301,248,1323.42
2025-04-28,STR-001,94103,SKU-302,239,1412.32
2025-04-28,STR-001,94103,SKU-303,137,819.68
2025-04-28,STR-001,94103,SKU-304,218,1304.45
2025-04-28,STR-001,94103,SKU-401,234,1621.61
2025-04-28,STR-001,94103,SKU-402,110,716.79
2025-04-28,STR-001,94103,SKU-403,143,725.83
2025-04-28,STR-001,94103,SKU-501,34,618.03
2025-04-28,STR-001,94103,SKU-502,16,480.26
2025-04-28,STR-001,94103,SKU-503,22,457.42
2025-04-28,STR-001,94103,SKU-504,15,250.83
2025-04-28,STR-001,94103,SKU-601,112,1376.93
2025-04-28,STR-001,94103,SKU-602,121,719.77
2025-04-28,STR-001,94103,SKU-603,132,680.80
2025-04-28,STR-001,94103,SKU-604,113,504.06
2025-04-28,STR-001,94103,SKU-701,3,82.34
2025-04-28,STR-002,94110,SKU-101,319,1309.63
2025-04-28,STR-002,94110,SKU-102,439,2826.02
2025-04-28,STR-002,94110,SKU-103,341,2127.19
2025-04-28,STR-002,94110,SKU-104,171,1071.73
2025-04-28,STR-002,94110,SKU-105,217,767.30
2025-04-28,STR-002,94110,SKU-201,238,1523.94
2025-04-28,STR-002,94110,SKU-202,241,1354.25
2025-04-28,STR-002,94110,SKU-203,328,1060.05
2025-04-28,STR-002,94110,SKU-204,109,1163.70
2025-04-28,STR-002,94110,SKU-301,344,1972.12
2025-04-28,STR-002,94110,SKU-302,304,1877.75
2025-04-28,STR-002,94110,SKU-303,239,1400.14
2025-04-28,STR-002,94110,SKU-304,266,1681.22
2025-04-28,STR-002,94110,SKU-401,316,2060.27
2025-04-28,STR-002,94110,SKU-402,162,1043.59
2025-04-28,STR-002,94110,SKU-403,174,914.37
2025-04-28,STR-002,94110,SKU-501,39,756.36
2025-04-28,STR-002,94110,SKU-502,17,531.84
2025-04-28,STR-002,94110,SKU-503,25,542.79
2025-04-28,STR-002,94110,SKU-504,13,231.08
2025-04-28,STR-002,94110,SKU-601,136,1615.05
2025-04-28,STR-002,94110,SKU-602,129,762.46
2025-04-28,STR-002,94110,SKU-603,187,915.78
2025-04-28,STR-002,94110,SKU-604,185,836.49
2025-04-28,STR-002,94110,SKU-701,3,82.42
2025-04-28,STR-003,94133,SKU-101,224,915.48
2025-04-28,STR-003,94133,SKU-102,245,1645.59
2025-04-28,STR-003,94133,SKU-103,263,1524.89
2025-04-28,STR-003,94133,SKU-104,159,967.53
2025-04-28,STR-003,94133,SKU-105,117,407.56
2025-04-28,STR-003,94133,SKU-201,201,1202.44
2025-04-28,STR-003,94133,SKU-202,211,1235.22
2025-04-28,STR-003,94133,SKU-203,250,758.18
2025-04-28,STR-003,94133,SKU-204,98,1119.47
2025-04-28,STR-003,94133,SKU-301,272,1476.20
2025-04-28,STR-003,94133,SKU-302,205,1186.39
2025-04-28,STR-003,94133,SKU-303,151,885.06
2025-04-28,STR-003,94133,SKU-304,189,1134.94
2025-04-28,STR-003,94133,SKU-401,238,1551.74
2025-04-28,STR-003,94133,SKU-402,115,769.11
2025-04-28,STR-003,94133,SKU-403,161,847.69
2025-04-28,STR-003,94133,SKU-501,28,514.14
2025-04-28,STR-003,94133,SKU-502,15,469.21
2025-04-28,STR-003,94133,SKU-503,22,459.01
2025-04-28,STR-003,94133,SKU-504,10,168.95
2025-04-28,STR-003,94133,SKU-601,144,1781.35
2025-04-28,STR-003,94133,SKU-602,114,660.65
2025-04-28,STR-003,94133,SKU-603,126,660.24
2025-04-28,STR-003,94133,SKU-604,127,567.23
2025-04-28,STR-003,94133,SKU-701,3,81.87
2025-04-28,STR-004,94102,SKU-101,215,913.21
2025-04-28,STR-004,94102,SKU-102,242,1581.13
2025-04-28,STR-004,94102,SKU-103,276,1631.57
2025-04-28,STR-004,94102,SKU-104,111,684.37
2025-04-28,STR-004,94102,SKU-105,141,499.66
2025-04-28,STR-004,94102,SKU-201,216,1395.26
2025-04-28,STR-004,94102,SKU-202,189,1049.85
2025-04-28,STR-004,94102,SKU-203,257,783.69
2025-04-28,STR-004,94102,SKU-204,76,852.87
2025-04-28,STR-004,94102,SKU-301,251,1426.54
2025-04-28,STR-004,94102,SKU-302,178,1074.76
2025-04-28,STR-004,94102,SKU-303,128,713.42
2025-04-28,STR-004,94102,SKU-304,146,925.49
2025-04-28,STR-004,94102,SKU-401,204,1384.37
2025-04-28,STR-004,94102,SKU-402,110,738.80
2025-04-28,STR-004,94102,SKU-403,122,637.95
2025-04-28,STR-004,94102,SKU-501,26,493.49
2025-04-28,STR-004,94102,SKU-502,14,413.92
2025-04-28,STR-004,94102,SKU-503,20,437.06
2025-04-28,STR-004,94102,SKU-504,10,177.55
2025-04-28,STR-004,94102,SKU-601,100,1223.05
2025-04-28,STR-004,94102,SKU-602,104,623.36
2025-04-28,STR-004,94102,SKU-603,97,484.82
2025-04-28,STR-004,94102,SKU-604,99,451.08
2025-04-28,STR-004,94102,SKU-701,2,54.94
2025-04-28,STR-005,94118,SKU-101,260,1047.67
2025-04-28,STR-005,94118,SKU-102,274,1801.30
2025-04-28,STR-005,94118,SKU-103,263,1578.55
2025-04-28,STR-005,94118,SKU-104,190,1152.60
2025-04-28,STR-005,94118,SKU-105,138,478.95
2025-04-28,STR-005,94118,SKU-201,279,1748.33
2025-04-28,STR-005,94118,SKU-202,260,1502.32
2025-04-28,STR-005,94118,SKU-203,348,1065.07
2025-04-28,STR-005,94118,SKU-204,133,1447.34
2025-04-28,STR-005,94118,SKU-301,352,1913.86
2025-04-28,STR-005,94118,SKU-302,227,1392.76
2025-04-28,STR-005,94118,SKU-303,158,922.62
2025-04-28,STR-005,94118,SKU-304,243,1466.90
2025-04-28,STR-005,94118,SKU-401,213,1420.73
2025-04-28,STR-005,94118,SKU-402,143,896.35
2025-04-28,STR-005,94118,SKU-403,149,788.59
2025-04-28,STR-005,94118,SKU-501,33,608.03
2025-04-28,STR-005,94118,SKU-502,15,444.57
2025-04-28,STR-005,94118,SKU-503,20,412.58
2025-04-28,STR-005,94118,SKU-504,11,196.15
2025-04-28,STR-005,94118,SKU-601,123,1527.73
2025-04-28,STR-005,94118,SKU-602,146,853.88
2025-04-28,STR-005,94118,SKU-603,143,715.94
2025-04-28,STR-005,94118,SKU-604,116,531.92
2025-04-28,STR-005,94118,SKU-701,3,82.93
2025-04-28,STR-006,94123,SKU-101,285,1171.97
2025-04-28,STR-006,94123,SKU-102,320,2007.58
2025-04-28,STR-006,94123,SKU-103,221,1377.40
2025-04-28,STR-006,94123,SKU-104,157,976.11
2025-04-28,STR-006,94123,SKU-105,156,561.84
2025-04-28,STR-006,94123,SKU-201,214,1370.64
2025-04-28,STR-006,94123,SKU-202,193,1099.12
2025-04-28,STR-006,94123,SKU-203,273,819.05
2025-04-28,STR-006,94123,SKU-204,115,1224.15
2025-04-28,STR-006,94123,SKU-301,276,1510.34
2025-04-28,STR-006,94123,SKU-302,162,933.39
2025-04-28,STR-006,94123,SKU-303,170,1018.13
2025-04-28,STR-006,94123,SKU-304,171,1097.94
2025-04-28,STR-006,94123,SKU-401,174,1217.00
2025-04-28,STR-006,94123,SKU-402,117,762.85
2025-04-28,STR-006,94123,SKU-403,172,879.59
2025-04-28,STR-006,94123,SKU-501,23,439.61
2025-04-28,STR-006,94123,SKU-502,16,503.19
2025-04-28,STR-006,94123,SKU-503,20,436.94
2025-04-28,STR-006,94123,SKU-504,12,200.70
2025-04-28,STR-006,94123,SKU-601,96,1156.11
2025-04-28,STR-006,94123,SKU-602,100,598.44
2025-04-28,STR-006,94123,SKU-603,145,752.62
2025-04-28,STR-006,94123,SKU-604,113,504.01
2025-04-28,STR-006,94123,SKU-701,3,77.50
2025-04-21,STR-001,94103,SKU-101,246,992.94
2025-04-21,STR-001,94103,SKU-102,369,2360.14
2025-04-21,STR-001,94103,SKU-103,261,1524.28
2025-04-21,STR-001,94103,SKU-104,185,1195.24
2025-04-21,STR-001,94103,SKU-105,154,570.11
2025-04-21,STR-001,94103,SKU-201,199,1289.78
2025-04-21,STR-001,94103,SKU-202,239,1407.17
2025-04-21,STR-001,94103,SKU-203,365,1098.55
2025-04-21,STR-001,94103,SKU-204,111,1207.50
2025-04-21,STR-001,94103,SKU-301,262,1446.29
2025-04-21,STR-001,94103,SKU-302,178,1024.72
2025-04-21,STR-001,94103,SKU-303,183,1020.68
2025-04-21,STR-001,94103,SKU-304,200,1248.61
2025-04-21,STR-001,94103,SKU-401,220,1445.67
2025-04-21,STR-001,94103,SKU-402,139,932.89
2025-04-21,STR-001,94103,SKU-403,141,754.50
2025-04-21,STR-001,94103,SKU-501,24,446.43
2025-04-21,STR-001,94103,SKU-502,16,477.33
2025-04-21,STR-001,94103,SKU-503,23,476.81
2025-04-21,STR-001,94103,SKU-504,10,165.62
2025-04-21,STR-001,94103,SKU-601,126,1569.82
2025-04-21,STR-001,94103,SKU-602,135,765.64
2025-04-21,STR-001,94103,SKU-603,178,899.78
2025-04-21,STR-001,94103,SKU-604,107,489.96
2025-04-21,STR-001,94103,SKU-701,3,82.84
2025-04-21,STR-002,94110,SKU-101,315,1305.09
2025-04-21,STR-002,94110,SKU-102,372,2375.14
2025-04-21,STR-002,94110,SKU-103,330,1921.91
2025-04-21,STR-002,94110,SKU-104,170,1052.05
2025-04-21,STR-002,94110,SKU-105,165,591.91
2025-04-21,STR-002,94110,SKU-201,262,1600.79
2025-04-21,STR-002,94110,SKU-202,302,1769.06
2025-04-21,STR-002,94110,SKU-203,403,1274.63
2025-04-21,STR-002,94110,SKU-204,119,1364.26
2025-04-21,STR-002,94110,SKU-301,367,2050.97
2025-04-21,STR-002,94110,SKU-302,284,1737.48
2025-04-21,STR-002,94110,SKU-303,185,1063.43
2025-04-21,STR-002,94110,SKU-304,256,1582.22
2025-04-21,STR-002,94110,SKU-401,273,1839.44
2025-04-21,STR-002,94110,SKU-402,170,1116.10
2025-04-21,STR-002,94110,SKU-403,219,1131.52
2025-04-21,STR-002,94110,SKU-501,36,656.77
2025-04-21,STR-002,94110,SKU-502,20,632.24
2025-04-21,STR-002,94110,SKU-503,25,536.63
2025-04-21,STR-002,94110,SKU-504,14,247.43
2025-04-21,STR-002,94110,SKU-601,151,1826.72
2025-04-21,STR-002,94110,SKU-602,130,768.88
2025-04-21,STR-002,94110,SKU-603,191,959.86
2025-04-21,STR-002,94110,SKU-604,165,748.47
2025-04-21,STR-002,94110,SKU-701,4,106.89
2025-04-21,STR-003,94133,SKU-101,313,1307.14
2025-04-21,STR-003,94133,SKU-102,357,2365.67
2025-04-21,STR-003,94133,SKU-103,275,1638.60
2025-04-21,STR-003,94133,SKU-104,180,1119.02
2025-04-21,STR-003,94133,SKU-105,162,578.28
2025-04-21,STR-003,94133,SKU-201,222,1400.09
2025-04-21,STR-003,94133,SKU-202,198,1148.70
2025-04-21,STR-003,94133,SKU-203,355,1079.38
2025-04-21,STR-003,94133,SKU-204,121,1352.64
2025-04-21,STR-003,94133,SKU-301,252,1398.78
2025-04-21,STR-003,94133,SKU-302,163,943.26
2025-04-21,STR-003,94133,SKU-303,133,737.49
2025-04-21,STR-003,94133,SKU-304,173,1055.24
2025-04-21,STR-003,94133,SKU-401,170,1161.13
2025-04-21,STR-003,94133,SKU-402,136,846.84
2025-04-21,STR-003,94133,SKU-403,135,706.86
2025-04-21,STR-003,94133,SKU-501,24,461.71
2025-04-21,STR-003,94133,SKU-502,16,481.58
2025-04-21,STR-003,94133,SKU-503,21,436.14
2025-04-21,STR-003,94133,SKU-504,13,216.87
2025-04-21,STR-003,94133,SKU-601,152,1775.06
2025-04-21,STR-003,94133,SKU-602,131,763.69
2025-04-21,STR-003,94133,SKU-603,149,762.07
2025-04-21,STR-003,94133,SKU-604,117,523.57
2025-04-21,STR-003,94133,SKU-701,3,81.88
2025-04-21,STR-004,94102,SKU-101,216,874.08
2025-04-21,STR-004,94102,SKU-102,270,1796.93
2025-04-21,STR-004,94102,SKU-103,267,1589.04
2025-04-21,STR-004,94102,SKU-104,157,967.55
2025-04-21,STR-004,94102,SKU-105,103,366.25
2025-04-21,STR-004,94102,SKU-201,213,1309.80
2025-04-21,STR-004,94102,SKU-202,173,981.22
2025-04-21,STR-004,94102,SKU-203,247,791.94
2025-04-21,STR-004,94102,SKU-204,99,1074.59
2025-04-21,STR-004,94102,SKU-301,256,1458.60
2025-04-21,STR-004,94102,SKU-302,180,1089.26
2025-04-21,STR-004,94102,SKU-303,130,751.28
2025-04-21,STR-004,94102,SKU-304,195,1256.54
2025-04-21,STR-004,94102,SKU-401,189,1218.58
2025-04-21,STR-004,94102,SKU-402,94,593.93
2025-04-21,STR-004,94102,SKU-403,120,631.70
2025-04-21,STR-004,94102,SKU-501,19,347.04
2025-04-21,STR-004,94102,SKU-502,12,369.85
2025-04-21,STR-004,94102,SKU-503,17,359.93
2025-04-21,STR-004,94102,SKU-504,11,198.00
2025-04-21,STR-004,94102,SKU-601,121,1481.98
2025-04-21,STR-004,94102,SKU-602,79,462.39
2025-04-21,STR-004,94102,SKU-603,108,553.50
2025-04-21,STR-004,94102,SKU-604,113,500.88
2025-04-21,STR-004,94102,SKU-701,3,81.64
2025-04-21,STR-005,94118,SKU-101,323,1371.63
2025-04-21,STR-005,94118,SKU-102,302,1954.03
2025-04-21,STR-005,94118,SKU-103,301,1814.26
2025-04-21,STR-005,94118,SKU-104,204,1298.22
2025-04-21,STR-005,94118,SKU-105,137,492.14
2025-04-21,STR-005,94118,SKU-201,239,1432.30
2025-04-21,STR-005,94118,SKU-202,231,1345.55
2025-04-21,STR-005,94118,SKU-203,285,880.32
2025-04-21,STR-005,94118,SKU-204,94,1061.44
2025-04-21,STR-005,94118,SKU-301,277,1567.66
2025-04-21,STR-005,94118,SKU-302,251,1490.75
2025-04-21,STR-005,94118,SKU-303,154,885.41
2025-04-21,STR-005,94118,SKU-304,229,1392.64
2025-04-21,STR-005,94118,SKU-401,248,1599.18
2025-04-21,STR-005,94118,SKU-402,129,813.44
2025-04-21,STR-005,94118,SKU-403,153,805.07
2025-04-21,STR-005,94118,SKU-501,33,610.11
2025-04-21,STR-005,94118,SKU-502,19,566.42
2025-04-21,STR-005,94118,SKU-503,25,521.80
2025-04-21,STR-005,94118,SKU-504,14,233.73
2025-04-21,STR-005,94118,SKU-601,157,1933.04
2025-04-21,STR-005,94118,SKU-602,115,650.61
2025-04-21,STR-005,94118,SKU-603,169,848.08
2025-04-21,STR-005,94118,SKU-604,144,644.26
2025-04-21,STR-005,94118,SKU-701,3,79.63
2025-04-21,STR-006,94123,SKU-101,281,1179.71
2025-04-21,STR-006,94123,SKU-102,300,1977.75
2025-04-21,STR-006,94123,SKU-103,285,1665.95
2025-04-21,STR-006,94123,SKU-104,165,1064.19
2025-04-21,STR-006,94123,SKU-105,157,580.66
2025-04-21,STR-006,94123,SKU-201,238,1443.67
2025-04-21,STR-006,94123,SKU-202,215,1206.30
2025-04-21,STR-006,94123,SKU-203,251,760.00
2025-04-21,STR-006,94123,SKU-204,99,1094.29
2025-04-21,STR-006,94123,SKU-301,255,1405.01
2025-04-21,STR-006,94123,SKU-302,201,1195.25
2025-04-21,STR-006,94123,SKU-303,124,703.56
2025-04-21,STR-006,94123,SKU-304,167,1020.99
2025-04-21,STR-006,94123,SKU-401,215,1501.54
2025-04-21,STR-006,94123,SKU-402,133,893.99
2025-04-21,STR-006,94123,SKU-403,145,769.53
2025-04-21,STR-006,94123,SKU-501,22,396.69
2025-04-21,STR-006,94123,SKU-502,13,408.28
2025-04-21,STR-006,94123,SKU-503,17,369.19
2025-04-21,STR-006,94123,SKU-504,11,196.00
2025-04-21,STR-006,94123,SKU-601,95,1104.36
2025-04-21,STR-006,94123,SKU-602,102,574.47
2025-04-21,STR-006,94123,SKU-603,142,710.35
2025-04-21,STR-006,94123,SKU-604,130,578.76
2025-04-21,STR-006,94123,SKU-701,3,78.44
2025-04-14,STR-001,94103,SKU-101,233,987.84
2025-04-14,STR-001,94103,SKU-102,378,2435.11
2025-04-14,STR-001,94103,SKU-103,258,1576.03
2025-04-14,STR-001,94103,SKU-104,184,1177.55
2025-04-14,STR-001,94103,SKU-105,124,428.36
2025-04-14,STR-001,94103,SKU-201,274,1677.12
2025-04-14,STR-001,94103,SKU-202,222,1250.34
2025-04-14,STR-001,94103,SKU-203,331,1042.37
2025-04-14,STR-001,94103,SKU-204,130,1393.49
2025-04-14,STR-001,94103,SKU-301,236,1317.69
2025-04-14,STR-001,94103,SKU-302,246,1478.31
2025-04-14,STR-001,94103,SKU-303,177,1006.91
2025-04-14,STR-001,94103,SKU-304,246,1552.26
2025-04-14,STR-001,94103,SKU-401,256,1696.09
2025-04-14,STR-001,94103,SKU-402,120,754.96
2025-04-14,STR-001,94103,SKU-403,192,984.38
2025-04-14,STR-001,94103,SKU-501,24,438.52
2025-04-14,STR-001,94103,SKU-502,14,427.66
2025-04-14,STR-001,94103,SKU-503,25,527.40
2025-04-14,STR-001,94103,SKU-504,11,192.34
2025-04-14,STR-001,94103,SKU-601,128,1510.56
2025-04-14,STR-001,94103,SKU-602,98,551.11
2025-04-14,STR-001,94103,SKU-603,137,689.57
2025-04-14,STR-001,94103,SKU-604,141,618.15
2025-04-14,STR-001,94103,SKU-701,4,106.61
2025-04-14,STR-002,94110,SKU-101,409,1726.50
2025-04-14,STR-002,94110,SKU-102,430,2806.35
2025-04-14,STR-002,94110,SKU-103,423,2466.18
2025-04-14,STR-002,94110,SKU-104,218,1360.43
2025-04-14,STR-002,94110,SKU-105,197,736.57
2025-04-14,STR-002,94110,SKU-201,301,1801.08
2025-04-14,STR-002,94110,SKU-202,293,1732.14
2025-04-14,STR-002,94110,SKU-203,383,1238.73
2025-04-14,STR-002,94110,SKU-204,111,1261.71
2025-04-14,STR-002,94110,SKU-301,344,1828.71
2025-04-14,STR-002,94110,SKU-302,286,1650.99
2025-04-14,STR-002,94110,SKU-303,208,1156.76
2025-04-14,STR-002,94110,SKU-304,246,1531.00
2025-04-14,STR-002,94110,SKU-401,257,1693.47
2025-04-14,STR-002,94110,SKU-402,134,869.35
2025-04-14,STR-002,94110,SKU-403,174,909.95
2025-04-14,STR-002,94110,SKU-501,32,576.08
2025-04-14,STR-002,94110,SKU-502,21,622.36
2025-04-14,STR-002,94110,SKU-503,26,547.25
2025-04-14,STR-002,94110,SKU-504,17,296.89
2025-04-14,STR-002,94110,SKU-601,160,1922.68
2025-04-14,STR-002,94110,SKU-602,162,971.55
2025-04-14,STR-002,94110,SKU-603,172,872.65
2025-04-14,STR-002,94110,SKU-604,155,727.52
2025-04-14,STR-002,94110,SKU-701,3,77.80
2025-04-14,STR-003,94133,SKU-101,239,1011.86
2025-04-14,STR-003,94133,SKU-102,291,1885.14
2025-04-14,STR-003,94133,SKU-103,338,2018.15
2025-04-14,STR-003,94133,SKU-104,189,1213.70
2025-04-14,STR-003,94133,SKU-105,145,510.16
2025-04-14,STR-003,94133,SKU-201,221,1323.53
2025-04-14,STR-003,94133,SKU-202,197,1114.64
2025-04-14,STR-003,94133,SKU-203,261,840.38
2025-04-14,STR-003,94133,SKU-204,88,935.79
2025-04-14,STR-003,94133,SKU-301,306,1666.59
2025-04-14,STR-003,94133,SKU-302,231,1355.67
2025-04-14,STR-003,94133,SKU-303,139,832.09
2025-04-14,STR-003,94133,SKU-304,214,1291.82
2025-04-14,STR-003,94133,SKU-401,169,1088.45
2025-04-14,STR-003,94133,SKU-402,113,725.21
2025-04-14,STR-003,94133,SKU-403,143,758.51
2025-04-14,STR-003,94133,SKU-501,30,562.61
2025-04-14,STR-003,94133,SKU-502,12,359.20
2025-04-14,STR-003,94133,SKU-503,18,367.74
2025-04-14,STR-003,94133,SKU-504,12,202.48
2025-04-14,STR-003,94133,SKU-601,129,1531.30
2025-04-14,STR-003,94133,SKU-602,105,615.55
2025-04-14,STR-003,94133,SKU-603,141,727.19
2025-04-14,STR-003,94133,SKU-604,131,601.03
2025-04-14,STR-003,94133,SKU-701,3,81.25
2025-04-14,STR-004,94102,SKU-101,222,911.82
2025-04-14,STR-004,94102,SKU-102,252,1665.92
2025-04-14,STR-004,94102,SKU-103,216,1289.32
2025-04-14,STR-004,94102,SKU-104,140,905.96
2025-04-14,STR-004,94102,SKU-105,139,498.14
2025-04-14,STR-004,94102,SKU-201,210,1356.91
2025-04-14,STR-004,94102,SKU-202,190,1103.08
2025-04-14,STR-004,94102,SKU-203,206,639.40
2025-04-14,STR-004,94102,SKU-204,74,829.20
2025-04-14,STR-004,94102,SKU-301,233,1259.33
2025-04-14,STR-004,94102,SKU-302,191,1177.61
2025-04-14,STR-004,94102,SKU-303,106,602.75
2025-04-14,STR-004,94102,SKU-304,178,1143.84
2025-04-14,STR-004,94102,SKU-401,207,1416.56
2025-04-14,STR-004,94102,SKU-402,98,633.71
2025-04-14,STR-004,94102,SKU-403,159,847.28
2025-04-14,STR-004,94102,SKU-501,20,369.31
2025-04-14,STR-004,94102,SKU-502,11,349.36
2025-04-14,STR-004,94102,SKU-503,17,370.94
2025-04-14,STR-004,94102,SKU-504,12,210.10
2025-04-14,STR-004,94102,SKU-601,118,1371.30
2025-04-14,STR-004,94102,SKU-602,78,433.45
2025-04-14,STR-004,94102,SKU-603,109,568.15
2025-04-14,STR-004,94102,SKU-604,105,481.10
2025-04-14,STR-004,94102,SKU-701,2,53.95
2025-04-14,STR-005,94118,SKU-101,280,1162.48
2025-04-14,STR-005,94118,SKU-102,357,2384.05
2025-04-14,STR-005,94118,SKU-103,326,2003.38
2025-04-14,STR-005,94118,SKU-104,173,1092.12
2025-04-14,STR-005,94118,SKU-105,132,485.77
2025-04-14,STR-005,94118,SKU-201,202,1267.37
2025-04-14,STR-005,94118,SKU-202,242,1342.32
2025-04-14,STR-005,94118,SKU-203,396,1205.80
2025-04-14,STR-005,94118,SKU-204,132,1455.65
2025-04-14,STR-005,94118,SKU-301,313,1694.81
2025-04-14,STR-005,94118,SKU-302,247,1531.31
2025-04-14,STR-005,94118,SKU-303,159,900.13
2025-04-14,STR-005,94118,SKU-304,237,1455.07
2025-04-14,STR-005,94118,SKU-401,215,1386.75
2025-04-14,STR-005,94118,SKU-402,144,935.30
2025-04-14,STR-005,94118,SKU-403,159,867.39
2025-04-14,STR-005,94118,SKU-501,34,629.35
2025-04-14,STR-005,94118,SKU-502,15,473.20
2025-04-14,STR-005,94118,SKU-503,24,497.46
2025-04-14,STR-005,94118,SKU-504,11,192.91
2025-04-14,STR-005,94118,SKU-601,153,1804.13
2025-04-14,STR-005,94118,SKU-602,102,563.23
2025-04-14,STR-005,94118,SKU-603,137,715.59
2025-04-14,STR-005,94118,SKU-604,114,518.29
2025-04-14,STR-005,94118,SKU-701,3,80.42
2025-04-14,STR-006,94123,SKU-101,260,1101.26
2025-04-14,STR-006,94123,SKU-102,324,2090.32
2025-04-14,STR-006,94123,SKU-103,252,1478.34
2025-04-14,STR-006,94123,SKU-104,149,942.75
2025-04-14,STR-006,94123,SKU-105,111,409.15
2025-04-14,STR-006,94123,SKU-201,168,1045.42
2025-04-14,STR-006,94123,SKU-202,172,970.76
2025-04-14,STR-006,94123,SKU-203,325,1030.65
2025-04-14,STR-006,94123,SKU-204,112,1286.53
2025-04-14,STR-006,94123,SKU-301,280,1606.15
2025-04-14,STR-006,94123,SKU-302,174,1008.32
2025-04-14,STR-006,94123,SKU-303,167,933.69
2025-04-14,STR-006,94123,SKU-304,161,963.20
2025-04-14,STR-006,94123,SKU-401,230,1576.25
2025-04-14,STR-006,94123,SKU-402,105,673.65
2025-04-14,STR-006,94123,SKU-403,157,820.47
2025-04-14,STR-006,94123,SKU-501,23,443.47
2025-04-14,STR-006,94123,SKU-502,12,369.11
2025-04-14,STR-006,94123,SKU-503,19,413.25
2025-04-14,STR-006,94123,SKU-504,12,206.98
2025-04-14,STR-006,94123,SKU-601,112,1305.96
2025-04-14,STR-006,94123,SKU-602,117,680.27
2025-04-14,STR-006,94123,SKU-603,121,628.97
2025-04-14,STR-006,94123,SKU-604,101,461.32
2025-04-14,STR-006,94123,SKU-701,2,52.21
2025-04-07,STR-001,94103,SKU-101,316,1296.96
2025-04-07,STR-001,94103,SKU-102,295,1947.67
2025-04-07,STR-001,94103,SKU-103,293,1703.89
2025-04-07,STR-001,94103,SKU-104,143,856.17
2025-04-07,STR-001,94103,SKU-105,178,640.11
2025-04-07,STR-001,94103,SKU-201,196,1265.08
2025-04-07,STR-001,94103,SKU-202,185,1107.67
2025-04-07,STR-001,94103,SKU-203,289,891.81
2025-04-07,STR-001,94103,SKU-204,111,1213.38
2025-04-07,STR-001,94103,SKU-301,315,1729.58
2025-04-07,STR-001,94103,SKU-302,211,1268.38
2025-04-07,STR-001,94103,SKU-303,134,790.96
2025-04-07,STR-001,94103,SKU-304,204,1323.91
2025-04-07,STR-001,94103,SKU-401,237,1568.59
2025-04-07,STR-001,94103,SKU-402,127,828.98
2025-04-07,STR-001,94103,SKU-403,184,995.88
2025-04-07,STR-001,94103,SKU-501,33,596.27
2025-04-07,STR-001,94103,SKU-502,17,539.84
2025-04-07,STR-001,94103,SKU-503,20,427.71
2025-04-07,STR-001,94103,SKU-504,13,228.46
2025-04-07,STR-001,94103,SKU-601,123,1507.71
2025-04-07,STR-001,94103,SKU-602,99,559.52
2025-04-07,STR-001,94103,SKU-603,153,744.94
2025-04-07,STR-001,94103,SKU-604,113,516.13
2025-04-07,STR-001,94103,SKU-701,3,81.93
2025-04-07,STR-002,94110,SKU-101,398,1611.29
2025-04-07,STR-002,94110,SKU-102,344,2150.85
2025-04-07,STR-002,94110,SKU-103,344,2091.56
2025-04-07,STR-002,94110,SKU-104,218,1404.71
2025-04-07,STR-002,94110,SKU-105,187,699.78
2025-04-07,STR-002,94110,SKU-201,291,1843.21
2025-04-07,STR-002,94110,SKU-202,253,1516.10
2025-04-07,STR-002,94110,SKU-203,391,1179.89
2025-04-07,STR-002,94110,SKU-204,115,1267.83
2025-04-07,STR-002,94110,SKU-301,310,1695.30
2025-04-07,STR-002,94110,SKU-302,282,1631.67
2025-04-07,STR-002,94110,SKU-303,236,1375.57
2025-04-07,STR-002,94110,SKU-304,285,1754.68
2025-04-07,STR-002,94110,SKU-401,286,1850.54
2025-04-07,STR-002,94110,SKU-402,141,884.19
2025-04-07,STR-002,94110,SKU-403,231,1180.49
2025-04-07,STR-002,94110,SKU-501,38,710.04
2025-04-07,STR-002,94110,SKU-502,22,670.28
2025-04-07,STR-002,94110,SKU-503,23,487.37
2025-04-07,STR-002,94110,SKU-504,15,259.96
2025-04-07,STR-002,94110,SKU-601,195,2302.14
2025-04-07,STR-002,94110,SKU-602,132,733.54
2025-04-07,STR-002,94110,SKU-603,202,1050.10
2025-04-07,STR-002,94110,SKU-604,177,832.79
2025-04-07,STR-002,94110,SKU-701,3,77.55
2025-04-07,STR-003,94133,SKU-101,285,1121.97
2025-04-07,STR-003,94133,SKU-102,340,2185.28
2025-04-07,STR-003,94133,SKU-103,245,1423.60
2025-04-07,STR-003,94133,SKU-104,138,850.80
2025-04-07,STR-003,94133,SKU-105,136,499.83
2025-04-07,STR-003,94133,SKU-201,232,1395.17
2025-04-07,STR-003,94133,SKU-202,231,1296.05
2025-04-07,STR-003,94133,SKU-203,312,990.62
2025-04-07,STR-003,94133,SKU-204,96,1061.04
2025-04-07,STR-003,94133,SKU-301,245,1343.55
2025-04-07,STR-003,94133,SKU-302,180,1078.88
2025-04-07,STR-003,94133,SKU-303,178,1039.72
2025-04-07,STR-003,94133,SKU-304,183,1113.82
2025-04-07,STR-003,94133,SKU-401,242,1579.93
2025-04-07,STR-003,94133,SKU-402,121,803.21
2025-04-07,STR-003,94133,SKU-403,140,759.52
2025-04-07,STR-003,94133,SKU-501,22,416.53
2025-04-07,STR-003,94133,SKU-502,12,379.10
2025-04-07,STR-003,94133,SKU-503,21,452.87
2025-04-07,STR-003,94133,SKU-504,13,219.65
2025-04-07,STR-003,94133,SKU-601,113,1347.19
2025-04-07,STR-003,94133,SKU-602,131,736.34
2025-04-07,STR-003,94133,SKU-603,131,657.61
2025-04-07,STR-003,94133,SKU-604,114,511.75
2025-04-07,STR-003,94133,SKU-701,3,77.78
2025-04-07,STR-004,94102,SKU-101,238,935.03
2025-04-07,STR-004,94102,SKU-102,259,1721.88
2025-04-07,STR-004,94102,SKU-103,200,1249.56
2025-04-07,STR-004,94102,SKU-104,133,847.51
2025-04-07,STR-004,94102,SKU-105,143,511.50
2025-04-07,STR-004,94102,SKU-201,154,930.43
2025-04-07,STR-004,94102,SKU-202,176,1029.93
2025-04-07,STR-004,94102,SKU-203,251,781.61
2025-04-07,STR-004,94102,SKU-204,88,945.01
2025-04-07,STR-004,94102,SKU-301,205,1156.57
2025-04-07,STR-004,94102,SKU-302,145,884.48
2025-04-07,STR-004,94102,SKU-303,147,825.08
2025-04-07,STR-004,94102,SKU-304,147,952.67
2025-04-07,STR-004,94102,SKU-401,141,913.71
2025-04-07,STR-004,94102,SKU-402,96,598.88
2025-04-07,STR-004,94102,SKU-403,110,568.10
2025-04-07,STR-004,94102,SKU-501,22,416.12
2025-04-07,STR-004,94102,SKU-502,14,424.25
2025-04-07,STR-004,94102,SKU-503,15,304.38
2025-04-07,STR-004,94102,SKU-504,9,158.37
2025-04-07,STR-004,94102,SKU-601,97,1145.29
2025-04-07,STR-004,94102,SKU-602,81,466.76
2025-04-07,STR-004,94102,SKU-603,114,570.56
2025-04-07,STR-004,94102,SKU-604,114,525.70
2025-04-07,STR-004,94102,SKU-701,2,54.09
2025-04-07,STR-005,94118,SKU-101,262,1077.23
2025-04-07,STR-005,94118,SKU-102,381,2391.25
2025-04-07,STR-005,94118,SKU-103,347,2167.22
2025-04-07,STR-005,94118,SKU-104,141,874.82
2025-04-07,STR-005,94118,SKU-105,145,518.64
2025-04-07,STR-005,94118,SKU-201,215,1390.59
2025-04-07,STR-005,94118,SKU-202,256,1517.65
2025-04-07,STR-005,94118,SKU-203,382,1168.26
2025-04-07,STR-005,94118,SKU-204,134,1433.49
2025-04-07,STR-005,94118,SKU-301,281,1550.68
2025-04-07,STR-005,94118,SKU-302,181,1094.46
2025-04-07,STR-005,94118,SKU-303,182,1091.80
2025-04-07,STR-005,94118,SKU-304,181,1143.35
2025-04-07,STR-005,94118,SKU-401,196,1270.02
2025-04-07,STR-005,94118,SKU-402,123,786.50
2025-04-07,STR-005,94118,SKU-403,210,1106.14
2025-04-07,STR-005,94118,SKU-501,32,592.74
2025-04-07,STR-005,94118,SKU-502,15,474.81
2025-04-07,STR-005,94118,SKU-503,21,435.88
2025-04-07,STR-005,94118,SKU-504,15,261.76
2025-04-07,STR-005,94118,SKU-601,151,1863.35
2025-04-07,STR-005,94118,SKU-602,113,648.65
2025-04-07,STR-005,94118,SKU-603,170,831.23
2025-04-07,STR-005,94118,SKU-604,136,623.66
2025-04-07,STR-005,94118,SKU-701,3,81.86
2025-04-07,STR-006,94123,SKU-101,201,844.01
2025-04-07,STR-006,94123,SKU-102,329,2157.37
2025-04-07,STR-006,94123,SKU-103,315,1909.65
2025-04-07,STR-006,94123,SKU-104,143,905.20
2025-04-07,STR-006,94123,SKU-105,133,495.20
2025-04-07,STR-006,94123,SKU-201,186,1150.29
2025-04-07,STR-006,94123,SKU-202,218,1306.62
2025-04-07,STR-006,94123,SKU-203,263,820.97
2025-04-07,STR-006,94123,SKU-204,89,1017.47
2025-04-07,STR-006,94123,SKU-301,250,1420.02
2025-04-07,STR-006,94123,SKU-302,184,1087.03
2025-04-07,STR-006,94123,SKU-303,121,720.56
2025-04-07,STR-006,94123,SKU-304,208,1249.54
2025-04-07,STR-006,94123,SKU-401,212,1466.88
2025-04-07,STR-006,94123,SKU-402,112,734.78
2025-04-07,STR-006,94123,SKU-403,143,749.40
2025-04-07,STR-006,94123,SKU-501,30,576.88
2025-04-07,STR-006,94123,SKU-502,14,431.74
2025-04-07,STR-006,94123,SKU-503,21,441.34
2025-04-07,STR-006,94123,SKU-504,11,186.76
2025-04-07,STR-006,94123,SKU-601,124,1473.46
2025-04-07,STR-006,94123,SKU-602,96,546.54
2025-04-07,STR-006,94123,SKU-603,148,776.07
2025-04-07,STR-006,94123,SKU-604,93,435.50
2025-04-07,STR-006,94123,SKU-701,2,51.79
2025-03-31,STR-001,94103,SKU-101,241,982.94
2025-03-31,STR-001,94103,SKU-102,343,2239.69
2025-03-31,STR-001,94103,SKU-103,359,2124.99
2025-03-31,STR-001,94103,SKU-104,140,871.23
2025-03-31,STR-001,94103,SKU-105,124,428.63
2025-03-31,STR-001,94103,SKU-201,250,1512.96
2025-03-31,STR-001,94103,SKU-202,176,1053.46
2025-03-31,STR-001,94103,SKU-203,371,1177.87
2025-03-31,STR-001,94103,SKU-204,122,1337.89
2025-03-31,STR-001,94103,SKU-301,250,1385.47
2025-03-31,STR-001,94103,SKU-302,233,1429.34
2025-03-31,STR-001,94103,SKU-303,148,836.84
2025-03-31,STR-001,94103,SKU-304,200,1218.50
2025-03-31,STR-001,94103,SKU-401,239,1659.72
2025-03-31,STR-001,94103,SKU-402,155,1034.83
2025-03-31,STR-001,94103,SKU-403,147,787.80
2025-03-31,STR-001,94103,SKU-501,27,502.90
2025-03-31,STR-001,94103,SKU-502,16,472.64
2025-03-31,STR-001,94103,SKU-503,25,540.33
2025-03-31,STR-001,94103,SKU-504,14,251.97
2025-03-31,STR-001,94103,SKU-601,151,1753.20
2025-03-31,STR-001,94103,SKU-602,100,568.49
2025-03-31,STR-001,94103,SKU-603,128,653.64
2025-03-31,STR-001,94103,SKU-604,106,464.47
2025-03-31,STR-001,94103,SKU-701,3,83.13
2025-03-31,STR-002,94110,SKU-101,397,1621.88
2025-03-31,STR-002,94110,SKU-102,380,2530.68
2025-03-31,STR-002,94110,SKU-103,393,2375.34
2025-03-31,STR-002,94110,SKU-104,185,1172.98
2025-03-31,STR-002,94110,SKU-105,155,578.36
2025-03-31,STR-002,94110,SKU-201,287,1811.45
2025-03-31,STR-002,94110,SKU-202,224,1268.74
2025-03-31,STR-002,94110,SKU-203,334,1025.35
2025-03-31,STR-002,94110,SKU-204,120,1269.70
2025-03-31,STR-002,94110,SKU-301,283,1574.91
2025-03-31,STR-002,94110,SKU-302,267,1535.58
2025-03-31,STR-002,94110,SKU-303,226,1253.53
2025-03-31,STR-002,94110,SKU-304,269,1634.55
2025-03-31,STR-002,94110,SKU-401,300,2016.78
2025-03-31,STR-002,94110,SKU-402,133,843.50
2025-03-31,STR-002,94110,SKU-403,240,1310.75
2025-03-31,STR-002,94110,SKU-501,31,576.26
2025-03-31,STR-002,94110,SKU-502,17,516.79
2025-03-31,STR-002,94110,SKU-503,29,629.06
2025-03-31,STR-002,94110,SKU-504,15,253.25
2025-03-31,STR-002,94110,SKU-601,141,1762.10
2025-03-31,STR-002,94110,SKU-602,158,934.60
2025-03-31,STR-002,94110,SKU-603,188,946.59
2025-03-31,STR-002,94110,SKU-604,146,681.74
2025-03-31,STR-002,94110,SKU-701,3,83.19
2025-03-31,STR-003,94133,SKU-101,309,1247.06
2025-03-31,STR-003,94133,SKU-102,325,2133.10
2025-03-31,STR-003,94133,SKU-103,297,1799.03
2025-03-31,STR-003,94133,SKU-104,160,959.54
2025-03-31,STR-003,94133,SKU-105,125,444.93
2025-03-31,STR-003,94133,SKU-201,253,1602.71
2025-03-31,STR-003,94133,SKU-202,200,1171.89
2025-03-31,STR-003,94133,SKU-203,284,866.48
2025-03-31,STR-003,94133,SKU-204,111,1192.11
2025-03-31,STR-003,94133,SKU-301,285,1583.04
2025-03-31,STR-003,94133,SKU-302,207,1245.33
2025-03-31,STR-003,94133,SKU-303,175,990.77
2025-03-31,STR-003,94133,SKU-304,183,1122.20
2025-03-31,STR-003,94133,SKU-401,185,1242.48
2025-03-31,STR-003,94133,SKU-402,123,803.65
2025-03-31,STR-003,94133,SKU-403,189,1009.38
2025-03-31,STR-003,94133,SKU-501,24,462.59
2025-03-31,STR-003,94133,SKU-502,12,364.93
2025-03-31,STR-003,94133,SKU-503,17,354.46
2025-03-31,STR-003,94133,SKU-504,13,225.45
2025-03-31,STR-003,94133,SKU-601,122,1414.02
2025-03-31,STR-003,94133,SKU-602,124,727.47
2025-03-31,STR-003,94133,SKU-603,169,827.28
2025-03-31,STR-003,94133,SKU-604,100,452.02
2025-03-31,STR-003,94133,SKU-701,3,80.46
2025-03-31,STR-004,94102,SKU-101,249,1028.70
2025-03-31,STR-004,94102,SKU-102,233,1507.27
2025-03-31,STR-004,94102,SKU-103,264,1615.52
2025-03-31,STR-004,94102,SKU-104,116,717.10
2025-03-31,STR-004,94102,SKU-105,106,367.20
2025-03-31,STR-004,94102,SKU-201,163,1011.66
2025-03-31,STR-004,94102,SKU-202,142,799.76
2025-03-31,STR-004,94102,SKU-203,290,926.95
2025-03-31,STR-004,94102,SKU-204,91,972.23
2025-03-31,STR-004,94102,SKU-301,192,1040.90
2025-03-31,STR-004,94102,SKU-302,130,783.03
2025-03-31,STR-004,94102,SKU-303,107,602.38
2025-03-31,STR-004,94102,SKU-304,168,1080.67
2025-03-31,STR-004,94102,SKU-401,160,1097.67
2025-03-31,STR-004,94102,SKU-402,112,695.67
2025-03-31,STR-004,94102,SKU-403,110,572.95
2025-03-31,STR-004,94102,SKU-501,19,365.61
2025-03-31,STR-004,94102,SKU-502,11,331.86
2025-03-31,STR-004,94102,SKU-503,18,373.78
2025-03-31,STR-004,94102,SKU-504,10,174.09
2025-03-31,STR-004,94102,SKU-601,105,1225.67
2025-03-31,STR-004,94102,SKU-602,89,531.08
2025-03-31,STR-004,94102,SKU-603,129,631.81
2025-03-31,STR-004,94102,SKU-604,117,530.08
2025-03-31,STR-004,94102,SKU-701,2,51.59
2025-03-31,STR-005,94118,SKU-101,319,1337.85
2025-03-31,STR-005,94118,SKU-102,310,1952.66
2025-03-31,STR-005,94118,SKU-103,383,2338.76
2025-03-31,STR-005,94118,SKU-104,208,1272.30
2025-03-31,STR-005,94118,SKU-105,178,614.67
2025-03-31,STR-005,94118,SKU-201,227,1367.55
2025-03-31,STR-005,94118,SKU-202,203,1186.57
2025-03-31,STR-005,94118,SKU-203,357,1146.55
2025-03-31,STR-005,94118,SKU-204,96,1045.70
2025-03-31,STR-005,94118,SKU-301,312,1729.35
2025-03-31,STR-005,94118,SKU-302,188,1151.65
2025-03-31,STR-005,94118,SKU-303,198,1152.85
2025-03-31,STR-005,94118,SKU-304,190,1211.54
2025-03-31,STR-005,94118,SKU-401,209,1417.93
2025-03-31,STR-005,94118,SKU-402,116,772.10
2025-03-31,STR-005,94118,SKU-403,174,937.39
2025-03-31,STR-005,94118,SKU-501,25,450.05
2025-03-31,STR-005,94118,SKU-502,18,536.81
2025-03-31,STR-005,94118,SKU-503,23,473.63
2025-03-31,STR-005,94118,SKU-504,12,212.92
2025-03-31,STR-005,94118,SKU-601,118,1425.57
2025-03-31,STR-005,94118,SKU-602,143,849.99
2025-03-31,STR-005,94118,SKU-603,157,790.69
2025-03-31,STR-005,94118,SKU-604,156,686.68
2025-03-31,STR-005,94118,SKU-701,3,81.85
2025-03-31,STR-006,94123,SKU-101,210,841.64
2025-03-31,STR-006,94123,SKU-102,299,1969.76
2025-03-31,STR-006,94123,SKU-103,289,1712.47
2025-03-31,STR-006,94123,SKU-104,152,919.65
2025-03-31,STR-006,94123,SKU-105,125,463.64
2025-03-31,STR-006,94123,SKU-201,237,1478.82
2025-03-31,STR-006,94123,SKU-202,152,880.03
2025-03-31,STR-006,94123,SKU-203,245,753.98
2025-03-31,STR-006,94123,SKU-204,109,1170.03
2025-03-31,STR-006,94123,SKU-301,247,1420.03
2025-03-31,STR-006,94123,SKU-302,206,1262.53
2025-03-31,STR-006,94123,SKU-303,131,779.68
2025-03-31,STR-006,94123,SKU-304,188,1145.05
2025-03-31,STR-006,94123,SKU-401,159,1063.46
2025-03-31,STR-006,94123,SKU-402,111,738.26
2025-03-31,STR-006,94123,SKU-403,138,742.92
2025-03-31,STR-006,94123,SKU-501,28,532.25
2025-03-31,STR-006,94123,SKU-502,15,463.39
2025-03-31,STR-006,94123,SKU-503,19,417.19
2025-03-31,STR-006,94123,SKU-504,10,178.99
2025-03-31,STR-006,94123,SKU-601,103,1286.59
2025-03-31,STR-006,94123,SKU-602,88,511.82
2025-03-31,STR-006,94123,SKU-603,149,747.54
2025-03-31,STR-006,94123,SKU-604,94,436.70
2025-03-31,STR-006,94123,SKU-701,3,82.76
2025-03-24,STR-001,94103,SKU-101,316,1339.81
2025-03-24,STR-001,94103,SKU-102,393,2519.04
2025-03-24,STR-001,94103,SKU-103,283,1680.73
2025-03-24,STR-001,94103,SKU-104,133,842.63
2025-03-24,STR-001,94103,SKU-105,171,598.92
2025-03-24,STR-001,94103,SKU-201,260,1585.14
2025-03-24,STR-001,94103,SKU-202,197,1096.70
2025-03-24,STR-001,94103,SKU-203,344,1043.61
2025-03-24,STR-001,94103,SKU-204,127,1405.01
2025-03-24,STR-001,94103,SKU-301,220,1229.83
2025-03-24,STR-001,94103,SKU-302,227,1412.22
2025-03-24,STR-001,94103,SKU-303,131,764.77
2025-03-24,STR-001,94103,SKU-304,219,1337.04
2025-03-24,STR-001,94103,SKU-401,201,1364.38
2025-03-24,STR-001,94103,SKU-402,124,788.98
2025-03-24,STR-001,94103,SKU-403,146,802.40
2025-03-24,STR-001,94103,SKU-501,26,498.63
2025-03-24,STR-001,94103,SKU-502,16,484.30
2025-03-24,STR-001,94103,SKU-503,21,433.05
2025-03-24,STR-001,94103,SKU-504,12,203.25
2025-03-24,STR-001,94103,SKU-601,158,1931.54
2025-03-24,STR-001,94103,SKU-602,114,641.16
2025-03-24,STR-001,94103,SKU-603,133,670.63
2025-03-24,STR-001,94103,SKU-604,137,630.52
2025-03-24,STR-001,94103,SKU-701,3,78.65
2025-03-24,STR-002,94110,SKU-101,312,1293.14
2025-03-24,STR-002,94110,SKU-102,485,3232.67
2025-03-24,STR-002,94110,SKU-103,404,2505.45
2025-03-24,STR-002,94110,SKU-104,217,1298.03
2025-03-24,STR-002,94110,SKU-105,162,591.22
2025-03-24,STR-002,94110,SKU-201,336,2054.60
2025-03-24,STR-002,94110,SKU-202,304,1700.37
2025-03-24,STR-002,94110,SKU-203,391,1215.16
2025-03-24,STR-002,94110,SKU-204,120,1290.06
2025-03-24,STR-002,94110,SKU-301,280,1560.37
2025-03-24,STR-002,94110,SKU-302,259,1549.28
2025-03-24,STR-002,94110,SKU-303,213,1276.82
2025-03-24,STR-002,94110,SKU-304,219,1323.53
2025-03-24,STR-002,94110,SKU-401,246,1695.16
2025-03-24,STR-002,94110,SKU-402,143,939.34
2025-03-24,STR-002,94110,SKU-403,226,1242.06
2025-03-24,STR-002,94110,SKU-501,42,811.02
2025-03-24,STR-002,94110,SKU-502,16,503.55
2025-03-24,STR-002,94110,SKU-503,25,540.63
2025-03-24,STR-002,94110,SKU-504,16,276.45
2025-03-24,STR-002,94110,SKU-601,174,2070.18
2025-03-24,STR-002,94110,SKU-602,134,797.70
2025-03-24,STR-002,94110,SKU-603,214,1052.93
2025-03-24,STR-002,94110,SKU-604,141,619.11
2025-03-24,STR-002,94110,SKU-701,3,78.05
2025-03-24,STR-003,94133,SKU-101,268,1047.97
2025-03-24,STR-003,94133,SKU-102,335,2258.43
2025-03-24,STR-003,94133,SKU-103,306,1787.76
2025-03-24,STR-003,94133,SKU-104,150,942.14
2025-03-24,STR-003,94133,SKU-105,148,520.71
2025-03-24,STR-003,94133,SKU-201,201,1244.22
2025-03-24,STR-003,94133,SKU-202,232,1283.49
2025-03-24,STR-003,94133,SKU-203,341,1022.35
2025-03-24,STR-003,94133,SKU-204,109,1192.04
2025-03-24,STR-003,94133,SKU-301,216,1169.93
2025-03-24,STR-003,94133,SKU-302,209,1223.88
2025-03-24,STR-003,94133,SKU-303,128,729.03
2025-03-24,STR-003,94133,SKU-304,166,1047.27
2025-03-24,STR-003,94133,SKU-401,249,1689.42
2025-03-24,STR-003,94133,SKU-402,148,925.77
2025-03-24,STR-003,94133,SKU-403,148,792.33
2025-03-24,STR-003,94133,SKU-501,24,464.03
2025-03-24,STR-003,94133,SKU-502,14,444.92
2025-03-24,STR-003,94133,SKU-503,20,432.24
2025-03-24,STR-003,94133,SKU-504,12,198.77
2025-03-24,STR-003,94133,SKU-601,140,1611.41
2025-03-24,STR-003,94133,SKU-602,133,777.30
2025-03-24,STR-003,94133,SKU-603,155,770.10
2025-03-24,STR-003,94133,SKU-604,129,587.50
2025-03-24,STR-003,94133,SKU-701,2,55.57
2025-03-24,STR-004,94102,SKU-101,258,1044.86
2025-03-24,STR-004,94102,SKU-102,213,1399.89
2025-03-24,STR-004,94102,SKU-103,286,1760.44
2025-03-24,STR-004,94102,SKU-104,133,838.08
2025-03-24,STR-004,94102,SKU-105,115,404.94
2025-03-24,STR-004,94102,SKU-201,203,1314.81
2025-03-24,STR-004,94102,SKU-202,180,1047.92
2025-03-24,STR-004,94102,SKU-203,253,795.99
2025-03-24,STR-004,94102,SKU-204,101,1144.56
2025-03-24,STR-004,94102,SKU-301,220,1264.70
2025-03-24,STR-004,94102,SKU-302,187,1097.51
2025-03-24,STR-004,94102,SKU-303,104,598.68
2025-03-24,STR-004,94102,SKU-304,146,915.09
2025-03-24,STR-004,94102,SKU-401,154,1068.51
2025-03-24,STR-004,94102,SKU-402,102,669.43
2025-03-24,STR-004,94102,SKU-403,128,655.59
2025-03-24,STR-004,94102,SKU-501,26,485.67
2025-03-24,STR-004,94102,SKU-502,13,401.94
2025-03-24,STR-004,94102,SKU-503,18,375.59
2025-03-24,STR-004,94102,SKU-504,10,179.67
2025-03-24,STR-004,94102,SKU-601,108,1291.30
2025-03-24,STR-004,94102,SKU-602,101,558.22
2025-03-24,STR-004,94102,SKU-603,126,652.08
2025-03-24,STR-004,94102,SKU-604,116,522.88
2025-03-24,STR-004,94102,SKU-701,2,54.70
2025-03-24,STR-005,94118,SKU-101,264,1082.90
2025-03-24,STR-005,94118,SKU-102,404,2644.12
2025-03-24,STR-005,94118,SKU-103,321,1968.44
2025-03-24,STR-005,94118,SKU-104,144,931.32
2025-03-24,STR-005,94118,SKU-105,133,491.67
2025-03-24,STR-005,94118,SKU-201,233,1420.24
2025-03-24,STR-005,94118,SKU-202,236,1389.66
2025-03-24,STR-005,94118,SKU-203,326,1048.05
2025-03-24,STR-005,94118,SKU-204,125,1337.06
2025-03-24,STR-005,94118,SKU-301,302,1683.97
2025-03-24,STR-005,94118,SKU-302,216,1333.32
2025-03-24,STR-005,94118,SKU-303,152,847.90
2025-03-24,STR-005,94118,SKU-304,224,1357.57
2025-03-24,STR-005,94118,SKU-401,192,1308.12
2025-03-24,STR-005,94118,SKU-402,135,847.54
2025-03-24,STR-005,94118,SKU-403,160,853.59
2025-03-24,STR-005,94118,SKU-501,35,655.85
2025-03-24,STR-005,94118,SKU-502,16,490.71
2025-03-24,STR-005,94118,SKU-503,25,549.28
2025-03-24,STR-005,94118,SKU-504,15,268.78
2025-03-24,STR-005,94118,SKU-601,150,1819.13
2025-03-24,STR-005,94118,SKU-602,109,623.65
2025-03-24,STR-005,94118,SKU-603,127,648.65
2025-03-24,STR-005,94118,SKU-604,135,615.17
2025-03-24,STR-005,94118,SKU-701,4,111.77
2025-03-24,STR-006,94123,SKU-101,274,1149.13
2025-03-24,STR-006,94123,SKU-102,321,2014.27
2025-03-24,STR-006,94123,SKU-103,288,1693.70
2025-03-24,STR-006,94123,SKU-104,154,943.65
2025-03-24,STR-006,94123,SKU-105,116,414.25
2025-03-24,STR-006,94123,SKU-201,167,1002.45
2025-03-24,STR-006,94123,SKU-202,156,900.33
2025-03-24,STR-006,94123,SKU-203,321,998.62
2025-03-24,STR-006,94123,SKU-204,94,1054.94
2025-03-24,STR-006,94123,SKU-301,275,1492.72
2025-03-24,STR-006,94123,SKU-302,209,1253.53
2025-03-24,STR-006,94123,SKU-303,163,934.43
2025-03-24,STR-006,94123,SKU-304,182,1108.29
2025-03-24,STR-006,94123,SKU-401,202,1317.79
2025-03-24,STR-006,94123,SKU-402,134,890.39
2025-03-24,STR-006,94123,SKU-403,161,851.78
2025-03-24,STR-006,94123,SKU-501,27,504.20
2025-03-24,STR-006,94123,SKU-502,14,415.55
2025-03-24,STR-006,94123,SKU-503,20,417.97
2025-03-24,STR-006,94123,SKU-504,10,178.34
2025-03-24,STR-006,94123,SKU-601,129,1493.90
2025-03-24,STR-006,94123,SKU-602,124,715.10
2025-03-24,STR-006,94123,SKU-603,136,706.13
2025-03-24,STR-006,94123,SKU-604,95,439.02
2025-03-24,STR-006,94123,SKU-701,2,55.50
2025-03-17,STR-001,94103,SKU-101,304,1260.07
2025-03-17,STR-001,94103,SKU-102,372,2450.65
2025-03-17,STR-001,94103,SKU-103,288,1667.53
2025-03-17,STR-001,94103,SKU-104,146,873.15
2025-03-17,STR-001,94103,SKU-105,147,543.37
2025-03-17,STR-001,94103,SKU-201,223,1389.75
2025-03-17,STR-001,94103,SKU-202,188,1051.01
2025-03-17,STR-001,94103,SKU-203,331,1020.71
2025-03-17,STR-001,94103,SKU-204,106,1128.61
2025-03-17,STR-001,94103,SKU-301,299,1595.84
2025-03-17,STR-001,94103,SKU-302,206,1216.42
2025-03-17,STR-001,94103,SKU-303,132,783.54
2025-03-17,STR-001,94103,SKU-304,231,1491.38
2025-03-17,STR-001,94103,SKU-401,183,1207.65
2025-03-17,STR-001,94103,SKU-402,133,885.35
2025-03-17,STR-001,94103,SKU-403,188,966.29
2025-03-17,STR-001,94103,SKU-501,27,486.14
2025-03-17,STR-001,94103,SKU-502,16,484.27
2025-03-17,STR-001,94103,SKU-503,24,488.14
2025-03-17,STR-001,94103,SKU-504,14,239.99
2025-03-17,STR-001,94103,SKU-601,136,1620.94
2025-03-17,STR-001,94103,SKU-602,134,782.18
2025-03-17,STR-001,94103,SKU-603,158,797.78
2025-03-17,STR-001,94103,SKU-604,137,622.62
2025-03-17,STR-001,94103,SKU-701,2,54.76
2025-03-17,STR-002,94110,SKU-101,285,1123.62
2025-03-17,STR-002,94110,SKU-102,401,2616.39
2025-03-17,STR-002,94110,SKU-103,438,2565.99
2025-03-17,STR-002,94110,SKU-104,167,1076.38
2025-03-17,STR-002,94110,SKU-105,178,633.56
2025-03-17,STR-002,94110,SKU-201,290,1771.09
2025-03-17,STR-002,94110,SKU-202,234,1368.69
2025-03-17,STR-002,94110,SKU-203,401,1261.24
2025-03-17,STR-002,94110,SKU-204,130,1487.11
2025-03-17,STR-002,94110,SKU-301,284,1592.99
2025-03-17,STR-002,94110,SKU-302,296,1849.54
2025-03-17,STR-002,94110,SKU-303,198,1129.52
2025-03-17,STR-002,94110,SKU-304,258,1652.66
2025-03-17,STR-002,94110,SKU-401,277,1923.98
2025-03-17,STR-002,94110,SKU-402,133,839.61
2025-03-17,STR-002,94110,SKU-403,193,1061.31
2025-03-17,STR-002,94110,SKU-501,36,656.62
2025-03-17,STR-002,94110,SKU-502,16,473.52
2025-03-17,STR-002,94110,SKU-503,22,468.61
2025-03-17,STR-002,94110,SKU-504,14,248.62
2025-03-17,STR-002,94110,SKU-601,157,1954.47
2025-03-17,STR-002,94110,SKU-602,142,803.23
2025-03-17,STR-002,94110,SKU-603,200,1018.05
2025-03-17,STR-002,94110,SKU-604,147,650.44
2025-03-17,STR-002,94110,SKU-701,4,110.40
2025-03-17,STR-003,94133,SKU-101,318,1303.86
2025-03-17,STR-003,94133,SKU-102,335,2221.46
2025-03-17,STR-003,94133,SKU-103,294,1808.63
2025-03-17,STR-003,94133,SKU-104,148,885.12
2025-03-17,STR-003,94133,SKU-105,151,558.49
2025-03-17,STR-003,94133,SKU-201,188,1207.65
2025-03-17,STR-003,94133,SKU-202,184,1071.19
2025-03-17,STR-003,94133,SKU-203,257,816.04
2025-03-17,STR-003,94133,SKU-204,108,1163.85
2025-03-17,STR-003,94133,SKU-301,225,1254.85
2025-03-17,STR-003,94133,SKU-302,199,1154.42
2025-03-17,STR-003,94133,SKU-303,137,756.53
2025-03-17,STR-003,94133,SKU-304,192,1155.53
2025-03-17,STR-003,94133,SKU-401,174,1165.38
2025-03-17,STR-003,94133,SKU-402,110,719.12
2025-03-17,STR-003,94133,SKU-403,161,853.62
2025-03-17,STR-003,94133,SKU-501,32,590.49
2025-03-17,STR-003,94133,SKU-502,17,522.34
2025-03-17,STR-003,94133,SKU-503,20,408.35
2025-03-17,STR-003,94133,SKU-504,10,166.35
2025-03-17,STR-003,94133,SKU-601,149,1820.94
2025-03-17,STR-003,94133,SKU-602,121,686.87
2025-03-17,STR-003,94133,SKU-603,158,820.21
2025-03-17,STR-003,94133,SKU-604,131,608.50
2025-03-17,STR-003,94133,SKU-701,3,82.56
2025-03-17,STR-004,94102,SKU-101,194,761.71
2025-03-17,STR-004,94102,SKU-102,290,1924.34
2025-03-17,STR-004,94102,SKU-103,205,1248.59
2025-03-17,STR-004,94102,SKU-104,127,787.38
2025-03-17,STR-004,94102,SKU-105,139,499.94
2025-03-17,STR-004,94102,SKU-201,179,1073.76
2025-03-17,STR-004,94102,SKU-202,132,739.56
2025-03-17,STR-004,94102,SKU-203,249,790.93
2025-03-17,STR-004,94102,SKU-204,83,925.34
2025-03-17,STR-004,94102,SKU-301,181,958.64
2025-03-17,STR-004,94102,SKU-302,177,1077.26
2025-03-17,STR-004,94102,SKU-303,110,656.08
2025-03-17,STR-004,94102,SKU-304,133,849.98
2025-03-17,STR-004,94102,SKU-401,175,1174.79
2025-03-17,STR-004,94102,SKU-402,87,550.66
2025-03-17,STR-004,94102,SKU-403,155,805.52
2025-03-17,STR-004,94102,SKU-501,23,425.91
2025-03-17,STR-004,94102,SKU-502,13,383.41
2025-03-17,STR-004,94102,SKU-503,20,433.06
2025-03-17,STR-004,94102,SKU-504,8,139.72
2025-03-17,STR-004,94102,SKU-601,92,1085.22
2025-03-17,STR-004,94102,SKU-602,107,617.61
2025-03-17,STR-004,94102,SKU-603,107,556.06
2025-03-17,STR-004,94102,SKU-604,111,516.47
2025-03-17,STR-004,94102,SKU-701,2,54.17
2025-03-17,STR-005,94118,SKU-101,256,1024.46
2025-03-17,STR-005,94118,SKU-102,284,1812.53
2025-03-17,STR-005,94118,SKU-103,317,1969.99
2025-03-17,STR-005,94118,SKU-104,209,1346.07
2025-03-17,STR-005,94118,SKU-105,151,549.02
2025-03-17,STR-005,94118,SKU-201,246,1551.35
2025-03-17,STR-005,94118,SKU-202,210,1247.00
2025-03-17,STR-005,94118,SKU-203,349,1097.50
2025-03-17,STR-005,94118,SKU-204,91,1016.24
2025-03-17,STR-005,94118,SKU-301,321,1791.28
2025-03-17,STR-005,94118,SKU-302,198,1194.83
2025-03-17,STR-005,94118,SKU-303,148,835.04
2025-03-17,STR-005,94118,SKU-304,176,1139.27
2025-03-17,STR-005,94118,SKU-401,206,1387.46
2025-03-17,STR-005,94118,SKU-402,130,816.39
2025-03-17,STR-005,94118,SKU-403,173,884.50
2025-03-17,STR-005,94118,SKU-501,27,499.12
2025-03-17,STR-005,94118,SKU-502,16,483.01
2025-03-17,STR-005,94118,SKU-503,19,402.39
2025-03-17,STR-005,94118,SKU-504,13,232.06
2025-03-17,STR-005,94118,SKU-601,122,1420.28
2025-03-17,STR-005,94118,SKU-602,111,641.39
2025-03-17,STR-005,94118,SKU-603,142,690.30
2025-03-17,STR-005,94118,SKU-604,106,467.18
2025-03-17,STR-005,94118,SKU-701,3,83.90
2025-03-17,STR-006,94123,SKU-101,256,1017.50
2025-03-17,STR-006,94123,SKU-102,244,1517.69
2025-03-17,STR-006,94123,SKU-103,325,1896.11
2025-03-17,STR-006,94123,SKU-104,163,978.64
2025-03-17,STR-006,94123,SKU-105,124,434.19
2025-03-17,STR-006,94123,SKU-201,174,1125.42
2025-03-17,STR-006,94123,SKU-202,216,1214.24
2025-03-17,STR-006,94123,SKU-203,318,999.97
2025-03-17,STR-006,94123,SKU-204,102,1146.50
2025-03-17,STR-006,94123,SKU-301,270,1441.91
2025-03-17,STR-006,94123,SKU-302,196,1165.05
2025-03-17,STR-006,94123,SKU-303,143,807.58
2025-03-17,STR-006,94123,SKU-304,190,1230.91
2025-03-17,STR-006,94123,SKU-401,208,1431.63
2025-03-17,STR-006,94123,SKU-402,104,652.00
2025-03-17,STR-006,94123,SKU-403,168,921.49
2025-03-17,STR-006,94123,SKU-501,27,503.53
2025-03-17,STR-006,94123,SKU-502,14,445.23
2025-03-17,STR-006,94123,SKU-503,20,420.70
2025-03-17,STR-006,94123,SKU-504,10,171.83
2025-03-17,STR-006,94123,SKU-601,135,1654.43
2025-03-17,STR-006,94123,SKU-602,106,603.18
2025-03-17,STR-006,94123,SKU-603,130,662.15
2025-03-17,STR-006,94123,SKU-604,96,451.14
2025-03-17,STR-006,94123,SKU-701,2,55.21
2025-03-10,STR-001,94103,SKU-101,331,1317.51
2025-03-10,STR-001,94103,SKU-102,326,2164.24
2025-03-10,STR-001,94103,SKU-103,254,1498.40
2025-03-10,STR-001,94103,SKU-104,153,991.12
2025-03-10,STR-001,94103,SKU-105,134,471.96
2025-03-10,STR-001,94103,SKU-201,239,1495.14
2025-03-10,STR-001,94103,SKU-202,197,1153.43
2025-03-10,STR-001,94103,SKU-203,344,1065.47
2025-03-10,STR-001,94103,SKU-204,97,1115.37
2025-03-10,STR-001,94103,SKU-301,217,1186.90
2025-03-10,STR-001,94103,SKU-302,236,1441.78
2025-03-10,STR-001,94103,SKU-303,154,873.91
2025-03-10,STR-001,94103,SKU-304,173,1051.09
2025-03-10,STR-001,94103,SKU-401,199,1378.35
2025-03-10,STR-001,94103,SKU-402,108,687.55
2025-03-10,STR-001,94103,SKU-403,177,927.10
2025-03-10,STR-001,94103,SKU-501,32,583.81
2025-03-10,STR-001,94103,SKU-502,14,436.34
2025-03-10,STR-001,94103,SKU-503,21,436.23
2025-03-10,STR-001,94103,SKU-504,11,187.28
2025-03-10,STR-001,94103,SKU-601,139,1669.37
2025-03-10,STR-001,94103,SKU-602,101,570.33
2025-03-10,STR-001,94103,SKU-603,176,915.04
2025-03-10,STR-001,94103,SKU-604,118,520.00
2025-03-10,STR-001,94103,SKU-701,3,79.20
2025-03-10,STR-002,94110,SKU-101,327,1332.92
2025-03-10,STR-002,94110,SKU-102,429,2818.89
2025-03-10,STR-002,94110,SKU-103,358,2140.65
2025-03-10,STR-002,94110,SKU-104,224,1403.86
2025-03-10,STR-002,94110,SKU-105,171,600.16
2025-03-10,STR-002,94110,SKU-201,317,1905.20
2025-03-10,STR-002,94110,SKU-202,282,1676.70
2025-03-10,STR-002,94110,SKU-203,320,995.61
2025-03-10,STR-002,94110,SKU-204,124,1372.10
2025-03-10,STR-002,94110,SKU-301,362,2021.88
2025-03-10,STR-002,94110,SKU-302,226,1357.15
2025-03-10,STR-002,94110,SKU-303,198,1176.94
2025-03-10,STR-002,94110,SKU-304,261,1646.34
2025-03-10,STR-002,94110,SKU-401,282,1921.85
2025-03-10,STR-002,94110,SKU-402,159,1018.89
2025-03-10,STR-002,94110,SKU-403,175,903.20
2025-03-10,STR-002,94110,SKU-501,42,757.91
2025-03-10,STR-002,94110,SKU-502,16,488.68
2025-03-10,STR-002,94110,SKU-503,31,637.04
2025-03-10,STR-002,94110,SKU-504,14,235.03
2025-03-10,STR-002,94110,SKU-601,175,2141.73
2025-03-10,STR-002,94110,SKU-602,137,763.50
2025-03-10,STR-002,94110,SKU-603,197,1013.96
2025-03-10,STR-002,94110,SKU-604,171,793.17
2025-03-10,STR-002,94110,SKU-701,4,108.86
2025-03-10,STR-003,94133,SKU-101,263,1087.85
2025-03-10,STR-003,94133,SKU-102,295,1893.13
2025-03-10,STR-003,94133,SKU-103,348,2003.81
2025-03-10,STR-003,94133,SKU-104,188,1208.75
2025-03-10,STR-003,94133,SKU-105,149,540.85
2025-03-10,STR-003,94133,SKU-201,178,1073.01
2025-03-10,STR-003,94133,SKU-202,197,1144.39
2025-03-10,STR-003,94133,SKU-203,327,1039.98
2025-03-10,STR-003,94133,SKU-204,112,1227.94
2025-03-10,STR-003,94133,SKU-301,241,1305.16
2025-03-10,STR-003,94133,SKU-302,227,1362.63
2025-03-10,STR-003,94133,SKU-303,117,670.91
2025-03-10,STR-003,94133,SKU-304,203,1283.43
2025-03-10,STR-003,94133,SKU-401,229,1551.74
2025-03-10,STR-003,94133,SKU-402,131,877.43
2025-03-10,STR-003,94133,SKU-403,163,871.04
2025-03-10,STR-003,94133,SKU-501,26,501.88
2025-03-10,STR-003,94133,SKU-502,15,471.95
2025-03-10,STR-003,94133,SKU-503,24,488.95
2025-03-10,STR-003,94133,SKU-504,14,247.81
2025-03-10,STR-003,94133,SKU-601,125,1522.12
2025-03-10,STR-003,94133,SKU-602,120,669.97
2025-03-10,STR-003,94133,SKU-603,159,821.31
2025-03-10,STR-003,94133,SKU-604,134,614.81
2025-03-10,STR-003,94133,SKU-701,3,79.56
2025-03-10,STR-004,94102,SKU-101,261,1060.34
2025-03-10,STR-004,94102,SKU-102,286,1854.46
2025-03-10,STR-004,94102,SKU-103,213,1292.73
2025-03-10,STR-004,94102,SKU-104,148,961.56
2025-03-10,STR-004,94102,SKU-105,122,441.16
2025-03-10,STR-004,94102,SKU-201,174,1054.96
2025-03-10,STR-004,94102,SKU-202,157,887.24
2025-03-10,STR-004,94102,SKU-203,231,729.74
2025-03-10,STR-004,94102,SKU-204,81,904.41
2025-03-10,STR-004,94102,SKU-301,220,1213.32
2025-03-10,STR-004,94102,SKU-302,146,873.66
2025-03-10,STR-004,94102,SKU-303,143,797.82
2025-03-10,STR-004,94102,SKU-304,180,1125.77
2025-03-10,STR-004,94102,SKU-401,184,1257.57
2025-03-10,STR-004,94102,SKU-402,111,694.18
2025-03-10,STR-004,94102,SKU-403,117,605.55
2025-03-10,STR-004,94102,SKU-501,19,357.14
2025-03-10,STR-004,94102,SKU-502,12,359.68
2025-03-10,STR-004,94102,SKU-503,15,329.56
2025-03-10,STR-004,94102,SKU-504,11,187.40
2025-03-10,STR-004,94102,SKU-601,110,1370.02
2025-03-10,STR-004,94102,SKU-602,96,574.73
2025-03-10,STR-004,94102,SKU-603,107,538.74
2025-03-10,STR-004,94102,SKU-604,104,489.66
2025-03-10,STR-004,94102,SKU-701,2,53.21
2025-03-10,STR-005,94118,SKU-101,322,1324.15
2025-03-10,STR-005,94118,SKU-102,336,2262.17
2025-03-10,STR-005,94118,SKU-103,288,1799.90
2025-03-10,STR-005,94118,SKU-104,184,1134.52
2025-03-10,STR-005,94118,SKU-105,157,568.35
2025-03-10,STR-005,94118,SKU-201,269,1620.76
2025-03-10,STR-005,94118,SKU-202,199,1179.46
2025-03-10,STR-005,94118,SKU-203,348,1113.83
2025-03-10,STR-005,94118,SKU-204,115,1307.50
2025-03-10,STR-005,94118,SKU-301,330,1891.33
2025-03-10,STR-005,94118,SKU-302,238,1387.74
2025-03-10,STR-005,94118,SKU-303,188,1112.80
2025-03-10,STR-005,94118,SKU-304,192,1203.52
2025-03-10,STR-005,94118,SKU-401,247,1591.22
2025-03-10,STR-005,94118,SKU-402,145,914.59
2025-03-10,STR-005,94118,SKU-403,154,791.14
2025-03-10,STR-005,94118,SKU-501,31,596.40
2025-03-10,STR-005,94118,SKU-502,13,392.29
2025-03-10,STR-005,94118,SKU-503,23,503.32
2025-03-10,STR-005,94118,SKU-504,13,222.67
2025-03-10,STR-005,94118,SKU-601,147,1708.31
2025-03-10,STR-005,94118,SKU-602,132,731.62
2025-03-10,STR-005,94118,SKU-603,174,881.17
2025-03-10,STR-005,94118,SKU-604,138,651.26
2025-03-10,STR-005,94118,SKU-701,3,83.51
2025-03-10,STR-006,94123,SKU-101,234,934.45
2025-03-10,STR-006,94123,SKU-102,248,1645.80
2025-03-10,STR-006,94123,SKU-103,259,1606.29
2025-03-10,STR-006,94123,SKU-104,150,902.21
2025-03-10,STR-006,94123,SKU-105,130,465.44
2025-03-10,STR-006,94123,SKU-201,179,1141.01
2025-03-10,STR-006,94123,SKU-202,148,845.48
2025-03-10,STR-006,94123,SKU-203,274,868.26
2025-03-10,STR-006,94123,SKU-204,79,893.64
2025-03-10,STR-006,94123,SKU-301,276,1564.75
2025-03-10,STR-006,94123,SKU-302,167,1018.30
2025-03-10,STR-006,94123,SKU-303,116,682.00
2025-03-10,STR-006,94123,SKU-304,204,1250.13
2025-03-10,STR-006,94123,SKU-401,161,1066.96
2025-03-10,STR-006,94123,SKU-402,140,913.09
2025-03-10,STR-006,94123,SKU-403,127,688.93
2025-03-10,STR-006,94123,SKU-501,22,414.57
2025-03-10,STR-006,94123,SKU-502,12,370.11
2025-03-10,STR-006,94123,SKU-503,19,408.84
2025-03-10,STR-006,94123,SKU-504,11,197.06
2025-03-10,STR-006,94123,SKU-601,128,1569.99
2025-03-10,STR-006,94123,SKU-602,119,693.75
2025-03-10,STR-006,94123,SKU-603,116,583.15
2025-03-10,STR-006,94123,SKU-604,102,476.36
2025-03-10,STR-006,94123,SKU-701,3,77.95
2025-03-03,STR-001,94103,SKU-101,240,945.90
2025-03-03,STR-001,94103,SKU-102,331,2193.25
2025-03-03,STR-001,94103,SKU-103,340,1960.15
2025-03-03,STR-001,94103,SKU-104,172,1047.91
2025-03-03,STR-001,94103,SKU-105,182,635.31
2025-03-03,STR-001,94103,SKU-201,249,1557.05
2025-03-03,STR-001,94103,SKU-202,192,1071.18
2025-03-03,STR-001,94103,SKU-203,331,1032.17
2025-03-03,STR-001,94103,SKU-204,90,988.09
2025-03-03,STR-001,94103,SKU-301,309,1686.51
2025-03-03,STR-001,94103,SKU-302,229,1379.30
2025-03-03,STR-001,94103,SKU-303,164,909.60
2025-03-03,STR-001,94103,SKU-304,219,1410.87
2025-03-03,STR-001,94103,SKU-401,217,1409.86
2025-03-03,STR-001,94103,SKU-402,108,698.91
2025-03-03,STR-001,94103,SKU-403,165,852.15
2025-03-03,STR-001,94103,SKU-501,33,613.83
2025-03-03,STR-001,94103,SKU-502,17,519.19
2025-03-03,STR-001,94103,SKU-503,22,448.37
2025-03-03,STR-001,94103,SKU-504,14,233.52
2025-03-03,STR-001,94103,SKU-601,141,1660.44
2025-03-03,STR-001,94103,SKU-602,133,767.59
2025-03-03,STR-001,94103,SKU-603,176,923.53
2025-03-03,STR-001,94103,SKU-604,147,680.90
2025-03-03,STR-001,94103,SKU-701,2,53.86
2025-03-03,STR-002,94110,SKU-101,404,1700.58
2025-03-03,STR-002,94110,SKU-102,398,2617.58
2025-03-03,STR-002,94110,SKU-103,402,2439.82
2025-03-03,STR-002,94110,SKU-104,201,1251.88
2025-03-03,STR-002,94110,SKU-105,203,713.93
2025-03-03,STR-002,94110,SKU-201,303,1952.20
2025-03-03,STR-002,94110,SKU-202,278,1547.31
2025-03-03,STR-002,94110,SKU-203,373,1209.67
2025-03-03,STR-002,94110,SKU-204,112,1224.00
2025-03-03,STR-002,94110,SKU-301,340,1925.91
2025-03-03,STR-002,94110,SKU-302,281,1738.32
2025-03-03,STR-002,94110,SKU-303,217,1244.42
2025-03-03,STR-002,94110,SKU-304,286,1761.12
2025-03-03,STR-002,94110,SKU-401,271,1753.40
2025-03-03,STR-002,94110,SKU-402,195,1269.44
2025-03-03,STR-002,94110,SKU-403,206,1121.33
2025-03-03,STR-002,94110,SKU-501,37,678.45
2025-03-03,STR-002,94110,SKU-502,22,657.58
2025-03-03,STR-002,94110,SKU-503,28,570.18
2025-03-03,STR-002,94110,SKU-504,15,254.13
2025-03-03,STR-002,94110,SKU-601,161,1915.57
2025-03-03,STR-002,94110,SKU-602,158,929.85
2025-03-03,STR-002,94110,SKU-603,213,1046.45
2025-03-03,STR-002,94110,SKU-604,168,746.74
2025-03-03,STR-002,94110,SKU-701,3,78.17
2025-03-03,STR-003,94133,SKU-101,229,972.45
2025-03-03,STR-003,94133,SKU-102,349,2228.81
2025-03-03,STR-003,94133,SKU-103,281,1737.99
2025-03-03,STR-003,94133,SKU-104,144,870.99
2025-03-03,STR-003,94133,SKU-105,168,597.92
2025-03-03,STR-003,94133,SKU-201,212,1286.54
2025-03-03,STR-003,94133,SKU-202,193,1118.91
2025-03-03,STR-003,94133,SKU-203,269,812.76
2025-03-03,STR-003,94133,SKU-204,114,1281.43
2025-03-03,STR-003,94133,SKU-301,243,1311.05
2025-03-03,STR-003,94133,SKU-302,198,1155.99
2025-03-03,STR-003,94133,SKU-303,140,789.07
2025-03-03,STR-003,94133,SKU-304,161,1016.42
2025-03-03,STR-003,94133,SKU-401,201,1367.35
2025-03-03,STR-003,94133,SKU-402,121,796.78
2025-03-03,STR-003,94133,SKU-403,191,1023.52
2025-03-03,STR-003,94133,SKU-501,30,572.02
2025-03-03,STR-003,94133,SKU-502,12,381.27
2025-03-03,STR-003,94133,SKU-503,21,429.65
2025-03-03,STR-003,94133,SKU-504,13,226.22
2025-03-03,STR-003,94133,SKU-601,149,1736.78
2025-03-03,STR-003,94133,SKU-602,121,708.86
2025-03-03,STR-003,94133,SKU-603,128,635.09
2025-03-03,STR-003,94133,SKU-604,96,420.60
2025-03-03,STR-003,94133,SKU-701,3,82.35
2025-03-03,STR-004,94102,SKU-101,253,1038.21
2025-03-03,STR-004,94102,SKU-102,296,1934.62
2025-03-03,STR-004,94102,SKU-103,242,1494.81
2025-03-03,STR-004,94102,SKU-104,156,944.83
2025-03-03,STR-004,94102,SKU-105,113,392.75
2025-03-03,STR-004,94102,SKU-201,167,1071.70
2025-03-03,STR-004,94102,SKU-202,170,978.54
2025-03-03,STR-004,94102,SKU-203,294,948.75
2025-03-03,STR-004,94102,SKU-204,102,1156.46
2025-03-03,STR-004,94102,SKU-301,239,1326.00
2025-03-03,STR-004,94102,SKU-302,132,800.46
2025-03-03,STR-004,94102,SKU-303,111,633.11
2025-03-03,STR-004,94102,SKU-304,139,836.10
2025-03-03,STR-004,94102,SKU-401,193,1251.42
2025-03-03,STR-004,94102,SKU-402,104,677.00
2025-03-03,STR-004,94102,SKU-403,141,768.81
2025-03-03,STR-004,94102,SKU-501,21,407.18
2025-03-03,STR-004,94102,SKU-502,14,441.07
2025-03-03,STR-004,94102,SKU-503,14,293.21
2025-03-03,STR-004,94102,SKU-504,10,171.16
2025-03-03,STR-004,94102,SKU-601,84,1023.89
2025-03-03,STR-004,94102,SKU-602,90,508.84
2025-03-03,STR-004,94102,SKU-603,113,563.15
2025-03-03,STR-004,94102,SKU-604,79,371.27
2025-03-03,STR-004,94102,SKU-701,2,53.45
2025-03-03,STR-005,94118,SKU-101,245,975.23
2025-03-03,STR-005,94118,SKU-102,288,1903.38
2025-03-03,STR-005,94118,SKU-103,271,1660.97
2025-03-03,STR-005,94118,SKU-104,187,1204.28
2025-03-03,STR-005,94118,SKU-105,137,477.64
2025-03-03,STR-005,94118,SKU-201,235,1426.54
2025-03-03,STR-005,94118,SKU-202,210,1172.80
2025-03-03,STR-005,94118,SKU-203,282,898.81
2025-03-03,STR-005,94118,SKU-204,115,1233.50
2025-03-03,STR-005,94118,SKU-301,305,1651.53
2025-03-03,STR-005,94118,SKU-302,204,1191.96
2025-03-03,STR-005,94118,SKU-303,130,724.12
2025-03-03,STR-005,94118,SKU-304,233,1488.99
2025-03-03,STR-005,94118,SKU-401,235,1513.95
2025-03-03,STR-005,94118,SKU-402,114,751.59
2025-03-03,STR-005,94118,SKU-403,168,916.66
2025-03-03,STR-005,94118,SKU-501,35,665.86
2025-03-03,STR-005,94118,SKU-502,14,440.16
2025-03-03,STR-005,94118,SKU-503,19,415.77
2025-03-03,STR-005,94118,SKU-504,14,233.15
2025-03-03,STR-005,94118,SKU-601,160,1862.49
2025-03-03,STR-005,94118,SKU-602,102,589.06
2025-03-03,STR-005,94118,SKU-603,159,812.07
2025-03-03,STR-005,94118,SKU-604,134,634.70
2025-03-03,STR-005,94118,SKU-701,3,82.96
2025-03-03,STR-006,94123,SKU-101,281,1165.65
2025-03-03,STR-006,94123,SKU-102,309,1961.41
2025-03-03,STR-006,94123,SKU-103,264,1620.94
2025-03-03,STR-006,94123,SKU-104,171,1047.84
2025-03-03,STR-006,94123,SKU-105,133,468.02
2025-03-03,STR-006,94123,SKU-201,189,1227.66
2025-03-03,STR-006,94123,SKU-202,185,1049.92
2025-03-03,STR-006,94123,SKU-203,318,998.66
2025-03-03,STR-006,94123,SKU-204,85,936.03
2025-03-03,STR-006,94123,SKU-301,232,1297.30
2025-03-03,STR-006,94123,SKU-302,151,886.18
2025-03-03,STR-006,94123,SKU-303,124,688.87
2025-03-03,STR-006,94123,SKU-304,202,1268.15
2025-03-03,STR-006,94123,SKU-401,185,1248.37
2025-03-03,STR-006,94123,SKU-402,97,620.93
2025-03-03,STR-006,94123,SKU-403,154,796.47
2025-03-03,STR-006,94123,SKU-501,23,420.29
2025-03-03,STR-006,94123,SKU-502,14,436.93
2025-03-03,STR-006,94123,SKU-503,22,454.77
2025-03-03,STR-006,94123,SKU-504,12,206.91
2025-03-03,STR-006,94123,SKU-601,125,1560.68
2025-03-03,STR-006,94123,SKU-602,114,658.42
2025-03-03,STR-006,94123,SKU-603,148,745.95
2025-03-03,STR-006,94123,SKU-604,90,403.79
2025-03-03,STR-006,94123,SKU-701,3,83.54
2025-02-24,STR-001,94103,SKU-101,319,1321.50
2025-02-24,STR-001,94103,SKU-102,358,2238.53
2025-02-24,STR-001,94103,SKU-103,295,1839.31
2025-02-24,STR-001,94103,SKU-104,170,1029.86
2025-02-24,STR-001,94103,SKU-105,133,495.22
2025-02-24,STR-001,94103,SKU-201,267,1726.91
2025-02-24,STR-001,94103,SKU-202,197,1108.32
2025-02-24,STR-001,94103,SKU-203,366,1105.98
2025-02-24,STR-001,94103,SKU-204,92,993.55
2025-02-24,STR-001,94103,SKU-301,228,1208.41
2025-02-24,STR-001,94103,SKU-302,178,1042.14
2025-02-24,STR-001,94103,SKU-303,175,968.03
2025-02-24,STR-001,94103,SKU-304,217,1300.40
2025-02-24,STR-001,94103,SKU-401,183,1267.46
2025-02-24,STR-001,94103,SKU-402,115,725.27
2025-02-24,STR-001,94103,SKU-403,139,716.44
2025-02-24,STR-001,94103,SKU-501,25,451.45
2025-02-24,STR-001,94103,SKU-502,13,398.29
2025-02-24,STR-001,94103,SKU-503,22,475.87
2025-02-24,STR-001,94103,SKU-504,12,200.30
2025-02-24,STR-001,94103,SKU-601,109,1282.76
2025-02-24,STR-001,94103,SKU-602,117,700.32
2025-02-24,STR-001,94103,SKU-603,134,690.44
2025-02-24,STR-001,94103,SKU-604,115,532.74
2025-02-24,STR-001,94103,SKU-701,3,82.90
2025-02-24,STR-002,94110,SKU-101,371,1547.89
2025-02-24,STR-002,94110,SKU-102,411,2623.17
2025-02-24,STR-002,94110,SKU-103,373,2297.66
2025-02-24,STR-002,94110,SKU-104,222,1413.56
2025-02-24,STR-002,94110,SKU-105,224,789.69
2025-02-24,STR-002,94110,SKU-201,273,1751.98
2025-02-24,STR-002,94110,SKU-202,277,1593.62
2025-02-24,STR-002,94110,SKU-203,371,1164.45
2025-02-24,STR-002,94110,SKU-204,116,1268.04
2025-02-24,STR-002,94110,SKU-301,336,1928.45
2025-02-24,STR-002,94110,SKU-302,207,1269.68
2025-02-24,STR-002,94110,SKU-303,154,864.09
2025-02-24,STR-002,94110,SKU-304,285,1743.47
2025-02-24,STR-002,94110,SKU-401,323,2256.83
2025-02-24,STR-002,94110,SKU-402,144,937.63
2025-02-24,STR-002,94110,SKU-403,218,1181.09
2025-02-24,STR-002,94110,SKU-501,32,619.15
2025-02-24,STR-002,94110,SKU-502,19,593.20
2025-02-24,STR-002,94110,SKU-503,24,487.34
2025-02-24,STR-002,94110,SKU-504,14,245.85
2025-02-24,STR-002,94110,SKU-601,192,2243.03
2025-02-24,STR-002,94110,SKU-602,141,833.79
2025-02-24,STR-002,94110,SKU-603,193,989.14
2025-02-24,STR-002,94110,SKU-604,148,668.81
2025-02-24,STR-002,94110,SKU-701,4,109.40
2025-02-24,STR-003,94133,SKU-101,259,1060.99
2025-02-24,STR-003,94133,SKU-102,347,2231.85
2025-02-24,STR-003,94133,SKU-103,305,1784.37
2025-02-24,STR-003,94133,SKU-104,140,859.96
2025-02-24,STR-003,94133,SKU-105,147,530.51
2025-02-24,STR-003,94133,SKU-201,223,1429.89
2025-02-24,STR-003,94133,SKU-202,193,1072.35
2025-02-24,STR-003,94133,SKU-203,299,943.21
2025-02-24,STR-003,94133,SKU-204,83,879.60
2025-02-24,STR-003,94133,SKU-301,239,1350.43
2025-02-24,STR-003,94133,SKU-302,192,1118.01
2025-02-24,STR-003,94133,SKU-303,162,921.74
2025-02-24,STR-003,94133,SKU-304,204,1233.87
2025-02-24,STR-003,94133,SKU-401,190,1235.87
2025-02-24,STR-003,94133,SKU-402,140,913.06
2025-02-24,STR-003,94133,SKU-403,134,735.51
2025-02-24,STR-003,94133,SKU-501,27,493.72
2025-02-24,STR-003,94133,SKU-502,16,489.88
2025-02-24,STR-003,94133,SKU-503,17,356.73
2025-02-24,STR-003,94133,SKU-504,12,212.48
2025-02-24,STR-003,94133,SKU-601,109,1269.61
2025-02-24,STR-003,94133,SKU-602,97,539.83
2025-02-24,STR-003,94133,SKU-603,158,797.91
2025-02-24,STR-003,94133,SKU-604,120,562.55
2025-02-24,STR-003,94133,SKU-701,3,80.08
2025-02-24,STR-004,94102,SKU-101,185,772.23
2025-02-24,STR-004,94102,SKU-102,249,1630.78
2025-02-24,STR-004,94102,SKU-103,279,1612.52
2025-02-24,STR-004,94102,SKU-104,148,886.98
2025-02-24,STR-004,94102,SKU-105,101,375.84
2025-02-24,STR-004,94102,SKU-201,208,1341.01
2025-02-24,STR-004,94102,SKU-202,177,1031.87
2025-02-24,STR-004,94102,SKU-203,258,783.91
2025-02-24,STR-004,94102,SKU-204,69,754.40
2025-02-24,STR-004,94102,SKU-301,197,1072.43
2025-02-24,STR-004,94102,SKU-302,132,801.04
2025-02-24,STR-004,94102,SKU-303,135,759.06
2025-02-24,STR-004,94102,SKU-304,163,1022.62
2025-02-24,STR-004,94102,SKU-401,199,1377.52
2025-02-24,STR-004,94102,SKU-402,118,748.03
2025-02-24,STR-004,94102,SKU-403,143,760.37
2025-02-24,STR-004,94102,SKU-501,24,460.92
2025-02-24,STR-004,94102,SKU-502,11,331.47
2025-02-24,STR-004,94102,SKU-503,16,341.78
2025-02-24,STR-004,94102,SKU-504,9,153.18
2025-02-24,STR-004,94102,SKU-601,92,1075.93
2025-02-24,STR-004,94102,SKU-602,78,446.14
2025-02-24,STR-004,94102,SKU-603,121,594.84
2025-02-24,STR-004,94102,SKU-604,87,391.96
2025-02-24,STR-004,94102,SKU-701,2,51.65
2025-02-24,STR-005,94118,SKU-101,354,1484.63
2025-02-24,STR-005,94118,SKU-102,398,2549.87
2025-02-24,STR-005,94118,SKU-103,318,1966.73
2025-02-24,STR-005,94118,SKU-104,164,1053.32
2025-02-24,STR-005,94118,SKU-105,136,499.61
2025-02-24,STR-005,94118,SKU-201,284,1701.24
2025-02-24,STR-005,94118,SKU-202,245,1453.37
2025-02-24,STR-005,94118,SKU-203,361,1088.58
2025-02-24,STR-005,94118,SKU-204,131,1408.97
2025-02-24,STR-005,94118,SKU-301,228,1218.15
2025-02-24,STR-005,94118,SKU-302,230,1378.93
2025-02-24,STR-005,94118,SKU-303,174,1039.02
2025-02-24,STR-005,94118,SKU-304,201,1257.13
2025-02-24,STR-005,94118,SKU-401,267,1779.99
2025-02-24,STR-005,94118,SKU-402,134,837.57
2025-02-24,STR-005,94118,SKU-403,145,739.00
2025-02-24,STR-005,94118,SKU-501,32,584.75
2025-02-24,STR-005,94118,SKU-502,17,507.42
2025-02-24,STR-005,94118,SKU-503,23,495.31
2025-02-24,STR-005,94118,SKU-504,13,215.69
2025-02-24,STR-005,94118,SKU-601,150,1795.79
2025-02-24,STR-005,94118,SKU-602,119,682.85
2025-02-24,STR-005,94118,SKU-603,177,857.80
2025-02-24,STR-005,94118,SKU-604,154,697.57
2025-02-24,STR-005,94118,SKU-701,3,81.61
2025-02-24,STR-006,94123,SKU-101,260,1055.78
2025-02-24,STR-006,94123,SKU-102,237,1599.10
2025-02-24,STR-006,94123,SKU-103,257,1553.04
2025-02-24,STR-006,94123,SKU-104,161,993.26
2025-02-24,STR-006,94123,SKU-105,133,489.56
2025-02-24,STR-006,94123,SKU-201,243,1562.35
2025-02-24,STR-006,94123,SKU-202,206,1168.84
2025-02-24,STR-006,94123,SKU-203,325,1015.89
2025-02-24,STR-006,94123,SKU-204,111,1244.22
2025-02-24,STR-006,94123,SKU-301,203,1118.20
2025-02-24,STR-006,94123,SKU-302,167,1039.80
2025-02-24,STR-006,94123,SKU-303,117,660.54
2025-02-24,STR-006,94123,SKU-304,204,1284.81
2025-02-24,STR-006,94123,SKU-401,175,1136.12
2025-02-24,STR-006,94123,SKU-402,137,876.50
2025-02-24,STR-006,94123,SKU-403,181,930.94
2025-02-24,STR-006,94123,SKU-501,22,423.23
2025-02-24,STR-006,94123,SKU-502,11,327.39
2025-02-24,STR-006,94123,SKU-503,22,473.59
2025-02-24,STR-006,94123,SKU-504,10,168.34
2025-02-24,STR-006,94123,SKU-601,121,1465.17
2025-02-24,STR-006,94123,SKU-602,125,725.55
2025-02-24,STR-006,94123,SKU-603,108,539.62
2025-02-24,STR-006,94123,SKU-604,88,393.13
2025-02-24,STR-006,94123,SKU-701,3,77.94
2025-02-17,STR-001,94103,SKU-101,284,1188.17
2025-02-17,STR-001,94103,SKU-102,357,2312.64
2025-02-17,STR-001,94103,SKU-103,342,2132.85
2025-02-17,STR-001,94103,SKU-104,191,1170.85
2025-02-17,STR-001,94103,SKU-105,145,537.84
2025-02-17,STR-001,94103,SKU-201,215,1354.59
2025-02-17,STR-001,94103,SKU-202,193,1107.38
2025-02-17,STR-001,94103,SKU-203,287,905.39
2025-02-17,STR-001,94103,SKU-204,95,1005.81
2025-02-17,STR-001,94103,SKU-301,272,1517.72
2025-02-17,STR-001,94103,SKU-302,171,1064.84
2025-02-17,STR-001,94103,SKU-303,178,1044.40
2025-02-17,STR-001,94103,SKU-304,163,1022.20
2025-02-17,STR-001,94103,SKU-401,195,1261.85
2025-02-17,STR-001,94103,SKU-402,140,892.53
2025-02-17,STR-001,94103,SKU-403,182,952.11
2025-02-17,STR-001,94103,SKU-501,24,442.44
2025-02-17,STR-001,94103,SKU-502,13,415.80
2025-02-17,STR-001,94103,SKU-503,23,485.92
2025-02-17,STR-001,94103,SKU-504,11,191.46
2025-02-17,STR-001,94103,SKU-601,113,1366.09
2025-02-17,STR-001,94103,SKU-602,127,731.32
2025-02-17,STR-001,94103,SKU-603,127,648.75
2025-02-17,STR-001,94103,SKU-604,105,478.99
2025-02-17,STR-001,94103,SKU-701,3,83.74
2025-02-17,STR-002,94110,SKU-101,353,1410.12
2025-02-17,STR-002,94110,SKU-102,435,2709.88
2025-02-17,STR-002,94110,SKU-103,327,1880.69
2025-02-17,STR-002,94110,SKU-104,169,1026.21
2025-02-17,STR-002,94110,SKU-105,222,769.89
2025-02-17,STR-002,94110,SKU-201,273,1698.98
2025-02-17,STR-002,94110,SKU-202,231,1368.43
2025-02-17,STR-002,94110,SKU-203,320,956.83
2025-02-17,STR-002,94110,SKU-204,128,1423.43
2025-02-17,STR-002,94110,SKU-301,291,1548.38
2025-02-17,STR-002,94110,SKU-302,266,1616.46
2025-02-17,STR-002,94110,SKU-303,224,1242.34
2025-02-17,STR-002,94110,SKU-304,207,1323.83
2025-02-17,STR-002,94110,SKU-401,295,1944.42
2025-02-17,STR-002,94110,SKU-402,171,1144.62
2025-02-17,STR-002,94110,SKU-403,214,1085.25
2025-02-17,STR-002,94110,SKU-501,37,673.39
2025-02-17,STR-002,94110,SKU-502,21,636.42
2025-02-17,STR-002,94110,SKU-503,27,560.27
2025-02-17,STR-002,94110,SKU-504,15,251.69
2025-02-17,STR-002,94110,SKU-601,156,1811.13
2025-02-17,STR-002,94110,SKU-602,126,710.30
2025-02-17,STR-002,94110,SKU-603,210,1032.35
2025-02-17,STR-002,94110,SKU-604,182,829.49
2025-02-17,STR-002,94110,SKU-701,3,81.60
2025-02-17,STR-003,94133,SKU-101,224,929.33
2025-02-17,STR-003,94133,SKU-102,279,1775.36
2025-02-17,STR-003,94133,SKU-103,235,1406.35
2025-02-17,STR-003,94133,SKU-104,159,969.14
2025-02-17,STR-003,94133,SKU-105,123,441.51
2025-02-17,STR-003,94133,SKU-201,229,1378.22
2025-02-17,STR-003,94133,SKU-202,180,1053.29
2025-02-17,STR-003,94133,SKU-203,262,842.92
2025-02-17,STR-003,94133,SKU-204,93,1012.37
2025-02-17,STR-003,94133,SKU-301,296,1630.89
2025-02-17,STR-003,94133,SKU-302,207,1283.73
2025-02-17,STR-003,94133,SKU-303,173,1023.73
2025-02-17,STR-003,94133,SKU-304,192,1200.96
2025-02-17,STR-003,94133,SKU-401,251,1665.39
2025-02-17,STR-003,94133,SKU-402,145,975.65
2025-02-17,STR-003,94133,SKU-403,171,918.59
2025-02-17,STR-003,94133,SKU-501,24,461.18
2025-02-17,STR-003,94133,SKU-502,17,510.32
2025-02-17,STR-003,94133,SKU-503,20,410.54
2025-02-17,STR-003,94133,SKU-504,10,174.39
2025-02-17,STR-003,94133,SKU-601,136,1645.09
2025-02-17,STR-003,94133,SKU-602,127,731.24
2025-02-17,STR-003,94133,SKU-603,132,662.10
2025-02-17,STR-003,94133,SKU-604,121,572.55
2025-02-17,STR-003,94133,SKU-701,2,53.60
2025-02-17,STR-004,94102,SKU-101,220,873.87
2025-02-17,STR-004,94102,SKU-102,299,1893.68
2025-02-17,STR-004,94102,SKU-103,221,1296.48
2025-02-17,STR-004,94102,SKU-104,148,931.41
2025-02-17,STR-004,94102,SKU-105,108,379.90
2025-02-17,STR-004,94102,SKU-201,161,1019.91
2025-02-17,STR-004,94102,SKU-202,180,1078.81
2025-02-17,STR-004,94102,SKU-203,221,688.87
2025-02-17,STR-004,94102,SKU-204,92,1049.95
2025-02-17,STR-004,94102,SKU-301,180,966.44
2025-02-17,STR-004,94102,SKU-302,155,948.17
2025-02-17,STR-004,94102,SKU-303,104,614.70
2025-02-17,STR-004,94102,SKU-304,176,1136.21
2025-02-17,STR-004,94102,SKU-401,201,1313.31
2025-02-17,STR-004,94102,SKU-402,97,638.38
2025-02-17,STR-004,94102,SKU-403,131,669.36
2025-02-17,STR-004,94102,SKU-501,24,432.88
2025-02-17,STR-004,94102,SKU-502,14,444.42
2025-02-17,STR-004,94102,SKU-503,19,403.30
2025-02-17,STR-004,94102,SKU-504,9,156.53
2025-02-17,STR-004,94102,SKU-601,117,1376.83
2025-02-17,STR-004,94102,SKU-602,87,503.76
2025-02-17,STR-004,94102,SKU-603,98,505.78
2025-02-17,STR-004,94102,SKU-604,80,349.97
2025-02-17,STR-004,94102,SKU-701,2,55.49
2025-02-17,STR-005,94118,SKU-101,300,1264.36
2025-02-17,STR-005,94118,SKU-102,329,2197.63
2025-02-17,STR-005,94118,SKU-103,308,1885.11
2025-02-17,STR-005,94118,SKU-104,200,1226.80
2025-02-17,STR-005,94118,SKU-105,183,653.62
2025-02-17,STR-005,94118,SKU-201,262,1618.37
2025-02-17,STR-005,94118,SKU-202,254,1473.41
2025-02-17,STR-005,94118,SKU-203,389,1245.21
2025-02-17,STR-005,94118,SKU-204,100,1134.98
2025-02-17,STR-005,94118,SKU-301,321,1790.71
2025-02-17,STR-005,94118,SKU-302,202,1180.01
2025-02-17,STR-005,94118,SKU-303,177,979.71
2025-02-17,STR-005,94118,SKU-304,174,1054.37
2025-02-17,STR-005,94118,SKU-401,206,1372.33
2025-02-17,STR-005,94118,SKU-402,127,797.13
2025-02-17,STR-005,94118,SKU-403,159,847.95
2025-02-17,STR-005,94118,SKU-501,30,565.67
2025-02-17,STR-005,94118,SKU-502,17,502.37
2025-02-17,STR-005,94118,SKU-503,23,500.49
2025-02-17,STR-005,94118,SKU-504,12,200.65
2025-02-17,STR-005,94118,SKU-601,154,1843.96
2025-02-17,STR-005,94118,SKU-602,141,805.92
2025-02-17,STR-005,94118,SKU-603,152,773.36
2025-02-17,STR-005,94118,SKU-604,155,701.40
2025-02-17,STR-005,94118,SKU-701,3,80.47
2025-02-17,STR-006,94123,SKU-101,236,948.79
2025-02-17,STR-006,94123,SKU-102,340,2141.83
2025-02-17,STR-006,94123,SKU-103,314,1849.69
2025-02-17,STR-006,94123,SKU-104,126,785.03
2025-02-17,STR-006,94123,SKU-105,133,489.50
2025-02-17,STR-006,94123,SKU-201,239,1466.87
2025-02-17,STR-006,94123,SKU-202,187,1115.49
2025-02-17,STR-006,94123,SKU-203,330,1018.62
2025-02-17,STR-006,94123,SKU-204,105,1156.09
2025-02-17,STR-006,94123,SKU-301,221,1218.52
2025-02-17,STR-006,94123,SKU-302,175,1015.71
2025-02-17,STR-006,94123,SKU-303,122,680.33
2025-02-17,STR-006,94123,SKU-304,149,918.85
2025-02-17,STR-006,94123,SKU-401,222,1552.84
2025-02-17,STR-006,94123,SKU-402,136,901.98
2025-02-17,STR-006,94123,SKU-403,168,896.79
2025-02-17,STR-006,94123,SKU-501,25,479.03
2025-02-17,STR-006,94123,SKU-502,11,347.13
2025-02-17,STR-006,94123,SKU-503,20,426.85
2025-02-17,STR-006,94123,SKU-504,13,223.49
2025-02-17,STR-006,94123,SKU-601,110,1373.08
2025-02-17,STR-006,94123,SKU-602,106,632.06
2025-02-17,STR-006,94123,SKU-603,136,661.83
2025-02-17,STR-006,94123,SKU-604,89,416.27
2025-02-17,STR-006,94123,SKU-701,2,55.89
2025-02-10,STR-001,94103,SKU-101,279,1104.49
2025-02-10,STR-001,94103,SKU-102,292,1881.54
2025-02-10,STR-001,94103,SKU-103,336,2086.37
2025-02-10,STR-001,94103,SKU-104,132,793.47
2025-02-10,STR-001,94103,SKU-105,179,647.50
2025-02-10,STR-001,94103,SKU-201,199,1272.93
2025-02-10,STR-001,94103,SKU-202,174,1043.55
2025-02-10,STR-001,94103,SKU-203,287,901.35
2025-02-10,STR-001,94103,SKU-204,113,1299.29
2025-02-10,STR-001,94103,SKU-301,269,1458.17
2025-02-10,STR-001,94103,SKU-302,184,1107.64
2025-02-10,STR-001,94103,SKU-303,160,919.76
2025-02-10,STR-001,94103,SKU-304,174,1119.64
2025-02-10,STR-001,94103,SKU-401,214,1478.41
2025-02-10,STR-001,94103,SKU-402,149,978.67
2025-02-10,STR-001,94103,SKU-403,151,798.22
2025-02-10,STR-001,94103,SKU-501,27,489.74
2025-02-10,STR-001,94103,SKU-502,16,496.37
2025-02-10,STR-001,94103,SKU-503,21,437.65
2025-02-10,STR-001,94103,SKU-504,13,229.37
2025-02-10,STR-001,94103,SKU-601,152,1837.07
2025-02-10,STR-001,94103,SKU-602,103,606.23
2025-02-10,STR-001,94103,SKU-603,161,781.48
2025-02-10,STR-001,94103,SKU-604,145,679.56
2025-02-10,STR-001,94103,SKU-701,3,82.15
2025-02-10,STR-002,94110,SKU-101,375,1467.89
2025-02-10,STR-002,94110,SKU-102,483,3167.56
2025-02-10,STR-002,94110,SKU-103,386,2384.06
2025-02-10,STR-002,94110,SKU-104,168,1090.93
2025-02-10,STR-002,94110,SKU-105,180,635.80
2025-02-10,STR-002,94110,SKU-201,245,1545.34
2025-02-10,STR-002,94110,SKU-202,272,1572.04
2025-02-10,STR-002,94110,SKU-203,337,1025.35
2025-02-10,STR-002,94110,SKU-204,108,1154.72
2025-02-10,STR-002,94110,SKU-301,342,1839.79
2025-02-10,STR-002,94110,SKU-302,294,1786.56
2025-02-10,STR-002,94110,SKU-303,225,1284.16
2025-02-10,STR-002,94110,SKU-304,265,1586.63
2025-02-10,STR-002,94110,SKU-401,255,1710.97
2025-02-10,STR-002,94110,SKU-402,153,982.71
2025-02-10,STR-002,94110,SKU-403,183,967.79
2025-02-10,STR-002,94110,SKU-501,33,641.90
2025-02-10,STR-002,94110,SKU-502,22,696.15
2025-02-10,STR-002,94110,SKU-503,32,672.34
2025-02-10,STR-002,94110,SKU-504,13,228.39
2025-02-10,STR-002,94110,SKU-601,167,2040.08
2025-02-10,STR-002,94110,SKU-602,151,837.31
2025-02-10,STR-002,94110,SKU-603,201,1028.77
2025-02-10,STR-002,94110,SKU-604,158,737.70
2025-02-10,STR-002,94110,SKU-701,4,105.91
2025-02-10,STR-003,94133,SKU-101,321,1318.75
2025-02-10,STR-003,94133,SKU-102,335,2177.84
2025-02-10,STR-003,94133,SKU-103,275,1662.33
2025-02-10,STR-003,94133,SKU-104,167,1085.18
2025-02-10,STR-003,94133,SKU-105,155,552.13
2025-02-10,STR-003,94133,SKU-201,193,1213.36
2025-02-10,STR-003,94133,SKU-202,179,1028.76
2025-02-10,STR-003,94133,SKU-203,351,1070.06
2025-02-10,STR-003,94133,SKU-204,88,974.51
2025-02-10,STR-003,94133,SKU-301,265,1480.36
2025-02-10,STR-003,94133,SKU-302,216,1332.33
2025-02-10,STR-003,94133,SKU-303,148,820.89
2025-02-10,STR-003,94133,SKU-304,212,1327.20
2025-02-10,STR-003,94133,SKU-401,169,1126.29
2025-02-10,STR-003,94133,SKU-402,110,692.63
2025-02-10,STR-003,94133,SKU-403,171,909.97
2025-02-10,STR-003,94133,SKU-501,24,459.68
2025-02-10,STR-003,94133,SKU-502,16,474.60
2025-02-10,STR-003,94133,SKU-503,20,437.64
2025-02-10,STR-003,94133,SKU-504,12,210.79
2025-02-10,STR-003,94133,SKU-601,106,1237.72
2025-02-10,STR-003,94133,SKU-602,124,693.42
2025-02-10,STR-003,94133,SKU-603,143,714.26
2025-02-10,STR-003,94133,SKU-604,109,496.79
2025-02-10,STR-003,94133,SKU-701,3,83.17
2025-02-10,STR-004,94102,SKU-101,223,872.38
2025-02-10,STR-004,94102,SKU-102,213,1383.30
2025-02-10,STR-004,94102,SKU-103,206,1282.29
2025-02-10,STR-004,94102,SKU-104,151,942.54
2025-02-10,STR-004,94102,SKU-105,132,470.18
2025-02-10,STR-004,94102,SKU-201,194,1247.69
2025-02-10,STR-004,94102,SKU-202,156,862.07
2025-02-10,STR-004,94102,SKU-203,268,805.03
2025-02-10,STR-004,94102,SKU-204,76,848.30
2025-02-10,STR-004,94102,SKU-301,217,1216.17
2025-02-10,STR-004,94102,SKU-302,161,956.14
2025-02-10,STR-004,94102,SKU-303,129,753.26
2025-02-10,STR-004,94102,SKU-304,176,1101.55
2025-02-10,STR-004,94102,SKU-401,148,1015.76
2025-02-10,STR-004,94102,SKU-402,86,551.97
2025-02-10,STR-004,94102,SKU-403,151,778.74
2025-02-10,STR-004,94102,SKU-501,26,505.23
2025-02-10,STR-004,94102,SKU-502,13,408.41
2025-02-10,STR-004,94102,SKU-503,20,418.70
2025-02-10,STR-004,94102,SKU-504,11,195.33
2025-02-10,STR-004,94102,SKU-601,99,1225.30
2025-02-10,STR-004,94102,SKU-602,91,529.02
2025-02-10,STR-004,94102,SKU-603,104,540.33
2025-02-10,STR-004,94102,SKU-604,115,539.84
2025-02-10,STR-004,94102,SKU-701,3,77.29
2025-02-10,STR-005,94118,SKU-101,311,1256.65
2025-02-10,STR-005,94118,SKU-102,347,2171.29
2025-02-10,STR-005,94118,SKU-103,352,2192.81
2025-02-10,STR-005,94118,SKU-104,194,1180.92
2025-02-10,STR-005,94118,SKU-105,184,653.25
2025-02-10,STR-005,94118,SKU-201,276,1652.63
2025-02-10,STR-005,94118,SKU-202,249,1423.98
2025-02-10,STR-005,94118,SKU-203,320,964.23
2025-02-10,STR-005,94118,SKU-204,92,1017.86
2025-02-10,STR-005,94118,SKU-301,270,1495.16
2025-02-10,STR-005,94118,SKU-302,203,1266.72
2025-02-10,STR-005,94118,SKU-303,161,903.05
2025-02-10,STR-005,94118,SKU-304,243,1462.19
2025-02-10,STR-005,94118,SKU-401,230,1606.44
2025-02-10,STR-005,94118,SKU-402,132,846.37
2025-02-10,STR-005,94118,SKU-403,180,923.40
2025-02-10,STR-005,94118,SKU-501,27,512.47
2025-02-10,STR-005,94118,SKU-502,15,457.58
2025-02-10,STR-005,94118,SKU-503,25,516.16
2025-02-10,STR-005,94118,SKU-504,12,212.62
2025-02-10,STR-005,94118,SKU-601,165,1951.01
2025-02-10,STR-005,94118,SKU-602,146,854.76
2025-02-10,STR-005,94118,SKU-603,173,840.08
2025-02-10,STR-005,94118,SKU-604,128,586.05
2025-02-10,STR-005,94118,SKU-701,4,103.12
2025-02-10,STR-006,94123,SKU-101,254,1063.24
2025-02-10,STR-006,94123,SKU-102,234,1495.34
2025-02-10,STR-006,94123,SKU-103,222,1324.43
2025-02-10,STR-006,94123,SKU-104,154,958.55
2025-02-10,STR-006,94123,SKU-105,145,520.67
2025-02-10,STR-006,94123,SKU-201,221,1405.28
2025-02-10,STR-006,94123,SKU-202,171,991.20
2025-02-10,STR-006,94123,SKU-203,270,864.85
2025-02-10,STR-006,94123,SKU-204,77,840.22
2025-02-10,STR-006,94123,SKU-301,235,1290.65
2025-02-10,STR-006,94123,SKU-302,169,979.53
2025-02-10,STR-006,94123,SKU-303,119,658.69
2025-02-10,STR-006,94123,SKU-304,186,1141.82
2025-02-10,STR-006,94123,SKU-401,186,1214.83
2025-02-10,STR-006,94123,SKU-402,123,768.74
2025-02-10,STR-006,94123,SKU-403,123,653.53
2025-02-10,STR-006,94123,SKU-501,23,422.25
2025-02-10,STR-006,94123,SKU-502,14,423.91
2025-02-10,STR-006,94123,SKU-503,21,426.69
2025-02-10,STR-006,94123,SKU-504,11,192.60
2025-02-10,STR-006,94123,SKU-601,139,1670.84
2025-02-10,STR-006,94123,SKU-602,86,491.32
2025-02-10,STR-006,94123,SKU-603,131,665.55
2025-02-10,STR-006,94123,SKU-604,110,505.20
2025-02-10,STR-006,94123,SKU-701,2,54.91
2025-02-03,STR-001,94103,SKU-101,255,1027.94
2025-02-03,STR-001,94103,SKU-102,371,2454.33
2025-02-03,STR-001,94103,SKU-103,252,1507.74
2025-02-03,STR-001,94103,SKU-104,156,970.37
2025-02-03,STR-001,94103,SKU-105,149,529.35
2025-02-03,STR-001,94103,SKU-201,237,1481.18
2025-02-03,STR-001,94103,SKU-202,211,1233.13
2025-02-03,STR-001,94103,SKU-203,335,1003.55
2025-02-03,STR-001,94103,SKU-204,119,1328.42
2025-02-03,STR-001,94103,SKU-301,216,1163.54
2025-02-03,STR-001,94103,SKU-302,192,1195.01
2025-02-03,STR-001,94103,SKU-303,153,844.95
2025-02-03,STR-001,94103,SKU-304,217,1369.92
2025-02-03,STR-001,94103,SKU-401,219,1433.40
2025-02-03,STR-001,94103,SKU-402,129,818.25
2025-02-03,STR-001,94103,SKU-403,200,1050.70
2025-02-03,STR-001,94103,SKU-501,28,522.16
2025-02-03,STR-001,94103,SKU-502,13,412.92
2025-02-03,STR-001,94103,SKU-503,20,418.56
2025-02-03,STR-001,94103,SKU-504,12,199.19
2025-02-03,STR-001,94103,SKU-601,126,1457.38
2025-02-03,STR-001,94103,SKU-602,139,814.49
2025-02-03,STR-001,94103,SKU-603,154,767.36
2025-02-03,STR-001,94103,SKU-604,141,664.87
2025-02-03,STR-001,94103,SKU-701,3,81.58
2025-02-03,STR-002,94110,SKU-101,312,1221.65
2025-02-03,STR-002,94110,SKU-102,365,2285.45
2025-02-03,STR-002,94110,SKU-103,395,2413.65
2025-02-03,STR-002,94110,SKU-104,163,988.83
2025-02-03,STR-002,94110,SKU-105,169,609.25
2025-02-03,STR-002,94110,SKU-201,298,1923.95
2025-02-03,STR-002,94110,SKU-202,298,1689.49
2025-02-03,STR-002,94110,SKU-203,372,1183.05
2025-02-03,STR-002,94110,SKU-204,112,1198.74
2025-02-03,STR-002,94110,SKU-301,328,1853.33
2025-02-03,STR-002,94110,SKU-302,296,1782.07
2025-02-03,STR-002,94110,SKU-303,177,1030.44
2025-02-03,STR-002,94110,SKU-304,239,1517.79
2025-02-03,STR-002,94110,SKU-401,234,1569.50
2025-02-03,STR-002,94110,SKU-402,177,1143.39
2025-02-03,STR-002,94110,SKU-403,197,1009.89
2025-02-03,STR-002,94110,SKU-501,29,555.87
2025-02-03,STR-002,94110,SKU-502,21,647.25
2025-02-03,STR-002,94110,SKU-503,29,635.33
2025-02-03,STR-002,94110,SKU-504,17,293.71
2025-02-03,STR-002,94110,SKU-601,186,2286.74
2025-02-03,STR-002,94110,SKU-602,156,895.72
2025-02-03,STR-002,94110,SKU-603,218,1143.38
2025-02-03,STR-002,94110,SKU-604,157,693.02
2025-02-03,STR-002,94110,SKU-701,3,83.32
2025-02-03,STR-003,94133,SKU-101,242,1013.14
2025-02-03,STR-003,94133,SKU-102,289,1796.65
2025-02-03,STR-003,94133,SKU-103,271,1645.71
2025-02-03,STR-003,94133,SKU-104,186,1160.15
2025-02-03,STR-003,94133,SKU-105,145,511.04
2025-02-03,STR-003,94133,SKU-201,250,1599.98
2025-02-03,STR-003,94133,SKU-202,192,1139.70
2025-02-03,STR-003,94133,SKU-203,280,904.89
2025-02-03,STR-003,94133,SKU-204,90,967.44
2025-02-03,STR-003,94133,SKU-301,251,1375.93
2025-02-03,STR-003,94133,SKU-302,185,1095.09
2025-02-03,STR-003,94133,SKU-303,120,685.18
2025-02-03,STR-003,94133,SKU-304,186,1139.91
2025-02-03,STR-003,94133,SKU-401,213,1428.63
2025-02-03,STR-003,94133,SKU-402,147,915.32
2025-02-03,STR-003,94133,SKU-403,151,826.36
2025-02-03,STR-003,94133,SKU-501,32,594.97
2025-02-03,STR-003,94133,SKU-502,15,463.33
2025-02-03,STR-003,94133,SKU-503,21,433.11
2025-02-03,STR-003,94133,SKU-504,11,186.87
2025-02-03,STR-003,94133,SKU-601,124,1479.80
2025-02-03,STR-003,94133,SKU-602,93,555.31
2025-02-03,STR-003,94133,SKU-603,141,700.70
2025-02-03,STR-003,94133,SKU-604,130,596.65
2025-02-03,STR-003,94133,SKU-701,3,81.12
2025-02-03,STR-004,94102,SKU-101,221,871.36
2025-02-03,STR-004,94102,SKU-102,294,1826.31
2025-02-03,STR-004,94102,SKU-103,235,1357.39
2025-02-03,STR-004,94102,SKU-104,118,763.44
2025-02-03,STR-004,94102,SKU-105,99,352.78
2025-02-03,STR-004,94102,SKU-201,207,1298.29
2025-02-03,STR-004,94102,SKU-202,149,845.46
2025-02-03,STR-004,94102,SKU-203,286,861.75
2025-02-03,STR-004,94102,SKU-204,85,955.57
2025-02-03,STR-004,94102,SKU-301,239,1289.37
2025-02-03,STR-004,94102,SKU-302,151,874.51
2025-02-03,STR-004,94102,SKU-303,133,781.05
2025-02-03,STR-004,94102,SKU-304,159,1026.06
2025-02-03,STR-004,94102,SKU-401,150,1002.56
2025-02-03,STR-004,94102,SKU-402,125,814.68
2025-02-03,STR-004,94102,SKU-403,107,581.95
2025-02-03,STR-004,94102,SKU-501,18,338.35
2025-02-03,STR-004,94102,SKU-502,11,335.25
2025-02-03,STR-004,94102,SKU-503,16,334.06
2025-02-03,STR-004,94102,SKU-504,11,188.27
2025-02-03,STR-004,94102,SKU-601,102,1235.50
2025-02-03,STR-004,94102,SKU-602,95,534.09
2025-02-03,STR-004,94102,SKU-603,97,483.96
2025-02-03,STR-004,94102,SKU-604,82,377.16
2025-02-03,STR-004,94102,SKU-701,2,55.47
2025-02-03,STR-005,94118,SKU-101,305,1192.86
2025-02-03,STR-005,94118,SKU-102,298,1969.19
2025-02-03,STR-005,94118,SKU-103,356,2138.01
2025-02-03,STR-005,94118,SKU-104,151,903.86
2025-02-03,STR-005,94118,SKU-105,149,545.60
2025-02-03,STR-005,94118,SKU-201,244,1497.78
2025-02-03,STR-005,94118,SKU-202,193,1068.45
2025-02-03,STR-005,94118,SKU-203,301,960.23
2025-02-03,STR-005,94118,SKU-204,101,1087.36
2025-02-03,STR-005,94118,SKU-301,233,1252.96
2025-02-03,STR-005,94118,SKU-302,241,1388.51
2025-02-03,STR-005,94118,SKU-303,178,1040.94
2025-02-03,STR-005,94118,SKU-304,235,1420.99
2025-02-03,STR-005,94118,SKU-401,263,1811.55
2025-02-03,STR-005,94118,SKU-402,157,990.24
2025-02-03,STR-005,94118,SKU-403,178,951.54
2025-02-03,STR-005,94118,SKU-501,27,513.00
2025-02-03,STR-005,94118,SKU-502,13,398.31
2025-02-03,STR-005,94118,SKU-503,21,442.93
2025-02-03,STR-005,94118,SKU-504,12,199.28
2025-02-03,STR-005,94118,SKU-601,127,1474.43
2025-02-03,STR-005,94118,SKU-602,143,831.45
2025-02-03,STR-005,94118,SKU-603,178,914.91
2025-02-03,STR-005,94118,SKU-604,149,659.20
2025-02-03,STR-005,94118,SKU-701,3,79.82
2025-02-03,STR-006,94123,SKU-101,230,908.40
2025-02-03,STR-006,94123,SKU-102,242,1575.57
2025-02-03,STR-006,94123,SKU-103,300,1811.90
2025-02-03,STR-006,94123,SKU-104,168,1045.93
2025-02-03,STR-006,94123,SKU-105,118,438.75
2025-02-03,STR-006,94123,SKU-201,210,1362.87
2025-02-03,STR-006,94123,SKU-202,160,958.55
2025-02-03,STR-006,94123,SKU-203,248,797.44
2025-02-03,STR-006,94123,SKU-204,85,973.37
2025-02-03,STR-006,94123,SKU-301,254,1438.03
2025-02-03,STR-006,94123,SKU-302,144,884.71
2025-02-03,STR-006,94123,SKU-303,163,941.74
2025-02-03,STR-006,94123,SKU-304,195,1211.13
2025-02-03,STR-006,94123,SKU-401,171,1121.37
2025-02-03,STR-006,94123,SKU-402,123,772.68
2025-02-03,STR-006,94123,SKU-403,153,797.64
2025-02-03,STR-006,94123,SKU-501,21,382.88
2025-02-03,STR-006,94123,SKU-502,15,478.50
2025-02-03,STR-006,94123,SKU-503,20,423.84
2025-02-03,STR-006,94123,SKU-504,10,176.94
2025-02-03,STR-006,94123,SKU-601,130,1510.76
2025-02-03,STR-006,94123,SKU-602,124,700.80
2025-02-03,STR-006,94123,SKU-603,130,635.29
2025-02-03,STR-006,94123,SKU-604,113,502.50
2025-02-03,STR-006,94123,SKU-701,3,83.81
2025-01-27,STR-001,94103,SKU-101,287,1206.75
2025-01-27,STR-001,94103,SKU-102,373,2453.72
2025-01-27,STR-001,94103,SKU-103,306,1871.50
2025-01-27,STR-001,94103,SKU-104,137,861.84
2025-01-27,STR-001,94103,SKU-105,166,614.31
2025-01-27,STR-001,94103,SKU-201,214,1343.20
2025-01-27,STR-001,94103,SKU-202,215,1225.15
2025-01-27,STR-001,94103,SKU-203,312,969.05
2025-01-27,STR-001,94103,SKU-204,87,961.30
2025-01-27,STR-001,94103,SKU-301,265,1478.22
2025-01-27,STR-001,94103,SKU-302,194,1194.75
2025-01-27,STR-001,94103,SKU-303,158,944.54
2025-01-27,STR-001,94103,SKU-304,189,1160.33
2025-01-27,STR-001,94103,SKU-401,232,1556.45
2025-01-27,STR-001,94103,SKU-402,154,1028.72
2025-01-27,STR-001,94103,SKU-403,165,905.21
2025-01-27,STR-001,94103,SKU-501,23,423.70
2025-01-27,STR-001,94103,SKU-502,18,552.98
2025-01-27,STR-001,94103,SKU-503,23,467.75
2025-01-27,STR-001,94103,SKU-504,12,216.00
2025-01-27,STR-001,94103,SKU-601,126,1536.99
2025-01-27,STR-001,94103,SKU-602,136,750.88
2025-01-27,STR-001,94103,SKU-603,158,814.55
2025-01-27,STR-001,94103,SKU-604,105,470.43
2025-01-27,STR-001,94103,SKU-701,3,79.65
2025-01-27,STR-002,94110,SKU-101,378,1606.13
2025-01-27,STR-002,94110,SKU-102,379,2490.96
2025-01-27,STR-002,94110,SKU-103,420,2449.29
2025-01-27,STR-002,94110,SKU-104,198,1226.31
2025-01-27,STR-002,94110,SKU-105,172,621.78
2025-01-27,STR-002,94110,SKU-201,244,1483.27
2025-01-27,STR-002,94110,SKU-202,237,1381.81
2025-01-27,STR-002,94110,SKU-203,330,1003.18
2025-01-27,STR-002,94110,SKU-204,114,1240.61
2025-01-27,STR-002,94110,SKU-301,361,2040.26
2025-01-27,STR-002,94110,SKU-302,253,1540.38
2025-01-27,STR-002,94110,SKU-303,220,1268.88
2025-01-27,STR-002,94110,SKU-304,290,1777.87
2025-01-27,STR-002,94110,SKU-401,268,1752.83
2025-01-27,STR-002,94110,SKU-402,166,1031.63
2025-01-27,STR-002,94110,SKU-403,215,1116.16
2025-01-27,STR-002,94110,SKU-501,38,728.52
2025-01-27,STR-002,94110,SKU-502,18,533.23
2025-01-27,STR-002,94110,SKU-503,27,558.58
2025-01-27,STR-002,94110,SKU-504,14,236.76
2025-01-27,STR-002,94110,SKU-601,188,2321.22
2025-01-27,STR-002,94110,SKU-602,170,948.16
2025-01-27,STR-002,94110,SKU-603,182,919.12
2025-01-27,STR-002,94110,SKU-604,178,779.40
2025-01-27,STR-002,94110,SKU-701,4,103.22
2025-01-27,STR-003,94133,SKU-101,306,1220.35
2025-01-27,STR-003,94133,SKU-102,306,2064.46
2025-01-27,STR-003,94133,SKU-103,306,1909.59
2025-01-27,STR-003,94133,SKU-104,140,901.25
2025-01-27,STR-003,94133,SKU-105,129,457.91
2025-01-27,STR-003,94133,SKU-201,218,1367.73
2025-01-27,STR-003,94133,SKU-202,206,1141.28
2025-01-27,STR-003,94133,SKU-203,348,1109.36
2025-01-27,STR-003,94133,SKU-204,106,1195.04
2025-01-27,STR-003,94133,SKU-301,207,1101.10
2025-01-27,STR-003,94133,SKU-302,180,1117.42
2025-01-27,STR-003,94133,SKU-303,146,814.60
2025-01-27,STR-003,94133,SKU-304,192,1217.30
2025-01-27,STR-003,94133,SKU-401,172,1112.49
2025-01-27,STR-003,94133,SKU-402,137,911.82
2025-01-27,STR-003,94133,SKU-403,137,705.72
2025-01-27,STR-003,94133,SKU-501,29,542.67
2025-01-27,STR-003,94133,SKU-502,17,512.15
2025-01-27,STR-003,94133,SKU-503,19,385.66
2025-01-27,STR-003,94133,SKU-504,13,233.65
2025-01-27,STR-003,94133,SKU-601,111,1287.74
2025-01-27,STR-003,94133,SKU-602,126,733.78
2025-01-27,STR-003,94133,SKU-603,148,728.68
2025-01-27,STR-003,94133,SKU-604,110,515.20
2025-01-27,STR-003,94133,SKU-701,3,79.36
2025-01-27,STR-004,94102,SKU-101,221,929.59
2025-01-27,STR-004,94102,SKU-102,249,1546.81
2025-01-27,STR-004,94102,SKU-103,272,1678.84
2025-01-27,STR-004,94102,SKU-104,125,807.74
2025-01-27,STR-004,94102,SKU-105,140,492.09
2025-01-27,STR-004,94102,SKU-201,147,908.80
2025-01-27,STR-004,94102,SKU-202,190,1057.93
2025-01-27,STR-004,94102,SKU-203,284,857.75
2025-01-27,STR-004,94102,SKU-204,86,920.20
2025-01-27,STR-004,94102,SKU-301,234,1241.54
2025-01-27,STR-004,94102,SKU-302,130,767.03
2025-01-27,STR-004,94102,SKU-303,114,669.08
2025-01-27,STR-004,94102,SKU-304,187,1122.13
2025-01-27,STR-004,94102,SKU-401,174,1189.24
2025-01-27,STR-004,94102,SKU-402,116,729.47
2025-01-27,STR-004,94102,SKU-403,114,589.26
2025-01-27,STR-004,94102,SKU-501,23,430.23
2025-01-27,STR-004,94102,SKU-502,14,433.98
2025-01-27,STR-004,94102,SKU-503,14,296.93
2025-01-27,STR-004,94102,SKU-504,11,193.08
2025-01-27,STR-004,94102,SKU-601,89,1062.59
2025-01-27,STR-004,94102,SKU-602,85,475.82
2025-01-27,STR-004,94102,SKU-603,98,481.01
2025-01-27,STR-004,94102,SKU-604,85,401.36
2025-01-27,STR-004,94102,SKU-701,3,82.16
2025-01-27,STR-005,94118,SKU-101,331,1359.57
2025-01-27,STR-005,94118,SKU-102,341,2238.02
2025-01-27,STR-005,94118,SKU-103,276,1689.34
2025-01-27,STR-005,94118,SKU-104,184,1105.23
2025-01-27,STR-005,94118,SKU-105,166,577.24
2025-01-27,STR-005,94118,SKU-201,290,1783.42
2025-01-27,STR-005,94118,SKU-202,229,1355.13
2025-01-27,STR-005,94118,SKU-203,287,914.99
2025-01-27,STR-005,94118,SKU-204,129,1405.40
2025-01-27,STR-005,94118,SKU-301,331,1867.53
2025-01-27,STR-005,94118,SKU-302,191,1171.92
2025-01-27,STR-005,94118,SKU-303,157,867.03
2025-01-27,STR-005,94118,SKU-304,210,1284.95
2025-01-27,STR-005,94118,SKU-401,186,1264.69
2025-01-27,STR-005,94118,SKU-402,122,793.26
2025-01-27,STR-005,94118,SKU-403,164,876.39
2025-01-27,STR-005,94118,SKU-501,30,541.10
2025-01-27,STR-005,94118,SKU-502,19,600.71
2025-01-27,STR-005,94118,SKU-503,21,439.02
2025-01-27,STR-005,94118,SKU-504,15,253.44
2025-01-27,STR-005,94118,SKU-601,156,1863.71
2025-01-27,STR-005,94118,SKU-602,134,777.14
2025-01-27,STR-005,94118,SKU-603,172,840.19
2025-01-27,STR-005,94118,SKU-604,147,656.53
2025-01-27,STR-005,94118,SKU-701,3,81.89
2025-01-27,STR-006,94123,SKU-101,274,1106.06
2025-01-27,STR-006,94123,SKU-102,268,1714.17
2025-01-27,STR-006,94123,SKU-103,281,1638.36
2025-01-27,STR-006,94123,SKU-104,174,1109.60
2025-01-27,STR-006,94123,SKU-105,116,421.58
2025-01-27,STR-006,94123,SKU-201,214,1336.79
2025-01-27,STR-006,94123,SKU-202,152,878.02
2025-01-27,STR-006,94123,SKU-203,327,994.56
2025-01-27,STR-006,94123,SKU-204,83,944.35
2025-01-27,STR-006,94123,SKU-301,199,1108.11
2025-01-27,STR-006,94123,SKU-302,181,1098.11
2025-01-27,STR-006,94123,SKU-303,115,656.85
2025-01-27,STR-006,94123,SKU-304,202,1222.23
2025-01-27,STR-006,94123,SKU-401,160,1106.85
2025-01-27,STR-006,94123,SKU-402,138,890.83
2025-01-27,STR-006,94123,SKU-403,129,706.91
2025-01-27,STR-006,94123,SKU-501,23,416.06
2025-01-27,STR-006,94123,SKU-502,16,477.47
2025-01-27,STR-006,94123,SKU-503,16,328.53
2025-01-27,STR-006,94123,SKU-504,12,206.16
2025-01-27,STR-006,94123,SKU-601,139,1621.05
2025-01-27,STR-006,94123,SKU-602,110,628.61
2025-01-27,STR-006,94123,SKU-603,152,782.84
2025-01-27,STR-006,94123,SKU-604,123,540.84
2025-01-27,STR-006,94123,SKU-701,3,82.07
2025-01-20,STR-001,94103,SKU-101,332,1338.11
2025-01-20,STR-001,94103,SKU-102,283,1886.09
2025-01-20,STR-001,94103,SKU-103,358,2209.70
2025-01-20,STR-001,94103,SKU-104,135,832.61
2025-01-20,STR-001,94103,SKU-105,180,627.51
2025-01-20,STR-001,94103,SKU-201,248,1518.43
2025-01-20,STR-001,94103,SKU-202,207,1158.46
2025-01-20,STR-001,94103,SKU-203,280,873.13
2025-01-20,STR-001,94103,SKU-204,91,973.98
2025-01-20,STR-001,94103,SKU-301,318,1798.84
2025-01-20,STR-001,94103,SKU-302,220,1265.58
2025-01-20,STR-001,94103,SKU-303,131,738.72
2025-01-20,STR-001,94103,SKU-304,165,1056.24
2025-01-20,STR-001,94103,SKU-401,240,1668.33
2025-01-20,STR-001,94103,SKU-402,142,917.65
2025-01-20,STR-001,94103,SKU-403,151,775.58
2025-01-20,STR-001,94103,SKU-501,26,466.90
2025-01-20,STR-001,94103,SKU-502,14,432.43
2025-01-20,STR-001,94103,SKU-503,18,392.02
2025-01-20,STR-001,94103,SKU-504,14,246.71
2025-01-20,STR-001,94103,SKU-601,126,1534.90
2025-01-20,STR-001,94103,SKU-602,129,760.55
2025-01-20,STR-001,94103,SKU-603,127,632.07
2025-01-20,STR-001,94103,SKU-604,111,494.68
2025-01-20,STR-001,94103,SKU-701,3,78.52
2025-01-20,STR-002,94110,SKU-101,409,1718.32
2025-01-20,STR-002,94110,SKU-102,442,2967.71
2025-01-20,STR-002,94110,SKU-103,442,2741.25
2025-01-20,STR-002,94110,SKU-104,174,1127.52
2025-01-20,STR-002,94110,SKU-105,160,555.13
2025-01-20,STR-002,94110,SKU-201,335,2081.15
2025-01-20,STR-002,94110,SKU-202,276,1560.19
2025-01-20,STR-002,94110,SKU-203,428,1312.02
2025-01-20,STR-002,94110,SKU-204,154,1649.62
2025-01-20,STR-002,94110,SKU-301,336,1781.64
2025-01-20,STR-002,94110,SKU-302,234,1368.14
2025-01-20,STR-002,94110,SKU-303,172,961.11
2025-01-20,STR-002,94110,SKU-304,291,1750.84
2025-01-20,STR-002,94110,SKU-401,280,1932.59
2025-01-20,STR-002,94110,SKU-402,159,1012.59
2025-01-20,STR-002,94110,SKU-403,176,894.34
2025-01-20,STR-002,94110,SKU-501,30,574.95
2025-01-20,STR-002,94110,SKU-502,18,568.59
2025-01-20,STR-002,94110,SKU-503,25,507.16
2025-01-20,STR-002,94110,SKU-504,14,239.12
2025-01-20,STR-002,94110,SKU-601,136,1658.52
2025-01-20,STR-002,94110,SKU-602,162,929.31
2025-01-20,STR-002,94110,SKU-603,169,826.19
2025-01-20,STR-002,94110,SKU-604,181,795.73
2025-01-20,STR-002,94110,SKU-701,3,82.73
2025-01-20,STR-003,94133,SKU-101,297,1212.52
2025-01-20,STR-003,94133,SKU-102,249,1674.39
2025-01-20,STR-003,94133,SKU-103,282,1655.83
2025-01-20,STR-003,94133,SKU-104,185,1174.88
2025-01-20,STR-003,94133,SKU-105,162,567.86
2025-01-20,STR-003,94133,SKU-201,247,1516.19
2025-01-20,STR-003,94133,SKU-202,229,1315.56
2025-01-20,STR-003,94133,SKU-203,314,953.47
2025-01-20,STR-003,94133,SKU-204,122,1381.50
2025-01-20,STR-003,94133,SKU-301,309,1659.76
2025-01-20,STR-003,94133,SKU-302,212,1283.86
2025-01-20,STR-003,94133,SKU-303,135,763.65
2025-01-20,STR-003,94133,SKU-304,198,1258.30
2025-01-20,STR-003,94133,SKU-401,194,1296.26
2025-01-20,STR-003,94133,SKU-402,132,846.43
2025-01-20,STR-003,94133,SKU-403,180,923.78
2025-01-20,STR-003,94133,SKU-501,28,510.01
2025-01-20,STR-003,94133,SKU-502,14,434.95
2025-01-20,STR-003,94133,SKU-503,22,462.75
2025-01-20,STR-003,94133,SKU-504,11,194.74
2025-01-20,STR-003,94133,SKU-601,147,1733.53
2025-01-20,STR-003,94133,SKU-602,111,623.18
2025-01-20,STR-003,94133,SKU-603,156,794.62
2025-01-20,STR-003,94133,SKU-604,108,477.25
2025-01-20,STR-003,94133,SKU-701,3,83.51
2025-01-20,STR-004,94102,SKU-101,190,770.70
2025-01-20,STR-004,94102,SKU-102,224,1490.49
2025-01-20,STR-004,94102,SKU-103,218,1324.73
2025-01-20,STR-004,94102,SKU-104,137,885.16
2025-01-20,STR-004,94102,SKU-105,109,381.11
2025-01-20,STR-004,94102,SKU-201,169,1027.58
2025-01-20,STR-004,94102,SKU-202,150,883.96
2025-01-20,STR-004,94102,SKU-203,289,871.90
2025-01-20,STR-004,94102,SKU-204,94,1000.52
2025-01-20,STR-004,94102,SKU-301,189,1066.65
2025-01-20,STR-004,94102,SKU-302,148,868.02
2025-01-20,STR-004,94102,SKU-303,151,871.50
2025-01-20,STR-004,94102,SKU-304,172,1100.56
2025-01-20,STR-004,94102,SKU-401,161,1083.40
2025-01-20,STR-004,94102,SKU-402,108,700.62
2025-01-20,STR-004,94102,SKU-403,127,696.65
2025-01-20,STR-004,94102,SKU-501,26,473.22
2025-01-20,STR-004,94102,SKU-502,10,318.64
2025-01-20,STR-004,94102,SKU-503,15,307.23
2025-01-20,STR-004,94102,SKU-504,11,192.60
2025-01-20,STR-004,94102,SKU-601,85,1042.38
2025-01-20,STR-004,94102,SKU-602,106,585.62
2025-01-20,STR-004,94102,SKU-603,131,673.87
2025-01-20,STR-004,94102,SKU-604,96,443.55
2025-01-20,STR-004,94102,SKU-701,2,55.13
2025-01-20,STR-005,94118,SKU-101,294,1153.99
2025-01-20,STR-005,94118,SKU-102,382,2477.49
2025-01-20,STR-005,94118,SKU-103,275,1582.31
2025-01-20,STR-005,94118,SKU-104,175,1135.15
2025-01-20,STR-005,94118,SKU-105,170,629.56
2025-01-20,STR-005,94118,SKU-201,219,1403.16
2025-01-20,STR-005,94118,SKU-202,230,1314.51
2025-01-20,STR-005,94118,SKU-203,275,886.51
2025-01-20,STR-005,94118,SKU-204,109,1189.82
2025-01-20,STR-005,94118,SKU-301,258,1445.40
2025-01-20,STR-005,94118,SKU-302,256,1534.03
2025-01-20,STR-005,94118,SKU-303,140,818.25
2025-01-20,STR-005,94118,SKU-304,255,1532.82
2025-01-20,STR-005,94118,SKU-401,209,1361.71
2025-01-20,STR-005,94118,SKU-402,115,764.11
2025-01-20,STR-005,94118,SKU-403,190,989.48
2025-01-20,STR-005,94118,SKU-501,34,621.93
2025-01-20,STR-005,94118,SKU-502,18,539.78
2025-01-20,STR-005,94118,SKU-503,20,420.69
2025-01-20,STR-005,94118,SKU-504,15,253.38
2025-01-20,STR-005,94118,SKU-601,118,1415.39
2025-01-20,STR-005,94118,SKU-602,121,673.33
2025-01-20,STR-005,94118,SKU-603,153,782.23
2025-01-20,STR-005,94118,SKU-604,151,686.44
2025-01-20,STR-005,94118,SKU-701,4,104.79
2025-01-20,STR-006,94123,SKU-101,208,873.35
2025-01-20,STR-006,94123,SKU-102,341,2148.72
2025-01-20,STR-006,94123,SKU-103,286,1717.80
2025-01-20,STR-006,94123,SKU-104,130,816.64
2025-01-20,STR-006,94123,SKU-105,133,483.22
2025-01-20,STR-006,94123,SKU-201,241,1520.55
2025-01-20,STR-006,94123,SKU-202,201,1149.06
2025-01-20,STR-006,94123,SKU-203,283,862.17
2025-01-20,STR-006,94123,SKU-204,114,1262.85
2025-01-20,STR-006,94123,SKU-301,246,1384.21
2025-01-20,STR-006,94123,SKU-302,182,1098.33
2025-01-20,STR-006,94123,SKU-303,125,708.37
2025-01-20,STR-006,94123,SKU-304,146,886.63
2025-01-20,STR-006,94123,SKU-401,178,1237.55
2025-01-20,STR-006,94123,SKU-402,102,680.16
2025-01-20,STR-006,94123,SKU-403,138,723.14
2025-01-20,STR-006,94123,SKU-501,21,378.33
2025-01-20,STR-006,94123,SKU-502,13,387.47
2025-01-20,STR-006,94123,SKU-503,23,503.04
2025-01-20,STR-006,94123,SKU-504,13,219.40
2025-01-20,STR-006,94123,SKU-601,107,1266.04
2025-01-20,STR-006,94123,SKU-602,89,505.92
2025-01-20,STR-006,94123,SKU-603,125,610.47
2025-01-20,STR-006,94123,SKU-604,126,584.55
2025-01-20,STR-006,94123,SKU-701,2,51.63
2025-01-13,STR-001,94103,SKU-101,232,933.15
2025-01-13,STR-001,94103,SKU-102,373,2434.42
2025-01-13,STR-001,94103,SKU-103,302,1845.42
2025-01-13,STR-001,94103,SKU-104,156,947.10
2025-01-13,STR-001,94103,SKU-105,150,545.97
2025-01-13,STR-001,94103,SKU-201,245,1470.77
2025-01-13,STR-001,94103,SKU-202,185,1047.52
2025-01-13,STR-001,94103,SKU-203,254,784.70
2025-01-13,STR-001,94103,SKU-204,102,1170.50
2025-01-13,STR-001,94103,SKU-301,278,1529.90
2025-01-13,STR-001,94103,SKU-302,165,973.56
2025-01-13,STR-001,94103,SKU-303,169,965.97
2025-01-13,STR-001,94103,SKU-304,176,1094.23
2025-01-13,STR-001,94103,SKU-401,253,1686.80
2025-01-13,STR-001,94103,SKU-402,127,807.54
2025-01-13,STR-001,94103,SKU-403,142,729.66
2025-01-13,STR-001,94103,SKU-501,30,557.21
2025-01-13,STR-001,94103,SKU-502,15,450.92
2025-01-13,STR-001,94103,SKU-503,20,421.43
2025-01-13,STR-001,94103,SKU-504,14,250.59
2025-01-13,STR-001,94103,SKU-601,146,1807.69
2025-01-13,STR-001,94103,SKU-602,96,551.96
2025-01-13,STR-001,94103,SKU-603,166,825.02
2025-01-13,STR-001,94103,SKU-604,144,663.00
2025-01-13,STR-001,94103,SKU-701,3,81.55
2025-01-13,STR-002,94110,SKU-101,373,1531.88
2025-01-13,STR-002,94110,SKU-102,345,2189.69
2025-01-13,STR-002,94110,SKU-103,295,1708.26
2025-01-13,STR-002,94110,SKU-104,185,1136.13
2025-01-13,STR-002,94110,SKU-105,218,800.31
2025-01-13,STR-002,94110,SKU-201,265,1698.39
2025-01-13,STR-002,94110,SKU-202,238,1324.00
2025-01-13,STR-002,94110,SKU-203,410,1299.55
2025-01-13,STR-002,94110,SKU-204,118,1282.70
2025-01-13,STR-002,94110,SKU-301,346,1840.16
2025-01-13,STR-002,94110,SKU-302,216,1247.87
2025-01-13,STR-002,94110,SKU-303,161,936.28
2025-01-13,STR-002,94110,SKU-304,274,1757.65
2025-01-13,STR-002,94110,SKU-401,261,1698.31
2025-01-13,STR-002,94110,SKU-402,157,991.98
2025-01-13,STR-002,94110,SKU-403,181,964.71
2025-01-13,STR-002,94110,SKU-501,32,593.32
2025-01-13,STR-002,94110,SKU-502,17,501.16
2025-01-13,STR-002,94110,SKU-503,25,539.87
2025-01-13,STR-002,94110,SKU-504,18,306.72
2025-01-13,STR-002,94110,SKU-601,171,1993.89
2025-01-13,STR-002,94110,SKU-602,172,1023.88
2025-01-13,STR-002,94110,SKU-603,206,1018.08
2025-01-13,STR-002,94110,SKU-604,127,587.24
2025-01-13,STR-002,94110,SKU-701,4,108.02
2025-01-13,STR-003,94133,SKU-101,292,1168.51
2025-01-13,STR-003,94133,SKU-102,268,1793.46
2025-01-13,STR-003,94133,SKU-103,235,1381.96
2025-01-13,STR-003,94133,SKU-104,164,1035.36
2025-01-13,STR-003,94133,SKU-105,154,559.45
2025-01-13,STR-003,94133,SKU-201,191,1225.61
2025-01-13,STR-003,94133,SKU-202,162,960.04
2025-01-13,STR-003,94133,SKU-203,265,793.82
2025-01-13,STR-003,94133,SKU-204,96,1035.24
2025-01-13,STR-003,94133,SKU-301,299,1708.09
2025-01-13,STR-003,94133,SKU-302,184,1121.06
2025-01-13,STR-003,94133,SKU-303,131,772.59
2025-01-13,STR-003,94133,SKU-304,214,1318.00
2025-01-13,STR-003,94133,SKU-401,227,1576.23
2025-01-13,STR-003,94133,SKU-402,127,837.86
2025-01-13,STR-003,94133,SKU-403,175,892.10
2025-01-13,STR-003,94133,SKU-501,26,504.50
2025-01-13,STR-003,94133,SKU-502,12,361.40
2025-01-13,STR-003,94133,SKU-503,21,430.99
2025-01-13,STR-003,94133,SKU-504,11,192.68
2025-01-13,STR-003,94133,SKU-601,130,1592.25
2025-01-13,STR-003,94133,SKU-602,95,528.33
2025-01-13,STR-003,94133,SKU-603,151,733.56
2025-01-13,STR-003,94133,SKU-604,131,606.40
2025-01-13,STR-003,94133,SKU-701,2,55.78
2025-01-13,STR-004,94102,SKU-101,215,877.60
2025-01-13,STR-004,94102,SKU-102,229,1471.09
2025-01-13,STR-004,94102,SKU-103,282,1636.11
2025-01-13,STR-004,94102,SKU-104,135,858.35
2025-01-13,STR-004,94102,SKU-105,131,467.83
2025-01-13,STR-004,94102,SKU-201,167,1048.40
2025-01-13,STR-004,94102,SKU-202,162,929.10
2025-01-13,STR-004,94102,SKU-203,197,598.52
2025-01-13,STR-004,94102,SKU-204,77,822.07
2025-01-13,STR-004,94102,SKU-301,184,1020.72
2025-01-13,STR-004,94102,SKU-302,138,810.89
2025-01-13,STR-004,94102,SKU-303,138,824.64
2025-01-13,STR-004,94102,SKU-304,146,876.92
2025-01-13,STR-004,94102,SKU-401,191,1273.99
2025-01-13,STR-004,94102,SKU-402,116,722.10
2025-01-13,STR-004,94102,SKU-403,122,664.25
2025-01-13,STR-004,94102,SKU-501,20,370.78
2025-01-13,STR-004,94102,SKU-502,11,346.24
2025-01-13,STR-004,94102,SKU-503,19,405.74
2025-01-13,STR-004,94102,SKU-504,9,149.96
2025-01-13,STR-004,94102,SKU-601,98,1170.48
2025-01-13,STR-004,94102,SKU-602,93,520.31
2025-01-13,STR-004,94102,SKU-603,137,714.34
2025-01-13,STR-004,94102,SKU-604,92,403.77
2025-01-13,STR-004,94102,SKU-701,3,84.00
2025-01-13,STR-005,94118,SKU-101,257,1026.29
2025-01-13,STR-005,94118,SKU-102,308,2011.50
2025-01-13,STR-005,94118,SKU-103,327,1884.82
2025-01-13,STR-005,94118,SKU-104,201,1239.00
2025-01-13,STR-005,94118,SKU-105,126,460.04
2025-01-13,STR-005,94118,SKU-201,260,1599.61
2025-01-13,STR-005,94118,SKU-202,242,1372.56
2025-01-13,STR-005,94118,SKU-203,342,1045.58
2025-01-13,STR-005,94118,SKU-204,96,1095.51
2025-01-13,STR-005,94118,SKU-301,308,1712.68
2025-01-13,STR-005,94118,SKU-302,183,1068.64
2025-01-13,STR-005,94118,SKU-303,195,1117.51
2025-01-13,STR-005,94118,SKU-304,188,1131.57
2025-01-13,STR-005,94118,SKU-401,265,1785.98
2025-01-13,STR-005,94118,SKU-402,148,979.59
2025-01-13,STR-005,94118,SKU-403,208,1130.03
2025-01-13,STR-005,94118,SKU-501,26,467.65
2025-01-13,STR-005,94118,SKU-502,19,587.41
2025-01-13,STR-005,94118,SKU-503,23,475.06
2025-01-13,STR-005,94118,SKU-504,13,230.08
2025-01-13,STR-005,94118,SKU-601,136,1673.23
2025-01-13,STR-005,94118,SKU-602,109,627.13
2025-01-13,STR-005,94118,SKU-603,178,900.24
2025-01-13,STR-005,94118,SKU-604,127,563.76
2025-01-13,STR-005,94118,SKU-701,3,77.60
2025-01-13,STR-006,94123,SKU-101,215,893.16
2025-01-13,STR-006,94123,SKU-102,259,1699.91
2025-01-13,STR-006,94123,SKU-103,230,1428.93
2025-01-13,STR-006,94123,SKU-104,134,818.58
2025-01-13,STR-006,94123,SKU-105,147,511.71
2025-01-13,STR-006,94123,SKU-201,209,1336.88
2025-01-13,STR-006,94123,SKU-202,163,962.45
2025-01-13,STR-006,94123,SKU-203,241,747.51
2025-01-13,STR-006,94123,SKU-204,99,1098.18
2025-01-13,STR-006,94123,SKU-301,252,1440.69
2025-01-13,STR-006,94123,SKU-302,157,941.02
2025-01-13,STR-006,94123,SKU-303,151,847.61
2025-01-13,STR-006,94123,SKU-304,165,1035.28
2025-01-13,STR-006,94123,SKU-401,156,1026.26
2025-01-13,STR-006,94123,SKU-402,110,694.83
2025-01-13,STR-006,94123,SKU-403,170,919.72
2025-01-13,STR-006,94123,SKU-501,21,399.11
2025-01-13,STR-006,94123,SKU-502,15,449.48
2025-01-13,STR-006,94123,SKU-503,21,461.53
2025-01-13,STR-006,94123,SKU-504,12,200.73
2025-01-13,STR-006,94123,SKU-601,97,1184.74
2025-01-13,STR-006,94123,SKU-602,124,688.54
2025-01-13,STR-006,94123,SKU-603,141,688.34
2025-01-13,STR-006,94123,SKU-604,97,426.20
2025-01-13,STR-006,94123,SKU-701,2,54.22
2025-01-06,STR-001,94103,SKU-101,290,1223.23
2025-01-06,STR-001,94103,SKU-102,306,2051.98
2025-01-06,STR-001,94103,SKU-103,266,1620.18
2025-01-06,STR-001,94103,SKU-104,136,881.66
2025-01-06,STR-001,94103,SKU-105,159,594.22
2025-01-06,STR-001,94103,SKU-201,189,1194.99
2025-01-06,STR-001,94103,SKU-202,173,1005.80
2025-01-06,STR-001,94103,SKU-203,296,910.25
2025-01-06,STR-001,94103,SKU-204,121,1305.38
2025-01-06,STR-001,94103,SKU-301,322,1825.31
2025-01-06,STR-001,94103,SKU-302,197,1169.30
2025-01-06,STR-001,94103,SKU-303,197,1171.56
2025-01-06,STR-001,94103,SKU-304,187,1120.83
2025-01-06,STR-001,94103,SKU-401,181,1190.28
2025-01-06,STR-001,94103,SKU-402,137,904.00
2025-01-06,STR-001,94103,SKU-403,194,1038.29
2025-01-06,STR-001,94103,SKU-501,33,639.04
2025-01-06,STR-001,94103,SKU-502,17,541.54
2025-01-06,STR-001,94103,SKU-503,25,535.94
2025-01-06,STR-001,94103,SKU-504,15,262.54
2025-01-06,STR-001,94103,SKU-601,118,1436.12
2025-01-06,STR-001,94103,SKU-602,107,636.87
2025-01-06,STR-001,94103,SKU-603,160,783.71
2025-01-06,STR-001,94103,SKU-604,133,603.42
2025-01-06,STR-001,94103,SKU-701,3,80.80
2025-01-06,STR-002,94110,SKU-101,400,1623.85
2025-01-06,STR-002,94110,SKU-102,429,2708.63
2025-01-06,STR-002,94110,SKU-103,404,2496.63
2025-01-06,STR-002,94110,SKU-104,166,1012.75
2025-01-06,STR-002,94110,SKU-105,189,666.73
2025-01-06,STR-002,94110,SKU-201,256,1586.36
2025-01-06,STR-002,94110,SKU-202,201,1200.30
2025-01-06,STR-002,94110,SKU-203,355,1102.17
2025-01-06,STR-002,94110,SKU-204,116,1240.98
2025-01-06,STR-002,94110,SKU-301,304,1609.64
2025-01-06,STR-002,94110,SKU-302,245,1476.91
2025-01-06,STR-002,94110,SKU-303,170,1012.82
2025-01-06,STR-002,94110,SKU-304,243,1550.45
2025-01-06,STR-002,94110,SKU-401,259,1703.02
2025-01-06,STR-002,94110,SKU-402,190,1220.03
2025-01-06,STR-002,94110,SKU-403,212,1152.90
2025-01-06,STR-002,94110,SKU-501,37,706.26
2025-01-06,STR-002,94110,SKU-502,17,541.74
2025-01-06,STR-002,94110,SKU-503,24,524.30
2025-01-06,STR-002,94110,SKU-504,18,310.36
2025-01-06,STR-002,94110,SKU-601,189,2292.01
2025-01-06,STR-002,94110,SKU-602,139,787.34
2025-01-06,STR-002,94110,SKU-603,159,789.50
2025-01-06,STR-002,94110,SKU-604,148,652.74
2025-01-06,STR-002,94110,SKU-701,4,103.27
2025-01-06,STR-003,94133,SKU-101,233,944.80
2025-01-06,STR-003,94133,SKU-102,294,1970.69
2025-01-06,STR-003,94133,SKU-103,255,1548.42
2025-01-06,STR-003,94133,SKU-104,159,979.80
2025-01-06,STR-003,94133,SKU-105,129,446.61
2025-01-06,STR-003,94133,SKU-201,251,1585.18
2025-01-06,STR-003,94133,SKU-202,161,933.02
2025-01-06,STR-003,94133,SKU-203,294,928.63
2025-01-06,STR-003,94133,SKU-204,111,1249.70
2025-01-06,STR-003,94133,SKU-301,286,1524.41
2025-01-06,STR-003,94133,SKU-302,181,1088.70
2025-01-06,STR-003,94133,SKU-303,161,914.33
2025-01-06,STR-003,94133,SKU-304,174,1065.11
2025-01-06,STR-003,94133,SKU-401,165,1117.77
2025-01-06,STR-003,94133,SKU-402,141,894.08
2025-01-06,STR-003,94133,SKU-403,149,781.13
2025-01-06,STR-003,94133,SKU-501,29,537.08
2025-01-06,STR-003,94133,SKU-502,12,368.05
2025-01-06,STR-003,94133,SKU-503,20,427.99
2025-01-06,STR-003,94133,SKU-504,11,192.23
2025-01-06,STR-003,94133,SKU-601,107,1297.38
2025-01-06,STR-003,94133,SKU-602,99,574.49
2025-01-06,STR-003,94133,SKU-603,153,784.96
2025-01-06,STR-003,94133,SKU-604,94,414.08
2025-01-06,STR-003,94133,SKU-701,2,55.50
2025-01-06,STR-004,94102,SKU-101,191,797.22
2025-01-06,STR-004,94102,SKU-102,231,1484.05
2025-01-06,STR-004,94102,SKU-103,224,1366.63
2025-01-06,STR-004,94102,SKU-104,108,663.45
2025-01-06,STR-004,94102,SKU-105,110,406.77
2025-01-06,STR-004,94102,SKU-201,188,1135.82
2025-01-06,STR-004,94102,SKU-202,173,1000.42
2025-01-06,STR-004,94102,SKU-203,254,799.72
2025-01-06,STR-004,94102,SKU-204,75,840.82
2025-01-06,STR-004,94102,SKU-301,185,1012.37
2025-01-06,STR-004,94102,SKU-302,137,798.38
2025-01-06,STR-004,94102,SKU-303,154,869.40
2025-01-06,STR-004,94102,SKU-304,164,998.59
2025-01-06,STR-004,94102,SKU-401,156,1017.61
2025-01-06,STR-004,94102,SKU-402,92,576.71
2025-01-06,STR-004,94102,SKU-403,110,587.12
2025-01-06,STR-004,94102,SKU-501,24,456.19
2025-01-06,STR-004,94102,SKU-502,13,393.25
2025-01-06,STR-004,94102,SKU-503,17,360.39
2025-01-06,STR-004,94102,SKU-504,11,197.78
2025-01-06,STR-004,94102,SKU-601,114,1321.32
2025-01-06,STR-004,94102,SKU-602,97,536.64
2025-01-06,STR-004,94102,SKU-603,122,607.55
2025-01-06,STR-004,94102,SKU-604,100,474.78
2025-01-06,STR-004,94102,SKU-701,3,79.43
2025-01-06,STR-005,94118,SKU-101,260,1060.40
2025-01-06,STR-005,94118,SKU-102,374,2341.70
2025-01-06,STR-005,94118,SKU-103,275,1617.69
2025-01-06,STR-005,94118,SKU-104,146,879.81
2025-01-06,STR-005,94118,SKU-105,165,572.03
2025-01-06,STR-005,94118,SKU-201,268,1704.90
2025-01-06,STR-005,94118,SKU-202,245,1411.35
2025-01-06,STR-005,94118,SKU-203,319,1022.67
2025-01-06,STR-005,94118,SKU-204,108,1206.11
2025-01-06,STR-005,94118,SKU-301,246,1386.13
2025-01-06,STR-005,94118,SKU-302,222,1304.98
2025-01-06,STR-005,94118,SKU-303,162,963.23
2025-01-06,STR-005,94118,SKU-304,214,1387.19
2025-01-06,STR-005,94118,SKU-401,213,1444.08
2025-01-06,STR-005,94118,SKU-402,153,992.93
2025-01-06,STR-005,94118,SKU-403,183,962.80
2025-01-06,STR-005,94118,SKU-501,32,586.51
2025-01-06,STR-005,94118,SKU-502,17,524.45
2025-01-06,STR-005,94118,SKU-503,23,501.64
2025-01-06,STR-005,94118,SKU-504,11,185.63
2025-01-06,STR-005,94118,SKU-601,131,1615.26
2025-01-06,STR-005,94118,SKU-602,100,581.97
2025-01-06,STR-005,94118,SKU-603,173,905.08
2025-01-06,STR-005,94118,SKU-604,150,702.64
2025-01-06,STR-005,94118,SKU-701,3,77.80
2025-01-06,STR-006,94123,SKU-101,283,1194.72
2025-01-06,STR-006,94123,SKU-102,252,1675.61
2025-01-06,STR-006,94123,SKU-103,255,1500.52
2025-01-06,STR-006,94123,SKU-104,125,762.06
2025-01-06,STR-006,94123,SKU-105,126,456.53
2025-01-06,STR-006,94123,SKU-201,183,1176.68
2025-01-06,STR-006,94123,SKU-202,215,1208.35
2025-01-06,STR-006,94123,SKU-203,260,786.69
2025-01-06,STR-006,94123,SKU-204,106,1147.39
2025-01-06,STR-006,94123,SKU-301,241,1335.68
2025-01-06,STR-006,94123,SKU-302,163,988.44
2025-01-06,STR-006,94123,SKU-303,162,955.99
2025-01-06,STR-006,94123,SKU-304,161,964.65
2025-01-06,STR-006,94123,SKU-401,210,1354.61
2025-01-06,STR-006,94123,SKU-402,124,804.61
2025-01-06,STR-006,94123,SKU-403,172,917.82
2025-01-06,STR-006,94123,SKU-501,27,503.17
2025-01-06,STR-006,94123,SKU-502,11,335.29
2025-01-06,STR-006,94123,SKU-503,18,372.98
2025-01-06,STR-006,94123,SKU-504,9,150.85
2025-01-06,STR-006,94123,SKU-601,106,1223.17
2025-01-06,STR-006,94123,SKU-602,111,632.55
2025-01-06,STR-006,94123,SKU-603,149,740.39
2025-01-06,STR-006,94123,SKU-604,96,441.81
2025-01-06,STR-006,94123,SKU-701,2,55.82
2024-12-30,STR-001,94103,SKU-101,282,1198.37
2024-12-30,STR-001,94103,SKU-102,264,1669.97
2024-12-30,STR-001,94103,SKU-103,323,2016.86
2024-12-30,STR-001,94103,SKU-104,161,1024.93
2024-12-30,STR-001,94103,SKU-105,171,615.56
2024-12-30,STR-001,94103,SKU-201,242,1510.92
2024-12-30,STR-001,94103,SKU-202,225,1251.89
2024-12-30,STR-001,94103,SKU-203,256,784.77
2024-12-30,STR-001,94103,SKU-204,100,1112.58
2024-12-30,STR-001,94103,SKU-301,310,1685.80
2024-12-30,STR-001,94103,SKU-302,230,1430.88
2024-12-30,STR-001,94103,SKU-303,156,916.29
2024-12-30,STR-001,94103,SKU-304,250,1550.52
2024-12-30,STR-001,94103,SKU-401,173,1133.97
2024-12-30,STR-001,94103,SKU-402,142,935.95
2024-12-30,STR-001,94103,SKU-403,150,770.60
2024-12-30,STR-001,94103,SKU-501,33,629.08
2024-12-30,STR-001,94103,SKU-502,16,498.71
2024-12-30,STR-001,94103,SKU-503,20,412.85
2024-12-30,STR-001,94103,SKU-504,11,195.93
2024-12-30,STR-001,94103,SKU-601,136,1635.11
2024-12-30,STR-001,94103,SKU-602,116,649.74
2024-12-30,STR-001,94103,SKU-603,174,876.95
2024-12-30,STR-001,94103,SKU-604,144,669.17
2024-12-30,STR-001,94103,SKU-701,3,77.46
2024-12-30,STR-002,94110,SKU-101,400,1665.79
2024-12-30,STR-002,94110,SKU-102,455,2977.24
2024-12-30,STR-002,94110,SKU-103,310,1918.27
2024-12-30,STR-002,94110,SKU-104,215,1299.33
2024-12-30,STR-002,94110,SKU-105,160,575.65
2024-12-30,STR-002,94110,SKU-201,286,1784.03
2024-12-30,STR-002,94110,SKU-202,286,1645.29
2024-12-30,STR-002,94110,SKU-203,384,1228.72
2024-12-30,STR-002,94110,SKU-204,135,1507.46
2024-12-30,STR-002,94110,SKU-301,303,1667.55
2024-12-30,STR-002,94110,SKU-302,233,1367.39
2024-12-30,STR-002,94110,SKU-303,186,1053.26
2024-12-30,STR-002,94110,SKU-304,299,1914.55
2024-12-30,STR-002,94110,SKU-401,225,1509.36
2024-12-30,STR-002,94110,SKU-402,169,1121.63
2024-12-30,STR-002,94110,SKU-403,221,1136.78
2024-12-30,STR-002,94110,SKU-501,40,739.94
2024-12-30,STR-002,94110,SKU-502,22,694.11
2024-12-30,STR-002,94110,SKU-503,21,436.39
2024-12-30,STR-002,94110,SKU-504,18,298.79
2024-12-30,STR-002,94110,SKU-601,174,2014.13
2024-12-30,STR-002,94110,SKU-602,152,848.34
2024-12-30,STR-002,94110,SKU-603,159,801.38
2024-12-30,STR-002,94110,SKU-604,155,717.65
2024-12-30,STR-002,94110,SKU-701,3,82.34
2024-12-30,STR-003,94133,SKU-101,219,890.28
2024-12-30,STR-003,94133,SKU-102,287,1901.12
2024-12-30,STR-003,94133,SKU-103,239,1464.95
2024-12-30,STR-003,94133,SKU-104,129,830.01
2024-12-30,STR-003,94133,SKU-105,115,415.87
2024-12-30,STR-003,94133,SKU-201,204,1266.74
2024-12-30,STR-003,94133,SKU-202,219,1250.10
2024-12-30,STR-003,94133,SKU-203,348,1082.12
2024-12-30,STR-003,94133,SKU-204,98,1058.11
2024-12-30,STR-003,94133,SKU-301,308,1720.17
2024-12-30,STR-003,94133,SKU-302,224,1337.68
2024-12-30,STR-003,94133,SKU-303,178,1003.19
2024-12-30,STR-003,94133,SKU-304,224,1453.93
2024-12-30,STR-003,94133,SKU-401,222,1502.14
2024-12-30,STR-003,94133,SKU-402,138,905.96
2024-12-30,STR-003,94133,SKU-403,165,852.30
2024-12-30,STR-003,94133,SKU-501,27,507.96
2024-12-30,STR-003,94133,SKU-502,13,408.33
2024-12-30,STR-003,94133,SKU-503,18,394.21
2024-12-30,STR-003,94133,SKU-504,11,190.92
2024-12-30,STR-003,94133,SKU-601,119,1400.96
2024-12-30,STR-003,94133,SKU-602,125,744.83
2024-12-30,STR-003,94133,SKU-603,150,755.63
2024-12-30,STR-003,94133,SKU-604,124,587.30
2024-12-30,STR-003,94133,SKU-701,3,77.96
2024-12-30,STR-004,94102,SKU-101,232,935.33
2024-12-30,STR-004,94102,SKU-102,238,1589.25
2024-12-30,STR-004,94102,SKU-103,255,1511.70
2024-12-30,STR-004,94102,SKU-104,141,862.14
2024-12-30,STR-004,94102,SKU-105,106,388.13
2024-12-30,STR-004,94102,SKU-201,151,904.71
2024-12-30,STR-004,94102,SKU-202,134,783.81
2024-12-30,STR-004,94102,SKU-203,207,630.04
2024-12-30,STR-004,94102,SKU-204,87,926.43
2024-12-30,STR-004,94102,SKU-301,246,1373.33
2024-12-30,STR-004,94102,SKU-302,158,952.58
2024-12-30,STR-004,94102,SKU-303,106,626.80
2024-12-30,STR-004,94102,SKU-304,148,943.55
2024-12-30,STR-004,94102,SKU-401,198,1297.47
2024-12-30,STR-004,94102,SKU-402,100,637.08
2024-12-30,STR-004,94102,SKU-403,147,762.88
2024-12-30,STR-004,94102,SKU-501,21,407.95
2024-12-30,STR-004,94102,SKU-502,11,337.67
2024-12-30,STR-004,94102,SKU-503,20,410.41
2024-12-30,STR-004,94102,SKU-504,11,187.22
2024-12-30,STR-004,94102,SKU-601,109,1360.19
2024-12-30,STR-004,94102,SKU-602,81,454.03
2024-12-30,STR-004,94102,SKU-603,93,483.30
2024-12-30,STR-004,94102,SKU-604,113,511.22
2024-12-30,STR-004,94102,SKU-701,2,53.94
2024-12-30,STR-005,94118,SKU-101,241,1011.93
2024-12-30,STR-005,94118,SKU-102,331,2223.65
2024-12-30,STR-005,94118,SKU-103,357,2210.00
2024-12-30,STR-005,94118,SKU-104,157,940.31
2024-12-30,STR-005,94118,SKU-105,144,526.53
2024-12-30,STR-005,94118,SKU-201,245,1522.14
2024-12-30,STR-005,94118,SKU-202,226,1280.33
2024-12-30,STR-005,94118,SKU-203,286,894.14
2024-12-30,STR-005,94118,SKU-204,122,1359.99
2024-12-30,STR-005,94118,SKU-301,255,1420.78
2024-12-30,STR-005,94118,SKU-302,216,1325.32
2024-12-30,STR-005,94118,SKU-303,208,1223.38
2024-12-30,STR-005,94118,SKU-304,181,1114.50
2024-12-30,STR-005,94118,SKU-401,219,1512.00
2024-12-30,STR-005,94118,SKU-402,117,772.10
2024-12-30,STR-005,94118,SKU-403,186,1019.33
2024-12-30,STR-005,94118,SKU-501,32,600.98
2024-12-30,STR-005,94118,SKU-502,18,557.16
2024-12-30,STR-005,94118,SKU-503,25,519.82
2024-12-30,STR-005,94118,SKU-504,12,203.03
2024-12-30,STR-005,94118,SKU-601,155,1852.35
2024-12-30,STR-005,94118,SKU-602,110,609.45
2024-12-30,STR-005,94118,SKU-603,126,653.03
2024-12-30,STR-005,94118,SKU-604,142,620.68
2024-12-30,STR-005,94118,SKU-701,3,79.59
2024-12-30,STR-006,94123,SKU-101,230,948.78
2024-12-30,STR-006,94123,SKU-102,295,1982.03
2024-12-30,STR-006,94123,SKU-103,295,1795.49
2024-12-30,STR-006,94123,SKU-104,148,909.91
2024-12-30,STR-006,94123,SKU-105,132,472.96
2024-12-30,STR-006,94123,SKU-201,231,1454.42
2024-12-30,STR-006,94123,SKU-202,154,898.35
2024-12-30,STR-006,94123,SKU-203,252,770.77
2024-12-30,STR-006,94123,SKU-204,98,1079.26
2024-12-30,STR-006,94123,SKU-301,294,1587.14
2024-12-30,STR-006,94123,SKU-302,207,1269.11
2024-12-30,STR-006,94123,SKU-303,145,846.84
2024-12-30,STR-006,94123,SKU-304,207,1253.66
2024-12-30,STR-006,94123,SKU-401,212,1429.41
2024-12-30,STR-006,94123,SKU-402,131,837.68
2024-12-30,STR-006,94123,SKU-403,118,637.74
2024-12-30,STR-006,94123,SKU-501,21,394.11
2024-12-30,STR-006,94123,SKU-502,15,459.49
2024-12-30,STR-006,94123,SKU-503,21,456.58
2024-12-30,STR-006,94123,SKU-504,13,231.80
2024-12-30,STR-006,94123,SKU-601,127,1554.64
2024-12-30,STR-006,94123,SKU-602,92,529.63
2024-12-30,STR-006,94123,SKU-603,127,647.06
2024-12-30,STR-006,94123,SKU-604,129,601.93
2024-12-30,STR-006,94123,SKU-701,3,83.54
2024-12-23,STR-001,94103,SKU-101,284,1135.17
2024-12-23,STR-001,94103,SKU-102,258,1710.06
2024-12-23,STR-001,94103,SKU-103,340,2046.31
2024-12-23,STR-001,94103,SKU-104,184,1154.15
2024-12-23,STR-001,94103,SKU-105,125,440.34
2024-12-23,STR-001,94103,SKU-201,250,1543.67
2024-12-23,STR-001,94103,SKU-202,231,1376.18
2024-12-23,STR-001,94103,SKU-203,339,1054.13
2024-12-23,STR-001,94103,SKU-204,99,1110.07
2024-12-23,STR-001,94103,SKU-301,235,1272.96
2024-12-23,STR-001,94103,SKU-302,197,1172.95
2024-12-23,STR-001,94103,SKU-303,196,1087.43
2024-12-23,STR-001,94103,SKU-304,192,1194.88
2024-12-23,STR-001,94103,SKU-401,221,1490.77
2024-12-23,STR-001,94103,SKU-402,105,665.18
2024-12-23,STR-001,94103,SKU-403,187,960.78
2024-12-23,STR-001,94103,SKU-501,33,594.92
2024-12-23,STR-001,94103,SKU-502,16,479.26
2024-12-23,STR-001,94103,SKU-503,18,374.71
2024-12-23,STR-001,94103,SKU-504,11,195.50
2024-12-23,STR-001,94103,SKU-601,141,1646.42
2024-12-23,STR-001,94103,SKU-602,125,715.81
2024-12-23,STR-001,94103,SKU-603,139,721.60
2024-12-23,STR-001,94103,SKU-604,136,637.34
2024-12-23,STR-001,94103,SKU-701,3,81.11
2024-12-23,STR-002,94110,SKU-101,274,1072.73
2024-12-23,STR-002,94110,SKU-102,393,2475.31
2024-12-23,STR-002,94110,SKU-103,319,1938.22
2024-12-23,STR-002,94110,SKU-104,208,1287.73
2024-12-23,STR-002,94110,SKU-105,199,728.86
2024-12-23,STR-002,94110,SKU-201,295,1786.66
2024-12-23,STR-002,94110,SKU-202,207,1169.92
2024-12-23,STR-002,94110,SKU-203,406,1218.52
2024-12-23,STR-002,94110,SKU-204,131,1496.71
2024-12-23,STR-002,94110,SKU-301,389,2221.35
2024-12-23,STR-002,94110,SKU-302,261,1532.73
2024-12-23,STR-002,94110,SKU-303,175,977.97
2024-12-23,STR-002,94110,SKU-304,283,1768.72
2024-12-23,STR-002,94110,SKU-401,230,1541.96
2024-12-23,STR-002,94110,SKU-402,131,871.72
2024-12-23,STR-002,94110,SKU-403,234,1279.74
2024-12-23,STR-002,94110,SKU-501,29,548.39
2024-12-23,STR-002,94110,SKU-502,17,523.01
2024-12-23,STR-002,94110,SKU-503,27,568.77
2024-12-23,STR-002,94110,SKU-504,16,276.13
2024-12-23,STR-002,94110,SKU-601,165,1926.42
2024-12-23,STR-002,94110,SKU-602,124,710.98
2024-12-23,STR-002,94110,SKU-603,200,970.63
2024-12-23,STR-002,94110,SKU-604,132,610.44
2024-12-23,STR-002,94110,SKU-701,4,111.15
2024-12-23,STR-003,94133,SKU-101,214,892.26
2024-12-23,STR-003,94133,SKU-102,335,2100.52
2024-12-23,STR-003,94133,SKU-103,316,1943.08
2024-12-23,STR-003,94133,SKU-104,126,773.08
2024-12-23,STR-003,94133,SKU-105,128,451.56
2024-12-23,STR-003,94133,SKU-201,238,1479.35
2024-12-23,STR-003,94133,SKU-202,228,1339.96
2024-12-23,STR-003,94133,SKU-203,276,893.31
2024-12-23,STR-003,94133,SKU-204,108,1188.54
2024-12-23,STR-003,94133,SKU-301,229,1215.23
2024-12-23,STR-003,94133,SKU-302,199,1236.46
2024-12-23,STR-003,94133,SKU-303,188,1074.82
2024-12-23,STR-003,94133,SKU-304,171,1079.30
2024-12-23,STR-003,94133,SKU-401,185,1210.12
2024-12-23,STR-003,94133,SKU-402,132,839.09
2024-12-23,STR-003,94133,SKU-403,158,825.76
2024-12-23,STR-003,94133,SKU-501,32,614.81
2024-12-23,STR-003,94133,SKU-502,14,445.38
2024-12-23,STR-003,94133,SKU-503,22,453.20
2024-12-23,STR-003,94133,SKU-504,10,178.99
2024-12-23,STR-003,94133,SKU-601,132,1605.03
2024-12-23,STR-003,94133,SKU-602,95,526.30
2024-12-23,STR-003,94133,SKU-603,130,680.29
2024-12-23,STR-003,94133,SKU-604,139,659.12
2024-12-23,STR-003,94133,SKU-701,3,82.91
2024-12-23,STR-004,94102,SKU-101,243,1012.41
2024-12-23,STR-004,94102,SKU-102,229,1440.10
2024-12-23,STR-004,94102,SKU-103,208,1258.10
2024-12-23,STR-004,94102,SKU-104,148,949.09
2024-12-23,STR-004,94102,SKU-105,112,406.59
2024-12-23,STR-004,94102,SKU-201,167,1059.17
2024-12-23,STR-004,94102,SKU-202,132,734.76
2024-12-23,STR-004,94102,SKU-203,280,854.44
2024-12-23,STR-004,94102,SKU-204,87,937.64
2024-12-23,STR-004,94102,SKU-301,188,1034.18
2024-12-23,STR-004,94102,SKU-302,157,946.78
2024-12-23,STR-004,94102,SKU-303,149,850.75
2024-12-23,STR-004,94102,SKU-304,184,1173.91
2024-12-23,STR-004,94102,SKU-401,178,1174.94
2024-12-23,STR-004,94102,SKU-402,93,585.46
2024-12-23,STR-004,94102,SKU-403,116,623.85
2024-12-23,STR-004,94102,SKU-501,23,441.21
2024-12-23,STR-004,94102,SKU-502,12,358.22
2024-12-23,STR-004,94102,SKU-503,17,347.74
2024-12-23,STR-004,94102,SKU-504,10,173.44
2024-12-23,STR-004,94102,SKU-601,118,1448.67
2024-12-23,STR-004,94102,SKU-602,83,478.59
2024-12-23,STR-004,94102,SKU-603,125,604.81
2024-12-23,STR-004,94102,SKU-604,104,469.49
2024-12-23,STR-004,94102,SKU-701,2,55.20
2024-12-23,STR-005,94118,SKU-101,298,1243.36
2024-12-23,STR-005,94118,SKU-102,302,1896.49
2024-12-23,STR-005,94118,SKU-103,331,1957.10
2024-12-23,STR-005,94118,SKU-104,168,1058.79
2024-12-23,STR-005,94118,SKU-105,177,643.73
2024-12-23,STR-005,94118,SKU-201,214,1298.26
2024-12-23,STR-005,94118,SKU-202,217,1289.72
2024-12-23,STR-005,94118,SKU-203,368,1138.42
2024-12-23,STR-005,94118,SKU-204,104,1132.65
2024-12-23,STR-005,94118,SKU-301,302,1655.08
2024-12-23,STR-005,94118,SKU-302,194,1177.08
2024-12-23,STR-005,94118,SKU-303,166,919.90
2024-12-23,STR-005,94118,SKU-304,250,1521.17
2024-12-23,STR-005,94118,SKU-401,185,1292.68
2024-12-23,STR-005,94118,SKU-402,118,760.89
2024-12-23,STR-005,94118,SKU-403,183,994.87
2024-12-23,STR-005,94118,SKU-501,25,474.24
2024-12-23,STR-005,94118,SKU-502,13,387.68
2024-12-23,STR-005,94118,SKU-503,22,464.30
2024-12-23,STR-005,94118,SKU-504,11,182.73
2024-12-23,STR-005,94118,SKU-601,140,1623.76
2024-12-23,STR-005,94118,SKU-602,118,677.51
2024-12-23,STR-005,94118,SKU-603,155,808.76
2024-12-23,STR-005,94118,SKU-604,120,532.70
2024-12-23,STR-005,94118,SKU-701,3,79.52
2024-12-23,STR-006,94123,SKU-101,260,1090.61
2024-12-23,STR-006,94123,SKU-102,237,1482.01
2024-12-23,STR-006,94123,SKU-103,294,1795.16
2024-12-23,STR-006,94123,SKU-104,163,1014.32
2024-12-23,STR-006,94123,SKU-105,145,515.00
2024-12-23,STR-006,94123,SKU-201,174,1112.20
2024-12-23,STR-006,94123,SKU-202,169,994.48
2024-12-23,STR-006,94123,SKU-203,255,770.73
2024-12-23,STR-006,94123,SKU-204,76,826.96
2024-12-23,STR-006,94123,SKU-301,285,1634.12
2024-12-23,STR-006,94123,SKU-302,197,1157.00
2024-12-23,STR-006,94123,SKU-303,141,826.01
2024-12-23,STR-006,94123,SKU-304,169,1024.94
2024-12-23,STR-006,94123,SKU-401,157,1069.61
2024-12-23,STR-006,94123,SKU-402,129,850.81
2024-12-23,STR-006,94123,SKU-403,168,922.03
2024-12-23,STR-006,94123,SKU-501,21,384.23
2024-12-23,STR-006,94123,SKU-502,13,411.96
2024-12-23,STR-006,94123,SKU-503,16,343.18
2024-12-23,STR-006,94123,SKU-504,11,191.74
2024-12-23,STR-006,94123,SKU-601,130,1523.32
2024-12-23,STR-006,94123,SKU-602,102,597.28
2024-12-23,STR-006,94123,SKU-603,105,514.72
2024-12-23,STR-006,94123,SKU-604,125,576.92
2024-12-23,STR-006,94123,SKU-701,2,52.03
2024-12-16,STR-001,94103,SKU-101,235,970.02
2024-12-16,STR-001,94103,SKU-102,354,2311.89
2024-12-16,STR-001,94103,SKU-103,281,1726.07
2024-12-16,STR-001,94103,SKU-104,139,839.93
2024-12-16,STR-001,94103,SKU-105,160,584.85
2024-12-16,STR-001,94103,SKU-201,215,1367.11
2024-12-16,STR-001,94103,SKU-202,174,987.20
2024-12-16,STR-001,94103,SKU-203,344,1075.36
2024-12-16,STR-001,94103,SKU-204,118,1326.85
2024-12-16,STR-001,94103,SKU-301,284,1557.43
2024-12-16,STR-001,94103,SKU-302,253,1558.51
2024-12-16,STR-001,94103,SKU-303,151,842.17
2024-12-16,STR-001,94103,SKU-304,209,1326.15
2024-12-16,STR-001,94103,SKU-401,198,1337.66
2024-12-16,STR-001,94103,SKU-402,132,888.55
2024-12-16,STR-001,94103,SKU-403,162,854.81
2024-12-16,STR-001,94103,SKU-501,34,660.65
2024-12-16,STR-001,94103,SKU-502,15,462.94
2024-12-16,STR-001,94103,SKU-503,21,435.79
2024-12-16,STR-001,94103,SKU-504,12,199.93
2024-12-16,STR-001,94103,SKU-601,153,1868.22
2024-12-16,STR-001,94103,SKU-602,113,642.06
2024-12-16,STR-001,94103,SKU-603,175,911.68
2024-12-16,STR-001,94103,SKU-604,123,570.24
2024-12-16,STR-001,94103,SKU-701,3,83.52
2024-12-16,STR-002,94110,SKU-101,395,1642.41
2024-12-16,STR-002,94110,SKU-102,383,2385.21
2024-12-16,STR-002,94110,SKU-103,351,2155.98
2024-12-16,STR-002,94110,SKU-104,235,1510.84
2024-12-16,STR-002,94110,SKU-105,191,714.25
2024-12-16,STR-002,94110,SKU-201,289,1771.39
2024-12-16,STR-002,94110,SKU-202,291,1667.61
2024-12-16,STR-002,94110,SKU-203,387,1171.00
2024-12-16,STR-002,94110,SKU-204,132,1436.91
2024-12-16,STR-002,94110,SKU-301,410,2214.84
2024-12-16,STR-002,94110,SKU-302,298,1721.39
2024-12-16,STR-002,94110,SKU-303,192,1113.83
2024-12-16,STR-002,94110,SKU-304,235,1498.95
2024-12-16,STR-002,94110,SKU-401,229,1485.59
2024-12-16,STR-002,94110,SKU-402,155,1043.23
2024-12-16,STR-002,94110,SKU-403,199,1060.59
2024-12-16,STR-002,94110,SKU-501,32,614.55
2024-12-16,STR-002,94110,SKU-502,19,574.99
2024-12-16,STR-002,94110,SKU-503,27,590.37
2024-12-16,STR-002,94110,SKU-504,14,239.63
2024-12-16,STR-002,94110,SKU-601,137,1659.84
2024-12-16,STR-002,94110,SKU-602,125,741.42
2024-12-16,STR-002,94110,SKU-603,164,806.21
2024-12-16,STR-002,94110,SKU-604,148,692.56
2024-12-16,STR-002,94110,SKU-701,4,108.51
2024-12-16,STR-003,94133,SKU-101,262,1032.51
2024-12-16,STR-003,94133,SKU-102,341,2165.70
2024-12-16,STR-003,94133,SKU-103,262,1581.31
2024-12-16,STR-003,94133,SKU-104,183,1154.77
2024-12-16,STR-003,94133,SKU-105,134,486.95
2024-12-16,STR-003,94133,SKU-201,241,1480.72
2024-12-16,STR-003,94133,SKU-202,181,1051.66
2024-12-16,STR-003,94133,SKU-203,333,1041.21
2024-12-16,STR-003,94133,SKU-204,113,1235.81
2024-12-16,STR-003,94133,SKU-301,282,1497.83
2024-12-16,STR-003,94133,SKU-302,176,1061.88
2024-12-16,STR-003,94133,SKU-303,177,1030.78
2024-12-16,STR-003,94133,SKU-304,243,1529.98
2024-12-16,STR-003,94133,SKU-401,215,1400.92
2024-12-16,STR-003,94133,SKU-402,138,919.95
2024-12-16,STR-003,94133,SKU-403,126,669.11
2024-12-16,STR-003,94133,SKU-501,27,501.45
2024-12-16,STR-003,94133,SKU-502,14,415.63
2024-12-16,STR-003,94133,SKU-503,19,406.49
2024-12-16,STR-003,94133,SKU-504,14,246.30
2024-12-16,STR-003,94133,SKU-601,131,1545.25
2024-12-16,STR-003,94133,SKU-602,115,634.99
2024-12-16,STR-003,94133,SKU-603,133,659.09
2024-12-16,STR-003,94133,SKU-604,132,595.32
2024-12-16,STR-003,94133,SKU-701,2,54.66
2024-12-16,STR-004,94102,SKU-101,244,1002.70
2024-12-16,STR-004,94102,SKU-102,206,1321.52
2024-12-16,STR-004,94102,SKU-103,200,1179.84
2024-12-16,STR-004,94102,SKU-104,110,710.04
2024-12-16,STR-004,94102,SKU-105,136,470.37
2024-12-16,STR-004,94102,SKU-201,154,921.81
2024-12-16,STR-004,94102,SKU-202,139,819.28
2024-12-16,STR-004,94102,SKU-203,222,719.70
2024-12-16,STR-004,94102,SKU-204,79,842.99
2024-12-16,STR-004,94102,SKU-301,192,1069.39
2024-12-16,STR-004,94102,SKU-302,187,1164.44
2024-12-16,STR-004,94102,SKU-303,148,864.30
2024-12-16,STR-004,94102,SKU-304,186,1157.61
2024-12-16,STR-004,94102,SKU-401,173,1136.54
2024-12-16,STR-004,94102,SKU-402,105,654.86
2024-12-16,STR-004,94102,SKU-403,113,615.03
2024-12-16,STR-004,94102,SKU-501,18,350.26
2024-12-16,STR-004,94102,SKU-502,13,393.16
2024-12-16,STR-004,94102,SKU-503,19,407.53
2024-12-16,STR-004,94102,SKU-504,10,177.09
2024-12-16,STR-004,94102,SKU-601,84,994.04
2024-12-16,STR-004,94102,SKU-602,86,510.60
2024-12-16,STR-004,94102,SKU-603,93,476.32
2024-12-16,STR-004,94102,SKU-604,78,347.59
2024-12-16,STR-004,94102,SKU-701,2,54.22
2024-12-16,STR-005,94118,SKU-101,306,1262.77
2024-12-16,STR-005,94118,SKU-102,345,2279.43
2024-12-16,STR-005,94118,SKU-103,303,1812.12
2024-12-16,STR-005,94118,SKU-104,141,852.79
2024-12-16,STR-005,94118,SKU-105,144,499.40
2024-12-16,STR-005,94118,SKU-201,279,1695.09
2024-12-16,STR-005,94118,SKU-202,229,1332.44
2024-12-16,STR-005,94118,SKU-203,359,1098.69
2024-12-16,STR-005,94118,SKU-204,134,1484.13
2024-12-16,STR-005,94118,SKU-301,263,1426.81
2024-12-16,STR-005,94118,SKU-302,188,1086.61
2024-12-16,STR-005,94118,SKU-303,215,1269.46
2024-12-16,STR-005,94118,SKU-304,265,1626.84
2024-12-16,STR-005,94118,SKU-401,264,1815.83
2024-12-16,STR-005,94118,SKU-402,108,682.29
2024-12-16,STR-005,94118,SKU-403,204,1108.27
2024-12-16,STR-005,94118,SKU-501,28,534.35
2024-12-16,STR-005,94118,SKU-502,13,385.24
2024-12-16,STR-005,94118,SKU-503,23,480.71
2024-12-16,STR-005,94118,SKU-504,11,185.76
2024-12-16,STR-005,94118,SKU-601,163,2016.32
2024-12-16,STR-005,94118,SKU-602,104,606.39
2024-12-16,STR-005,94118,SKU-603,135,701.55
2024-12-16,STR-005,94118,SKU-604,148,650.25
2024-12-16,STR-005,94118,SKU-701,4,107.39
2024-12-16,STR-006,94123,SKU-101,253,1073.54
2024-12-16,STR-006,94123,SKU-102,250,1605.56
2024-12-16,STR-006,94123,SKU-103,215,1328.41
2024-12-16,STR-006,94123,SKU-104,123,797.92
2024-12-16,STR-006,94123,SKU-105,115,402.92
2024-12-16,STR-006,94123,SKU-201,206,1325.93
2024-12-16,STR-006,94123,SKU-202,154,913.28
2024-12-16,STR-006,94123,SKU-203,223,724.15
2024-12-16,STR-006,94123,SKU-204,90,954.41
2024-12-16,STR-006,94123,SKU-301,264,1436.40
2024-12-16,STR-006,94123,SKU-302,201,1160.46
2024-12-16,STR-006,94123,SKU-303,144,857.09
2024-12-16,STR-006,94123,SKU-304,189,1224.83
2024-12-16,STR-006,94123,SKU-401,169,1172.23
2024-12-16,STR-006,94123,SKU-402,102,662.23
2024-12-16,STR-006,94123,SKU-403,170,885.15
2024-12-16,STR-006,94123,SKU-501,24,450.59
2024-12-16,STR-006,94123,SKU-502,11,326.00
2024-12-16,STR-006,94123,SKU-503,19,416.20
2024-12-16,STR-006,94123,SKU-504,12,212.91
2024-12-16,STR-006,94123,SKU-601,93,1114.73
2024-12-16,STR-006,94123,SKU-602,121,706.79
2024-12-16,STR-006,94123,SKU-603,108,523.10
2024-12-16,STR-006,94123,SKU-604,96,430.63
2024-12-16,STR-006,94123,SKU-701,3,80.62
2024-12-09,STR-001,94103,SKU-101,263,1044.40
2024-12-09,STR-001,94103,SKU-102,286,1925.10
2024-12-09,STR-001,94103,SKU-103,277,1656.05
2024-12-09,STR-001,94103,SKU-104,169,1047.82
2024-12-09,STR-001,94103,SKU-105,125,444.39
2024-12-09,STR-001,94103,SKU-201,244,1576.92
2024-12-09,STR-001,94103,SKU-202,181,1008.81
2024-12-09,STR-001,94103,SKU-203,346,1046.66
2024-12-09,STR-001,94103,SKU-204,110,1258.33
2024-12-09,STR-001,94103,SKU-301,258,1464.73
2024-12-09,STR-001,94103,SKU-302,233,1346.07
2024-12-09,STR-001,94103,SKU-303,166,960.70
2024-12-09,STR-001,94103,SKU-304,266,1611.06
2024-12-09,STR-001,94103,SKU-401,180,1207.46
2024-12-09,STR-001,94103,SKU-402,124,785.22
2024-12-09,STR-001,94103,SKU-403,187,971.86
2024-12-09,STR-001,94103,SKU-501,31,588.17
2024-12-09,STR-001,94103,SKU-502,14,421.28
2024-12-09,STR-001,94103,SKU-503,19,411.63
2024-12-09,STR-001,94103,SKU-504,11,197.95
2024-12-09,STR-001,94103,SKU-601,136,1596.87
2024-12-09,STR-001,94103,SKU-602,107,640.83
2024-12-09,STR-001,94103,SKU-603,161,807.59
2024-12-09,STR-001,94103,SKU-604,113,535.16
2024-12-09,STR-001,94103,SKU-701,3,79.63
2024-12-09,STR-002,94110,SKU-101,301,1229.97
2024-12-09,STR-002,94110,SKU-102,367,2340.85
2024-12-09,STR-002,94110,SKU-103,292,1734.11
2024-12-09,STR-002,94110,SKU-104,164,998.56
2024-12-09,STR-002,94110,SKU-105,203,730.67
2024-12-09,STR-002,94110,SKU-201,259,1577.15
2024-12-09,STR-002,94110,SKU-202,243,1441.83
2024-12-09,STR-002,94110,SKU-203,315,989.16
2024-12-09,STR-002,94110,SKU-204,112,1241.46
2024-12-09,STR-002,94110,SKU-301,306,1642.49
2024-12-09,STR-002,94110,SKU-302,313,1928.65
2024-12-09,STR-002,94110,SKU-303,252,1458.01
2024-12-09,STR-002,94110,SKU-304,319,2007.50
2024-12-09,STR-002,94110,SKU-401,257,1675.73
2024-12-09,STR-002,94110,SKU-402,152,965.23
2024-12-09,STR-002,94110,SKU-403,189,973.45
2024-12-09,STR-002,94110,SKU-501,38,724.43
2024-12-09,STR-002,94110,SKU-502,19,606.61
2024-12-09,STR-002,94110,SKU-503,27,553.84
2024-12-09,STR-002,94110,SKU-504,17,284.85
2024-12-09,STR-002,94110,SKU-601,149,1728.38
2024-12-09,STR-002,94110,SKU-602,163,911.31
2024-12-09,STR-002,94110,SKU-603,172,872.65
2024-12-09,STR-002,94110,SKU-604,138,654.39
2024-12-09,STR-002,94110,SKU-701,3,82.31
2024-12-09,STR-003,94133,SKU-101,218,868.75
2024-12-09,STR-003,94133,SKU-102,288,1790.39
2024-12-09,STR-003,94133,SKU-103,283,1751.36
2024-12-09,STR-003,94133,SKU-104,165,1028.41
2024-12-09,STR-003,94133,SKU-105,148,538.90
2024-12-09,STR-003,94133,SKU-201,198,1275.12
2024-12-09,STR-003,94133,SKU-202,214,1282.75
2024-12-09,STR-003,94133,SKU-203,319,1034.96
2024-12-09,STR-003,94133,SKU-204,116,1333.35
2024-12-09,STR-003,94133,SKU-301,285,1589.88
2024-12-09,STR-003,94133,SKU-302,242,1394.02
2024-12-09,STR-003,94133,SKU-303,157,926.69
2024-12-09,STR-003,94133,SKU-304,200,1272.84
2024-12-09,STR-003,94133,SKU-401,178,1148.34
2024-12-09,STR-003,94133,SKU-402,101,643.40
2024-12-09,STR-003,94133,SKU-403,132,723.30
2024-12-09,STR-003,94133,SKU-501,32,620.70
2024-12-09,STR-003,94133,SKU-502,12,367.54
2024-12-09,STR-003,94133,SKU-503,22,474.38
2024-12-09,STR-003,94133,SKU-504,13,224.30
2024-12-09,STR-003,94133,SKU-601,105,1211.52
2024-12-09,STR-003,94133,SKU-602,109,625.33
2024-12-09,STR-003,94133,SKU-603,154,806.32
2024-12-09,STR-003,94133,SKU-604,109,511.91
2024-12-09,STR-003,94133,SKU-701,3,82.89
2024-12-09,STR-004,94102,SKU-101,231,913.54
2024-12-09,STR-004,94102,SKU-102,206,1340.41
2024-12-09,STR-004,94102,SKU-103,247,1542.37
2024-12-09,STR-004,94102,SKU-104,127,796.93
2024-12-09,STR-004,94102,SKU-105,124,439.25
2024-12-09,STR-004,94102,SKU-201,198,1284.18
2024-12-09,STR-004,94102,SKU-202,174,969.19
2024-12-09,STR-004,94102,SKU-203,211,685.45
2024-12-09,STR-004,94102,SKU-204,85,918.66
2024-12-09,STR-004,94102,SKU-301,197,1055.47
2024-12-09,STR-004,94102,SKU-302,159,925.88
2024-12-09,STR-004,94102,SKU-303,124,691.36
2024-12-09,STR-004,94102,SKU-304,143,871.96
2024-12-09,STR-004,94102,SKU-401,159,1029.93
2024-12-09,STR-004,94102,SKU-402,83,523.45
2024-12-09,STR-004,94102,SKU-403,123,656.43
2024-12-09,STR-004,94102,SKU-501,26,480.15
2024-12-09,STR-004,94102,SKU-502,14,445.72
2024-12-09,STR-004,94102,SKU-503,19,410.95
2024-12-09,STR-004,94102,SKU-504,11,185.16
2024-12-09,STR-004,94102,SKU-601,107,1235.82
2024-12-09,STR-004,94102,SKU-602,78,434.60
2024-12-09,STR-004,94102,SKU-603,102,509.06
2024-12-09,STR-004,94102,SKU-604,98,458.07
2024-12-09,STR-004,94102,SKU-701,3,79.44
2024-12-09,STR-005,94118,SKU-101,285,1174.16
2024-12-09,STR-005,94118,SKU-102,299,2012.37
2024-12-09,STR-005,94118,SKU-103,290,1764.36
2024-12-09,STR-005,94118,SKU-104,142,893.70
2024-12-09,STR-005,94118,SKU-105,139,481.44
2024-12-09,STR-005,94118,SKU-201,267,1677.73
2024-12-09,STR-005,94118,SKU-202,202,1193.54
2024-12-09,STR-005,94118,SKU-203,269,813.70
2024-12-09,STR-005,94118,SKU-204,121,1284.50
2024-12-09,STR-005,94118,SKU-301,358,1910.58
2024-12-09,STR-005,94118,SKU-302,185,1085.55
2024-12-09,STR-005,94118,SKU-303,189,1083.96
2024-12-09,STR-005,94118,SKU-304,225,1414.29
2024-12-09,STR-005,94118,SKU-401,183,1222.31
2024-12-09,STR-005,94118,SKU-402,135,869.73
2024-12-09,STR-005,94118,SKU-403,197,1002.79
2024-12-09,STR-005,94118,SKU-501,27,513.37
2024-12-09,STR-005,94118,SKU-502,17,524.02
2024-12-09,STR-005,94118,SKU-503,26,570.94
2024-12-09,STR-005,94118,SKU-504,12,203.82
2024-12-09,STR-005,94118,SKU-601,163,1911.65
2024-12-09,STR-005,94118,SKU-602,109,605.96
2024-12-09,STR-005,94118,SKU-603,152,747.56
2024-12-09,STR-005,94118,SKU-604,133,599.49
2024-12-09,STR-005,94118,SKU-701,3,82.45
2024-12-09,STR-006,94123,SKU-101,198,794.42
2024-12-09,STR-006,94123,SKU-102,313,2059.63
2024-12-09,STR-006,94123,SKU-103,297,1775.42
2024-12-09,STR-006,94123,SKU-104,164,1042.19
2024-12-09,STR-006,94123,SKU-105,135,479.64
2024-12-09,STR-006,94123,SKU-201,211,1300.89
2024-12-09,STR-006,94123,SKU-202,210,1230.49
2024-12-09,STR-006,94123,SKU-203,232,720.19
2024-12-09,STR-006,94123,SKU-204,100,1102.22
2024-12-09,STR-006,94123,SKU-301,228,1241.52
2024-12-09,STR-006,94123,SKU-302,194,1178.48
2024-12-09,STR-006,94123,SKU-303,176,1026.05
2024-12-09,STR-006,94123,SKU-304,220,1331.33
2024-12-09,STR-006,94123,SKU-401,180,1201.30
2024-12-09,STR-006,94123,SKU-402,126,802.30
2024-12-09,STR-006,94123,SKU-403,121,618.07
2024-12-09,STR-006,94123,SKU-501,21,387.65
2024-12-09,STR-006,94123,SKU-502,14,431.22
2024-12-09,STR-006,94123,SKU-503,20,415.13
2024-12-09,STR-006,94123,SKU-504,10,177.87
2024-12-09,STR-006,94123,SKU-601,97,1147.49
2024-12-09,STR-006,94123,SKU-602,117,654.19
2024-12-09,STR-006,94123,SKU-603,141,690.29
2024-12-09,STR-006,94123,SKU-604,102,473.25
2024-12-09,STR-006,94123,SKU-701,3,78.05
2024-12-02,STR-001,94103,SKU-101,236,999.45
2024-12-02,STR-001,94103,SKU-102,286,1913.02
2024-12-02,STR-001,94103,SKU-103,230,1423.04
2024-12-02,STR-001,94103,SKU-104,141,866.60
2024-12-02,STR-001,94103,SKU-105,140,497.95
2024-12-02,STR-001,94103,SKU-201,238,1430.36
2024-12-02,STR-001,94103,SKU-202,212,1186.04
2024-12-02,STR-001,94103,SKU-203,305,967.45
2024-12-02,STR-001,94103,SKU-204,114,1288.32
2024-12-02,STR-001,94103,SKU-301,317,1772.83
2024-12-02,STR-001,94103,SKU-302,255,1556.57
2024-12-02,STR-001,94103,SKU-303,175,979.10
2024-12-02,STR-001,94103,SKU-304,226,1385.21
2024-12-02,STR-001,94103,SKU-401,193,1309.44
2024-12-02,STR-001,94103,SKU-402,142,932.56
2024-12-02,STR-001,94103,SKU-403,127,666.44
2024-12-02,STR-001,94103,SKU-501,27,522.20
2024-12-02,STR-001,94103,SKU-502,14,419.64
2024-12-02,STR-001,94103,SKU-503,17,367.31
2024-12-02,STR-001,94103,SKU-504,12,207.71
2024-12-02,STR-001,94103,SKU-601,115,1378.24
2024-12-02,STR-001,94103,SKU-602,134,779.42
2024-12-02,STR-001,94103,SKU-603,170,831.43
2024-12-02,STR-001,94103,SKU-604,106,471.29
2024-12-02,STR-001,94103,SKU-701,3,83.77
2024-12-02,STR-002,94110,SKU-101,373,1564.76
2024-12-02,STR-002,94110,SKU-102,435,2862.94
2024-12-02,STR-002,94110,SKU-103,325,2026.88
2024-12-02,STR-002,94110,SKU-104,206,1336.46
2024-12-02,STR-002,94110,SKU-105,140,487.35
2024-12-02,STR-002,94110,SKU-201,231,1492.15
2024-12-02,STR-002,94110,SKU-202,278,1609.29
2024-12-02,STR-002,94110,SKU-203,442,1403.97
2024-12-02,STR-002,94110,SKU-204,155,1736.25
2024-12-02,STR-002,94110,SKU-301,321,1736.95
2024-12-02,STR-002,94110,SKU-302,231,1349.56
2024-12-02,STR-002,94110,SKU-303,192,1119.39
2024-12-02,STR-002,94110,SKU-304,320,2026.78
2024-12-02,STR-002,94110,SKU-401,258,1717.42
2024-12-02,STR-002,94110,SKU-402,173,1108.71
2024-12-02,STR-002,94110,SKU-403,200,1012.42
2024-12-02,STR-002,94110,SKU-501,40,740.39
2024-12-02,STR-002,94110,SKU-502,21,665.48
2024-12-02,STR-002,94110,SKU-503,30,645.67
2024-12-02,STR-002,94110,SKU-504,15,258.08
2024-12-02,STR-002,94110,SKU-601,162,1967.01
2024-12-02,STR-002,94110,SKU-602,150,886.68
2024-12-02,STR-002,94110,SKU-603,175,873.19
2024-12-02,STR-002,94110,SKU-604,167,743.58
2024-12-02,STR-002,94110,SKU-701,4,111.28
2024-12-02,STR-003,94133,SKU-101,220,864.99
2024-12-02,STR-003,94133,SKU-102,260,1653.99
2024-12-02,STR-003,94133,SKU-103,295,1783.48
2024-12-02,STR-003,94133,SKU-104,141,843.35
2024-12-02,STR-003,94133,SKU-105,131,471.38
2024-12-02,STR-003,94133,SKU-201,240,1537.19
2024-12-02,STR-003,94133,SKU-202,228,1323.44
2024-12-02,STR-003,94133,SKU-203,314,977.21
2024-12-02,STR-003,94133,SKU-204,105,1138.42
2024-12-02,STR-003,94133,SKU-301,238,1323.34
2024-12-02,STR-003,94133,SKU-302,220,1278.57
2024-12-02,STR-003,94133,SKU-303,154,876.53
2024-12-02,STR-003,94133,SKU-304,238,1490.84
2024-12-02,STR-003,94133,SKU-401,224,1455.38
2024-12-02,STR-003,94133,SKU-402,138,889.65
2024-12-02,STR-003,94133,SKU-403,146,769.21
2024-12-02,STR-003,94133,SKU-501,22,425.51
2024-12-02,STR-003,94133,SKU-502,13,406.11
2024-12-02,STR-003,94133,SKU-503,19,414.87
2024-12-02,STR-003,94133,SKU-504,11,197.04
2024-12-02,STR-003,94133,SKU-601,149,1734.13
2024-12-02,STR-003,94133,SKU-602,123,725.23
2024-12-02,STR-003,94133,SKU-603,138,688.82
2024-12-02,STR-003,94133,SKU-604,123,550.37
2024-12-02,STR-003,94133,SKU-701,3,80.52
2024-12-02,STR-004,94102,SKU-101,220,913.67
2024-12-02,STR-004,94102,SKU-102,277,1841.27
2024-12-02,STR-004,94102,SKU-103,190,1102.05
2024-12-02,STR-004,94102,SKU-104,109,693.45
2024-12-02,STR-004,94102,SKU-105,119,412.79
2024-12-02,STR-004,94102,SKU-201,178,1142.96
2024-12-02,STR-004,94102,SKU-202,128,734.20
2024-12-02,STR-004,94102,SKU-203,254,800.54
2024-12-02,STR-004,94102,SKU-204,72,766.79
2024-12-02,STR-004,94102,SKU-301,259,1455.91
2024-12-02,STR-004,94102,SKU-302,160,959.99
2024-12-02,STR-004,94102,SKU-303,158,916.49
2024-12-02,STR-004,94102,SKU-304,162,1039.22
2024-12-02,STR-004,94102,SKU-401,171,1155.59
2024-12-02,STR-004,94102,SKU-402,110,735.89
2024-12-02,STR-004,94102,SKU-403,118,616.92
2024-12-02,STR-004,94102,SKU-501,25,471.73
2024-12-02,STR-004,94102,SKU-502,13,387.54
2024-12-02,STR-004,94102,SKU-503,16,350.74
2024-12-02,STR-004,94102,SKU-504,8,135.19
2024-12-02,STR-004,94102,SKU-601,96,1155.10
2024-12-02,STR-004,94102,SKU-602,76,443.18
2024-12-02,STR-004,94102,SKU-603,100,523.95
2024-12-02,STR-004,94102,SKU-604,114,514.76
2024-12-02,STR-004,94102,SKU-701,2,55.32
2024-12-02,STR-005,94118,SKU-101,291,1169.73
2024-12-02,STR-005,94118,SKU-102,259,1663.59
2024-12-02,STR-005,94118,SKU-103,336,2026.11
2024-12-02,STR-005,94118,SKU-104,145,897.80
2024-12-02,STR-005,94118,SKU-105,122,448.14
2024-12-02,STR-005,94118,SKU-201,212,1296.75
2024-12-02,STR-005,94118,SKU-202,180,1007.57
2024-12-02,STR-005,94118,SKU-203,315,988.12
2024-12-02,STR-005,94118,SKU-204,104,1101.08
2024-12-02,STR-005,94118,SKU-301,279,1565.91
2024-12-02,STR-005,94118,SKU-302,201,1161.27
2024-12-02,STR-005,94118,SKU-303,194,1120.70
2024-12-02,STR-005,94118,SKU-304,275,1733.35
2024-12-02,STR-005,94118,SKU-401,204,1359.80
2024-12-02,STR-005,94118,SKU-402,149,965.43
2024-12-02,STR-005,94118,SKU-403,175,920.86
2024-12-02,STR-005,94118,SKU-501,27,496.17
2024-12-02,STR-005,94118,SKU-502,19,579.17
2024-12-02,STR-005,94118,SKU-503,18,369.87
2024-12-02,STR-005,94118,SKU-504,12,207.12
2024-12-02,STR-005,94118,SKU-601,166,2071.42
2024-12-02,STR-005,94118,SKU-602,133,758.86
2024-12-02,STR-005,94118,SKU-603,150,756.80
2024-12-02,STR-005,94118,SKU-604,132,606.34
2024-12-02,STR-005,94118,SKU-701,4,108.53
2024-12-02,STR-006,94123,SKU-101,244,977.20
2024-12-02,STR-006,94123,SKU-102,275,1816.44
2024-12-02,STR-006,94123,SKU-103,207,1209.66
2024-12-02,STR-006,94123,SKU-104,165,1005.50
2024-12-02,STR-006,94123,SKU-105,121,418.86
2024-12-02,STR-006,94123,SKU-201,237,1453.74
2024-12-02,STR-006,94123,SKU-202,213,1246.51
2024-12-02,STR-006,94123,SKU-203,320,981.67
2024-12-02,STR-006,94123,SKU-204,98,1079.41
2024-12-02,STR-006,94123,SKU-301,246,1384.41
2024-12-02,STR-006,94123,SKU-302,168,970.06
2024-12-02,STR-006,94123,SKU-303,130,736.03
2024-12-02,STR-006,94123,SKU-304,219,1362.60
2024-12-02,STR-006,94123,SKU-401,198,1320.10
2024-12-02,STR-006,94123,SKU-402,131,846.20
2024-12-02,STR-006,94123,SKU-403,144,775.97
2024-12-02,STR-006,94123,SKU-501,23,429.04
2024-12-02,STR-006,94123,SKU-502,12,373.45
2024-12-02,STR-006,94123,SKU-503,15,321.13
2024-12-02,STR-006,94123,SKU-504,11,195.65
2024-12-02,STR-006,94123,SKU-601,118,1384.03
2024-12-02,STR-006,94123,SKU-602,110,638.49
2024-12-02,STR-006,94123,SKU-603,110,574.82
2024-12-02,STR-006,94123,SKU-604,106,495.57
2024-12-02,STR-006,94123,SKU-701,2,53.04
2024-11-25,STR-001,94103,SKU-101,312,1259.62
2024-11-25,STR-001,94103,SKU-102,322,2072.36
2024-11-25,STR-001,94103,SKU-103,301,1801.34
2024-11-25,STR-001,94103,SKU-104,154,989.54
2024-11-25,STR-001,94103,SKU-105,117,409.32
2024-11-25,STR-001,94103,SKU-201,205,1331.08
2024-11-25,STR-001,94103,SKU-202,169,985.60
2024-11-25,STR-001,94103,SKU-203,324,987.87
2024-11-25,STR-001,94103,SKU-204,94,1020.45
2024-11-25,STR-001,94103,SKU-301,289,1660.00
2024-11-25,STR-001,94103,SKU-302,250,1519.14
2024-11-25,STR-001,94103,SKU-303,215,1209.44
2024-11-25,STR-001,94103,SKU-304,216,1356.71
2024-11-25,STR-001,94103,SKU-401,196,1318.19
2024-11-25,STR-001,94103,SKU-402,119,740.41
2024-11-25,STR-001,94103,SKU-403,157,857.52
2024-11-25,STR-001,94103,SKU-501,29,537.64
2024-11-25,STR-001,94103,SKU-502,13,404.40
2024-11-25,STR-001,94103,SKU-503,24,487.73
2024-11-25,STR-001,94103,SKU-504,13,221.22
2024-11-25,STR-001,94103,SKU-601,154,1778.41
2024-11-25,STR-001,94103,SKU-602,124,689.11
2024-11-25,STR-001,94103,SKU-603,132,656.70
2024-11-25,STR-001,94103,SKU-604,131,587.62
2024-11-25,STR-001,94103,SKU-701,3,80.64
2024-11-25,STR-002,94110,SKU-101,325,1356.09
2024-11-25,STR-002,94110,SKU-102,389,2420.45
2024-11-25,STR-002,94110,SKU-103,312,1937.04
2024-11-25,STR-002,94110,SKU-104,226,1386.74
2024-11-25,STR-002,94110,SKU-105,190,683.79
2024-11-25,STR-002,94110,SKU-201,251,1611.35
2024-11-25,STR-002,94110,SKU-202,204,1165.86
2024-11-25,STR-002,94110,SKU-203,381,1139.21
2024-11-25,STR-002,94110,SKU-204,112,1256.92
2024-11-25,STR-002,94110,SKU-301,340,1834.27
2024-11-25,STR-002,94110,SKU-302,302,1801.30
2024-11-25,STR-002,94110,SKU-303,190,1094.12
2024-11-25,STR-002,94110,SKU-304,306,1947.41
2024-11-25,STR-002,94110,SKU-401,267,1826.46
2024-11-25,STR-002,94110,SKU-402,124,783.47
2024-11-25,STR-002,94110,SKU-403,161,872.06
2024-11-25,STR-002,94110,SKU-501,35,670.78
2024-11-25,STR-002,94110,SKU-502,16,504.95
2024-11-25,STR-002,94110,SKU-503,22,480.91
2024-11-25,STR-002,94110,SKU-504,13,227.41
2024-11-25,STR-002,94110,SKU-601,158,1833.56
2024-11-25,STR-002,94110,SKU-602,169,977.76
2024-11-25,STR-002,94110,SKU-603,175,886.31
2024-11-25,STR-002,94110,SKU-604,144,669.87
2024-11-25,STR-002,94110,SKU-701,4,111.67
2024-11-25,STR-003,94133,SKU-101,274,1114.28
2024-11-25,STR-003,94133,SKU-102,296,1935.19
2024-11-25,STR-003,94133,SKU-103,316,1909.33
2024-11-25,STR-003,94133,SKU-104,137,861.73
2024-11-25,STR-003,94133,SKU-105,145,510.64
2024-11-25,STR-003,94133,SKU-201,225,1390.22
2024-11-25,STR-003,94133,SKU-202,201,1133.29
2024-11-25,STR-003,94133,SKU-203,311,994.72
2024-11-25,STR-003,94133,SKU-204,119,1352.44
2024-11-25,STR-003,94133,SKU-301,279,1596.63
2024-11-25,STR-003,94133,SKU-302,194,1145.93
2024-11-25,STR-003,94133,SKU-303,145,805.05
2024-11-25,STR-003,94133,SKU-304,243,1457.93
2024-11-25,STR-003,94133,SKU-401,184,1230.11
2024-11-25,STR-003,94133,SKU-402,120,806.53
2024-11-25,STR-003,94133,SKU-403,148,798.11
2024-11-25,STR-003,94133,SKU-501,27,488.33
2024-11-25,STR-003,94133,SKU-502,11,343.72
2024-11-25,STR-003,94133,SKU-503,22,479.47
2024-11-25,STR-003,94133,SKU-504,13,215.92
2024-11-25,STR-003,94133,SKU-601,110,1275.44
2024-11-25,STR-003,94133,SKU-602,94,523.33
2024-11-25,STR-003,94133,SKU-603,167,824.96
2024-11-25,STR-003,94133,SKU-604,134,602.75
2024-11-25,STR-003,94133,SKU-701,3,81.39
2024-11-25,STR-004,94102,SKU-101,181,756.48
2024-11-25,STR-004,94102,SKU-102,263,1752.37
2024-11-25,STR-004,94102,SKU-103,228,1415.57
2024-11-25,STR-004,94102,SKU-104,120,761.08
2024-11-25,STR-004,94102,SKU-105,132,456.89
2024-11-25,STR-004,94102,SKU-201,155,976.96
2024-11-25,STR-004,94102,SKU-202,147,838.37
2024-11-25,STR-004,94102,SKU-203,234,759.47
2024-11-25,STR-004,94102,SKU-204,78,852.18
2024-11-25,STR-004,94102,SKU-301,269,1479.27
2024-11-25,STR-004,94102,SKU-302,206,1209.52
2024-11-25,STR-004,94102,SKU-303,136,798.65
2024-11-25,STR-004,94102,SKU-304,185,1158.02
2024-11-25,STR-004,94102,SKU-401,175,1157.14
2024-11-25,STR-004,94102,SKU-402,87,574.04
2024-11-25,STR-004,94102,SKU-403,102,544.16
2024-11-25,STR-004,94102,SKU-501,24,464.67
2024-11-25,STR-004,94102,SKU-502,11,348.60
2024-11-25,STR-004,94102,SKU-503,16,339.43
2024-11-25,STR-004,94102,SKU-504,8,136.01
2024-11-25,STR-004,94102,SKU-601,87,1001.91
2024-11-25,STR-004,94102,SKU-602,91,504.37
2024-11-25,STR-004,94102,SKU-603,107,541.80
2024-11-25,STR-004,94102,SKU-604,106,487.02
2024-11-25,STR-004,94102,SKU-701,2,54.82
2024-11-25,STR-005,94118,SKU-101,256,1038.08
2024-11-25,STR-005,94118,SKU-102,275,1736.25
2024-11-25,STR-005,94118,SKU-103,286,1760.25
2024-11-25,STR-005,94118,SKU-104,152,957.30
2024-11-25,STR-005,94118,SKU-105,165,602.65
2024-11-25,STR-005,94118,SKU-201,236,1508.56
2024-11-25,STR-005,94118,SKU-202,235,1335.67
2024-11-25,STR-005,94118,SKU-203,370,1165.86
2024-11-25,STR-005,94118,SKU-204,123,1394.79
2024-11-25,STR-005,94118,SKU-301,355,2018.48
2024-11-25,STR-005,94118,SKU-302,215,1339.16
2024-11-25,STR-005,94118,SKU-303,220,1252.34
2024-11-25,STR-005,94118,SKU-304,282,1704.62
2024-11-25,STR-005,94118,SKU-401,211,1428.51
2024-11-25,STR-005,94118,SKU-402,154,967.49
2024-11-25,STR-005,94118,SKU-403,156,823.06
2024-11-25,STR-005,94118,SKU-501,35,671.11
2024-11-25,STR-005,94118,SKU-502,15,479.69
2024-11-25,STR-005,94118,SKU-503,24,506.04
2024-11-25,STR-005,94118,SKU-504,15,262.71
2024-11-25,STR-005,94118,SKU-601,122,1446.45
2024-11-25,STR-005,94118,SKU-602,145,824.95
2024-11-25,STR-005,94118,SKU-603,137,703.58
2024-11-25,STR-005,94118,SKU-604,129,586.65
2024-11-25,STR-005,94118,SKU-701,4,105.32
2024-11-25,STR-006,94123,SKU-101,229,964.78
2024-11-25,STR-006,94123,SKU-102,256,1689.99
2024-11-25,STR-006,94123,SKU-103,242,1478.69
2024-11-25,STR-006,94123,SKU-104,161,1015.11
2024-11-25,STR-006,94123,SKU-105,135,471.33
2024-11-25,STR-006,94123,SKU-201,199,1230.47
2024-11-25,STR-006,94123,SKU-202,192,1061.01
2024-11-25,STR-006,94123,SKU-203,258,774.20
2024-11-25,STR-006,94123,SKU-204,94,1066.32
2024-11-25,STR-006,94123,SKU-301,268,1518.10
2024-11-25,STR-006,94123,SKU-302,222,1300.91
2024-11-25,STR-006,94123,SKU-303,153,845.15
2024-11-25,STR-006,94123,SKU-304,192,1202.30
2024-11-25,STR-006,94123,SKU-401,171,1136.59
2024-11-25,STR-006,94123,SKU-402,124,791.04
2024-11-25,STR-006,94123,SKU-403,162,850.76
2024-11-25,STR-006,94123,SKU-501,26,506.24
2024-11-25,STR-006,94123,SKU-502,12,382.14
2024-11-25,STR-006,94123,SKU-503,19,386.46
2024-11-25,STR-006,94123,SKU-504,12,209.98
2024-11-25,STR-006,94123,SKU-601,96,1146.27
2024-11-25,STR-006,94123,SKU-602,87,504.60
2024-11-25,STR-006,94123,SKU-603,141,681.55
2024-11-25,STR-006,94123,SKU-604,114,517.72
2024-11-25,STR-006,94123,SKU-701,3,81.98
2024-11-18,STR-001,94103,SKU-101,233,930.51
2024-11-18,STR-001,94103,SKU-102,252,1653.16
2024-11-18,STR-001,94103,SKU-103,274,1583.26
2024-11-18,STR-001,94103,SKU-104,134,842.77
2024-11-18,STR-001,94103,SKU-105,115,404.34
2024-11-18,STR-001,94103,SKU-201,255,1622.33
2024-11-18,STR-001,94103,SKU-202,216,1246.22
2024-11-18,STR-001,94103,SKU-203,315,964.02
2024-11-18,STR-001,94103,SKU-204,93,1068.01
2024-11-18,STR-001,94103,SKU-301,348,1874.40
2024-11-18,STR-001,94103,SKU-302,178,1105.60
2024-11-18,STR-001,94103,SKU-303,222,1295.42
2024-11-18,STR-001,94103,SKU-304,259,1655.74
2024-11-18,STR-001,94103,SKU-401,164,1087.96
2024-11-18,STR-001,94103,SKU-402,109,704.99
2024-11-18,STR-001,94103,SKU-403,145,787.18
2024-11-18,STR-001,94103,SKU-501,33,641.27
2024-11-18,STR-001,94103,SKU-502,12,381.73
2024-11-18,STR-001,94103,SKU-503,19,403.34
2024-11-18,STR-001,94103,SKU-504,13,216.76
2024-11-18,STR-001,94103,SKU-601,121,1417.98
2024-11-18,STR-001,94103,SKU-602,110,634.84
2024-11-18,STR-001,94103,SKU-603,141,696.61
2024-11-18,STR-001,94103,SKU-604,121,540.77
2024-11-18,STR-001,94103,SKU-701,3,79.90
2024-11-18,STR-002,94110,SKU-101,333,1408.58
2024-11-18,STR-002,94110,SKU-102,330,2146.94
2024-11-18,STR-002,94110,SKU-103,279,1708.52
2024-11-18,STR-002,94110,SKU-104,161,1019.36
2024-11-18,STR-002,94110,SKU-105,137,503.41
2024-11-18,STR-002,94110,SKU-201,290,1779.88
2024-11-18,STR-002,94110,SKU-202,266,1579.33
2024-11-18,STR-002,94110,SKU-203,412,1336.40
2024-11-18,STR-002,94110,SKU-204,124,1417.56
2024-11-18,STR-002,94110,SKU-301,324,1748.72
2024-11-18,STR-002,94110,SKU-302,222,1298.94
2024-11-18,STR-002,94110,SKU-303,189,1084.58
2024-11-18,STR-002,94110,SKU-304,351,2121.02
2024-11-18,STR-002,94110,SKU-401,260,1808.61
2024-11-18,STR-002,94110,SKU-402,133,866.45
2024-11-18,STR-002,94110,SKU-403,203,1045.12
2024-11-18,STR-002,94110,SKU-501,29,521.98
2024-11-18,STR-002,94110,SKU-502,16,476.84
2024-11-18,STR-002,94110,SKU-503,28,571.47
2024-11-18,STR-002,94110,SKU-504,16,276.14
2024-11-18,STR-002,94110,SKU-601,184,2269.56
2024-11-18,STR-002,94110,SKU-602,158,910.49
2024-11-18,STR-002,94110,SKU-603,179,872.33
2024-11-18,STR-002,94110,SKU-604,134,623.83
2024-11-18,STR-002,94110,SKU-701,3,81.31
2024-11-18,STR-003,94133,SKU-101,282,1176.15
2024-11-18,STR-003,94133,SKU-102,237,1550.67
2024-11-18,STR-003,94133,SKU-103,259,1587.37
2024-11-18,STR-003,94133,SKU-104,173,1098.49
2024-11-18,STR-003,94133,SKU-105,122,428.37
2024-11-18,STR-003,94133,SKU-201,218,1381.93
2024-11-18,STR-003,94133,SKU-202,197,1115.32
2024-11-18,STR-003,94133,SKU-203,269,838.78
2024-11-18,STR-003,94133,SKU-204,107,1230.49
2024-11-18,STR-003,94133,SKU-301,252,1364.17
2024-11-18,STR-003,94133,SKU-302,206,1264.40
2024-11-18,STR-003,94133,SKU-303,175,1027.36
2024-11-18,STR-003,94133,SKU-304,243,1542.89
2024-11-18,STR-003,94133,SKU-401,229,1585.42
2024-11-18,STR-003,94133,SKU-402,119,752.87
2024-11-18,STR-003,94133,SKU-403,178,957.89
2024-11-18,STR-003,94133,SKU-501,32,609.14
2024-11-18,STR-003,94133,SKU-502,17,509.47
2024-11-18,STR-003,94133,SKU-503,18,379.91
2024-11-18,STR-003,94133,SKU-504,13,219.11
2024-11-18,STR-003,94133,SKU-601,139,1691.90
2024-11-18,STR-003,94133,SKU-602,118,691.11
2024-11-18,STR-003,94133,SKU-603,138,703.91
2024-11-18,STR-003,94133,SKU-604,133,599.24
2024-11-18,STR-003,94133,SKU-701,3,82.67
2024-11-18,STR-004,94102,SKU-101,239,971.50
2024-11-18,STR-004,94102,SKU-102,210,1414.44
2024-11-18,STR-004,94102,SKU-103,221,1369.43
2024-11-18,STR-004,94102,SKU-104,149,958.99
2024-11-18,STR-004,94102,SKU-105,91,327.96
2024-11-18,STR-004,94102,SKU-201,172,1052.38
2024-11-18,STR-004,94102,SKU-202,154,919.37
2024-11-18,STR-004,94102,SKU-203,219,681.00
2024-11-18,STR-004,94102,SKU-204,74,800.61
2024-11-18,STR-004,94102,SKU-301,213,1163.81
2024-11-18,STR-004,94102,SKU-302,186,1153.53
2024-11-18,STR-004,94102,SKU-303,151,881.85
2024-11-18,STR-004,94102,SKU-304,157,963.93
2024-11-18,STR-004,94102,SKU-401,129,850.67
2024-11-18,STR-004,94102,SKU-402,77,489.64
2024-11-18,STR-004,94102,SKU-403,103,563.15
2024-11-18,STR-004,94102,SKU-501,21,379.21
2024-11-18,STR-004,94102,SKU-502,11,324.75
2024-11-18,STR-004,94102,SKU-503,18,392.24
2024-11-18,STR-004,94102,SKU-504,8,138.61
2024-11-18,STR-004,94102,SKU-601,120,1454.46
2024-11-18,STR-004,94102,SKU-602,74,432.28
2024-11-18,STR-004,94102,SKU-603,136,665.75
2024-11-18,STR-004,94102,SKU-604,84,395.69
2024-11-18,STR-004,94102,SKU-701,2,51.71
2024-11-18,STR-005,94118,SKU-101,284,1152.10
2024-11-18,STR-005,94118,SKU-102,357,2395.36
2024-11-18,STR-005,94118,SKU-103,308,1894.58
2024-11-18,STR-005,94118,SKU-104,156,950.78
2024-11-18,STR-005,94118,SKU-105,159,590.39
2024-11-18,STR-005,94118,SKU-201,281,1702.23
2024-11-18,STR-005,94118,SKU-202,188,1082.43
2024-11-18,STR-005,94118,SKU-203,349,1074.07
2024-11-18,STR-005,94118,SKU-204,106,1171.83
2024-11-18,STR-005,94118,SKU-301,356,1961.12
2024-11-18,STR-005,94118,SKU-302,228,1326.14
2024-11-18,STR-005,94118,SKU-303,169,994.80
2024-11-18,STR-005,94118,SKU-304,282,1704.65
2024-11-18,STR-005,94118,SKU-401,189,1294.40
2024-11-18,STR-005,94118,SKU-402,111,744.27
2024-11-18,STR-005,94118,SKU-403,140,740.43
2024-11-18,STR-005,94118,SKU-501,34,624.90
2024-11-18,STR-005,94118,SKU-502,18,548.69
2024-11-18,STR-005,94118,SKU-503,22,464.55
2024-11-18,STR-005,94118,SKU-504,15,255.28
2024-11-18,STR-005,94118,SKU-601,127,1576.78
2024-11-18,STR-005,94118,SKU-602,122,693.05
2024-11-18,STR-005,94118,SKU-603,153,791.78
2024-11-18,STR-005,94118,SKU-604,152,676.17
2024-11-18,STR-005,94118,SKU-701,3,82.32
2024-11-18,STR-006,94123,SKU-101,224,948.57
2024-11-18,STR-006,94123,SKU-102,224,1431.47
2024-11-18,STR-006,94123,SKU-103,234,1438.89
2024-11-18,STR-006,94123,SKU-104,125,809.90
2024-11-18,STR-006,94123,SKU-105,149,527.45
2024-11-18,STR-006,94123,SKU-201,164,1020.98
2024-11-18,STR-006,94123,SKU-202,214,1260.34
2024-11-18,STR-006,94123,SKU-203,236,716.22
2024-11-18,STR-006,94123,SKU-204,88,985.42
2024-11-18,STR-006,94123,SKU-301,238,1346.18
2024-11-18,STR-006,94123,SKU-302,168,1011.56
2024-11-18,STR-006,94123,SKU-303,167,922.81
2024-11-18,STR-006,94123,SKU-304,248,1561.50
2024-11-18,STR-006,94123,SKU-401,158,1104.78
2024-11-18,STR-006,94123,SKU-402,106,672.82
2024-11-18,STR-006,94123,SKU-403,161,869.12
2024-11-18,STR-006,94123,SKU-501,25,484.93
2024-11-18,STR-006,94123,SKU-502,15,461.61
2024-11-18,STR-006,94123,SKU-503,16,350.87
2024-11-18,STR-006,94123,SKU-504,9,154.74
2024-11-18,STR-006,94123,SKU-601,110,1304.89
2024-11-18,STR-006,94123,SKU-602,89,491.80
2024-11-18,STR-006,94123,SKU-603,124,611.26
2024-11-18,STR-006,94123,SKU-604,117,540.70
2024-11-18,STR-006,94123,SKU-701,2,53.59
2024-11-11,STR-001,94103,SKU-101,280,1158.24
2024-11-11,STR-001,94103,SKU-102,339,2164.47
2024-11-11,STR-001,94103,SKU-103,329,1928.44
2024-11-11,STR-001,94103,SKU-104,157,976.60
2024-11-11,STR-001,94103,SKU-105,150,541.58
2024-11-11,STR-001,94103,SKU-201,192,1224.29
2024-11-11,STR-001,94103,SKU-202,230,1282.37
2024-11-11,STR-001,94103,SKU-203,255,809.85
2024-11-11,STR-001,94103,SKU-204,109,1176.89
2024-11-11,STR-001,94103,SKU-301,255,1417.94
2024-11-11,STR-001,94103,SKU-302,259,1580.50
2024-11-11,STR-001,94103,SKU-303,181,1058.10
2024-11-11,STR-001,94103,SKU-304,229,1375.77
2024-11-11,STR-001,94103,SKU-401,187,1223.34
2024-11-11,STR-001,94103,SKU-402,107,666.79
2024-11-11,STR-001,94103,SKU-403,145,736.00
2024-11-11,STR-001,94103,SKU-501,25,471.92
2024-11-11,STR-001,94103,SKU-502,16,496.68
2024-11-11,STR-001,94103,SKU-503,17,348.09
2024-11-11,STR-001,94103,SKU-504,15,263.44
2024-11-11,STR-001,94103,SKU-601,107,1275.15
2024-11-11,STR-001,94103,SKU-602,124,712.02
2024-11-11,STR-001,94103,SKU-603,151,782.73
2024-11-11,STR-001,94103,SKU-604,120,552.61
2024-11-11,STR-001,94103,SKU-701,3,79.13
2024-11-11,STR-002,94110,SKU-101,284,1151.16
2024-11-11,STR-002,94110,SKU-102,418,2698.68
2024-11-11,STR-002,94110,SKU-103,300,1755.68
2024-11-11,STR-002,94110,SKU-104,238,1469.45
2024-11-11,STR-002,94110,SKU-105,193,699.71
2024-11-11,STR-002,94110,SKU-201,300,1909.36
2024-11-11,STR-002,94110,SKU-202,204,1166.89
2024-11-11,STR-002,94110,SKU-203,370,1116.81
2024-11-11,STR-002,94110,SKU-204,120,1300.55
2024-11-11,STR-002,94110,SKU-301,409,2321.07
2024-11-11,STR-002,94110,SKU-302,311,1806.24
2024-11-11,STR-002,94110,SKU-303,231,1319.65
2024-11-11,STR-002,94110,SKU-304,259,1633.83
2024-11-11,STR-002,94110,SKU-401,239,1590.94
2024-11-11,STR-002,94110,SKU-402,176,1117.83
2024-11-11,STR-002,94110,SKU-403,195,1031.99
2024-11-11,STR-002,94110,SKU-501,35,627.98
2024-11-11,STR-002,94110,SKU-502,19,568.57
2024-11-11,STR-002,94110,SKU-503,25,548.61
2024-11-11,STR-002,94110,SKU-504,17,305.83
2024-11-11,STR-002,94110,SKU-601,170,1980.47
2024-11-11,STR-002,94110,SKU-602,159,921.56
2024-11-11,STR-002,94110,SKU-603,145,760.68
2024-11-11,STR-002,94110,SKU-604,164,754.02
2024-11-11,STR-002,94110,SKU-701,3,79.87
2024-11-11,STR-003,94133,SKU-101,279,1135.39
2024-11-11,STR-003,94133,SKU-102,266,1678.49
2024-11-11,STR-003,94133,SKU-103,235,1435.61
2024-11-11,STR-003,94133,SKU-104,129,813.98
2024-11-11,STR-003,94133,SKU-105,152,551.07
2024-11-11,STR-003,94133,SKU-201,194,1172.10
2024-11-11,STR-003,94133,SKU-202,172,1014.40
2024-11-11,STR-003,94133,SKU-203,277,856.63
2024-11-11,STR-003,94133,SKU-204,86,948.65
2024-11-11,STR-003,94133,SKU-301,302,1677.84
2024-11-11,STR-003,94133,SKU-302,176,1020.26
2024-11-11,STR-003,94133,SKU-303,155,891.90
2024-11-11,STR-003,94133,SKU-304,201,1271.38
2024-11-11,STR-003,94133,SKU-401,160,1072.95
2024-11-11,STR-003,94133,SKU-402,124,806.27
2024-11-11,STR-003,94133,SKU-403,173,904.73
2024-11-11,STR-003,94133,SKU-501,22,425.97
2024-11-11,STR-003,94133,SKU-502,17,517.35
2024-11-11,STR-003,94133,SKU-503,20,425.60
2024-11-11,STR-003,94133,SKU-504,11,194.35
2024-11-11,STR-003,94133,SKU-601,134,1629.78
2024-11-11,STR-003,94133,SKU-602,104,614.42
2024-11-11,STR-003,94133,SKU-603,160,790.98
2024-11-11,STR-003,94133,SKU-604,116,535.58
2024-11-11,STR-003,94133,SKU-701,3,78.15
2024-11-11,STR-004,94102,SKU-101,189,777.49
2024-11-11,STR-004,94102,SKU-102,276,1770.94
2024-11-11,STR-004,94102,SKU-103,214,1264.56
2024-11-11,STR-004,94102,SKU-104,119,762.08
2024-11-11,STR-004,94102,SKU-105,89,308.16
2024-11-11,STR-004,94102,SKU-201,162,974.99
2024-11-11,STR-004,94102,SKU-202,158,880.32
2024-11-11,STR-004,94102,SKU-203,248,759.08
2024-11-11,STR-004,94102,SKU-204,84,941.68
2024-11-11,STR-004,94102,SKU-301,220,1211.47
2024-11-11,STR-004,94102,SKU-302,210,1295.79
2024-11-11,STR-004,94102,SKU-303,144,832.11
2024-11-11,STR-004,94102,SKU-304,179,1123.35
2024-11-11,STR-004,94102,SKU-401,129,895.45
2024-11-11,STR-004,94102,SKU-402,99,643.75
2024-11-11,STR-004,94102,SKU-403,139,709.29
2024-11-11,STR-004,94102,SKU-501,19,345.90
2024-11-11,STR-004,94102,SKU-502,10,307.47
2024-11-11,STR-004,94102,SKU-503,18,391.09
2024-11-11,STR-004,94102,SKU-504,9,159.64
2024-11-11,STR-004,94102,SKU-601,102,1260.10
2024-11-11,STR-004,94102,SKU-602,101,582.82
2024-11-11,STR-004,94102,SKU-603,105,515.76
2024-11-11,STR-004,94102,SKU-604,86,386.89
2024-11-11,STR-004,94102,SKU-701,2,53.88
2024-11-11,STR-005,94118,SKU-101,247,1045.42
2024-11-11,STR-005,94118,SKU-102,359,2244.21
2024-11-11,STR-005,94118,SKU-103,331,1997.64
2024-11-11,STR-005,94118,SKU-104,183,1136.42
2024-11-11,STR-005,94118,SKU-105,136,485.02
2024-11-11,STR-005,94118,SKU-201,233,1397.41
2024-11-11,STR-005,94118,SKU-202,217,1257.40
2024-11-11,STR-005,94118,SKU-203,333,1071.05
2024-11-11,STR-005,94118,SKU-204,124,1394.89
2024-11-11,STR-005,94118,SKU-301,343,1930.73
2024-11-11,STR-005,94118,SKU-302,261,1620.85
2024-11-11,STR-005,94118,SKU-303,190,1072.71
2024-11-11,STR-005,94118,SKU-304,264,1588.77
2024-11-11,STR-005,94118,SKU-401,179,1221.47
2024-11-11,STR-005,94118,SKU-402,127,848.44
2024-11-11,STR-005,94118,SKU-403,144,749.05
2024-11-11,STR-005,94118,SKU-501,34,643.51
2024-11-11,STR-005,94118,SKU-502,18,560.59
2024-11-11,STR-005,94118,SKU-503,23,505.96
2024-11-11,STR-005,94118,SKU-504,13,217.47
2024-11-11,STR-005,94118,SKU-601,142,1664.60
2024-11-11,STR-005,94118,SKU-602,142,846.37
2024-11-11,STR-005,94118,SKU-603,145,756.62
2024-11-11,STR-005,94118,SKU-604,128,571.60
2024-11-11,STR-005,94118,SKU-701,3,80.68
2024-11-11,STR-006,94123,SKU-101,258,1080.94
2024-11-11,STR-006,94123,SKU-102,281,1775.60
2024-11-11,STR-006,94123,SKU-103,262,1603.64
2024-11-11,STR-006,94123,SKU-104,119,728.61
2024-11-11,STR-006,94123,SKU-105,123,429.19
2024-11-11,STR-006,94123,SKU-201,195,1229.42
2024-11-11,STR-006,94123,SKU-202,210,1169.16
2024-11-11,STR-006,94123,SKU-203,300,909.37
2024-11-11,STR-006,94123,SKU-204,101,1089.18
2024-11-11,STR-006,94123,SKU-301,247,1344.81
2024-11-11,STR-006,94123,SKU-302,193,1204.01
2024-11-11,STR-006,94123,SKU-303,160,945.12
2024-11-11,STR-006,94123,SKU-304,224,1378.86
2024-11-11,STR-006,94123,SKU-401,154,1013.58
2024-11-11,STR-006,94123,SKU-402,93,587.07
2024-11-11,STR-006,94123,SKU-403,148,780.00
2024-11-11,STR-006,94123,SKU-501,25,480.41
2024-11-11,STR-006,94123,SKU-502,15,471.22
2024-11-11,STR-006,94123,SKU-503,20,421.54
2024-11-11,STR-006,94123,SKU-504,11,192.24
2024-11-11,STR-006,94123,SKU-601,98,1210.63
2024-11-11,STR-006,94123,SKU-602,92,550.89
2024-11-11,STR-006,94123,SKU-603,114,580.33
2024-11-11,STR-006,94123,SKU-604,117,536.47
2024-11-11,STR-006,94123,SKU-701,3,79.04
2024-11-04,STR-001,94103,SKU-101,245,1035.71
2024-11-04,STR-001,94103,SKU-102,316,1977.51
2024-11-04,STR-001,94103,SKU-103,296,1833.05
2024-11-04,STR-001,94103,SKU-104,188,1183.76
2024-11-04,STR-001,94103,SKU-105,121,431.88
2024-11-04,STR-001,94103,SKU-201,242,1479.24
2024-11-04,STR-001,94103,SKU-202,171,967.65
2024-11-04,STR-001,94103,SKU-203,329,1000.29
2024-11-04,STR-001,94103,SKU-204,93,1024.42
2024-11-04,STR-001,94103,SKU-301,267,1534.55
2024-11-04,STR-001,94103,SKU-302,266,1563.41
2024-11-04,STR-001,94103,SKU-303,180,1024.73
2024-11-04,STR-001,94103,SKU-304,250,1531.41
2024-11-04,STR-001,94103,SKU-401,232,1530.08
2024-11-04,STR-001,94103,SKU-402,135,895.94
2024-11-04,STR-001,94103,SKU-403,181,938.43
2024-11-04,STR-001,94103,SKU-501,34,650.67
2024-11-04,STR-001,94103,SKU-502,13,415.39
2024-11-04,STR-001,94103,SKU-503,21,436.06
2024-11-04,STR-001,94103,SKU-504,12,205.24
2024-11-04,STR-001,94103,SKU-601,147,1762.66
2024-11-04,STR-001,94103,SKU-602,98,559.86
2024-11-04,STR-001,94103,SKU-603,147,727.39
2024-11-04,STR-001,94103,SKU-604,130,580.67
2024-11-04,STR-001,94103,SKU-701,2,52.85
2024-11-04,STR-002,94110,SKU-101,319,1334.90
2024-11-04,STR-002,94110,SKU-102,429,2778.18
2024-11-04,STR-002,94110,SKU-103,399,2369.29
2024-11-04,STR-002,94110,SKU-104,200,1209.57
2024-11-04,STR-002,94110,SKU-105,149,524.08
2024-11-04,STR-002,94110,SKU-201,296,1896.97
2024-11-04,STR-002,94110,SKU-202,220,1287.17
2024-11-04,STR-002,94110,SKU-203,411,1334.30
2024-11-04,STR-002,94110,SKU-204,109,1220.99
2024-11-04,STR-002,94110,SKU-301,302,1695.99
2024-11-04,STR-002,94110,SKU-302,257,1602.93
2024-11-04,STR-002,94110,SKU-303,237,1310.10
2024-11-04,STR-002,94110,SKU-304,321,2057.11
2024-11-04,STR-002,94110,SKU-401,224,1501.07
2024-11-04,STR-002,94110,SKU-402,160,1026.40
2024-11-04,STR-002,94110,SKU-403,163,873.20
2024-11-04,STR-002,94110,SKU-501,32,608.95
2024-11-04,STR-002,94110,SKU-502,17,531.50
2024-11-04,STR-002,94110,SKU-503,22,470.37
2024-11-04,STR-002,94110,SKU-504,14,233.49
2024-11-04,STR-002,94110,SKU-601,134,1580.03
2024-11-04,STR-002,94110,SKU-602,170,1002.28
2024-11-04,STR-002,94110,SKU-603,162,825.05
2024-11-04,STR-002,94110,SKU-604,121,548.47
2024-11-04,STR-002,94110,SKU-701,4,111.47
2024-11-04,STR-003,94133,SKU-101,258,1013.24
2024-11-04,STR-003,94133,SKU-102,316,2088.23
2024-11-04,STR-003,94133,SKU-103,309,1870.21
2024-11-04,STR-003,94133,SKU-104,188,1205.21
2024-11-04,STR-003,94133,SKU-105,143,534.28
2024-11-04,STR-003,94133,SKU-201,202,1252.39
2024-11-04,STR-003,94133,SKU-202,218,1245.28
2024-11-04,STR-003,94133,SKU-203,337,1022.74
2024-11-04,STR-003,94133,SKU-204,88,934.32
2024-11-04,STR-003,94133,SKU-301,271,1441.16
2024-11-04,STR-003,94133,SKU-302,256,1489.00
2024-11-04,STR-003,94133,SKU-303,180,1057.74
2024-11-04,STR-003,94133,SKU-304,263,1666.38
2024-11-04,STR-003,94133,SKU-401,191,1237.21
2024-11-04,STR-003,94133,SKU-402,119,785.47
2024-11-04,STR-003,94133,SKU-403,136,704.43
2024-11-04,STR-003,94133,SKU-501,24,436.30
2024-11-04,STR-003,94133,SKU-502,14,422.38
2024-11-04,STR-003,94133,SKU-503,21,430.78
2024-11-04,STR-003,94133,SKU-504,10,172.65
2024-11-04,STR-003,94133,SKU-601,105,1225.34
2024-11-04,STR-003,94133,SKU-602,126,752.24
2024-11-04,STR-003,94133,SKU-603,146,753.51
2024-11-04,STR-003,94133,SKU-604,102,469.01
2024-11-04,STR-003,94133,SKU-701,3,81.34
2024-11-04,STR-004,94102,SKU-101,229,936.14
2024-11-04,STR-004,94102,SKU-102,272,1713.44
2024-11-04,STR-004,94102,SKU-103,240,1443.91
2024-11-04,STR-004,94102,SKU-104,140,891.03
2024-11-04,STR-004,94102,SKU-105,91,330.20
2024-11-04,STR-004,94102,SKU-201,190,1185.04
2024-11-04,STR-004,94102,SKU-202,162,969.22
2024-11-04,STR-004,94102,SKU-203,251,801.81
2024-11-04,STR-004,94102,SKU-204,97,1031.42
2024-11-04,STR-004,94102,SKU-301,250,1356.85
2024-11-04,STR-004,94102,SKU-302,157,937.34
2024-11-04,STR-004,94102,SKU-303,184,1019.14
2024-11-04,STR-004,94102,SKU-304,210,1317.38
2024-11-04,STR-004,94102,SKU-401,154,1056.81
2024-11-04,STR-004,94102,SKU-402,96,627.11
2024-11-04,STR-004,94102,SKU-403,136,740.74
2024-11-04,STR-004,94102,SKU-501,22,425.40
2024-11-04,STR-004,94102,SKU-502,11,327.92
2024-11-04,STR-004,94102,SKU-503,18,391.64
2024-11-04,STR-004,94102,SKU-504,11,182.92
2024-11-04,STR-004,94102,SKU-601,100,1245.88
2024-11-04,STR-004,94102,SKU-602,74,438.80
2024-11-04,STR-004,94102,SKU-603,126,611.96
2024-11-04,STR-004,94102,SKU-604,88,412.56
2024-11-04,STR-004,94102,SKU-701,2,53.95
2024-11-04,STR-005,94118,SKU-101,316,1337.46
2024-11-04,STR-005,94118,SKU-102,354,2335.69
2024-11-04,STR-005,94118,SKU-103,232,1428.13
2024-11-04,STR-005,94118,SKU-104,149,947.26
2024-11-04,STR-005,94118,SKU-105,140,506.78
2024-11-04,STR-005,94118,SKU-201,208,1334.78
2024-11-04,STR-005,94118,SKU-202,224,1291.48
2024-11-04,STR-005,94118,SKU-203,283,879.62
2024-11-04,STR-005,94118,SKU-204,132,1452.36
2024-11-04,STR-005,94118,SKU-301,374,2091.50
2024-11-04,STR-005,94118,SKU-302,207,1211.84
2024-11-04,STR-005,94118,SKU-303,184,1023.80
2024-11-04,STR-005,94118,SKU-304,308,1867.21
2024-11-04,STR-005,94118,SKU-401,171,1122.24
2024-11-04,STR-005,94118,SKU-402,137,918.33
2024-11-04,STR-005,94118,SKU-403,132,723.93
2024-11-04,STR-005,94118,SKU-501,29,528.58
2024-11-04,STR-005,94118,SKU-502,18,559.26
2024-11-04,STR-005,94118,SKU-503,26,552.68
2024-11-04,STR-005,94118,SKU-504,15,252.41
2024-11-04,STR-005,94118,SKU-601,165,2042.62
2024-11-04,STR-005,94118,SKU-602,140,796.22
2024-11-04,STR-005,94118,SKU-603,149,729.87
2024-11-04,STR-005,94118,SKU-604,125,584.19
2024-11-04,STR-005,94118,SKU-701,3,80.81
2024-11-04,STR-006,94123,SKU-101,251,985.27
2024-11-04,STR-006,94123,SKU-102,277,1868.43
2024-11-04,STR-006,94123,SKU-103,261,1615.20
2024-11-04,STR-006,94123,SKU-104,169,1070.61
2024-11-04,STR-006,94123,SKU-105,114,424.22
2024-11-04,STR-006,94123,SKU-201,190,1230.37
2024-11-04,STR-006,94123,SKU-202,159,952.12
2024-11-04,STR-006,94123,SKU-203,317,982.93
2024-11-04,STR-006,94123,SKU-204,112,1251.58
2024-11-04,STR-006,94123,SKU-301,266,1430.63
2024-11-04,STR-006,94123,SKU-302,177,1056.43
2024-11-04,STR-006,94123,SKU-303,194,1154.60
2024-11-04,STR-006,94123,SKU-304,223,1347.33
2024-11-04,STR-006,94123,SKU-401,198,1370.83
2024-11-04,STR-006,94123,SKU-402,88,586.34
2024-11-04,STR-006,94123,SKU-403,125,642.93
2024-11-04,STR-006,94123,SKU-501,24,454.64
2024-11-04,STR-006,94123,SKU-502,12,368.77
2024-11-04,STR-006,94123,SKU-503,22,449.11
2024-11-04,STR-006,94123,SKU-504,9,149.34
2024-11-04,STR-006,94123,SKU-601,100,1244.14
2024-11-04,STR-006,94123,SKU-602,108,608.46
2024-11-04,STR-006,94123,SKU-603,114,591.70
2024-11-04,STR-006,94123,SKU-604,91,419.48
2024-11-04,STR-006,94123,SKU-701,2,54.66
2024-10-28,STR-001,94103,SKU-101,276,1148.27
2024-10-28,STR-001,94103,SKU-102,284,1897.85
2024-10-28,STR-001,94103,SKU-103,280,1702.68
2024-10-28,STR-001,94103,SKU-104,195,1206.92
2024-10-28,STR-001,94103,SKU-105,126,435.46
2024-10-28,STR-001,94103,SKU-201,261,1689.77
2024-10-28,STR-001,94103,SKU-202,217,1240.37
2024-10-28,STR-001,94103,SKU-203,256,778.69
2024-10-28,STR-001,94103,SKU-204,88,973.02
2024-10-28,STR-001,94103,SKU-301,275,1564.84
2024-10-28,STR-001,94103,SKU-302,250,1460.77
2024-10-28,STR-001,94103,SKU-303,181,1054.41
2024-10-28,STR-001,94103,SKU-304,240,1514.82
2024-10-28,STR-001,94103,SKU-401,164,1115.25
2024-10-28,STR-001,94103,SKU-402,112,710.17
2024-10-28,STR-001,94103,SKU-403,130,664.35
2024-10-28,STR-001,94103,SKU-501,27,509.58
2024-10-28,STR-001,94103,SKU-502,18,556.85
2024-10-28,STR-001,94103,SKU-503,17,367.35
2024-10-28,STR-001,94103,SKU-504,14,233.14
2024-10-28,STR-001,94103,SKU-601,108,1287.81
2024-10-28,STR-001,94103,SKU-602,120,702.11
2024-10-28,STR-001,94103,SKU-603,139,702.87
2024-10-28,STR-001,94103,SKU-604,132,614.44
2024-10-28,STR-001,94103,SKU-701,3,83.56
2024-10-28,STR-002,94110,SKU-101,307,1243.25
2024-10-28,STR-002,94110,SKU-102,324,2042.09
2024-10-28,STR-002,94110,SKU-103,284,1671.65
2024-10-28,STR-002,94110,SKU-104,227,1407.48
2024-10-28,STR-002,94110,SKU-105,179,638.44
2024-10-28,STR-002,94110,SKU-201,241,1556.05
2024-10-28,STR-002,94110,SKU-202,270,1586.38
2024-10-28,STR-002,94110,SKU-203,342,1063.57
2024-10-28,STR-002,94110,SKU-204,140,1604.92
2024-10-28,STR-002,94110,SKU-301,340,1882.02
2024-10-28,STR-002,94110,SKU-302,243,1491.29
2024-10-28,STR-002,94110,SKU-303,222,1240.19
2024-10-28,STR-002,94110,SKU-304,308,1939.47
2024-10-28,STR-002,94110,SKU-401,233,1564.55
2024-10-28,STR-002,94110,SKU-402,121,814.18
2024-10-28,STR-002,94110,SKU-403,195,1068.79
2024-10-28,STR-002,94110,SKU-501,30,552.42
2024-10-28,STR-002,94110,SKU-502,18,555.70
2024-10-28,STR-002,94110,SKU-503,23,467.96
2024-10-28,STR-002,94110,SKU-504,15,261.12
2024-10-28,STR-002,94110,SKU-601,160,1937.61
2024-10-28,STR-002,94110,SKU-602,148,855.07
2024-10-28,STR-002,94110,SKU-603,193,976.43
2024-10-28,STR-002,94110,SKU-604,150,690.10
2024-10-28,STR-002,94110,SKU-701,3,79.69
2024-10-28,STR-003,94133,SKU-101,196,822.39
2024-10-28,STR-003,94133,SKU-102,282,1797.52
2024-10-28,STR-003,94133,SKU-103,288,1797.38
2024-10-28,STR-003,94133,SKU-104,148,899.94
2024-10-28,STR-003,94133,SKU-105,141,512.44
2024-10-28,STR-003,94133,SKU-201,226,1462.79
2024-10-28,STR-003,94133,SKU-202,225,1290.36
2024-10-28,STR-003,94133,SKU-203,318,989.31
2024-10-28,STR-003,94133,SKU-204,112,1265.86
2024-10-28,STR-003,94133,SKU-301,327,1873.73
2024-10-28,STR-003,94133,SKU-302,221,1320.52
2024-10-28,STR-003,94133,SKU-303,157,876.00
2024-10-28,STR-003,94133,SKU-304,253,1527.63
2024-10-28,STR-003,94133,SKU-401,169,1157.14
2024-10-28,STR-003,94133,SKU-402,104,657.84
2024-10-28,STR-003,94133,SKU-403,160,860.61
2024-10-28,STR-003,94133,SKU-501,30,575.43
2024-10-28,STR-003,94133,SKU-502,15,478.22
2024-10-28,STR-003,94133,SKU-503,24,491.42
2024-10-28,STR-003,94133,SKU-504,13,232.86
2024-10-28,STR-003,94133,SKU-601,146,1711.43
2024-10-28,STR-003,94133,SKU-602,100,594.82
2024-10-28,STR-003,94133,SKU-603,141,707.79
2024-10-28,STR-003,94133,SKU-604,138,639.41
2024-10-28,STR-003,94133,SKU-701,3,78.26
2024-10-28,STR-004,94102,SKU-101,189,789.32
2024-10-28,STR-004,94102,SKU-102,208,1329.40
2024-10-28,STR-004,94102,SKU-103,219,1319.38
2024-10-28,STR-004,94102,SKU-104,134,802.83
2024-10-28,STR-004,94102,SKU-105,123,442.31
2024-10-28,STR-004,94102,SKU-201,187,1193.18
2024-10-28,STR-004,94102,SKU-202,151,891.39
2024-10-28,STR-004,94102,SKU-203,243,780.48
2024-10-28,STR-004,94102,SKU-204,79,846.53
2024-10-28,STR-004,94102,SKU-301,233,1233.32
2024-10-28,STR-004,94102,SKU-302,176,1048.14
2024-10-28,STR-004,94102,SKU-303,146,845.69
2024-10-28,STR-004,94102,SKU-304,199,1271.51
2024-10-28,STR-004,94102,SKU-401,141,970.66
2024-10-28,STR-004,94102,SKU-402,74,469.45
2024-10-28,STR-004,94102,SKU-403,129,655.88
2024-10-28,STR-004,94102,SKU-501,18,343.97
2024-10-28,STR-004,94102,SKU-502,11,342.08
2024-10-28,STR-004,94102,SKU-503,15,308.80
2024-10-28,STR-004,94102,SKU-504,9,157.40
2024-10-28,STR-004,94102,SKU-601,106,1282.92
2024-10-28,STR-004,94102,SKU-602,76,453.98
2024-10-28,STR-004,94102,SKU-603,113,578.01
2024-10-28,STR-004,94102,SKU-604,103,477.44
2024-10-28,STR-004,94102,SKU-701,2,53.83
2024-10-28,STR-005,94118,SKU-101,314,1272.26
2024-10-28,STR-005,94118,SKU-102,366,2300.01
2024-10-28,STR-005,94118,SKU-103,299,1766.09
2024-10-28,STR-005,94118,SKU-104,170,1092.46
2024-10-28,STR-005,94118,SKU-105,139,520.71
2024-10-28,STR-005,94118,SKU-201,280,1768.90
2024-10-28,STR-005,94118,SKU-202,174,1011.56
2024-10-28,STR-005,94118,SKU-203,334,1065.76
2024-10-28,STR-005,94118,SKU-204,130,1438.18
2024-10-28,STR-005,94118,SKU-301,265,1493.69
2024-10-28,STR-005,94118,SKU-302,241,1392.06
2024-10-28,STR-005,94118,SKU-303,219,1249.70
2024-10-28,STR-005,94118,SKU-304,248,1562.60
2024-10-28,STR-005,94118,SKU-401,169,1109.76
2024-10-28,STR-005,94118,SKU-402,137,913.13
2024-10-28,STR-005,94118,SKU-403,178,974.44
2024-10-28,STR-005,94118,SKU-501,27,521.18
2024-10-28,STR-005,94118,SKU-502,16,472.70
2024-10-28,STR-005,94118,SKU-503,21,445.58
2024-10-28,STR-005,94118,SKU-504,12,212.62
2024-10-28,STR-005,94118,SKU-601,133,1531.68
2024-10-28,STR-005,94118,SKU-602,100,598.04
2024-10-28,STR-005,94118,SKU-603,175,916.99
2024-10-28,STR-005,94118,SKU-604,113,534.87
2024-10-28,STR-005,94118,SKU-701,4,109.77
2024-10-28,STR-006,94123,SKU-101,257,1083.17
2024-10-28,STR-006,94123,SKU-102,287,1858.32
2024-10-28,STR-006,94123,SKU-103,285,1737.00
2024-10-28,STR-006,94123,SKU-104,126,758.60
2024-10-28,STR-006,94123,SKU-105,127,466.48
2024-10-28,STR-006,94123,SKU-201,187,1168.12
2024-10-28,STR-006,94123,SKU-202,204,1159.93
2024-10-28,STR-006,94123,SKU-203,278,857.75
2024-10-28,STR-006,94123,SKU-204,92,1049.75
2024-10-28,STR-006,94123,SKU-301,297,1704.21
2024-10-28,STR-006,94123,SKU-302,244,1414.15
2024-10-28,STR-006,94123,SKU-303,145,862.56
2024-10-28,STR-006,94123,SKU-304,267,1649.92
2024-10-28,STR-006,94123,SKU-401,179,1171.47
2024-10-28,STR-006,94123,SKU-402,122,768.14
2024-10-28,STR-006,94123,SKU-403,118,600.66
2024-10-28,STR-006,94123,SKU-501,24,432.16
2024-10-28,STR-006,94123,SKU-502,16,508.58
2024-10-28,STR-006,94123,SKU-503,17,352.88
2024-10-28,STR-006,94123,SKU-504,11,197.66
2024-10-28,STR-006,94123,SKU-601,131,1532.97
2024-10-28,STR-006,94123,SKU-602,107,605.32
2024-10-28,STR-006,94123,SKU-603,109,545.92
2024-10-28,STR-006,94123,SKU-604,125,559.22
2024-10-28,STR-006,94123,SKU-701,3,79.65
2024-10-21,STR-001,94103,SKU-101,295,1252.58
2024-10-21,STR-001,94103,SKU-102,297,1987.11
2024-10-21,STR-001,94103,SKU-103,317,1872.97
2024-10-21,STR-001,94103,SKU-104,150,956.14
2024-10-21,STR-001,94103,SKU-105,151,534.91
2024-10-21,STR-001,94103,SKU-201,256,1654.74
2024-10-21,STR-001,94103,SKU-202,183,1016.32
2024-10-21,STR-001,94103,SKU-203,314,1008.21
2024-10-21,STR-001,94103,SKU-204,103,1112.01
2024-10-21,STR-001,94103,SKU-301,287,1545.59
2024-10-21,STR-001,94103,SKU-302,189,1168.26
2024-10-21,STR-001,94103,SKU-303,223,1276.12
2024-10-21,STR-001,94103,SKU-304,232,1486.80
2024-10-21,STR-001,94103,SKU-401,224,1509.70
2024-10-21,STR-001,94103,SKU-402,96,611.76
2024-10-21,STR-001,94103,SKU-403,128,659.89
2024-10-21,STR-001,94103,SKU-501,26,504.28
2024-10-21,STR-001,94103,SKU-502,15,446.16
2024-10-21,STR-001,94103,SKU-503,23,483.93
2024-10-21,STR-001,94103,SKU-504,11,192.19
2024-10-21,STR-001,94103,SKU-601,122,1451.18
2024-10-21,STR-001,94103,SKU-602,118,669.88
2024-10-21,STR-001,94103,SKU-603,142,689.95
2024-10-21,STR-001,94103,SKU-604,112,514.80
2024-10-21,STR-001,94103,SKU-701,2,55.23
2024-10-21,STR-002,94110,SKU-101,283,1169.93
2024-10-21,STR-002,94110,SKU-102,284,1878.93
2024-10-21,STR-002,94110,SKU-103,276,1682.82
2024-10-21,STR-002,94110,SKU-104,209,1347.86
2024-10-21,STR-002,94110,SKU-105,146,525.50
2024-10-21,STR-002,94110,SKU-201,294,1848.49
2024-10-21,STR-002,94110,SKU-202,211,1261.13
2024-10-21,STR-002,94110,SKU-203,314,951.51
2024-10-21,STR-002,94110,SKU-204,120,1345.05
2024-10-21,STR-002,94110,SKU-301,443,2388.05
2024-10-21,STR-002,94110,SKU-302,238,1377.91
2024-10-21,STR-002,94110,SKU-303,246,1440.50
2024-10-21,STR-002,94110,SKU-304,308,1963.43
2024-10-21,STR-002,94110,SKU-401,240,1564.01
2024-10-21,STR-002,94110,SKU-402,144,926.90
2024-10-21,STR-002,94110,SKU-403,188,1005.17
2024-10-21,STR-002,94110,SKU-501,34,611.62
2024-10-21,STR-002,94110,SKU-502,18,566.20
2024-10-21,STR-002,94110,SKU-503,29,633.36
2024-10-21,STR-002,94110,SKU-504,14,242.10
2024-10-21,STR-002,94110,SKU-601,179,2110.60
2024-10-21,STR-002,94110,SKU-602,157,937.96
2024-10-21,STR-002,94110,SKU-603,185,917.07
2024-10-21,STR-002,94110,SKU-604,165,743.41
2024-10-21,STR-002,94110,SKU-701,4,111.98
2024-10-21,STR-003,94133,SKU-101,240,989.08
2024-10-21,STR-003,94133,SKU-102,224,1461.46
2024-10-21,STR-003,94133,SKU-103,278,1653.27
2024-10-21,STR-003,94133,SKU-104,179,1075.57
2024-10-21,STR-003,94133,SKU-105,110,407.59
2024-10-21,STR-003,94133,SKU-201,246,1498.15
2024-10-21,STR-003,94133,SKU-202,218,1264.37
2024-10-21,STR-003,94133,SKU-203,346,1100.81
2024-10-21,STR-003,94133,SKU-204,88,995.15
2024-10-21,STR-003,94133,SKU-301,318,1798.39
2024-10-21,STR-003,94133,SKU-302,216,1250.01
2024-10-21,STR-003,94133,SKU-303,168,982.13
2024-10-21,STR-003,94133,SKU-304,217,1363.39
2024-10-21,STR-003,94133,SKU-401,192,1255.77
2024-10-21,STR-003,94133,SKU-402,128,833.29
2024-10-21,STR-003,94133,SKU-403,134,728.31
2024-10-21,STR-003,94133,SKU-501,30,552.72
2024-10-21,STR-003,94133,SKU-502,14,428.45
2024-10-21,STR-003,94133,SKU-503,16,335.80
2024-10-21,STR-003,94133,SKU-504,12,205.20
2024-10-21,STR-003,94133,SKU-601,102,1190.99
2024-10-21,STR-003,94133,SKU-602,92,542.01
2024-10-21,STR-003,94133,SKU-603,158,782.59
2024-10-21,STR-003,94133,SKU-604,110,494.48
2024-10-21,STR-003,94133,SKU-701,3,83.60
2024-10-21,STR-004,94102,SKU-101,211,859.67
2024-10-21,STR-004,94102,SKU-102,243,1533.42
2024-10-21,STR-004,94102,SKU-103,191,1141.64
2024-10-21,STR-004,94102,SKU-104,148,935.67
2024-10-21,STR-004,94102,SKU-105,102,355.19
2024-10-21,STR-004,94102,SKU-201,175,1100.10
2024-10-21,STR-004,94102,SKU-202,180,995.07
2024-10-21,STR-004,94102,SKU-203,271,853.25
2024-10-21,STR-004,94102,SKU-204,70,776.15
2024-10-21,STR-004,94102,SKU-301,282,1568.84
2024-10-21,STR-004,94102,SKU-302,144,890.97
2024-10-21,STR-004,94102,SKU-303,139,829.20
2024-10-21,STR-004,94102,SKU-304,184,1109.88
2024-10-21,STR-004,94102,SKU-401,156,1086.71
2024-10-21,STR-004,94102,SKU-402,81,515.15
2024-10-21,STR-004,94102,SKU-403,131,669.26
2024-10-21,STR-004,94102,SKU-501,20,360.09
2024-10-21,STR-004,94102,SKU-502,14,447.01
2024-10-21,STR-004,94102,SKU-503,18,386.02
2024-10-21,STR-004,94102,SKU-504,8,140.28
2024-10-21,STR-004,94102,SKU-601,120,1408.16
2024-10-21,STR-004,94102,SKU-602,82,459.71
2024-10-21,STR-004,94102,SKU-603,130,650.54
2024-10-21,STR-004,94102,SKU-604,99,459.69
2024-10-21,STR-004,94102,SKU-701,2,53.77
2024-10-21,STR-005,94118,SKU-101,255,1029.24
2024-10-21,STR-005,94118,SKU-102,254,1617.40
2024-10-21,STR-005,94118,SKU-103,267,1546.66
2024-10-21,STR-005,94118,SKU-104,187,1161.33
2024-10-21,STR-005,94118,SKU-105,116,401.22
2024-10-21,STR-005,94118,SKU-201,234,1418.41
2024-10-21,STR-005,94118,SKU-202,199,1151.42
2024-10-21,STR-005,94118,SKU-203,334,1043.77
2024-10-21,STR-005,94118,SKU-204,119,1271.00
2024-10-21,STR-005,94118,SKU-301,275,1574.44
2024-10-21,STR-005,94118,SKU-302,213,1280.22
2024-10-21,STR-005,94118,SKU-303,210,1164.60
2024-10-21,STR-005,94118,SKU-304,250,1524.52
2024-10-21,STR-005,94118,SKU-401,237,1647.62
2024-10-21,STR-005,94118,SKU-402,134,900.61
2024-10-21,STR-005,94118,SKU-403,156,827.43
2024-10-21,STR-005,94118,SKU-501,28,510.33
2024-10-21,STR-005,94118,SKU-502,16,496.79
2024-10-21,STR-005,94118,SKU-503,25,542.71
2024-10-21,STR-005,94118,SKU-504,10,175.70
2024-10-21,STR-005,94118,SKU-601,124,1438.42
2024-10-21,STR-005,94118,SKU-602,106,628.52
2024-10-21,STR-005,94118,SKU-603,128,651.54
2024-10-21,STR-005,94118,SKU-604,110,488.75
2024-10-21,STR-005,94118,SKU-701,3,83.01
2024-10-21,STR-006,94123,SKU-101,223,904.40
2024-10-21,STR-006,94123,SKU-102,244,1586.58
2024-10-21,STR-006,94123,SKU-103,286,1782.61
2024-10-21,STR-006,94123,SKU-104,165,987.32
2024-10-21,STR-006,94123,SKU-105,131,464.00
2024-10-21,STR-006,94123,SKU-201,182,1115.47
2024-10-21,STR-006,94123,SKU-202,180,1003.46
2024-10-21,STR-006,94123,SKU-203,302,925.24
2024-10-21,STR-006,94123,SKU-204,78,868.94
2024-10-21,STR-006,94123,SKU-301,320,1808.37
2024-10-21,STR-006,94123,SKU-302,247,1481.60
2024-10-21,STR-006,94123,SKU-303,179,1043.89
2024-10-21,STR-006,94123,SKU-304,267,1611.82
2024-10-21,STR-006,94123,SKU-401,151,1014.35
2024-10-21,STR-006,94123,SKU-402,117,752.19
2024-10-21,STR-006,94123,SKU-403,121,625.85
2024-10-21,STR-006,94123,SKU-501,24,448.44
2024-10-21,STR-006,94123,SKU-502,14,438.29
2024-10-21,STR-006,94123,SKU-503,22,446.97
2024-10-21,STR-006,94123,SKU-504,10,173.61
2024-10-21,STR-006,94123,SKU-601,105,1208.48
2024-10-21,STR-006,94123,SKU-602,86,493.69
2024-10-21,STR-006,94123,SKU-603,140,709.34
2024-10-21,STR-006,94123,SKU-604,126,589.79
2024-10-21,STR-006,94123,SKU-701,3,80.68
2024-10-14,STR-001,94103,SKU-101,276,1167.25
2024-10-14,STR-001,94103,SKU-102,309,1950.83
2024-10-14,STR-001,94103,SKU-103,225,1397.88
2024-10-14,STR-001,94103,SKU-104,170,1086.49
2024-10-14,STR-001,94103,SKU-105,120,426.02
2024-10-14,STR-001,94103,SKU-201,252,1520.88
2024-10-14,STR-001,94103,SKU-202,189,1126.14
2024-10-14,STR-001,94103,SKU-203,339,1071.16
2024-10-14,STR-001,94103,SKU-204,124,1366.03
2024-10-14,STR-001,94103,SKU-301,308,1654.20
2024-10-14,STR-001,94103,SKU-302,253,1471.64
2024-10-14,STR-001,94103,SKU-303,190,1051.80
2024-10-14,STR-001,94103,SKU-304,283,1722.69
2024-10-14,STR-001,94103,SKU-401,229,1523.33
2024-10-14,STR-001,94103,SKU-402,97,644.02
2024-10-14,STR-001,94103,SKU-403,161,828.02
2024-10-14,STR-001,94103,SKU-501,32,620.34
2024-10-14,STR-001,94103,SKU-502,14,415.62
2024-10-14,STR-001,94103,SKU-503,20,435.61
2024-10-14,STR-001,94103,SKU-504,15,262.82
2024-10-14,STR-001,94103,SKU-601,135,1648.90
2024-10-14,STR-001,94103,SKU-602,120,679.76
2024-10-14,STR-001,94103,SKU-603,173,902.59
2024-10-14,STR-001,94103,SKU-604,134,602.86
2024-10-14,STR-001,94103,SKU-701,3,80.14
2024-10-14,STR-002,94110,SKU-101,271,1150.04
2024-10-14,STR-002,94110,SKU-102,355,2266.76
2024-10-14,STR-002,94110,SKU-103,377,2174.15
2024-10-14,STR-002,94110,SKU-104,189,1190.17
2024-10-14,STR-002,94110,SKU-105,174,627.16
2024-10-14,STR-002,94110,SKU-201,329,2119.59
2024-10-14,STR-002,94110,SKU-202,283,1590.69
2024-10-14,STR-002,94110,SKU-203,449,1416.54
2024-10-14,STR-002,94110,SKU-204,124,1325.90
2024-10-14,STR-002,94110,SKU-301,333,1804.16
2024-10-14,STR-002,94110,SKU-302,268,1570.60
2024-10-14,STR-002,94110,SKU-303,222,1307.22
2024-10-14,STR-002,94110,SKU-304,259,1601.01
2024-10-14,STR-002,94110,SKU-401,190,1261.97
2024-10-14,STR-002,94110,SKU-402,132,879.70
2024-10-14,STR-002,94110,SKU-403,172,881.18
2024-10-14,STR-002,94110,SKU-501,32,588.88
2024-10-14,STR-002,94110,SKU-502,18,532.74
2024-10-14,STR-002,94110,SKU-503,23,488.57
2024-10-14,STR-002,94110,SKU-504,14,247.92
2024-10-14,STR-002,94110,SKU-601,159,1908.21
2024-10-14,STR-002,94110,SKU-602,148,882.74
2024-10-14,STR-002,94110,SKU-603,159,783.74
2024-10-14,STR-002,94110,SKU-604,162,728.97
2024-10-14,STR-002,94110,SKU-701,3,78.54
2024-10-14,STR-003,94133,SKU-101,260,1088.67
2024-10-14,STR-003,94133,SKU-102,310,1972.73
2024-10-14,STR-003,94133,SKU-103,297,1742.21
2024-10-14,STR-003,94133,SKU-104,132,792.78
2024-10-14,STR-003,94133,SKU-105,126,459.55
2024-10-14,STR-003,94133,SKU-201,220,1337.11
2024-10-14,STR-003,94133,SKU-202,187,1069.10
2024-10-14,STR-003,94133,SKU-203,243,773.83
2024-10-14,STR-003,94133,SKU-204,95,1088.00
2024-10-14,STR-003,94133,SKU-301,323,1723.72
2024-10-14,STR-003,94133,SKU-302,198,1166.22
2024-10-14,STR-003,94133,SKU-303,182,1008.74
2024-10-14,STR-003,94133,SKU-304,199,1265.44
2024-10-14,STR-003,94133,SKU-401,212,1429.02
2024-10-14,STR-003,94133,SKU-402,105,681.32
2024-10-14,STR-003,94133,SKU-403,152,783.02
2024-10-14,STR-003,94133,SKU-501,25,451.42
2024-10-14,STR-003,94133,SKU-502,13,412.34
2024-10-14,STR-003,94133,SKU-503,18,366.56
2024-10-14,STR-003,94133,SKU-504,10,175.54
2024-10-14,STR-003,94133,SKU-601,130,1542.13
2024-10-14,STR-003,94133,SKU-602,119,664.61
2024-10-14,STR-003,94133,SKU-603,121,632.57
2024-10-14,STR-003,94133,SKU-604,99,447.15
2024-10-14,STR-003,94133,SKU-701,3,81.08
2024-10-14,STR-004,94102,SKU-101,214,866.70
2024-10-14,STR-004,94102,SKU-102,249,1565.17
2024-10-14,STR-004,94102,SKU-103,187,1135.75
2024-10-14,STR-004,94102,SKU-104,137,850.34
2024-10-14,STR-004,94102,SKU-105,95,334.78
2024-10-14,STR-004,94102,SKU-201,186,1171.68
2024-10-14,STR-004,94102,SKU-202,164,981.15
2024-10-14,STR-004,94102,SKU-203,212,634.21
2024-10-14,STR-004,94102,SKU-204,77,840.14
2024-10-14,STR-004,94102,SKU-301,261,1398.65
2024-10-14,STR-004,94102,SKU-302,200,1185.60
2024-10-14,STR-004,94102,SKU-303,151,903.17
2024-10-14,STR-004,94102,SKU-304,183,1124.58
2024-10-14,STR-004,94102,SKU-401,179,1236.21
2024-10-14,STR-004,94102,SKU-402,87,540.36
2024-10-14,STR-004,94102,SKU-403,116,620.30
2024-10-14,STR-004,94102,SKU-501,22,419.31
2024-10-14,STR-004,94102,SKU-502,13,414.67
2024-10-14,STR-004,94102,SKU-503,14,299.50
2024-10-14,STR-004,94102,SKU-504,9,151.84
2024-10-14,STR-004,94102,SKU-601,90,1095.40
2024-10-14,STR-004,94102,SKU-602,75,431.94
2024-10-14,STR-004,94102,SKU-603,100,483.10
2024-10-14,STR-004,94102,SKU-604,94,446.50
2024-10-14,STR-004,94102,SKU-701,2,55.05
2024-10-14,STR-005,94118,SKU-101,279,1122.52
2024-10-14,STR-005,94118,SKU-102,356,2354.65
2024-10-14,STR-005,94118,SKU-103,274,1617.31
2024-10-14,STR-005,94118,SKU-104,206,1259.34
2024-10-14,STR-005,94118,SKU-105,165,605.29
2024-10-14,STR-005,94118,SKU-201,284,1737.70
2024-10-14,STR-005,94118,SKU-202,189,1094.94
2024-10-14,STR-005,94118,SKU-203,339,1084.27
2024-10-14,STR-005,94118,SKU-204,105,1111.02
2024-10-14,STR-005,94118,SKU-301,358,2019.88
2024-10-14,STR-005,94118,SKU-302,278,1605.47
2024-10-14,STR-005,94118,SKU-303,245,1429.03
2024-10-14,STR-005,94118,SKU-304,234,1422.25
2024-10-14,STR-005,94118,SKU-401,167,1136.07
2024-10-14,STR-005,94118,SKU-402,121,807.04
2024-10-14,STR-005,94118,SKU-403,164,848.24
2024-10-14,STR-005,94118,SKU-501,33,595.71
2024-10-14,STR-005,94118,SKU-502,15,463.63
2024-10-14,STR-005,94118,SKU-503,25,520.69
2024-10-14,STR-005,94118,SKU-504,14,242.42
2024-10-14,STR-005,94118,SKU-601,125,1521.06
2024-10-14,STR-005,94118,SKU-602,103,591.38
2024-10-14,STR-005,94118,SKU-603,166,802.95
2024-10-14,STR-005,94118,SKU-604,142,654.34
2024-10-14,STR-005,94118,SKU-701,3,79.61
2024-10-14,STR-006,94123,SKU-101,211,878.45
2024-10-14,STR-006,94123,SKU-102,239,1522.34
2024-10-14,STR-006,94123,SKU-103,220,1276.48
2024-10-14,STR-006,94123,SKU-104,133,818.17
2024-10-14,STR-006,94123,SKU-105,142,497.85
2024-10-14,STR-006,94123,SKU-201,200,1236.05
2024-10-14,STR-006,94123,SKU-202,203,1139.01
2024-10-14,STR-006,94123,SKU-203,273,851.60
2024-10-14,STR-006,94123,SKU-204,87,923.57
2024-10-14,STR-006,94123,SKU-301,242,1323.40
2024-10-14,STR-006,94123,SKU-302,196,1215.55
2024-10-14,STR-006,94123,SKU-303,181,1072.97
2024-10-14,STR-006,94123,SKU-304,253,1531.31
2024-10-14,STR-006,94123,SKU-401,203,1381.03
2024-10-14,STR-006,94123,SKU-402,90,561.51
2024-10-14,STR-006,94123,SKU-403,155,806.08
2024-10-14,STR-006,94123,SKU-501,26,491.77
2024-10-14,STR-006,94123,SKU-502,11,326.54
2024-10-14,STR-006,94123,SKU-503,22,456.60
2024-10-14,STR-006,94123,SKU-504,11,183.04
2024-10-14,STR-006,94123,SKU-601,108,1261.77
2024-10-14,STR-006,94123,SKU-602,99,571.84
2024-10-14,STR-006,94123,SKU-603,129,626.53
2024-10-14,STR-006,94123,SKU-604,123,550.22
2024-10-14,STR-006,94123,SKU-701,3,79.81
2024-10-07,STR-001,94103,SKU-101,245,1028.92
2024-10-07,STR-001,94103,SKU-102,311,2023.09
2024-10-07,STR-001,94103,SKU-103,293,1783.08
2024-10-07,STR-001,94103,SKU-104,155,961.91
2024-10-07,STR-001,94103,SKU-105,108,380.43
2024-10-07,STR-001,94103,SKU-201,245,1565.17
2024-10-07,STR-001,94103,SKU-202,194,1113.58
2024-10-07,STR-001,94103,SKU-203,283,891.49
2024-10-07,STR-001,94103,SKU-204,100,1098.64
2024-10-07,STR-001,94103,SKU-301,328,1865.36
2024-10-07,STR-001,94103,SKU-302,251,1458.85
2024-10-07,STR-001,94103,SKU-303,168,951.34
2024-10-07,STR-001,94103,SKU-304,238,1528.38
2024-10-07,STR-001,94103,SKU-401,177,1185.36
2024-10-07,STR-001,94103,SKU-402,130,851.31
2024-10-07,STR-001,94103,SKU-403,174,894.76
2024-10-07,STR-001,94103,SKU-501,33,605.44
2024-10-07,STR-001,94103,SKU-502,16,508.18
2024-10-07,STR-001,94103,SKU-503,23,498.48
2024-10-07,STR-001,94103,SKU-504,11,188.39
2024-10-07,STR-001,94103,SKU-601,153,1841.52
2024-10-07,STR-001,94103,SKU-602,133,757.70
2024-10-07,STR-001,94103,SKU-603,118,589.36
2024-10-07,STR-001,94103,SKU-604,111,517.12
2024-10-07,STR-001,94103,SKU-701,2,53.04
2024-10-07,STR-002,94110,SKU-101,263,1097.00
2024-10-07,STR-002,94110,SKU-102,378,2402.34
2024-10-07,STR-002,94110,SKU-103,349,2071.43
2024-10-07,STR-002,94110,SKU-104,238,1517.94
2024-10-07,STR-002,94110,SKU-105,160,571.11
2024-10-07,STR-002,94110,SKU-201,271,1635.82
2024-10-07,STR-002,94110,SKU-202,212,1233.93
2024-10-07,STR-002,94110,SKU-203,392,1218.90
2024-10-07,STR-002,94110,SKU-204,153,1642.62
2024-10-07,STR-002,94110,SKU-301,313,1754.69
2024-10-07,STR-002,94110,SKU-302,261,1518.20
2024-10-07,STR-002,94110,SKU-303,222,1316.03
2024-10-07,STR-002,94110,SKU-304,329,2054.66
2024-10-07,STR-002,94110,SKU-401,205,1378.07
2024-10-07,STR-002,94110,SKU-402,141,935.40
2024-10-07,STR-002,94110,SKU-403,193,1045.97
2024-10-07,STR-002,94110,SKU-501,37,673.01
2024-10-07,STR-002,94110,SKU-502,17,506.76
2024-10-07,STR-002,94110,SKU-503,26,530.05
2024-10-07,STR-002,94110,SKU-504,16,279.73
2024-10-07,STR-002,94110,SKU-601,143,1719.62
2024-10-07,STR-002,94110,SKU-602,161,958.96
2024-10-07,STR-002,94110,SKU-603,175,894.23
2024-10-07,STR-002,94110,SKU-604,166,744.67
2024-10-07,STR-002,94110,SKU-701,4,103.07
2024-10-07,STR-003,94133,SKU-101,265,1111.67
2024-10-07,STR-003,94133,SKU-102,309,1937.79
2024-10-07,STR-003,94133,SKU-103,276,1645.26
2024-10-07,STR-003,94133,SKU-104,148,948.93
2024-10-07,STR-003,94133,SKU-105,141,496.50
2024-10-07,STR-003,94133,SKU-201,246,1550.35
2024-10-07,STR-003,94133,SKU-202,172,1005.99
2024-10-07,STR-003,94133,SKU-203,314,984.70
2024-10-07,STR-003,94133,SKU-204,118,1351.75
2024-10-07,STR-003,94133,SKU-301,319,1788.79
2024-10-07,STR-003,94133,SKU-302,228,1384.85
2024-10-07,STR-003,94133,SKU-303,216,1243.26
2024-10-07,STR-003,94133,SKU-304,261,1563.08
2024-10-07,STR-003,94133,SKU-401,173,1148.84
2024-10-07,STR-003,94133,SKU-402,132,851.57
2024-10-07,STR-003,94133,SKU-403,155,823.89
2024-10-07,STR-003,94133,SKU-501,26,482.28
2024-10-07,STR-003,94133,SKU-502,16,487.16
2024-10-07,STR-003,94133,SKU-503,20,433.45
2024-10-07,STR-003,94133,SKU-504,11,194.96
2024-10-07,STR-003,94133,SKU-601,127,1587.39
2024-10-07,STR-003,94133,SKU-602,106,609.71
2024-10-07,STR-003,94133,SKU-603,122,589.65
2024-10-07,STR-003,94133,SKU-604,104,465.61
2024-10-07,STR-003,94133,SKU-701,3,81.60
2024-10-07,STR-004,94102,SKU-101,178,696.72
2024-10-07,STR-004,94102,SKU-102,186,1186.58
2024-10-07,STR-004,94102,SKU-103,171,1068.22
2024-10-07,STR-004,94102,SKU-104,131,789.60
2024-10-07,STR-004,94102,SKU-105,113,402.08
2024-10-07,STR-004,94102,SKU-201,153,973.84
2024-10-07,STR-004,94102,SKU-202,145,849.33
2024-10-07,STR-004,94102,SKU-203,249,798.85
2024-10-07,STR-004,94102,SKU-204,86,976.45
2024-10-07,STR-004,94102,SKU-301,228,1239.40
2024-10-07,STR-004,94102,SKU-302,146,873.60
2024-10-07,STR-004,94102,SKU-303,191,1098.68
2024-10-07,STR-004,94102,SKU-304,208,1324.09
2024-10-07,STR-004,94102,SKU-401,141,933.66
2024-10-07,STR-004,94102,SKU-402,73,463.05
2024-10-07,STR-004,94102,SKU-403,111,566.71
2024-10-07,STR-004,94102,SKU-501,17,318.87
2024-10-07,STR-004,94102,SKU-502,12,359.69
2024-10-07,STR-004,94102,SKU-503,16,348.91
2024-10-07,STR-004,94102,SKU-504,11,191.33
2024-10-07,STR-004,94102,SKU-601,109,1266.65
2024-10-07,STR-004,94102,SKU-602,80,450.66
2024-10-07,STR-004,94102,SKU-603,129,662.88
2024-10-07,STR-004,94102,SKU-604,102,464.76
2024-10-07,STR-004,94102,SKU-701,2,55.10
2024-10-07,STR-005,94118,SKU-101,210,887.31
2024-10-07,STR-005,94118,SKU-102,348,2269.15
2024-10-07,STR-005,94118,SKU-103,248,1447.38
2024-10-07,STR-005,94118,SKU-104,205,1230.04
2024-10-07,STR-005,94118,SKU-105,123,437.95
2024-10-07,STR-005,94118,SKU-201,262,1580.11
2024-10-07,STR-005,94118,SKU-202,201,1203.68
2024-10-07,STR-005,94118,SKU-203,279,900.17
2024-10-07,STR-005,94118,SKU-204,120,1306.02
2024-10-07,STR-005,94118,SKU-301,294,1633.91
2024-10-07,STR-005,94118,SKU-302,250,1530.64
2024-10-07,STR-005,94118,SKU-303,240,1386.43
2024-10-07,STR-005,94118,SKU-304,222,1351.89
2024-10-07,STR-005,94118,SKU-401,220,1539.47
2024-10-07,STR-005,94118,SKU-402,113,750.50
2024-10-07,STR-005,94118,SKU-403,142,757.63
2024-10-07,STR-005,94118,SKU-501,28,514.56
2024-10-07,STR-005,94118,SKU-502,16,478.17
2024-10-07,STR-005,94118,SKU-503,19,407.47
2024-10-07,STR-005,94118,SKU-504,12,207.02
2024-10-07,STR-005,94118,SKU-601,134,1593.65
2024-10-07,STR-005,94118,SKU-602,131,763.41
2024-10-07,STR-005,94118,SKU-603,152,748.49
2024-10-07,STR-005,94118,SKU-604,133,612.83
2024-10-07,STR-005,94118,SKU-701,4,110.75
2024-10-07,STR-006,94123,SKU-101,246,1019.32
2024-10-07,STR-006,94123,SKU-102,206,1354.87
2024-10-07,STR-006,94123,SKU-103,205,1187.29
2024-10-07,STR-006,94123,SKU-104,118,766.60
2024-10-07,STR-006,94123,SKU-105,110,393.48
2024-10-07,STR-006,94123,SKU-201,243,1568.01
2024-10-07,STR-006,94123,SKU-202,196,1131.47
2024-10-07,STR-006,94123,SKU-203,227,731.09
2024-10-07,STR-006,94123,SKU-204,77,821.29
2024-10-07,STR-006,94123,SKU-301,308,1647.37
2024-10-07,STR-006,94123,SKU-302,237,1475.80
2024-10-07,STR-006,94123,SKU-303,203,1142.28
2024-10-07,STR-006,94123,SKU-304,216,1335.96
2024-10-07,STR-006,94123,SKU-401,170,1148.66
2024-10-07,STR-006,94123,SKU-402,87,583.00
2024-10-07,STR-006,94123,SKU-403,105,568.26
2024-10-07,STR-006,94123,SKU-501,28,531.81
2024-10-07,STR-006,94123,SKU-502,11,337.60
2024-10-07,STR-006,94123,SKU-503,20,418.04
2024-10-07,STR-006,94123,SKU-504,10,165.91
2024-10-07,STR-006,94123,SKU-601,103,1240.84
2024-10-07,STR-006,94123,SKU-602,98,569.41
2024-10-07,STR-006,94123,SKU-603,131,664.34
2024-10-07,STR-006,94123,SKU-604,113,522.10
2024-10-07,STR-006,94123,SKU-701,2,54.23
2024-09-30,STR-001,94103,SKU-101,270,1122.31
2024-09-30,STR-001,94103,SKU-102,252,1657.43
2024-09-30,STR-001,94103,SKU-103,312,1795.22
2024-09-30,STR-001,94103,SKU-104,146,904.39
2024-09-30,STR-001,94103,SKU-105,115,420.48
2024-09-30,STR-001,94103,SKU-201,210,1320.50
2024-09-30,STR-001,94103,SKU-202,200,1186.32
2024-09-30,STR-001,94103,SKU-203,317,969.08
2024-09-30,STR-001,94103,SKU-204,102,1154.97
2024-09-30,STR-001,94103,SKU-301,304,1704.41
2024-09-30,STR-001,94103,SKU-302,218,1336.34
2024-09-30,STR-001,94103,SKU-303,178,1016.88
2024-09-30,STR-001,94103,SKU-304,212,1303.40
2024-09-30,STR-001,94103,SKU-401,168,1087.27
2024-09-30,STR-001,94103,SKU-402,117,786.01
2024-09-30,STR-001,94103,SKU-403,154,825.17
2024-09-30,STR-001,94103,SKU-501,25,476.45
2024-09-30,STR-001,94103,SKU-502,14,421.05
2024-09-30,STR-001,94103,SKU-503,22,450.02
2024-09-30,STR-001,94103,SKU-504,14,250.29
2024-09-30,STR-001,94103,SKU-601,123,1495.10
2024-09-30,STR-001,94103,SKU-602,99,553.66
2024-09-30,STR-001,94103,SKU-603,162,812.04
2024-09-30,STR-001,94103,SKU-604,144,636.49
2024-09-30,STR-001,94103,SKU-701,3,80.79
2024-09-30,STR-002,94110,SKU-101,337,1405.58
2024-09-30,STR-002,94110,SKU-102,348,2292.00
2024-09-30,STR-002,94110,SKU-103,340,1992.81
2024-09-30,STR-002,94110,SKU-104,163,1000.43
2024-09-30,STR-002,94110,SKU-105,184,668.31
2024-09-30,STR-002,94110,SKU-201,256,1594.35
2024-09-30,STR-002,94110,SKU-202,286,1649.56
2024-09-30,STR-002,94110,SKU-203,328,1019.63
2024-09-30,STR-002,94110,SKU-204,136,1489.79
2024-09-30,STR-002,94110,SKU-301,442,2506.12
2024-09-30,STR-002,94110,SKU-302,308,1840.37
2024-09-30,STR-002,94110,SKU-303,255,1511.49
2024-09-30,STR-002,94110,SKU-304,325,1971.38
2024-09-30,STR-002,94110,SKU-401,266,1727.82
2024-09-30,STR-002,94110,SKU-402,150,997.86
2024-09-30,STR-002,94110,SKU-403,160,864.70
2024-09-30,STR-002,94110,SKU-501,38,689.95
2024-09-30,STR-002,94110,SKU-502,19,605.80
2024-09-30,STR-002,94110,SKU-503,26,530.82
2024-09-30,STR-002,94110,SKU-504,17,304.42
2024-09-30,STR-002,94110,SKU-601,189,2182.72
2024-09-30,STR-002,94110,SKU-602,123,712.00
2024-09-30,STR-002,94110,SKU-603,192,929.06
2024-09-30,STR-002,94110,SKU-604,150,699.74
2024-09-30,STR-002,94110,SKU-701,4,110.61
2024-09-30,STR-003,94133,SKU-101,203,850.20
2024-09-30,STR-003,94133,SKU-102,304,1913.73
2024-09-30,STR-003,94133,SKU-103,207,1213.47
2024-09-30,STR-003,94133,SKU-104,141,882.95
2024-09-30,STR-003,94133,SKU-105,124,452.61
2024-09-30,STR-003,94133,SKU-201,181,1134.66
2024-09-30,STR-003,94133,SKU-202,164,935.43
2024-09-30,STR-003,94133,SKU-203,307,934.41
2024-09-30,STR-003,94133,SKU-204,89,994.29
2024-09-30,STR-003,94133,SKU-301,269,1530.33
2024-09-30,STR-003,94133,SKU-302,183,1111.65
2024-09-30,STR-003,94133,SKU-303,188,1081.50
2024-09-30,STR-003,94133,SKU-304,254,1541.41
2024-09-30,STR-003,94133,SKU-401,165,1127.87
2024-09-30,STR-003,94133,SKU-402,130,848.14
2024-09-30,STR-003,94133,SKU-403,162,843.69
2024-09-30,STR-003,94133,SKU-501,25,486.41
2024-09-30,STR-003,94133,SKU-502,13,386.06
2024-09-30,STR-003,94133,SKU-503,20,419.26
2024-09-30,STR-003,94133,SKU-504,12,208.74
2024-09-30,STR-003,94133,SKU-601,104,1241.17
2024-09-30,STR-003,94133,SKU-602,99,576.46
2024-09-30,STR-003,94133,SKU-603,131,647.88
2024-09-30,STR-003,94133,SKU-604,104,479.73
2024-09-30,STR-003,94133,SKU-701,2,54.74
2024-09-30,STR-004,94102,SKU-101,184,753.01
2024-09-30,STR-004,94102,SKU-102,249,1671.29
2024-09-30,STR-004,94102,SKU-103,227,1339.14
2024-09-30,STR-004,94102,SKU-104,105,662.84
2024-09-30,STR-004,94102,SKU-105,93,321.05
2024-09-30,STR-004,94102,SKU-201,188,1220.85
2024-09-30,STR-004,94102,SKU-202,166,955.28
2024-09-30,STR-004,94102,SKU-203,209,653.39
2024-09-30,STR-004,94102,SKU-204,93,1037.58
2024-09-30,STR-004,94102,SKU-301,242,1300.35
2024-09-30,STR-004,94102,SKU-302,219,1313.69
2024-09-30,STR-004,94102,SKU-303,159,933.53
2024-09-30,STR-004,94102,SKU-304,189,1198.57
2024-09-30,STR-004,94102,SKU-401,133,879.24
2024-09-30,STR-004,94102,SKU-402,86,561.21
2024-09-30,STR-004,94102,SKU-403,129,657.14
2024-09-30,STR-004,94102,SKU-501,25,452.85
2024-09-30,STR-004,94102,SKU-502,14,446.65
2024-09-30,STR-004,94102,SKU-503,13,277.88
2024-09-30,STR-004,94102,SKU-504,8,141.12
2024-09-30,STR-004,94102,SKU-601,89,1051.96
2024-09-30,STR-004,94102,SKU-602,100,585.92
2024-09-30,STR-004,94102,SKU-603,128,624.32
2024-09-30,STR-004,94102,SKU-604,90,420.74
2024-09-30,STR-004,94102,SKU-701,2,55.81
2024-09-30,STR-005,94118,SKU-101,257,1053.54
2024-09-30,STR-005,94118,SKU-102,327,2189.54
2024-09-30,STR-005,94118,SKU-103,251,1559.27
2024-09-30,STR-005,94118,SKU-104,148,959.60
2024-09-30,STR-005,94118,SKU-105,167,576.36
2024-09-30,STR-005,94118,SKU-201,218,1306.21
2024-09-30,STR-005,94118,SKU-202,218,1302.29
2024-09-30,STR-005,94118,SKU-203,312,947.97
2024-09-30,STR-005,94118,SKU-204,108,1217.41
2024-09-30,STR-005,94118,SKU-301,328,1873.71
2024-09-30,STR-005,94118,SKU-302,255,1527.61
2024-09-30,STR-005,94118,SKU-303,218,1211.78
2024-09-30,STR-005,94118,SKU-304,322,2050.32
2024-09-30,STR-005,94118,SKU-401,169,1127.08
2024-09-30,STR-005,94118,SKU-402,138,919.61
2024-09-30,STR-005,94118,SKU-403,142,738.82
2024-09-30,STR-005,94118,SKU-501,25,484.49
2024-09-30,STR-005,94118,SKU-502,17,506.47
2024-09-30,STR-005,94118,SKU-503,25,515.18
2024-09-30,STR-005,94118,SKU-504,14,250.49
2024-09-30,STR-005,94118,SKU-601,124,1522.07
2024-09-30,STR-005,94118,SKU-602,106,623.31
2024-09-30,STR-005,94118,SKU-603,148,774.97
2024-09-30,STR-005,94118,SKU-604,132,597.84
2024-09-30,STR-005,94118,SKU-701,3,82.10
2024-09-30,STR-006,94123,SKU-101,209,884.03
2024-09-30,STR-006,94123,SKU-102,213,1340.54
2024-09-30,STR-006,94123,SKU-103,199,1233.16
2024-09-30,STR-006,94123,SKU-104,129,832.40
2024-09-30,STR-006,94123,SKU-105,122,427.89
2024-09-30,STR-006,94123,SKU-201,215,1343.52
2024-09-30,STR-006,94123,SKU-202,181,1074.73
2024-09-30,STR-006,94123,SKU-203,230,728.00
2024-09-30,STR-006,94123,SKU-204,113,1285.03
2024-09-30,STR-006,94123,SKU-301,274,1471.58
2024-09-30,STR-006,94123,SKU-302,187,1133.81
2024-09-30,STR-006,94123,SKU-303,213,1218.57
2024-09-30,STR-006,94123,SKU-304,254,1560.76
2024-09-30,STR-006,94123,SKU-401,198,1289.12
2024-09-30,STR-006,94123,SKU-402,117,772.64
2024-09-30,STR-006,94123,SKU-403,130,706.68
2024-09-30,STR-006,94123,SKU-501,23,424.34
2024-09-30,STR-006,94123,SKU-502,14,444.42
2024-09-30,STR-006,94123,SKU-503,21,430.13
2024-09-30,STR-006,94123,SKU-504,12,207.93
2024-09-30,STR-006,94123,SKU-601,107,1323.27
2024-09-30,STR-006,94123,SKU-602,93,524.98
2024-09-30,STR-006,94123,SKU-603,143,743.64
2024-09-30,STR-006,94123,SKU-604,118,544.47
2024-09-30,STR-006,94123,SKU-701,2,51.87
2024-09-23,STR-001,94103,SKU-101,241,961.29
2024-09-23,STR-001,94103,SKU-102,252,1649.58
2024-09-23,STR-001,94103,SKU-103,285,1758.29
2024-09-23,STR-001,94103,SKU-104,143,914.54
2024-09-23,STR-001,94103,SKU-105,106,381.09
2024-09-23,STR-001,94103,SKU-201,232,1507.77
2024-09-23,STR-001,94103,SKU-202,164,914.72
2024-09-23,STR-001,94103,SKU-203,329,987.23
2024-09-23,STR-001,94103,SKU-204,91,1023.89
2024-09-23,STR-001,94103,SKU-301,289,1605.49
2024-09-23,STR-001,94103,SKU-302,249,1518.16
2024-09-23,STR-001,94103,SKU-303,203,1135.06
2024-09-23,STR-001,94103,SKU-304,312,1913.38
2024-09-23,STR-001,94103,SKU-401,220,1522.92
2024-09-23,STR-001,94103,SKU-402,92,589.27
2024-09-23,STR-001,94103,SKU-403,163,877.75
2024-09-23,STR-001,94103,SKU-501,25,459.61
2024-09-23,STR-001,94103,SKU-502,17,543.82
2024-09-23,STR-001,94103,SKU-503,23,479.09
2024-09-23,STR-001,94103,SKU-504,12,205.26
2024-09-23,STR-001,94103,SKU-601,110,1364.89
2024-09-23,STR-001,94103,SKU-602,135,781.17
2024-09-23,STR-001,94103,SKU-603,165,845.40
2024-09-23,STR-001,94103,SKU-604,119,543.06
2024-09-23,STR-001,94103,SKU-701,2,51.96
2024-09-23,STR-002,94110,SKU-101,330,1400.24
2024-09-23,STR-002,94110,SKU-102,295,1910.49
2024-09-23,STR-002,94110,SKU-103,276,1644.06
2024-09-23,STR-002,94110,SKU-104,200,1221.33
2024-09-23,STR-002,94110,SKU-105,154,541.98
2024-09-23,STR-002,94110,SKU-201,269,1735.49
2024-09-23,STR-002,94110,SKU-202,226,1313.87
2024-09-23,STR-002,94110,SKU-203,390,1210.13
2024-09-23,STR-002,94110,SKU-204,131,1443.88
2024-09-23,STR-002,94110,SKU-301,309,1702.12
2024-09-23,STR-002,94110,SKU-302,341,1966.41
2024-09-23,STR-002,94110,SKU-303,230,1298.52
2024-09-23,STR-002,94110,SKU-304,296,1849.05
2024-09-23,STR-002,94110,SKU-401,186,1239.43
2024-09-23,STR-002,94110,SKU-402,160,1033.21
2024-09-23,STR-002,94110,SKU-403,176,944.73
2024-09-23,STR-002,94110,SKU-501,38,698.63
2024-09-23,STR-002,94110,SKU-502,17,510.51
2024-09-23,STR-002,94110,SKU-503,27,550.52
2024-09-23,STR-002,94110,SKU-504,15,266.75
2024-09-23,STR-002,94110,SKU-601,129,1600.38
2024-09-23,STR-002,94110,SKU-602,148,881.92
2024-09-23,STR-002,94110,SKU-603,156,795.14
2024-09-23,STR-002,94110,SKU-604,132,608.85
2024-09-23,STR-002,94110,SKU-701,3,77.71
2024-09-23,STR-003,94133,SKU-101,238,973.41
2024-09-23,STR-003,94133,SKU-102,273,1703.03
2024-09-23,STR-003,94133,SKU-103,213,1260.49
2024-09-23,STR-003,94133,SKU-104,159,1031.32
2024-09-23,STR-003,94133,SKU-105,103,366.35
2024-09-23,STR-003,94133,SKU-201,229,1432.58
2024-09-23,STR-003,94133,SKU-202,159,906.88
2024-09-23,STR-003,94133,SKU-203,325,1025.44
2024-09-23,STR-003,94133,SKU-204,86,929.20
2024-09-23,STR-003,94133,SKU-301,252,1412.52
2024-09-23,STR-003,94133,SKU-302,239,1383.27
2024-09-23,STR-003,94133,SKU-303,214,1214.88
2024-09-23,STR-003,94133,SKU-304,250,1579.41
2024-09-23,STR-003,94133,SKU-401,199,1373.16
2024-09-23,STR-003,94133,SKU-402,117,756.32
2024-09-23,STR-003,94133,SKU-403,167,858.90
2024-09-23,STR-003,94133,SKU-501,28,529.22
2024-09-23,STR-003,94133,SKU-502,13,412.56
2024-09-23,STR-003,94133,SKU-503,18,379.13
2024-09-23,STR-003,94133,SKU-504,11,193.15
2024-09-23,STR-003,94133,SKU-601,120,1474.44
2024-09-23,STR-003,94133,SKU-602,115,658.11
2024-09-23,STR-003,94133,SKU-603,155,792.12
2024-09-23,STR-003,94133,SKU-604,113,505.86
2024-09-23,STR-003,94133,SKU-701,3,83.07
2024-09-23,STR-004,94102,SKU-101,178,697.65
2024-09-23,STR-004,94102,SKU-102,232,1526.25
2024-09-23,STR-004,94102,SKU-103,201,1207.42
2024-09-23,STR-004,94102,SKU-104,119,718.32
2024-09-23,STR-004,94102,SKU-105,115,418.56
2024-09-23,STR-004,94102,SKU-201,196,1266.87
2024-09-23,STR-004,94102,SKU-202,181,1045.94
2024-09-23,STR-004,94102,SKU-203,243,740.77
2024-09-23,STR-004,94102,SKU-204,80,906.90
2024-09-23,STR-004,94102,SKU-301,205,1178.25
2024-09-23,STR-004,94102,SKU-302,187,1104.17
2024-09-23,STR-004,94102,SKU-303,169,971.87
2024-09-23,STR-004,94102,SKU-304,194,1180.33
2024-09-23,STR-004,94102,SKU-401,139,949.44
2024-09-23,STR-004,94102,SKU-402,91,589.84
2024-09-23,STR-004,94102,SKU-403,108,572.18
2024-09-23,STR-004,94102,SKU-501,20,377.04
2024-09-23,STR-004,94102,SKU-502,12,379.43
2024-09-23,STR-004,94102,SKU-503,18,385.95
2024-09-23,STR-004,94102,SKU-504,8,135.21
2024-09-23,STR-004,94102,SKU-601,100,1232.65
2024-09-23,STR-004,94102,SKU-602,79,449.74
2024-09-23,STR-004,94102,SKU-603,126,629.01
2024-09-23,STR-004,94102,SKU-604,99,467.19
2024-09-23,STR-004,94102,SKU-701,2,51.79
2024-09-23,STR-005,94118,SKU-101,291,1234.55
2024-09-23,STR-005,94118,SKU-102,332,2228.83
2024-09-23,STR-005,94118,SKU-103,226,1365.48
2024-09-23,STR-005,94118,SKU-104,185,1188.16
2024-09-23,STR-005,94118,SKU-105,156,582.07
2024-09-23,STR-005,94118,SKU-201,238,1529.30
2024-09-23,STR-005,94118,SKU-202,246,1362.48
2024-09-23,STR-005,94118,SKU-203,332,1046.99
2024-09-23,STR-005,94118,SKU-204,118,1315.51
2024-09-23,STR-005,94118,SKU-301,371,2099.29
2024-09-23,STR-005,94118,SKU-302,224,1364.06
2024-09-23,STR-005,94118,SKU-303,189,1090.24
2024-09-23,STR-005,94118,SKU-304,334,2040.78
2024-09-23,STR-005,94118,SKU-401,163,1136.78
2024-09-23,STR-005,94118,SKU-402,113,729.11
2024-09-23,STR-005,94118,SKU-403,132,716.42
2024-09-23,STR-005,94118,SKU-501,35,635.20
2024-09-23,STR-005,94118,SKU-502,17,504.14
2024-09-23,STR-005,94118,SKU-503,18,394.50
2024-09-23,STR-005,94118,SKU-504,13,229.30
2024-09-23,STR-005,94118,SKU-601,110,1327.86
2024-09-23,STR-005,94118,SKU-602,133,771.69
2024-09-23,STR-005,94118,SKU-603,172,850.13
2024-09-23,STR-005,94118,SKU-604,108,494.26
2024-09-23,STR-005,94118,SKU-701,3,79.46
2024-09-23,STR-006,94123,SKU-101,229,972.57
2024-09-23,STR-006,94123,SKU-102,298,1957.31
2024-09-23,STR-006,94123,SKU-103,214,1331.03
2024-09-23,STR-006,94123,SKU-104,153,921.84
2024-09-23,STR-006,94123,SKU-105,111,400.93
2024-09-23,STR-006,94123,SKU-201,237,1448.02
2024-09-23,STR-006,94123,SKU-202,209,1200.23
2024-09-23,STR-006,94123,SKU-203,279,845.46
2024-09-23,STR-006,94123,SKU-204,91,981.92
2024-09-23,STR-006,94123,SKU-301,271,1521.95
2024-09-23,STR-006,94123,SKU-302,183,1054.78
2024-09-23,STR-006,94123,SKU-303,172,988.09
2024-09-23,STR-006,94123,SKU-304,257,1665.33
2024-09-23,STR-006,94123,SKU-401,151,1021.75
2024-09-23,STR-006,94123,SKU-402,118,785.58
2024-09-23,STR-006,94123,SKU-403,156,855.51
2024-09-23,STR-006,94123,SKU-501,27,519.32
2024-09-23,STR-006,94123,SKU-502,14,435.40
2024-09-23,STR-006,94123,SKU-503,20,435.42
2024-09-23,STR-006,94123,SKU-504,12,205.53
2024-09-23,STR-006,94123,SKU-601,100,1202.50
2024-09-23,STR-006,94123,SKU-602,119,693.75
2024-09-23,STR-006,94123,SKU-603,156,790.16
2024-09-23,STR-006,94123,SKU-604,91,403.64
2024-09-23,STR-006,94123,SKU-701,2,52.07
2024-09-16,STR-001,94103,SKU-101,218,880.58
2024-09-16,STR-001,94103,SKU-102,286,1827.57
2024-09-16,STR-001,94103,SKU-103,285,1735.64
2024-09-16,STR-001,94103,SKU-104,139,898.56
2024-09-16,STR-001,94103,SKU-105,129,471.43
2024-09-16,STR-001,94103,SKU-201,202,1209.93
2024-09-16,STR-001,94103,SKU-202,164,977.92
2024-09-16,STR-001,94103,SKU-203,316,1014.87
2024-09-16,STR-001,94103,SKU-204,90,975.22
2024-09-16,STR-001,94103,SKU-301,272,1481.35
2024-09-16,STR-001,94103,SKU-302,200,1214.05
2024-09-16,STR-001,94103,SKU-303,253,1422.60
2024-09-16,STR-001,94103,SKU-304,257,1646.84
2024-09-16,STR-001,94103,SKU-401,183,1253.28
2024-09-16,STR-001,94103,SKU-402,123,829.38
2024-09-16,STR-001,94103,SKU-403,147,776.90
2024-09-16,STR-001,94103,SKU-501,29,543.57
2024-09-16,STR-001,94103,SKU-502,13,385.52
2024-09-16,STR-001,94103,SKU-503,18,386.89
2024-09-16,STR-001,94103,SKU-504,13,219.88
2024-09-16,STR-001,94103,SKU-601,126,1558.21
2024-09-16,STR-001,94103,SKU-602,106,630.82
2024-09-16,STR-001,94103,SKU-603,160,797.33
2024-09-16,STR-001,94103,SKU-604,144,649.54
2024-09-16,STR-001,94103,SKU-701,3,79.01
2024-09-16,STR-002,94110,SKU-101,299,1260.17
2024-09-16,STR-002,94110,SKU-102,272,1689.55
2024-09-16,STR-002,94110,SKU-103,379,2201.59
2024-09-16,STR-002,94110,SKU-104,163,997.94
2024-09-16,STR-002,94110,SKU-105,155,545.41
2024-09-16,STR-002,94110,SKU-201,232,1464.31
2024-09-16,STR-002,94110,SKU-202,232,1295.26
2024-09-16,STR-002,94110,SKU-203,363,1173.79
2024-09-16,STR-002,94110,SKU-204,149,1689.03
2024-09-16,STR-002,94110,SKU-301,454,2600.53
2024-09-16,STR-002,94110,SKU-302,274,1677.51
2024-09-16,STR-002,94110,SKU-303,254,1412.89
2024-09-16,STR-002,94110,SKU-304,267,1622.42
2024-09-16,STR-002,94110,SKU-401,231,1585.50
2024-09-16,STR-002,94110,SKU-402,133,848.88
2024-09-16,STR-002,94110,SKU-403,178,939.56
2024-09-16,STR-002,94110,SKU-501,35,635.86
2024-09-16,STR-002,94110,SKU-502,20,617.63
2024-09-16,STR-002,94110,SKU-503,30,643.84
2024-09-16,STR-002,94110,SKU-504,14,247.71
2024-09-16,STR-002,94110,SKU-601,188,2279.77
2024-09-16,STR-002,94110,SKU-602,162,920.96
2024-09-16,STR-002,94110,SKU-603,162,809.92
2024-09-16,STR-002,94110,SKU-604,145,633.96
2024-09-16,STR-002,94110,SKU-701,3,83.50
2024-09-16,STR-003,94133,SKU-101,202,799.80
2024-09-16,STR-003,94133,SKU-102,236,1501.15
2024-09-16,STR-003,94133,SKU-103,231,1398.77
2024-09-16,STR-003,94133,SKU-104,157,956.97
2024-09-16,STR-003,94133,SKU-105,110,399.03
2024-09-16,STR-003,94133,SKU-201,185,1136.27
2024-09-16,STR-003,94133,SKU-202,155,928.06
2024-09-16,STR-003,94133,SKU-203,300,971.09
2024-09-16,STR-003,94133,SKU-204,106,1198.38
2024-09-16,STR-003,94133,SKU-301,328,1751.68
2024-09-16,STR-003,94133,SKU-302,234,1387.40
2024-09-16,STR-003,94133,SKU-303,224,1297.21
2024-09-16,STR-003,94133,SKU-304,295,1857.38
2024-09-16,STR-003,94133,SKU-401,176,1176.21
2024-09-16,STR-003,94133,SKU-402,108,670.91
2024-09-16,STR-003,94133,SKU-403,154,802.10
2024-09-16,STR-003,94133,SKU-501,30,539.00
2024-09-16,STR-003,94133,SKU-502,16,498.60
2024-09-16,STR-003,94133,SKU-503,18,389.79
2024-09-16,STR-003,94133,SKU-504,10,173.92
2024-09-16,STR-003,94133,SKU-601,131,1615.37
2024-09-16,STR-003,94133,SKU-602,102,577.67
2024-09-16,STR-003,94133,SKU-603,137,697.83
2024-09-16,STR-003,94133,SKU-604,133,606.09
2024-09-16,STR-003,94133,SKU-701,2,52.80
2024-09-16,STR-004,94102,SKU-101,215,891.04
2024-09-16,STR-004,94102,SKU-102,205,1340.74
2024-09-16,STR-004,94102,SKU-103,187,1161.34
2024-09-16,STR-004,94102,SKU-104,114,724.67
2024-09-16,STR-004,94102,SKU-105,86,312.85
2024-09-16,STR-004,94102,SKU-201,193,1206.92
2024-09-16,STR-004,94102,SKU-202,129,771.66
2024-09-16,STR-004,94102,SKU-203,211,652.55
2024-09-16,STR-004,94102,SKU-204,90,979.93
2024-09-16,STR-004,94102,SKU-301,278,1556.52
2024-09-16,STR-004,94102,SKU-302,152,883.05
2024-09-16,STR-004,94102,SKU-303,142,848.73
2024-09-16,STR-004,94102,SKU-304,216,1344.90
2024-09-16,STR-004,94102,SKU-401,173,1180.44
2024-09-16,STR-004,94102,SKU-402,80,512.48
2024-09-16,STR-004,94102,SKU-403,103,554.31
2024-09-16,STR-004,94102,SKU-501,22,408.80
2024-09-16,STR-004,94102,SKU-502,12,375.82
2024-09-16,STR-004,94102,SKU-503,13,269.31
2024-09-16,STR-004,94102,SKU-504,11,191.60
2024-09-16,STR-004,94102,SKU-601,104,1247.00
2024-09-16,STR-004,94102,SKU-602,93,541.44
2024-09-16,STR-004,94102,SKU-603,102,528.38
2024-09-16,STR-004,94102,SKU-604,99,464.82
2024-09-16,STR-004,94102,SKU-701,2,55.26
2024-09-16,STR-005,94118,SKU-101,254,1067.74
2024-09-16,STR-005,94118,SKU-102,240,1557.76
2024-09-16,STR-005,94118,SKU-103,251,1447.77
2024-09-16,STR-005,94118,SKU-104,205,1330.07
2024-09-16,STR-005,94118,SKU-105,153,552.94
2024-09-16,STR-005,94118,SKU-201,272,1757.35
2024-09-16,STR-005,94118,SKU-202,174,981.88
2024-09-16,STR-005,94118,SKU-203,289,930.52
2024-09-16,STR-005,94118,SKU-204,94,1029.78
2024-09-16,STR-005,94118,SKU-301,347,1846.44
2024-09-16,STR-005,94118,SKU-302,279,1716.33
2024-09-16,STR-005,94118,SKU-303,244,1390.28
2024-09-16,STR-005,94118,SKU-304,251,1504.27
2024-09-16,STR-005,94118,SKU-401,211,1450.22
2024-09-16,STR-005,94118,SKU-402,142,903.32
2024-09-16,STR-005,94118,SKU-403,155,800.44
2024-09-16,STR-005,94118,SKU-501,27,497.15
2024-09-16,STR-005,94118,SKU-502,15,454.23
2024-09-16,STR-005,94118,SKU-503,25,532.95
2024-09-16,STR-005,94118,SKU-504,13,217.60
2024-09-16,STR-005,94118,SKU-601,147,1714.51
2024-09-16,STR-005,94118,SKU-602,103,614.70
2024-09-16,STR-005,94118,SKU-603,151,734.40
2024-09-16,STR-005,94118,SKU-604,106,475.27
2024-09-16,STR-005,94118,SKU-701,3,78.44
2024-09-16,STR-006,94123,SKU-101,203,844.51
2024-09-16,STR-006,94123,SKU-102,269,1809.73
2024-09-16,STR-006,94123,SKU-103,211,1298.73
2024-09-16,STR-006,94123,SKU-104,151,904.15
2024-09-16,STR-006,94123,SKU-105,133,481.05
2024-09-16,STR-006,94123,SKU-201,216,1360.90
2024-09-16,STR-006,94123,SKU-202,191,1142.70
2024-09-16,STR-006,94123,SKU-203,281,862.96
2024-09-16,STR-006,94123,SKU-204,111,1202.09
2024-09-16,STR-006,94123,SKU-301,270,1548.39
2024-09-16,STR-006,94123,SKU-302,175,1079.57
2024-09-16,STR-006,94123,SKU-303,169,986.83
2024-09-16,STR-006,94123,SKU-304,201,1244.88
2024-09-16,STR-006,94123,SKU-401,136,950.63
2024-09-16,STR-006,94123,SKU-402,107,666.14
2024-09-16,STR-006,94123,SKU-403,141,766.16
2024-09-16,STR-006,94123,SKU-501,21,377.61
2024-09-16,STR-006,94123,SKU-502,11,349.09
2024-09-16,STR-006,94123,SKU-503,18,367.99
2024-09-16,STR-006,94123,SKU-504,13,215.30
2024-09-16,STR-006,94123,SKU-601,130,1575.10
2024-09-16,STR-006,94123,SKU-602,106,590.15
2024-09-16,STR-006,94123,SKU-603,131,637.54
2024-09-16,STR-006,94123,SKU-604,101,450.35
2024-09-16,STR-006,94123,SKU-701,2,53.98
2024-09-09,STR-001,94103,SKU-101,221,917.38
2024-09-09,STR-001,94103,SKU-102,329,2208.61
2024-09-09,STR-001,94103,SKU-103,265,1582.13
2024-09-09,STR-001,94103,SKU-104,183,1147.54
2024-09-09,STR-001,94103,SKU-105,129,463.23
2024-09-09,STR-001,94103,SKU-201,215,1370.16
2024-09-09,STR-001,94103,SKU-202,183,1034.69
2024-09-09,STR-001,94103,SKU-203,248,787.93
2024-09-09,STR-001,94103,SKU-204,116,1245.56
2024-09-09,STR-001,94103,SKU-301,282,1544.66
2024-09-09,STR-001,94103,SKU-302,282,1699.31
2024-09-09,STR-001,94103,SKU-303,177,1006.27
2024-09-09,STR-001,94103,SKU-304,297,1863.48
2024-09-09,STR-001,94103,SKU-401,191,1248.33
2024-09-09,STR-001,94103,SKU-402,135,866.71
2024-09-09,STR-001,94103,SKU-403,170,912.92
2024-09-09,STR-001,94103,SKU-501,32,613.31
2024-09-09,STR-001,94103,SKU-502,17,533.33
2024-09-09,STR-001,94103,SKU-503,21,449.69
2024-09-09,STR-001,94103,SKU-504,11,183.06
2024-09-09,STR-001,94103,SKU-601,141,1754.17
2024-09-09,STR-001,94103,SKU-602,99,590.32
2024-09-09,STR-001,94103,SKU-603,121,597.78
2024-09-09,STR-001,94103,SKU-604,130,569.51
2024-09-09,STR-001,94103,SKU-701,3,80.24
2024-09-09,STR-002,94110,SKU-101,345,1429.72
2024-09-09,STR-002,94110,SKU-102,322,2171.91
2024-09-09,STR-002,94110,SKU-103,265,1542.41
2024-09-09,STR-002,94110,SKU-104,179,1118.68
2024-09-09,STR-002,94110,SKU-105,128,443.52
2024-09-09,STR-002,94110,SKU-201,243,1539.23
2024-09-09,STR-002,94110,SKU-202,227,1266.98
2024-09-09,STR-002,94110,SKU-203,386,1167.72
2024-09-09,STR-002,94110,SKU-204,144,1523.91
2024-09-09,STR-002,94110,SKU-301,429,2403.99
2024-09-09,STR-002,94110,SKU-302,340,2018.69
2024-09-09,STR-002,94110,SKU-303,297,1665.47
2024-09-09,STR-002,94110,SKU-304,343,2078.37
2024-09-09,STR-002,94110,SKU-401,208,1393.84
2024-09-09,STR-002,94110,SKU-402,135,841.05
2024-09-09,STR-002,94110,SKU-403,203,1068.16
2024-09-09,STR-002,94110,SKU-501,33,597.14
2024-09-09,STR-002,94110,SKU-502,19,584.16
2024-09-09,STR-002,94110,SKU-503,27,584.60
2024-09-09,STR-002,94110,SKU-504,16,283.56
2024-09-09,STR-002,94110,SKU-601,171,2009.34
2024-09-09,STR-002,94110,SKU-602,121,696.41
2024-09-09,STR-002,94110,SKU-603,193,958.68
2024-09-09,STR-002,94110,SKU-604,160,727.40
2024-09-09,STR-002,94110,SKU-701,3,78.62
2024-09-09,STR-003,94133,SKU-101,221,902.25
2024-09-09,STR-003,94133,SKU-102,289,1827.93
2024-09-09,STR-003,94133,SKU-103,273,1615.12
2024-09-09,STR-003,94133,SKU-104,154,980.67
2024-09-09,STR-003,94133,SKU-105,107,396.99
2024-09-09,STR-003,94133,SKU-201,186,1188.56
2024-09-09,STR-003,94133,SKU-202,217,1211.86
2024-09-09,STR-003,94133,SKU-203,318,976.86
2024-09-09,STR-003,94133,SKU-204,86,970.61
2024-09-09,STR-003,94133,SKU-301,283,1567.38
2024-09-09,STR-003,94133,SKU-302,189,1178.21
2024-09-09,STR-003,94133,SKU-303,170,969.68
2024-09-09,STR-003,94133,SKU-304,281,1700.60
2024-09-09,STR-003,94133,SKU-401,166,1071.33
2024-09-09,STR-003,94133,SKU-402,122,784.25
2024-09-09,STR-003,94133,SKU-403,160,867.96
2024-09-09,STR-003,94133,SKU-501,22,403.72
2024-09-09,STR-003,94133,SKU-502,16,475.00
2024-09-09,STR-003,94133,SKU-503,17,345.42
2024-09-09,STR-003,94133,SKU-504,12,208.41
2024-09-09,STR-003,94133,SKU-601,138,1635.68
2024-09-09,STR-003,94133,SKU-602,110,631.13
2024-09-09,STR-003,94133,SKU-603,130,663.35
2024-09-09,STR-003,94133,SKU-604,113,530.32
2024-09-09,STR-003,94133,SKU-701,3,80.52
2024-09-09,STR-004,94102,SKU-101,216,868.03
2024-09-09,STR-004,94102,SKU-102,190,1193.52
2024-09-09,STR-004,94102,SKU-103,217,1267.49
2024-09-09,STR-004,94102,SKU-104,140,888.94
2024-09-09,STR-004,94102,SKU-105,92,327.53
2024-09-09,STR-004,94102,SKU-201,161,982.44
2024-09-09,STR-004,94102,SKU-202,126,702.58
2024-09-09,STR-004,94102,SKU-203,209,625.78
2024-09-09,STR-004,94102,SKU-204,90,994.15
2024-09-09,STR-004,94102,SKU-301,220,1172.50
2024-09-09,STR-004,94102,SKU-302,213,1230.82
2024-09-09,STR-004,94102,SKU-303,187,1032.56
2024-09-09,STR-004,94102,SKU-304,231,1482.93
2024-09-09,STR-004,94102,SKU-401,123,797.08
2024-09-09,STR-004,94102,SKU-402,103,684.70
2024-09-09,STR-004,94102,SKU-403,132,696.09
2024-09-09,STR-004,94102,SKU-501,26,480.06
2024-09-09,STR-004,94102,SKU-502,13,403.86
2024-09-09,STR-004,94102,SKU-503,15,316.03
2024-09-09,STR-004,94102,SKU-504,11,194.22
2024-09-09,STR-004,94102,SKU-601,103,1191.62
2024-09-09,STR-004,94102,SKU-602,97,573.62
2024-09-09,STR-004,94102,SKU-603,119,600.20
2024-09-09,STR-004,94102,SKU-604,106,478.07
2024-09-09,STR-004,94102,SKU-701,2,54.56
2024-09-09,STR-005,94118,SKU-101,266,1078.78
2024-09-09,STR-005,94118,SKU-102,350,2202.49
2024-09-09,STR-005,94118,SKU-103,324,1922.80
2024-09-09,STR-005,94118,SKU-104,169,1092.54
2024-09-09,STR-005,94118,SKU-105,118,424.69
2024-09-09,STR-005,94118,SKU-201,199,1219.18
2024-09-09,STR-005,94118,SKU-202,219,1228.18
2024-09-09,STR-005,94118,SKU-203,279,878.53
2024-09-09,STR-005,94118,SKU-204,109,1174.66
2024-09-09,STR-005,94118,SKU-301,361,1956.99
2024-09-09,STR-005,94118,SKU-302,240,1401.29
2024-09-09,STR-005,94118,SKU-303,246,1425.17
2024-09-09,STR-005,94118,SKU-304,308,1928.36
2024-09-09,STR-005,94118,SKU-401,166,1160.73
2024-09-09,STR-005,94118,SKU-402,128,839.37
2024-09-09,STR-005,94118,SKU-403,178,927.81
2024-09-09,STR-005,94118,SKU-501,24,436.62
2024-09-09,STR-005,94118,SKU-502,19,598.61
2024-09-09,STR-005,94118,SKU-503,18,365.10
2024-09-09,STR-005,94118,SKU-504,15,254.29
2024-09-09,STR-005,94118,SKU-601,125,1561.00
2024-09-09,STR-005,94118,SKU-602,117,656.70
2024-09-09,STR-005,94118,SKU-603,141,705.17
2024-09-09,STR-005,94118,SKU-604,121,559.59
2024-09-09,STR-005,94118,SKU-701,3,78.57
2024-09-09,STR-006,94123,SKU-101,242,956.03
2024-09-09,STR-006,94123,SKU-102,252,1580.78
2024-09-09,STR-006,94123,SKU-103,206,1222.27
2024-09-09,STR-006,94123,SKU-104,170,1078.76
2024-09-09,STR-006,94123,SKU-105,119,428.44
2024-09-09,STR-006,94123,SKU-201,176,1143.10
2024-09-09,STR-006,94123,SKU-202,177,986.04
2024-09-09,STR-006,94123,SKU-203,221,680.17
2024-09-09,STR-006,94123,SKU-204,93,1030.65
2024-09-09,STR-006,94123,SKU-301,308,1665.36
2024-09-09,STR-006,94123,SKU-302,228,1353.83
2024-09-09,STR-006,94123,SKU-303,155,897.75
2024-09-09,STR-006,94123,SKU-304,202,1310.87
2024-09-09,STR-006,94123,SKU-401,155,1054.37
2024-09-09,STR-006,94123,SKU-402,93,614.96
2024-09-09,STR-006,94123,SKU-403,113,583.38
2024-09-09,STR-006,94123,SKU-501,28,529.12
2024-09-09,STR-006,94123,SKU-502,12,382.76
2024-09-09,STR-006,94123,SKU-503,15,321.87
2024-09-09,STR-006,94123,SKU-504,12,199.35
2024-09-09,STR-006,94123,SKU-601,135,1576.88
2024-09-09,STR-006,94123,SKU-602,113,657.60
2024-09-09,STR-006,94123,SKU-603,146,729.80
2024-09-09,STR-006,94123,SKU-604,121,548.24
2024-09-09,STR-006,94123,SKU-701,3,80.35
