MOV-0000001,STR-001,SKU-101,SALE,-32,2026-07-06T12:50:00Z
MOV-0000002,STR-001,SKU-101,SALE,-41,2026-07-07T17:13:00Z
MOV-0000003,STR-001,SKU-101,SALE,-43,2026-07-08T11:24:00Z
MOV-0000004,STR-001,SKU-101,SALE,-42,2026-07-09T18:37:00Z
MOV-0000005,STR-001,SKU-101,SALE,-49,2026-07-10T10:08:00Z
MOV-0000006,STR-001,SKU-101,SALE,-61,2026-07-11T18:22:00Z
MOV-0000007,STR-001,SKU-101,DELIVERY,328,2026-07-12T06:09:00Z
MOV-0000008,STR-001,SKU-101,SALE,-50,2026-07-12T16:12:00Z
MOV-0000009,STR-001,SKU-101,SALE,-38,2026-07-13T11:03:00Z
MOV-0000010,STR-001,SKU-101,SALE,-37,2026-07-14T14:51:00Z
MOV-0000011,STR-001,SKU-101,SALE,-51,2026-07-15T07:47:00Z
MOV-0000012,STR-001,SKU-101,SALE,-48,2026-07-16T15:04:00Z
MOV-0000013,STR-001,SKU-101,SALE,-54,2026-07-17T13:42:00Z
MOV-0000014,STR-001,SKU-101,SALE,-50,2026-07-18T09:00:00Z
MOV-0000015,STR-001,SKU-101,DELIVERY,306,2026-07-19T06:53:00Z
MOV-0000016,STR-001,SKU-101,SALE,-51,2026-07-19T12:13:00Z
MOV-0000017,STR-001,SKU-101,SALE,-29,2026-07-20T10:58:00Z
MOV-0000018,STR-001,SKU-101,SALE,-44,2026-07-21T10:36:00Z
MOV-0000019,STR-001,SKU-101,SALE,-36,2026-07-22T12:58:00Z
MOV-0000020,STR-001,SKU-101,SALE,-48,2026-07-23T14:48:00Z
MOV-0000021,STR-001,SKU-101,SALE,-44,2026-07-24T08:57:00Z
MOV-0000022,STR-001,SKU-101,SALE,-54,2026-07-25T14:42:00Z
MOV-0000023,STR-001,SKU-101,DELIVERY,297,2026-07-26T06:39:00Z
MOV-0000024,STR-001,SKU-101,SALE,-42,2026-07-26T12:11:00Z
MOV-0000025,STR-001,SKU-101,SALE,-30,2026-07-27T13:57:00Z
MOV-0000026,STR-001,SKU-101,SALE,-35,2026-07-28T16:16:00Z
MOV-0000027,STR-001,SKU-101,SALE,-46,2026-07-29T17:26:00Z
MOV-0000028,STR-001,SKU-101,SALE,-47,2026-07-30T16:32:00Z
MOV-0000029,STR-001,SKU-101,SALE,-45,2026-07-31T07:36:00Z
MOV-0000030,STR-001,SKU-101,SALE,-52,2026-08-01T12:17:00Z
MOV-0000031,STR-001,SKU-101,DELIVERY,295,2026-08-02T06:14:00Z
MOV-0000032,STR-001,SKU-101,SALE,-42,2026-08-02T13:46:00Z
MOV-0000033,STR-001,SKU-101,SALE,-40,2026-08-03T16:25:00Z
MOV-0000034,STR-001,SKU-101,SALE,-45,2026-08-04T09:49:00Z
MOV-0000035,STR-001,SKU-101,SALE,-41,2026-08-05T13:00:00Z
MOV-0000036,STR-001,SKU-101,SALE,-45,2026-08-06T11:27:00Z
MOV-0000037,STR-001,SKU-101,SALE,-37,2026-08-07T11:02:00Z
MOV-0000038,STR-001,SKU-101,SALE,-45,2026-08-08T08:08:00Z
MOV-0000039,STR-001,SKU-101,DELIVERY,270,2026-08-09T06:17:00Z
MOV-0000040,STR-001,SKU-101,SALE,-46,2026-08-09T11:20:00Z
MOV-0000041,STR-001,SKU-101,SALE,-30,2026-08-10T10:00:00Z
MOV-0000042,STR-001,SKU-101,SALE,-35,2026-08-11T14:37:00Z
MOV-0000043,STR-001,SKU-101,SALE,-30,2026-08-12T10:58:00Z
MOV-0000044,STR-001,SKU-101,SALE,-32,2026-08-13T18:33:00Z
MOV-0000045,STR-001,SKU-101,SALE,-50,2026-08-14T11:41:00Z
MOV-0000046,STR-001,SKU-101,ADJUSTMENT,2,2026-08-14T12:35:00Z
MOV-0000047,STR-001,SKU-101,SALE,-49,2026-08-15T14:52:00Z
MOV-0000048,STR-001,SKU-101,DELIVERY,298,2026-08-16T06:56:00Z
MOV-0000049,STR-001,SKU-101,SALE,-47,2026-08-16T08:38:00Z
MOV-0000050,STR-001,SKU-101,SALE,-33,2026-08-17T07:58:00Z
MOV-0000051,STR-001,SKU-101,SALE,-35,2026-08-18T08:28:00Z
MOV-0000052,STR-001,SKU-101,SALE,-33,2026-08-19T18:57:00Z
MOV-0000053,STR-001,SKU-101,SALE,-44,2026-08-20T09:05:00Z
MOV-0000054,STR-001,SKU-101,SALE,-56,2026-08-21T11:38:00Z
MOV-0000055,STR-001,SKU-101,SALE,-50,2026-08-22T07:33:00Z
MOV-0000056,STR-001,SKU-101,DELIVERY,225,2026-08-23T06:26:00Z
MOV-0000057,STR-001,SKU-101,SALE,-41,2026-08-23T09:57:00Z
MOV-0000058,STR-001,SKU-101,SALE,-27,2026-08-24T14:37:00Z
MOV-0000059,STR-001,SKU-101,SALE,-23,2026-08-25T12:18:00Z
MOV-0000060,STR-001,SKU-101,SALE,-26,2026-08-26T17:22:00Z
MOV-0000061,STR-001,SKU-101,SALE,-30,2026-08-27T07:38:00Z
MOV-0000062,STR-001,SKU-101,SALE,-39,2026-08-28T18:23:00Z
MOV-0000063,STR-001,SKU-101,SALE,-39,2026-08-29T14:48:00Z
MOV-0000064,STR-001,SKU-101,DELIVERY,83,2026-08-30T06:08:00Z
MOV-0000065,STR-001,SKU-101,SALE,-35,2026-08-30T17:01:00Z
MOV-0000066,STR-001,SKU-101,SALE,-19,2026-08-31T14:25:00Z
MOV-0000067,STR-001,SKU-101,SALE,-29,2026-09-01T12:26:00Z
MOV-0000068,STR-001,SKU-102,SALE,-28,2026-07-06T14:01:00Z
MOV-0000069,STR-001,SKU-102,SALE,-36,2026-07-07T16:15:00Z
MOV-0000070,STR-001,SKU-102,SALE,-38,2026-07-08T10:21:00Z
MOV-0000071,STR-001,SKU-102,SALE,-29,2026-07-09T07:06:00Z
MOV-0000072,STR-001,SKU-102,SALE,-40,2026-07-10T08:56:00Z
MOV-0000073,STR-001,SKU-102,DELIVERY,276,2026-07-11T06:27:00Z
MOV-0000074,STR-001,SKU-102,SALE,-49,2026-07-11T13:15:00Z
MOV-0000075,STR-001,SKU-102,SALE,-41,2026-07-12T09:05:00Z
MOV-0000076,STR-001,SKU-102,SALE,-28,2026-07-13T17:42:00Z
MOV-0000077,STR-001,SKU-102,SALE,-40,2026-07-14T15:38:00Z
MOV-0000078,STR-001,SKU-102,SALE,-35,2026-07-15T16:27:00Z
MOV-0000079,STR-001,SKU-102,SALE,-34,2026-07-16T13:56:00Z
MOV-0000080,STR-001,SKU-102,SALE,-49,2026-07-17T09:36:00Z
MOV-0000081,STR-001,SKU-102,DELIVERY,337,2026-07-18T06:08:00Z
MOV-0000082,STR-001,SKU-102,SALE,-61,2026-07-18T09:07:00Z
MOV-0000083,STR-001,SKU-102,SALE,-40,2026-07-19T17:49:00Z
MOV-0000084,STR-001,SKU-102,SALE,-36,2026-07-20T14:40:00Z
MOV-0000085,STR-001,SKU-102,SALE,-43,2026-07-21T11:05:00Z
MOV-0000086,STR-001,SKU-102,SALE,-49,2026-07-22T10:01:00Z
MOV-0000087,STR-001,SKU-102,SALE,-44,2026-07-23T07:29:00Z
MOV-0000088,STR-001,SKU-102,SALE,-64,2026-07-24T07:07:00Z
MOV-0000089,STR-001,SKU-102,DELIVERY,322,2026-07-25T06:38:00Z
MOV-0000090,STR-001,SKU-102,SALE,-63,2026-07-25T18:20:00Z
MOV-0000091,STR-001,SKU-102,SALE,-53,2026-07-26T13:18:00Z
MOV-0000092,STR-001,SKU-102,SALE,-37,2026-07-27T09:56:00Z
MOV-0000093,STR-001,SKU-102,SALE,-37,2026-07-28T07:31:00Z
MOV-0000094,STR-001,SKU-102,SALE,-43,2026-07-29T10:45:00Z
MOV-0000095,STR-001,SKU-102,SALE,-44,2026-07-30T17:35:00Z
MOV-0000096,STR-001,SKU-102,SALE,-45,2026-07-31T11:44:00Z
MOV-0000097,STR-001,SKU-102,DELIVERY,290,2026-08-01T06:32:00Z
MOV-0000098,STR-001,SKU-102,SALE,-69,2026-08-01T09:46:00Z
MOV-0000099,STR-001,SKU-102,SALE,-55,2026-08-02T17:51:00Z
MOV-0000100,STR-001,SKU-102,SALE,-32,2026-08-03T13:18:00Z
MOV-0000101,STR-001,SKU-102,SALE,-27,2026-08-04T18:19:00Z
MOV-0000102,STR-001,SKU-102,SALE,-35,2026-08-05T18:41:00Z
MOV-0000103,STR-001,SKU-102,SALE,-38,2026-08-06T14:13:00Z
MOV-0000104,STR-001,SKU-102,SALE,-34,2026-08-07T14:57:00Z
MOV-0000105,STR-001,SKU-102,DELIVERY,303,2026-08-08T06:19:00Z
MOV-0000106,STR-001,SKU-102,SALE,-49,2026-08-08T12:18:00Z
MOV-0000107,STR-001,SKU-102,SALE,-38,2026-08-09T12:28:00Z
MOV-0000108,STR-001,SKU-102,SALE,-36,2026-08-10T15:54:00Z
MOV-0000109,STR-001,SKU-102,SALE,-38,2026-08-11T07:17:00Z
MOV-0000110,STR-001,SKU-102,SALE,-39,2026-08-12T15:40:00Z
MOV-0000111,STR-001,SKU-102,SALE,-49,2026-08-13T12:52:00Z
MOV-0000112,STR-001,SKU-102,SALE,-54,2026-08-14T15:27:00Z
MOV-0000113,STR-001,SKU-102,DELIVERY,374,2026-08-15T06:50:00Z
MOV-0000114,STR-001,SKU-102,SALE,-73,2026-08-15T07:18:00Z
MOV-0000115,STR-001,SKU-102,SALE,-50,2026-08-16T16:11:00Z
MOV-0000116,STR-001,SKU-102,SALE,-42,2026-08-17T09:09:00Z
MOV-0000117,STR-001,SKU-102,SALE,-48,2026-08-18T10:28:00Z
MOV-0000118,STR-001,SKU-102,SALE,-53,2026-08-19T14:40:00Z
MOV-0000119,STR-001,SKU-102,SALE,-51,2026-08-20T12:55:00Z
MOV-0000120,STR-001,SKU-102,SALE,-57,2026-08-21T11:29:00Z
MOV-0000121,STR-001,SKU-102,DELIVERY,281,2026-08-22T06:57:00Z
MOV-0000122,STR-001,SKU-102,SALE,-51,2026-08-22T11:20:00Z
MOV-0000123,STR-001,SKU-102,SALE,-49,2026-08-23T09:10:00Z
MOV-0000124,STR-001,SKU-102,SALE,-26,2026-08-24T11:18:00Z
MOV-0000125,STR-001,SKU-102,SALE,-33,2026-08-25T12:07:00Z
MOV-0000126,STR-001,SKU-102,SALE,-38,2026-08-26T17:57:00Z
MOV-0000127,STR-001,SKU-102,SALE,-45,2026-08-27T15:31:00Z
MOV-0000128,STR-001,SKU-102,SALE,-39,2026-08-28T14:05:00Z
MOV-0000129,STR-001,SKU-102,DELIVERY,147,2026-08-29T06:50:00Z
MOV-0000130,STR-001,SKU-102,SALE,-47,2026-08-29T14:42:00Z
MOV-0000131,STR-001,SKU-102,SALE,-37,2026-08-30T14:24:00Z
MOV-0000132,STR-001,SKU-102,SALE,-31,2026-08-31T08:31:00Z
MOV-0000133,STR-001,SKU-102,SALE,-32,2026-09-01T07:45:00Z
MOV-0000134,STR-001,SKU-103,SALE,-31,2026-07-06T07:01:00Z
MOV-0000135,STR-001,SKU-103,SALE,-47,2026-07-07T09:00:00Z
MOV-0000136,STR-001,SKU-103,SALE,-51,2026-07-08T08:20:00Z
MOV-0000137,STR-001,SKU-103,SALE,-44,2026-07-09T08:20:00Z
MOV-0000138,STR-001,SKU-103,SALE,-42,2026-07-10T14:33:00Z
MOV-0000139,STR-001,SKU-103,DELIVERY,326,2026-07-11T06:20:00Z
MOV-0000140,STR-001,SKU-103,SALE,-67,2026-07-11T16:51:00Z
MOV-0000141,STR-001,SKU-103,SALE,-59,2026-07-12T12:24:00Z
MOV-0000142,STR-001,SKU-103,SALE,-30,2026-07-13T17:32:00Z
MOV-0000143,STR-001,SKU-103,SALE,-37,2026-07-14T10:08:00Z
MOV-0000144,STR-001,SKU-103,SALE,-40,2026-07-15T12:20:00Z
MOV-0000145,STR-001,SKU-103,SALE,-49,2026-07-16T12:48:00Z
MOV-0000146,STR-001,SKU-103,SALE,-44,2026-07-17T14:09:00Z
MOV-0000147,STR-001,SKU-103,DELIVERY,309,2026-07-18T06:26:00Z
MOV-0000148,STR-001,SKU-103,SALE,-56,2026-07-18T14:47:00Z
MOV-0000149,STR-001,SKU-103,SALE,-52,2026-07-19T12:55:00Z
MOV-0000150,STR-001,SKU-103,SALE,-32,2026-07-20T15:52:00Z
MOV-0000151,STR-001,SKU-103,SALE,-41,2026-07-21T15:00:00Z
MOV-0000152,STR-001,SKU-103,SALE,-44,2026-07-22T15:20:00Z
MOV-0000153,STR-001,SKU-103,SALE,-37,2026-07-23T10:46:00Z
MOV-0000154,STR-001,SKU-103,SALE,-47,2026-07-24T12:58:00Z
MOV-0000155,STR-001,SKU-103,DELIVERY,263,2026-07-25T06:12:00Z
MOV-0000156,STR-001,SKU-103,SALE,-47,2026-07-25T10:27:00Z
MOV-0000157,STR-001,SKU-103,SALE,-45,2026-07-26T08:13:00Z
MOV-0000158,STR-001,SKU-103,SALE,-30,2026-07-27T08:27:00Z
MOV-0000159,STR-001,SKU-103,SALE,-36,2026-07-28T17:48:00Z
MOV-0000160,STR-001,SKU-103,SALE,-32,2026-07-29T12:16:00Z
MOV-0000161,STR-001,SKU-103,SALE,-38,2026-07-30T15:39:00Z
MOV-0000162,STR-001,SKU-103,SALE,-35,2026-07-31T17:13:00Z
MOV-0000163,STR-001,SKU-103,DELIVERY,291,2026-08-01T06:35:00Z
MOV-0000164,STR-001,SKU-103,SALE,-41,2026-08-01T12:39:00Z
MOV-0000165,STR-001,SKU-103,SALE,-36,2026-08-02T07:22:00Z
MOV-0000166,STR-001,SKU-103,SALE,-41,2026-08-03T11:24:00Z
MOV-0000167,STR-001,SKU-103,SALE,-44,2026-08-04T08:24:00Z
MOV-0000168,STR-001,SKU-103,SALE,-46,2026-08-05T16:00:00Z
MOV-0000169,STR-001,SKU-103,SALE,-40,2026-08-06T16:40:00Z
MOV-0000170,STR-001,SKU-103,SALE,-43,2026-08-07T16:06:00Z
MOV-0000171,STR-001,SKU-103,DELIVERY,298,2026-08-08T06:21:00Z
MOV-0000172,STR-001,SKU-103,SALE,-64,2026-08-08T13:45:00Z
MOV-0000173,STR-001,SKU-103,SALE,-49,2026-08-09T14:45:00Z
MOV-0000174,STR-001,SKU-103,SALE,-34,2026-08-10T15:13:00Z
MOV-0000175,STR-001,SKU-103,SALE,-30,2026-08-11T07:33:00Z
MOV-0000176,STR-001,SKU-103,SALE,-42,2026-08-12T11:51:00Z
MOV-0000177,STR-001,SKU-103,SALE,-33,2026-08-13T10:42:00Z
MOV-0000178,STR-001,SKU-103,SALE,-46,2026-08-14T13:23:00Z
MOV-0000179,STR-001,SKU-103,DELIVERY,274,2026-08-15T06:36:00Z
MOV-0000180,STR-001,SKU-103,SALE,-45,2026-08-15T18:50:00Z
MOV-0000181,STR-001,SKU-103,SALE,-35,2026-08-16T09:21:00Z
MOV-0000182,STR-001,SKU-103,SALE,-29,2026-08-17T15:49:00Z
MOV-0000183,STR-001,SKU-103,SALE,-33,2026-08-18T13:57:00Z
MOV-0000184,STR-001,SKU-103,SALE,-39,2026-08-19T13:17:00Z
MOV-0000185,STR-001,SKU-103,SALE,-43,2026-08-20T11:35:00Z
MOV-0000186,STR-001,SKU-103,SALE,-50,2026-08-21T09:41:00Z
MOV-0000187,STR-001,SKU-103,DELIVERY,245,2026-08-22T06:24:00Z
MOV-0000188,STR-001,SKU-103,SALE,-49,2026-08-22T11:50:00Z
MOV-0000189,STR-001,SKU-103,SALE,-40,2026-08-23T17:04:00Z
MOV-0000190,STR-001,SKU-103,SALE,-27,2026-08-24T14:42:00Z
MOV-0000191,STR-001,SKU-103,SALE,-28,2026-08-25T17:21:00Z
MOV-0000192,STR-001,SKU-103,SALE,-39,2026-08-26T15:54:00Z
MOV-0000193,STR-001,SKU-103,SALE,-29,2026-08-27T09:35:00Z
MOV-0000194,STR-001,SKU-103,SALE,-33,2026-08-28T17:40:00Z
MOV-0000195,STR-001,SKU-103,DELIVERY,182,2026-08-29T06:12:00Z
MOV-0000196,STR-001,SKU-103,SALE,-50,2026-08-29T09:08:00Z
MOV-0000197,STR-001,SKU-103,SALE,-49,2026-08-30T15:07:00Z
MOV-0000198,STR-001,SKU-103,SALE,-34,2026-08-31T15:12:00Z
MOV-0000199,STR-001,SKU-103,SALE,-49,2026-09-01T11:01:00Z
MOV-0000200,STR-001,SKU-104,SALE,-21,2026-07-06T15:36:00Z
MOV-0000201,STR-001,SKU-104,SALE,-25,2026-07-07T08:57:00Z
MOV-0000202,STR-001,SKU-104,SALE,-21,2026-07-08T12:46:00Z
MOV-0000203,STR-001,SKU-104,SALE,-31,2026-07-09T13:07:00Z
MOV-0000204,STR-001,SKU-104,SALE,-32,2026-07-10T10:00:00Z
MOV-0000205,STR-001,SKU-104,SALE,-31,2026-07-11T14:48:00Z
MOV-0000206,STR-001,SKU-104,DELIVERY,209,2026-07-12T06:06:00Z
MOV-0000207,STR-001,SKU-104,SALE,-37,2026-07-12T14:24:00Z
MOV-0000208,STR-001,SKU-104,SALE,-23,2026-07-13T13:44:00Z
MOV-0000209,STR-001,SKU-104,SALE,-31,2026-07-14T13:40:00Z
MOV-0000210,STR-001,SKU-104,SALE,-27,2026-07-15T07:15:00Z
MOV-0000211,STR-001,SKU-104,SALE,-32,2026-07-16T08:58:00Z
MOV-0000212,STR-001,SKU-104,SALE,-28,2026-07-17T14:37:00Z
MOV-0000213,STR-001,SKU-104,SALE,-31,2026-07-18T10:20:00Z
MOV-0000214,STR-001,SKU-104,DELIVERY,173,2026-07-19T06:22:00Z
MOV-0000215,STR-001,SKU-104,SALE,-33,2026-07-19T09:49:00Z
MOV-0000216,STR-001,SKU-104,SALE,-21,2026-07-20T15:21:00Z
MOV-0000217,STR-001,SKU-104,SALE,-23,2026-07-21T18:36:00Z
MOV-0000218,STR-001,SKU-104,SALE,-20,2026-07-22T07:15:00Z
MOV-0000219,STR-001,SKU-104,SALE,-20,2026-07-23T16:12:00Z
MOV-0000220,STR-001,SKU-104,SALE,-23,2026-07-24T18:32:00Z
MOV-0000221,STR-001,SKU-104,SALE,-33,2026-07-25T10:27:00Z
MOV-0000222,STR-001,SKU-104,DELIVERY,148,2026-07-26T06:22:00Z
MOV-0000223,STR-001,SKU-104,SALE,-23,2026-07-26T15:43:00Z
MOV-0000224,STR-001,SKU-104,SALE,-19,2026-07-27T18:03:00Z
MOV-0000225,STR-001,SKU-104,SALE,-20,2026-07-28T11:49:00Z
MOV-0000226,STR-001,SKU-104,SALE,-22,2026-07-29T08:16:00Z
MOV-0000227,STR-001,SKU-104,SALE,-18,2026-07-30T18:17:00Z
MOV-0000228,STR-001,SKU-104,SALE,-24,2026-07-31T12:24:00Z
MOV-0000229,STR-001,SKU-104,SALE,-22,2026-08-01T14:44:00Z
MOV-0000230,STR-001,SKU-104,DELIVERY,207,2026-08-02T06:14:00Z
MOV-0000231,STR-001,SKU-104,SALE,-25,2026-08-02T16:13:00Z
MOV-0000232,STR-001,SKU-104,SALE,-27,2026-08-03T17:41:00Z
MOV-0000233,STR-001,SKU-104,SALE,-28,2026-08-04T12:40:00Z
MOV-0000234,STR-001,SKU-104,SALE,-31,2026-08-05T10:31:00Z
MOV-0000235,STR-001,SKU-104,SALE,-30,2026-08-06T10:00:00Z
MOV-0000236,STR-001,SKU-104,SALE,-30,2026-08-07T13:38:00Z
MOV-0000237,STR-001,SKU-104,SALE,-36,2026-08-08T14:05:00Z
MOV-0000238,STR-001,SKU-104,DELIVERY,213,2026-08-09T06:01:00Z
MOV-0000239,STR-001,SKU-104,SALE,-26,2026-08-09T08:29:00Z
MOV-0000240,STR-001,SKU-104,SALE,-23,2026-08-10T07:20:00Z
MOV-0000241,STR-001,SKU-104,SALE,-26,2026-08-11T14:02:00Z
MOV-0000242,STR-001,SKU-104,SALE,-31,2026-08-12T13:15:00Z
MOV-0000243,STR-001,SKU-104,SALE,-35,2026-08-13T08:32:00Z
MOV-0000244,STR-001,SKU-104,SALE,-35,2026-08-14T18:03:00Z
MOV-0000245,STR-001,SKU-104,SALE,-37,2026-08-15T08:25:00Z
MOV-0000246,STR-001,SKU-104,DELIVERY,172,2026-08-16T06:51:00Z
MOV-0000247,STR-001,SKU-104,SALE,-27,2026-08-16T16:53:00Z
MOV-0000248,STR-001,SKU-104,SALE,-21,2026-08-17T18:07:00Z
MOV-0000249,STR-001,SKU-104,SALE,-25,2026-08-18T09:50:00Z
MOV-0000250,STR-001,SKU-104,SALE,-20,2026-08-19T15:45:00Z
MOV-0000251,STR-001,SKU-104,SALE,-26,2026-08-20T14:57:00Z
MOV-0000252,STR-001,SKU-104,SALE,-28,2026-08-21T08:18:00Z
MOV-0000253,STR-001,SKU-104,SALE,-25,2026-08-22T07:57:00Z
MOV-0000254,STR-001,SKU-104,DELIVERY,167,2026-08-23T06:24:00Z
MOV-0000255,STR-001,SKU-104,SALE,-32,2026-08-23T09:25:00Z
MOV-0000256,STR-001,SKU-104,SALE,-21,2026-08-24T07:47:00Z
MOV-0000257,STR-001,SKU-104,SALE,-17,2026-08-25T09:53:00Z
MOV-0000258,STR-001,SKU-104,SALE,-24,2026-08-26T11:12:00Z
MOV-0000259,STR-001,SKU-104,SALE,-23,2026-08-27T14:43:00Z
MOV-0000260,STR-001,SKU-104,SALE,-26,2026-08-28T18:12:00Z
MOV-0000261,STR-001,SKU-104,SALE,-24,2026-08-29T09:40:00Z
MOV-0000262,STR-001,SKU-104,DELIVERY,76,2026-08-30T06:26:00Z
MOV-0000263,STR-001,SKU-104,SALE,-29,2026-08-30T10:19:00Z
MOV-0000264,STR-001,SKU-104,SALE,-26,2026-08-31T10:26:00Z
MOV-0000265,STR-001,SKU-104,SALE,-21,2026-09-01T18:33:00Z
MOV-0000266,STR-001,SKU-105,SALE,-21,2026-07-06T13:37:00Z
MOV-0000267,STR-001,SKU-105,SALE,-16,2026-07-07T17:51:00Z
MOV-0000268,STR-001,SKU-105,SALE,-22,2026-07-08T09:16:00Z
MOV-0000269,STR-001,SKU-105,SALE,-24,2026-07-09T15:38:00Z
MOV-0000270,STR-001,SKU-105,SALE,-26,2026-07-10T10:41:00Z
MOV-0000271,STR-001,SKU-105,DELIVERY,148,2026-07-11T06:11:00Z
MOV-0000272,STR-001,SKU-105,SALE,-33,2026-07-11T15:53:00Z
MOV-0000273,STR-001,SKU-105,SALE,-29,2026-07-12T10:38:00Z
MOV-0000274,STR-001,SKU-105,SALE,-16,2026-07-13T10:54:00Z
MOV-0000275,STR-001,SKU-105,SALE,-15,2026-07-14T11:24:00Z
MOV-0000276,STR-001,SKU-105,SALE,-16,2026-07-15T13:40:00Z
MOV-0000277,STR-001,SKU-105,SALE,-15,2026-07-16T10:46:00Z
MOV-0000278,STR-001,SKU-105,SALE,-24,2026-07-17T09:38:00Z
MOV-0000279,STR-001,SKU-105,DELIVERY,151,2026-07-18T06:30:00Z
MOV-0000280,STR-001,SKU-105,SALE,-21,2026-07-18T08:54:00Z
MOV-0000281,STR-001,SKU-105,SALE,-24,2026-07-19T17:46:00Z
MOV-0000282,STR-001,SKU-105,SALE,-18,2026-07-20T11:28:00Z
MOV-0000283,STR-001,SKU-105,SALE,-23,2026-07-21T13:11:00Z
MOV-0000284,STR-001,SKU-105,SALE,-20,2026-07-22T12:57:00Z
MOV-0000285,STR-001,SKU-105,SALE,-24,2026-07-23T16:42:00Z
MOV-0000286,STR-001,SKU-105,SALE,-21,2026-07-24T12:27:00Z
MOV-0000287,STR-001,SKU-105,DELIVERY,176,2026-07-25T06:04:00Z
MOV-0000288,STR-001,SKU-105,SALE,-31,2026-07-25T14:23:00Z
MOV-0000289,STR-001,SKU-105,SALE,-27,2026-07-26T12:24:00Z
MOV-0000290,STR-001,SKU-105,SALE,-23,2026-07-27T14:41:00Z
MOV-0000291,STR-001,SKU-105,SALE,-21,2026-07-28T08:52:00Z
MOV-0000292,STR-001,SKU-105,SALE,-22,2026-07-29T08:14:00Z
MOV-0000293,STR-001,SKU-105,SALE,-24,2026-07-30T12:32:00Z
MOV-0000294,STR-001,SKU-105,SALE,-28,2026-07-31T14:44:00Z
MOV-0000295,STR-001,SKU-105,DELIVERY,135,2026-08-01T06:19:00Z
MOV-0000296,STR-001,SKU-105,SALE,-27,2026-08-01T18:37:00Z
MOV-0000297,STR-001,SKU-105,SALE,-26,2026-08-02T16:10:00Z
MOV-0000298,STR-001,SKU-105,SALE,-14,2026-08-03T10:27:00Z
MOV-0000299,STR-001,SKU-105,SALE,-16,2026-08-04T16:29:00Z
MOV-0000300,STR-001,SKU-105,SALE,-14,2026-08-05T14:13:00Z
MOV-0000301,STR-001,SKU-105,SALE,-19,2026-08-06T16:39:00Z
MOV-0000302,STR-001,SKU-105,SALE,-19,2026-08-07T18:27:00Z
MOV-0000303,STR-001,SKU-105,DELIVERY,146,2026-08-08T06:22:00Z
MOV-0000304,STR-001,SKU-105,SALE,-24,2026-08-08T10:26:00Z
MOV-0000305,STR-001,SKU-105,SALE,-21,2026-08-09T18:33:00Z
MOV-0000306,STR-001,SKU-105,SALE,-16,2026-08-10T09:27:00Z
MOV-0000307,STR-001,SKU-105,SALE,-15,2026-08-11T07:16:00Z
MOV-0000308,STR-001,SKU-105,SALE,-21,2026-08-12T15:50:00Z
MOV-0000309,STR-001,SKU-105,SALE,-24,2026-08-13T18:21:00Z
MOV-0000310,STR-001,SKU-105,SALE,-25,2026-08-14T14:56:00Z
MOV-0000311,STR-001,SKU-105,DELIVERY,148,2026-08-15T06:25:00Z
MOV-0000312,STR-001,SKU-105,SALE,-26,2026-08-15T07:22:00Z
MOV-0000313,STR-001,SKU-105,SALE,-21,2026-08-16T12:05:00Z
MOV-0000314,STR-001,SKU-105,SALE,-18,2026-08-17T07:16:00Z
MOV-0000315,STR-001,SKU-105,SALE,-19,2026-08-18T07:48:00Z
MOV-0000316,STR-001,SKU-105,SALE,-23,2026-08-19T10:57:00Z
MOV-0000317,STR-001,SKU-105,SALE,-18,2026-08-20T08:41:00Z
MOV-0000318,STR-001,SKU-105,SALE,-23,2026-08-21T10:28:00Z
MOV-0000319,STR-001,SKU-105,DELIVERY,146,2026-08-22T06:26:00Z
MOV-0000320,STR-001,SKU-105,SALE,-22,2026-08-22T12:49:00Z
MOV-0000321,STR-001,SKU-105,SALE,-26,2026-08-23T18:48:00Z
MOV-0000322,STR-001,SKU-105,SALE,-16,2026-08-24T13:57:00Z
MOV-0000323,STR-001,SKU-105,SALE,-19,2026-08-25T09:01:00Z
MOV-0000324,STR-001,SKU-105,SALE,-17,2026-08-26T16:23:00Z
MOV-0000325,STR-001,SKU-105,SALE,-24,2026-08-27T13:16:00Z
MOV-0000326,STR-001,SKU-105,SALE,-22,2026-08-28T08:55:00Z
MOV-0000327,STR-001,SKU-105,DELIVERY,75,2026-08-29T06:05:00Z
MOV-0000328,STR-001,SKU-105,SALE,-21,2026-08-29T15:40:00Z
MOV-0000329,STR-001,SKU-105,SALE,-22,2026-08-30T07:20:00Z
MOV-0000330,STR-001,SKU-105,SALE,-14,2026-08-31T13:00:00Z
MOV-0000331,STR-001,SKU-105,SALE,-18,2026-09-01T14:00:00Z
MOV-0000332,STR-001,SKU-201,SALE,-35,2026-07-06T07:53:00Z
MOV-0000333,STR-001,SKU-201,SALE,-33,2026-07-07T07:20:00Z
MOV-0000334,STR-001,SKU-201,SALE,-30,2026-07-08T12:34:00Z
MOV-0000335,STR-001,SKU-201,SALE,-37,2026-07-09T09:42:00Z
MOV-0000336,STR-001,SKU-201,DELIVERY,275,2026-07-10T06:07:00Z
MOV-0000337,STR-001,SKU-201,SALE,-44,2026-07-10T16:26:00Z
MOV-0000338,STR-001,SKU-201,SALE,-50,2026-07-11T17:52:00Z
MOV-0000339,STR-001,SKU-201,SALE,-48,2026-07-12T10:24:00Z
MOV-0000340,STR-001,SKU-201,SALE,-27,2026-07-13T07:00:00Z
MOV-0000341,STR-001,SKU-201,SALE,-33,2026-07-14T15:10:00Z
MOV-0000342,STR-001,SKU-201,SALE,-34,2026-07-15T14:56:00Z
MOV-0000343,STR-001,SKU-201,SALE,-39,2026-07-16T11:36:00Z
MOV-0000344,STR-001,SKU-201,DELIVERY,237,2026-07-17T06:28:00Z
MOV-0000345,STR-001,SKU-201,SALE,-33,2026-07-17T11:07:00Z
MOV-0000346,STR-001,SKU-201,SALE,-52,2026-07-18T13:13:00Z
MOV-0000347,STR-001,SKU-201,SALE,-36,2026-07-19T15:26:00Z
MOV-0000348,STR-001,SKU-201,SALE,-23,2026-07-20T14:52:00Z
MOV-0000349,STR-001,SKU-201,SALE,-27,2026-07-21T13:14:00Z
MOV-0000350,STR-001,SKU-201,SALE,-29,2026-07-22T11:27:00Z
MOV-0000351,STR-001,SKU-201,SALE,-37,2026-07-23T13:32:00Z
MOV-0000352,STR-001,SKU-201,DELIVERY,243,2026-07-24T06:11:00Z
MOV-0000353,STR-001,SKU-201,SALE,-37,2026-07-24T13:54:00Z
MOV-0000354,STR-001,SKU-201,SALE,-50,2026-07-25T16:31:00Z
MOV-0000355,STR-001,SKU-201,SALE,-32,2026-07-26T13:48:00Z
MOV-0000356,STR-001,SKU-201,SALE,-23,2026-07-27T18:34:00Z
MOV-0000357,STR-001,SKU-201,SALE,-32,2026-07-28T14:57:00Z
MOV-0000358,STR-001,SKU-201,SALE,-33,2026-07-29T07:08:00Z
MOV-0000359,STR-001,SKU-201,SALE,-36,2026-07-30T07:53:00Z
MOV-0000360,STR-001,SKU-201,DELIVERY,226,2026-07-31T06:57:00Z
MOV-0000361,STR-001,SKU-201,SALE,-30,2026-07-31T07:28:00Z
MOV-0000362,STR-001,SKU-201,SALE,-46,2026-08-01T15:40:00Z
MOV-0000363,STR-001,SKU-201,SALE,-33,2026-08-02T17:55:00Z
MOV-0000364,STR-001,SKU-201,SALE,-24,2026-08-03T13:19:00Z
MOV-0000365,STR-001,SKU-201,SALE,-26,2026-08-04T08:46:00Z
MOV-0000366,STR-001,SKU-201,SALE,-32,2026-08-05T12:39:00Z
MOV-0000367,STR-001,SKU-201,SALE,-35,2026-08-06T13:33:00Z
MOV-0000368,STR-001,SKU-201,DELIVERY,219,2026-08-07T06:42:00Z
MOV-0000369,STR-001,SKU-201,SALE,-40,2026-08-07T16:13:00Z
MOV-0000370,STR-001,SKU-201,SALE,-39,2026-08-08T08:17:00Z
MOV-0000371,STR-001,SKU-201,SALE,-36,2026-08-09T12:46:00Z
MOV-0000372,STR-001,SKU-201,SALE,-24,2026-08-10T16:56:00Z
MOV-0000373,STR-001,SKU-201,SALE,-21,2026-08-11T07:00:00Z
MOV-0000374,STR-001,SKU-201,SALE,-32,2026-08-12T18:15:00Z
MOV-0000375,STR-001,SKU-201,SALE,-27,2026-08-13T15:01:00Z
MOV-0000376,STR-001,SKU-201,DELIVERY,218,2026-08-14T06:37:00Z
MOV-0000377,STR-001,SKU-201,SALE,-34,2026-08-14T13:44:00Z
MOV-0000378,STR-001,SKU-201,SALE,-36,2026-08-15T18:49:00Z
MOV-0000379,STR-001,SKU-201,SALE,-28,2026-08-16T17:39:00Z
MOV-0000380,STR-001,SKU-201,SALE,-22,2026-08-17T07:14:00Z
MOV-0000381,STR-001,SKU-201,SALE,-35,2026-08-18T07:01:00Z
MOV-0000382,STR-001,SKU-201,SALE,-31,2026-08-19T15:16:00Z
MOV-0000383,STR-001,SKU-201,SALE,-32,2026-08-20T14:26:00Z
MOV-0000384,STR-001,SKU-201,DELIVERY,233,2026-08-21T06:25:00Z
MOV-0000385,STR-001,SKU-201,SALE,-41,2026-08-21T14:06:00Z
MOV-0000386,STR-001,SKU-201,SALE,-35,2026-08-22T16:40:00Z
MOV-0000387,STR-001,SKU-201,SALE,-45,2026-08-23T15:13:00Z
MOV-0000388,STR-001,SKU-201,SALE,-29,2026-08-24T08:51:00Z
MOV-0000389,STR-001,SKU-201,SALE,-25,2026-08-25T12:25:00Z
MOV-0000390,STR-001,SKU-201,SALE,-27,2026-08-26T15:57:00Z
MOV-0000391,STR-001,SKU-201,SALE,-31,2026-08-27T17:26:00Z
MOV-0000392,STR-001,SKU-201,DELIVERY,171,2026-08-28T06:45:00Z
MOV-0000393,STR-001,SKU-201,SALE,-31,2026-08-28T12:48:00Z
MOV-0000394,STR-001,SKU-201,SALE,-42,2026-08-29T09:45:00Z
MOV-0000395,STR-001,SKU-201,SALE,-42,2026-08-30T07:22:00Z
MOV-0000396,STR-001,SKU-201,SALE,-26,2026-08-31T11:20:00Z
MOV-0000397,STR-001,SKU-201,SALE,-30,2026-09-01T13:43:00Z
MOV-0000398,STR-001,SKU-202,SALE,-32,2026-07-06T11:13:00Z
MOV-0000399,STR-001,SKU-202,DELIVERY,258,2026-07-07T06:40:00Z
MOV-0000400,STR-001,SKU-202,SALE,-29,2026-07-07T12:35:00Z
MOV-0000401,STR-001,SKU-202,SALE,-38,2026-07-08T17:58:00Z
MOV-0000402,STR-001,SKU-202,SALE,-39,2026-07-09T16:37:00Z
MOV-0000403,STR-001,SKU-202,SALE,-44,2026-07-10T18:39:00Z
MOV-0000404,STR-001,SKU-202,SALE,-44,2026-07-11T07:17:00Z
MOV-0000405,STR-001,SKU-202,SALE,-39,2026-07-12T15:30:00Z
MOV-0000406,STR-001,SKU-202,SALE,-25,2026-07-13T15:24:00Z
MOV-0000407,STR-001,SKU-202,DELIVERY,211,2026-07-14T06:00:00Z
MOV-0000408,STR-001,SKU-202,SALE,-24,2026-07-14T12:58:00Z
MOV-0000409,STR-001,SKU-202,SALE,-26,2026-07-15T10:36:00Z
MOV-0000410,STR-001,SKU-202,SALE,-34,2026-07-16T17:47:00Z
MOV-0000411,STR-001,SKU-202,SALE,-36,2026-07-17T15:31:00Z
MOV-0000412,STR-001,SKU-202,SALE,-33,2026-07-18T12:31:00Z
MOV-0000413,STR-001,SKU-202,SALE,-31,2026-07-19T13:51:00Z
MOV-0000414,STR-001,SKU-202,SALE,-27,2026-07-20T11:42:00Z
MOV-0000415,STR-001,SKU-202,DELIVERY,241,2026-07-21T06:50:00Z
MOV-0000416,STR-001,SKU-202,SALE,-25,2026-07-21T13:19:00Z
MOV-0000417,STR-001,SKU-202,SALE,-31,2026-07-22T13:25:00Z
MOV-0000418,STR-001,SKU-202,SALE,-38,2026-07-23T15:46:00Z
MOV-0000419,STR-001,SKU-202,SALE,-32,2026-07-24T08:39:00Z
MOV-0000420,STR-001,SKU-202,SALE,-48,2026-07-25T18:48:00Z
MOV-0000421,STR-001,SKU-202,SALE,-44,2026-07-26T17:40:00Z
MOV-0000422,STR-001,SKU-202,SALE,-23,2026-07-27T18:17:00Z
MOV-0000423,STR-001,SKU-202,DELIVERY,198,2026-07-28T06:17:00Z
MOV-0000424,STR-001,SKU-202,SALE,-28,2026-07-28T11:18:00Z
MOV-0000425,STR-001,SKU-202,SALE,-21,2026-07-29T15:58:00Z
MOV-0000426,STR-001,SKU-202,SALE,-26,2026-07-30T16:29:00Z
MOV-0000427,STR-001,SKU-202,SALE,-26,2026-07-31T17:18:00Z
MOV-0000428,STR-001,SKU-202,SALE,-37,2026-08-01T12:15:00Z
MOV-0000429,STR-001,SKU-202,SALE,-36,2026-08-02T16:07:00Z
MOV-0000430,STR-001,SKU-202,SALE,-24,2026-08-03T15:53:00Z
MOV-0000431,STR-001,SKU-202,DELIVERY,261,2026-08-04T06:21:00Z
MOV-0000432,STR-001,SKU-202,SALE,-35,2026-08-04T08:55:00Z
MOV-0000433,STR-001,SKU-202,SALE,-37,2026-08-05T10:43:00Z
MOV-0000434,STR-001,SKU-202,SALE,-40,2026-08-06T16:07:00Z
MOV-0000435,STR-001,SKU-202,SALE,-43,2026-08-07T13:20:00Z
MOV-0000436,STR-001,SKU-202,ADJUSTMENT,2,2026-08-08T12:49:00Z
MOV-0000437,STR-001,SKU-202,SALE,-39,2026-08-08T14:04:00Z
MOV-0000438,STR-001,SKU-202,SALE,-41,2026-08-09T13:04:00Z
MOV-0000439,STR-001,SKU-202,SALE,-28,2026-08-10T10:07:00Z
MOV-0000440,STR-001,SKU-202,DELIVERY,217,2026-08-11T06:17:00Z
MOV-0000441,STR-001,SKU-202,SALE,-27,2026-08-11T13:51:00Z
MOV-0000442,STR-001,SKU-202,SALE,-29,2026-08-12T09:38:00Z
MOV-0000443,STR-001,SKU-202,SALE,-31,2026-08-13T13:03:00Z
MOV-0000444,STR-001,SKU-202,SALE,-35,2026-08-14T13:00:00Z
MOV-0000445,STR-001,SKU-202,SALE,-37,2026-08-15T09:06:00Z
MOV-0000446,STR-001,SKU-202,SALE,-35,2026-08-16T14:16:00Z
MOV-0000447,STR-001,SKU-202,SALE,-23,2026-08-17T17:21:00Z
MOV-0000448,STR-001,SKU-202,DELIVERY,188,2026-08-18T06:07:00Z
MOV-0000449,STR-001,SKU-202,SALE,-26,2026-08-18T15:40:00Z
MOV-0000450,STR-001,SKU-202,SALE,-20,2026-08-19T10:53:00Z
MOV-0000451,STR-001,SKU-202,SALE,-30,2026-08-20T15:13:00Z
MOV-0000452,STR-001,SKU-202,SALE,-23,2026-08-21T12:02:00Z
MOV-0000453,STR-001,SKU-202,SALE,-36,2026-08-22T10:08:00Z
MOV-0000454,STR-001,SKU-202,SALE,-24,2026-08-23T15:41:00Z
MOV-0000455,STR-001,SKU-202,SALE,-29,2026-08-24T16:00:00Z
MOV-0000456,STR-001,SKU-202,DELIVERY,212,2026-08-25T06:58:00Z
MOV-0000457,STR-001,SKU-202,SALE,-26,2026-08-25T15:40:00Z
MOV-0000458,STR-001,SKU-202,SALE,-26,2026-08-26T08:09:00Z
MOV-0000459,STR-001,SKU-202,SALE,-26,2026-08-27T15:22:00Z
MOV-0000460,STR-001,SKU-202,SALE,-29,2026-08-28T11:43:00Z
MOV-0000461,STR-001,SKU-202,SALE,-44,2026-08-29T11:01:00Z
MOV-0000462,STR-001,SKU-202,SALE,-36,2026-08-30T16:45:00Z
MOV-0000463,STR-001,SKU-202,SALE,-25,2026-08-31T07:47:00Z
MOV-0000464,STR-001,SKU-202,DELIVERY,25,2026-09-01T06:49:00Z
MOV-0000465,STR-001,SKU-202,SALE,-25,2026-09-01T07:00:00Z
MOV-0000466,STR-001,SKU-203,SALE,-39,2026-07-06T17:19:00Z
MOV-0000467,STR-001,SKU-203,SALE,-37,2026-07-07T09:15:00Z
MOV-0000468,STR-001,SKU-203,SALE,-38,2026-07-08T18:14:00Z
MOV-0000469,STR-001,SKU-203,SALE,-57,2026-07-09T14:42:00Z
MOV-0000470,STR-001,SKU-203,SALE,-58,2026-07-10T12:21:00Z
MOV-0000471,STR-001,SKU-203,ADJUSTMENT,3,2026-07-11T12:39:00Z
MOV-0000472,STR-001,SKU-203,SALE,-59,2026-07-11T16:58:00Z
MOV-0000473,STR-001,SKU-203,DELIVERY,317,2026-07-12T06:14:00Z
MOV-0000474,STR-001,SKU-203,SALE,-54,2026-07-12T16:44:00Z
MOV-0000475,STR-001,SKU-203,SALE,-31,2026-07-13T11:14:00Z
MOV-0000476,STR-001,SKU-203,SALE,-42,2026-07-14T18:12:00Z
MOV-0000477,STR-001,SKU-203,SALE,-47,2026-07-15T12:46:00Z
MOV-0000478,STR-001,SKU-203,SALE,-39,2026-07-16T15:55:00Z
MOV-0000479,STR-001,SKU-203,SALE,-58,2026-07-17T18:32:00Z
MOV-0000480,STR-001,SKU-203,SALE,-46,2026-07-18T11:27:00Z
MOV-0000481,STR-001,SKU-203,DELIVERY,289,2026-07-19T06:14:00Z
MOV-0000482,STR-001,SKU-203,SALE,-45,2026-07-19T12:25:00Z
MOV-0000483,STR-001,SKU-203,SALE,-36,2026-07-20T07:39:00Z
MOV-0000484,STR-001,SKU-203,SALE,-44,2026-07-21T10:31:00Z
MOV-0000485,STR-001,SKU-203,SALE,-36,2026-07-22T12:47:00Z
MOV-0000486,STR-001,SKU-203,SALE,-39,2026-07-23T12:15:00Z
MOV-0000487,STR-001,SKU-203,SALE,-43,2026-07-24T18:32:00Z
MOV-0000488,STR-001,SKU-203,SALE,-46,2026-07-25T09:40:00Z
MOV-0000489,STR-001,SKU-203,DELIVERY,335,2026-07-26T06:15:00Z
MOV-0000490,STR-001,SKU-203,SALE,-53,2026-07-26T15:04:00Z
MOV-0000491,STR-001,SKU-203,SALE,-34,2026-07-27T09:20:00Z
MOV-0000492,STR-001,SKU-203,SALE,-38,2026-07-28T12:21:00Z
MOV-0000493,STR-001,SKU-203,SALE,-48,2026-07-29T15:46:00Z
MOV-0000494,STR-001,SKU-203,SALE,-43,2026-07-30T17:56:00Z
MOV-0000495,STR-001,SKU-203,SALE,-59,2026-07-31T18:05:00Z
MOV-0000496,STR-001,SKU-203,SALE,-60,2026-08-01T16:44:00Z
MOV-0000497,STR-001,SKU-203,DELIVERY,370,2026-08-02T06:18:00Z
MOV-0000498,STR-001,SKU-203,SALE,-61,2026-08-02T18:29:00Z
MOV-0000499,STR-001,SKU-203,SALE,-37,2026-08-03T15:07:00Z
MOV-0000500,STR-001,SKU-203,SALE,-57,2026-08-04T17:46:00Z
MOV-0000501,STR-001,SKU-203,SALE,-55,2026-08-05T11:38:00Z
MOV-0000502,STR-001,SKU-203,SALE,-46,2026-08-06T16:32:00Z
MOV-0000503,STR-001,SKU-203,SALE,-50,2026-08-07T13:45:00Z
MOV-0000504,STR-001,SKU-203,SALE,-64,2026-08-08T07:26:00Z
MOV-0000505,STR-001,SKU-203,DELIVERY,363,2026-08-09T06:55:00Z
MOV-0000506,STR-001,SKU-203,SALE,-60,2026-08-09T12:03:00Z
MOV-0000507,STR-001,SKU-203,SALE,-38,2026-08-10T12:43:00Z
MOV-0000508,STR-001,SKU-203,SALE,-50,2026-08-11T07:15:00Z
MOV-0000509,STR-001,SKU-203,SALE,-46,2026-08-12T07:54:00Z
MOV-0000510,STR-001,SKU-203,SALE,-55,2026-08-13T12:12:00Z
MOV-0000511,STR-001,SKU-203,SALE,-53,2026-08-14T11:50:00Z
MOV-0000512,STR-001,SKU-203,SALE,-61,2026-08-15T18:04:00Z
MOV-0000513,STR-001,SKU-203,DELIVERY,334,2026-08-16T06:57:00Z
MOV-0000514,STR-001,SKU-203,SALE,-60,2026-08-16T13:32:00Z
MOV-0000515,STR-001,SKU-203,SALE,-35,2026-08-17T16:24:00Z
MOV-0000516,STR-001,SKU-203,SALE,-41,2026-08-18T07:39:00Z
MOV-0000517,STR-001,SKU-203,SALE,-40,2026-08-19T18:31:00Z
MOV-0000518,STR-001,SKU-203,SALE,-47,2026-08-20T16:27:00Z
MOV-0000519,STR-001,SKU-203,SALE,-60,2026-08-21T14:13:00Z
MOV-0000520,STR-001,SKU-203,SALE,-51,2026-08-22T16:55:00Z
MOV-0000521,STR-001,SKU-203,DELIVERY,357,2026-08-23T06:12:00Z
MOV-0000522,STR-001,SKU-203,SALE,-58,2026-08-23T15:49:00Z
MOV-0000523,STR-001,SKU-203,SALE,-37,2026-08-24T09:09:00Z
MOV-0000524,STR-001,SKU-203,SALE,-38,2026-08-25T10:28:00Z
MOV-0000525,STR-001,SKU-203,SALE,-57,2026-08-26T18:28:00Z
MOV-0000526,STR-001,SKU-203,SALE,-53,2026-08-27T17:07:00Z
MOV-0000527,STR-001,SKU-203,SALE,-50,2026-08-28T13:09:00Z
MOV-0000528,STR-001,SKU-203,SALE,-64,2026-08-29T12:50:00Z
MOV-0000529,STR-001,SKU-203,DELIVERY,125,2026-08-30T06:23:00Z
MOV-0000530,STR-001,SKU-203,SALE,-53,2026-08-30T08:52:00Z
MOV-0000531,STR-001,SKU-203,SALE,-28,2026-08-31T12:54:00Z
MOV-0000532,STR-001,SKU-203,SALE,-44,2026-09-01T10:40:00Z
MOV-0000533,STR-001,SKU-204,SALE,-14,2026-07-06T07:04:00Z
MOV-0000534,STR-001,SKU-204,SALE,-16,2026-07-07T13:41:00Z
MOV-0000535,STR-001,SKU-204,SALE,-17,2026-07-08T16:16:00Z
MOV-0000536,STR-001,SKU-204,SALE,-18,2026-07-09T10:58:00Z
MOV-0000537,STR-001,SKU-204,SALE,-17,2026-07-10T15:28:00Z
MOV-0000538,STR-001,SKU-204,SALE,-21,2026-07-11T11:02:00Z
MOV-0000539,STR-001,SKU-204,DELIVERY,129,2026-07-12T06:01:00Z
MOV-0000540,STR-001,SKU-204,SALE,-21,2026-07-12T12:33:00Z
MOV-0000541,STR-001,SKU-204,SALE,-16,2026-07-13T16:44:00Z
MOV-0000542,STR-001,SKU-204,SALE,-15,2026-07-14T11:35:00Z
MOV-0000543,STR-001,SKU-204,SALE,-15,2026-07-15T13:11:00Z
MOV-0000544,STR-001,SKU-204,SALE,-19,2026-07-16T15:20:00Z
MOV-0000545,STR-001,SKU-204,SALE,-20,2026-07-17T07:05:00Z
MOV-0000546,STR-001,SKU-204,SALE,-23,2026-07-18T11:56:00Z
MOV-0000547,STR-001,SKU-204,DELIVERY,131,2026-07-19T06:24:00Z
MOV-0000548,STR-001,SKU-204,SALE,-21,2026-07-19T18:56:00Z
MOV-0000549,STR-001,SKU-204,SALE,-13,2026-07-20T08:16:00Z
MOV-0000550,STR-001,SKU-204,SALE,-18,2026-07-21T08:20:00Z
MOV-0000551,STR-001,SKU-204,SALE,-16,2026-07-22T09:40:00Z
MOV-0000552,STR-001,SKU-204,SALE,-17,2026-07-23T07:15:00Z
MOV-0000553,STR-001,SKU-204,SALE,-19,2026-07-24T16:05:00Z
MOV-0000554,STR-001,SKU-204,SALE,-27,2026-07-25T09:02:00Z
MOV-0000555,STR-001,SKU-204,DELIVERY,138,2026-07-26T06:17:00Z
MOV-0000556,STR-001,SKU-204,SALE,-24,2026-07-26T18:21:00Z
MOV-0000557,STR-001,SKU-204,SALE,-18,2026-07-27T15:57:00Z
MOV-0000558,STR-001,SKU-204,SALE,-16,2026-07-28T12:10:00Z
MOV-0000559,STR-001,SKU-204,SALE,-19,2026-07-29T15:09:00Z
MOV-0000560,STR-001,SKU-204,SALE,-19,2026-07-30T14:27:00Z
MOV-0000561,STR-001,SKU-204,SALE,-23,2026-07-31T18:39:00Z
MOV-0000562,STR-001,SKU-204,SALE,-19,2026-08-01T15:41:00Z
MOV-0000563,STR-001,SKU-204,DELIVERY,101,2026-08-02T06:02:00Z
MOV-0000564,STR-001,SKU-204,SALE,-23,2026-08-02T12:12:00Z
MOV-0000565,STR-001,SKU-204,SALE,-13,2026-08-03T11:38:00Z
MOV-0000566,STR-001,SKU-204,SALE,-10,2026-08-04T13:26:00Z
MOV-0000567,STR-001,SKU-204,SALE,-11,2026-08-05T14:23:00Z
MOV-0000568,STR-001,SKU-204,SALE,-12,2026-08-06T13:31:00Z
MOV-0000569,STR-001,SKU-204,SALE,-16,2026-08-07T18:05:00Z
MOV-0000570,STR-001,SKU-204,SALE,-16,2026-08-08T12:23:00Z
MOV-0000571,STR-001,SKU-204,DELIVERY,95,2026-08-09T06:06:00Z
MOV-0000572,STR-001,SKU-204,SALE,-16,2026-08-09T12:01:00Z
MOV-0000573,STR-001,SKU-204,SALE,-11,2026-08-10T09:20:00Z
MOV-0000574,STR-001,SKU-204,SALE,-10,2026-08-11T11:38:00Z
MOV-0000575,STR-001,SKU-204,SALE,-13,2026-08-12T08:46:00Z
MOV-0000576,STR-001,SKU-204,SALE,-15,2026-08-13T16:07:00Z
MOV-0000577,STR-001,SKU-204,SALE,-16,2026-08-14T08:08:00Z
MOV-0000578,STR-001,SKU-204,SALE,-14,2026-08-15T11:48:00Z
MOV-0000579,STR-001,SKU-204,DELIVERY,110,2026-08-16T06:25:00Z
MOV-0000580,STR-001,SKU-204,SALE,-16,2026-08-16T10:53:00Z
MOV-0000581,STR-001,SKU-204,SALE,-14,2026-08-17T14:15:00Z
MOV-0000582,STR-001,SKU-204,SALE,-12,2026-08-18T08:23:00Z
MOV-0000583,STR-001,SKU-204,SALE,-15,2026-08-19T16:55:00Z
MOV-0000584,STR-001,SKU-204,SALE,-17,2026-08-20T08:02:00Z
MOV-0000585,STR-001,SKU-204,SALE,-16,2026-08-21T18:22:00Z
MOV-0000586,STR-001,SKU-204,SALE,-20,2026-08-22T17:39:00Z
MOV-0000587,STR-001,SKU-204,DELIVERY,117,2026-08-23T06:31:00Z
MOV-0000588,STR-001,SKU-204,SALE,-19,2026-08-23T17:48:00Z
MOV-0000589,STR-001,SKU-204,SALE,-12,2026-08-24T07:02:00Z
MOV-0000590,STR-001,SKU-204,SALE,-13,2026-08-25T15:29:00Z
MOV-0000591,STR-001,SKU-204,SALE,-16,2026-08-26T18:44:00Z
MOV-0000592,STR-001,SKU-204,SALE,-20,2026-08-27T07:54:00Z
MOV-0000593,STR-001,SKU-204,SALE,-18,2026-08-28T11:27:00Z
MOV-0000594,STR-001,SKU-204,SALE,-19,2026-08-29T11:49:00Z
MOV-0000595,STR-001,SKU-204,DELIVERY,55,2026-08-30T06:48:00Z
MOV-0000596,STR-001,SKU-204,SALE,-23,2026-08-30T17:31:00Z
MOV-0000597,STR-001,SKU-204,SALE,-17,2026-08-31T10:56:00Z
MOV-0000598,STR-001,SKU-204,SALE,-15,2026-09-01T15:38:00Z
MOV-0000599,STR-001,SKU-301,SALE,-32,2026-07-06T13:33:00Z
MOV-0000600,STR-001,SKU-301,SALE,-33,2026-07-07T07:47:00Z
MOV-0000601,STR-001,SKU-301,SALE,-35,2026-07-08T12:32:00Z
MOV-0000602,STR-001,SKU-301,DELIVERY,297,2026-07-09T06:58:00Z
MOV-0000603,STR-001,SKU-301,SALE,-33,2026-07-09T08:49:00Z
MOV-0000604,STR-001,SKU-301,SALE,-42,2026-07-10T15:58:00Z
MOV-0000605,STR-001,SKU-301,SALE,-54,2026-07-11T07:34:00Z
MOV-0000606,STR-001,SKU-301,SALE,-46,2026-07-12T07:14:00Z
MOV-0000607,STR-001,SKU-301,SALE,-45,2026-07-13T16:34:00Z
MOV-0000608,STR-001,SKU-301,SALE,-38,2026-07-14T17:16:00Z
MOV-0000609,STR-001,SKU-301,SALE,-39,2026-07-15T08:18:00Z
MOV-0000610,STR-001,SKU-301,DELIVERY,332,2026-07-16T06:35:00Z
MOV-0000611,STR-001,SKU-301,SALE,-58,2026-07-16T10:02:00Z
MOV-0000612,STR-001,SKU-301,SALE,-66,2026-07-17T12:09:00Z
MOV-0000613,STR-001,SKU-301,SALE,-50,2026-07-18T17:56:00Z
MOV-0000614,STR-001,SKU-301,SALE,-53,2026-07-19T14:57:00Z
MOV-0000615,STR-001,SKU-301,SALE,-35,2026-07-20T13:48:00Z
MOV-0000616,STR-001,SKU-301,SALE,-34,2026-07-21T07:14:00Z
MOV-0000617,STR-001,SKU-301,SALE,-36,2026-07-22T15:01:00Z
MOV-0000618,STR-001,SKU-301,DELIVERY,302,2026-07-23T06:07:00Z
MOV-0000619,STR-001,SKU-301,SALE,-43,2026-07-23T17:18:00Z
MOV-0000620,STR-001,SKU-301,SALE,-41,2026-07-24T14:07:00Z
MOV-0000621,STR-001,SKU-301,SALE,-61,2026-07-25T09:45:00Z
MOV-0000622,STR-001,SKU-301,SALE,-54,2026-07-26T14:41:00Z
MOV-0000623,STR-001,SKU-301,SALE,-34,2026-07-27T13:37:00Z
MOV-0000624,STR-001,SKU-301,SALE,-36,2026-07-28T09:14:00Z
MOV-0000625,STR-001,SKU-301,SALE,-33,2026-07-29T15:44:00Z
MOV-0000626,STR-001,SKU-301,DELIVERY,311,2026-07-30T06:25:00Z
MOV-0000627,STR-001,SKU-301,SALE,-48,2026-07-30T12:52:00Z
MOV-0000628,STR-001,SKU-301,SALE,-41,2026-07-31T14:02:00Z
MOV-0000629,STR-001,SKU-301,SALE,-59,2026-08-01T12:46:00Z
MOV-0000630,STR-001,SKU-301,SALE,-53,2026-08-02T10:14:00Z
MOV-0000631,STR-001,SKU-301,ADJUSTMENT,-3,2026-08-02T12:44:00Z
MOV-0000632,STR-001,SKU-301,SALE,-30,2026-08-03T09:52:00Z
MOV-0000633,STR-001,SKU-301,SALE,-40,2026-08-04T17:26:00Z
MOV-0000634,STR-001,SKU-301,SALE,-37,2026-08-05T16:09:00Z
MOV-0000635,STR-001,SKU-301,DELIVERY,347,2026-08-06T06:20:00Z
MOV-0000636,STR-001,SKU-301,SALE,-47,2026-08-06T09:21:00Z
MOV-0000637,STR-001,SKU-301,SALE,-46,2026-08-07T16:47:00Z
MOV-0000638,STR-001,SKU-301,SALE,-42,2026-08-08T12:29:00Z
MOV-0000639,STR-001,SKU-301,SALE,-52,2026-08-09T12:21:00Z
MOV-0000640,STR-001,SKU-301,SALE,-54,2026-08-10T18:54:00Z
MOV-0000641,STR-001,SKU-301,SALE,-55,2026-08-11T08:54:00Z
MOV-0000642,STR-001,SKU-301,SALE,-51,2026-08-12T16:35:00Z
MOV-0000643,STR-001,SKU-301,DELIVERY,362,2026-08-13T06:54:00Z
MOV-0000644,STR-001,SKU-301,SALE,-50,2026-08-13T17:31:00Z
MOV-0000645,STR-001,SKU-301,SALE,-72,2026-08-14T15:41:00Z
MOV-0000646,STR-001,SKU-301,SALE,-76,2026-08-15T07:39:00Z
MOV-0000647,STR-001,SKU-301,SALE,-56,2026-08-16T16:55:00Z
MOV-0000648,STR-001,SKU-301,SALE,-33,2026-08-17T14:49:00Z
MOV-0000649,STR-001,SKU-301,SALE,-40,2026-08-18T13:06:00Z
MOV-0000650,STR-001,SKU-301,SALE,-35,2026-08-19T10:16:00Z
MOV-0000651,STR-001,SKU-301,DELIVERY,340,2026-08-20T06:10:00Z
MOV-0000652,STR-001,SKU-301,SALE,-38,2026-08-20T09:37:00Z
MOV-0000653,STR-001,SKU-301,SALE,-38,2026-08-21T18:32:00Z
MOV-0000654,STR-001,SKU-301,SALE,-51,2026-08-22T14:11:00Z
MOV-0000655,STR-001,SKU-301,SALE,-57,2026-08-23T10:48:00Z
MOV-0000656,STR-001,SKU-301,SALE,-48,2026-08-24T17:41:00Z
MOV-0000657,STR-001,SKU-301,SALE,-53,2026-08-25T07:10:00Z
MOV-0000658,STR-001,SKU-301,SALE,-55,2026-08-26T08:13:00Z
MOV-0000659,STR-001,SKU-301,DELIVERY,310,2026-08-27T06:01:00Z
MOV-0000660,STR-001,SKU-301,SALE,-44,2026-08-27T11:28:00Z
MOV-0000661,STR-001,SKU-301,SALE,-58,2026-08-28T12:08:00Z
MOV-0000662,STR-001,SKU-301,SALE,-76,2026-08-29T10:17:00Z
MOV-0000663,STR-001,SKU-301,SALE,-57,2026-08-30T16:43:00Z
MOV-0000664,STR-001,SKU-301,SALE,-38,2026-08-31T16:35:00Z
MOV-0000665,STR-001,SKU-301,SALE,-37,2026-09-01T11:06:00Z
MOV-0000666,STR-001,SKU-302,SALE,-21,2026-07-06T16:39:00Z
MOV-0000667,STR-001,SKU-302,SALE,-29,2026-07-07T17:08:00Z
MOV-0000668,STR-001,SKU-302,SALE,-25,2026-07-08T17:02:00Z
MOV-0000669,STR-001,SKU-302,DELIVERY,231,2026-07-09T06:07:00Z
MOV-0000670,STR-001,SKU-302,SALE,-33,2026-07-09T08:36:00Z
MOV-0000671,STR-001,SKU-302,SALE,-32,2026-07-10T08:35:00Z
MOV-0000672,STR-001,SKU-302,SALE,-32,2026-07-11T18:44:00Z
MOV-0000673,STR-001,SKU-302,SALE,-36,2026-07-12T15:34:00Z
MOV-0000674,STR-001,SKU-302,SALE,-26,2026-07-13T10:08:00Z
MOV-0000675,STR-001,SKU-302,SALE,-32,2026-07-14T15:55:00Z
MOV-0000676,STR-001,SKU-302,SALE,-40,2026-07-15T15:28:00Z
MOV-0000677,STR-001,SKU-302,DELIVERY,232,2026-07-16T06:24:00Z
MOV-0000678,STR-001,SKU-302,SALE,-33,2026-07-16T07:38:00Z
MOV-0000679,STR-001,SKU-302,SALE,-39,2026-07-17T18:12:00Z
MOV-0000680,STR-001,SKU-302,ADJUSTMENT,4,2026-07-18T12:42:00Z
MOV-0000681,STR-001,SKU-302,SALE,-42,2026-07-18T14:28:00Z
MOV-0000682,STR-001,SKU-302,SALE,-43,2026-07-19T07:16:00Z
MOV-0000683,STR-001,SKU-302,SALE,-26,2026-07-20T08:00:00Z
MOV-0000684,STR-001,SKU-302,SALE,-24,2026-07-21T15:41:00Z
MOV-0000685,STR-001,SKU-302,SALE,-29,2026-07-22T07:31:00Z
MOV-0000686,STR-001,SKU-302,DELIVERY,229,2026-07-23T06:27:00Z
MOV-0000687,STR-001,SKU-302,SALE,-37,2026-07-23T18:32:00Z
MOV-0000688,STR-001,SKU-302,SALE,-34,2026-07-24T16:42:00Z
MOV-0000689,STR-001,SKU-302,SALE,-36,2026-07-25T15:01:00Z
MOV-0000690,STR-001,SKU-302,SALE,-30,2026-07-26T16:40:00Z
MOV-0000691,STR-001,SKU-302,ADJUSTMENT,2,2026-07-27T12:56:00Z
MOV-0000692,STR-001,SKU-302,SALE,-31,2026-07-27T14:10:00Z
MOV-0000693,STR-001,SKU-302,SALE,-36,2026-07-28T18:20:00Z
MOV-0000694,STR-001,SKU-302,SALE,-27,2026-07-29T10:36:00Z
MOV-0000695,STR-001,SKU-302,DELIVERY,258,2026-07-30T06:44:00Z
MOV-0000696,STR-001,SKU-302,SALE,-31,2026-07-30T13:32:00Z
MOV-0000697,STR-001,SKU-302,SALE,-41,2026-07-31T07:13:00Z
MOV-0000698,STR-001,SKU-302,SALE,-42,2026-08-01T10:53:00Z
MOV-0000699,STR-001,SKU-302,SALE,-36,2026-08-02T14:04:00Z
MOV-0000700,STR-001,SKU-302,SALE,-34,2026-08-03T12:29:00Z
MOV-0000701,STR-001,SKU-302,SALE,-36,2026-08-04T14:54:00Z
MOV-0000702,STR-001,SKU-302,SALE,-38,2026-08-05T15:54:00Z
MOV-0000703,STR-001,SKU-302,DELIVERY,264,2026-08-06T06:45:00Z
MOV-0000704,STR-001,SKU-302,SALE,-42,2026-08-06T10:58:00Z
MOV-0000705,STR-001,SKU-302,SALE,-39,2026-08-07T13:29:00Z
MOV-0000706,STR-001,SKU-302,SALE,-52,2026-08-08T12:16:00Z
MOV-0000707,STR-001,SKU-302,SALE,-45,2026-08-09T14:12:00Z
MOV-0000708,STR-001,SKU-302,SALE,-30,2026-08-10T11:08:00Z
MOV-0000709,STR-001,SKU-302,SALE,-25,2026-08-11T08:03:00Z
MOV-0000710,STR-001,SKU-302,SALE,-31,2026-08-12T09:31:00Z
MOV-0000711,STR-001,SKU-302,DELIVERY,280,2026-08-13T06:13:00Z
MOV-0000712,STR-001,SKU-302,SALE,-37,2026-08-13T15:56:00Z
MOV-0000713,STR-001,SKU-302,SALE,-37,2026-08-14T08:43:00Z
MOV-0000714,STR-001,SKU-302,SALE,-49,2026-08-15T11:15:00Z
MOV-0000715,STR-001,SKU-302,SALE,-42,2026-08-16T15:22:00Z
MOV-0000716,STR-001,SKU-302,SALE,-37,2026-08-17T11:02:00Z
MOV-0000717,STR-001,SKU-302,SALE,-36,2026-08-18T17:15:00Z
MOV-0000718,STR-001,SKU-302,SALE,-42,2026-08-19T17:13:00Z
MOV-0000719,STR-001,SKU-302,DELIVERY,251,2026-08-20T06:32:00Z
MOV-0000720,STR-001,SKU-302,SALE,-45,2026-08-20T07:08:00Z
MOV-0000721,STR-001,SKU-302,SALE,-36,2026-08-21T17:32:00Z
MOV-0000722,STR-001,SKU-302,SALE,-49,2026-08-22T08:44:00Z
MOV-0000723,STR-001,SKU-302,SALE,-45,2026-08-23T11:49:00Z
MOV-0000724,STR-001,SKU-302,SALE,-24,2026-08-24T15:25:00Z
MOV-0000725,STR-001,SKU-302,SALE,-23,2026-08-25T07:13:00Z
MOV-0000726,STR-001,SKU-302,SALE,-29,2026-08-26T10:58:00Z
MOV-0000727,STR-001,SKU-302,DELIVERY,200,2026-08-27T06:20:00Z
MOV-0000728,STR-001,SKU-302,SALE,-30,2026-08-27T13:14:00Z
MOV-0000729,STR-001,SKU-302,SALE,-34,2026-08-28T14:14:00Z
MOV-0000730,STR-001,SKU-302,SALE,-36,2026-08-29T07:38:00Z
MOV-0000731,STR-001,SKU-302,SALE,-37,2026-08-30T17:45:00Z
MOV-0000732,STR-001,SKU-302,SALE,-29,2026-08-31T08:13:00Z
MOV-0000733,STR-001,SKU-302,SALE,-34,2026-09-01T07:03:00Z
MOV-0000734,STR-001,SKU-303,SALE,-24,2026-07-06T09:30:00Z
MOV-0000735,STR-001,SKU-303,SALE,-31,2026-07-07T18:04:00Z
MOV-0000736,STR-001,SKU-303,SALE,-34,2026-07-08T14:12:00Z
MOV-0000737,STR-001,SKU-303,DELIVERY,224,2026-07-09T06:08:00Z
MOV-0000738,STR-001,SKU-303,SALE,-34,2026-07-09T17:36:00Z
MOV-0000739,STR-001,SKU-303,SALE,-31,2026-07-10T14:34:00Z
MOV-0000740,STR-001,SKU-303,SALE,-33,2026-07-11T07:08:00Z
MOV-0000741,STR-001,SKU-303,SALE,-36,2026-07-12T07:56:00Z
MOV-0000742,STR-001,SKU-303,SALE,-29,2026-07-13T16:12:00Z
MOV-0000743,STR-001,SKU-303,SALE,-26,2026-07-14T15:50:00Z
MOV-0000744,STR-001,SKU-303,SALE,-35,2026-07-15T18:31:00Z
MOV-0000745,STR-001,SKU-303,DELIVERY,231,2026-07-16T06:33:00Z
MOV-0000746,STR-001,SKU-303,SALE,-37,2026-07-16T12:53:00Z
MOV-0000747,STR-001,SKU-303,SALE,-32,2026-07-17T14:49:00Z
MOV-0000748,STR-001,SKU-303,SALE,-43,2026-07-18T07:44:00Z
MOV-0000749,STR-001,SKU-303,SALE,-30,2026-07-19T16:53:00Z
MOV-0000750,STR-001,SKU-303,SALE,-25,2026-07-20T08:47:00Z
MOV-0000751,STR-001,SKU-303,SALE,-28,2026-07-21T18:26:00Z
MOV-0000752,STR-001,SKU-303,SALE,-36,2026-07-22T09:13:00Z
MOV-0000753,STR-001,SKU-303,DELIVERY,263,2026-07-23T06:28:00Z
MOV-0000754,STR-001,SKU-303,SALE,-35,2026-07-23T11:39:00Z
MOV-0000755,STR-001,SKU-303,SALE,-40,2026-07-24T08:50:00Z
MOV-0000756,STR-001,SKU-303,ADJUSTMENT,-1,2026-07-24T12:35:00Z
MOV-0000757,STR-001,SKU-303,SALE,-38,2026-07-25T10:19:00Z
MOV-0000758,STR-001,SKU-303,SALE,-44,2026-07-26T15:44:00Z
MOV-0000759,STR-001,SKU-303,SALE,-28,2026-07-27T15:31:00Z
MOV-0000760,STR-001,SKU-303,SALE,-37,2026-07-28T14:01:00Z
MOV-0000761,STR-001,SKU-303,SALE,-40,2026-07-29T07:00:00Z
MOV-0000762,STR-001,SKU-303,DELIVERY,220,2026-07-30T06:15:00Z
MOV-0000763,STR-001,SKU-303,SALE,-33,2026-07-30T10:21:00Z
MOV-0000764,STR-001,SKU-303,SALE,-39,2026-07-31T18:37:00Z
MOV-0000765,STR-001,SKU-303,SALE,-38,2026-08-01T17:06:00Z
MOV-0000766,STR-001,SKU-303,SALE,-44,2026-08-02T18:09:00Z
MOV-0000767,STR-001,SKU-303,SALE,-18,2026-08-03T08:12:00Z
MOV-0000768,STR-001,SKU-303,SALE,-22,2026-08-04T13:49:00Z
MOV-0000769,STR-001,SKU-303,SALE,-26,2026-08-05T13:07:00Z
MOV-0000770,STR-001,SKU-303,DELIVERY,208,2026-08-06T06:46:00Z
MOV-0000771,STR-001,SKU-303,SALE,-23,2026-08-06T16:23:00Z
MOV-0000772,STR-001,SKU-303,SALE,-27,2026-08-07T17:28:00Z
MOV-0000773,STR-001,SKU-303,SALE,-38,2026-08-08T17:52:00Z
MOV-0000774,STR-001,SKU-303,SALE,-36,2026-08-09T16:06:00Z
MOV-0000775,STR-001,SKU-303,SALE,-24,2026-08-10T13:47:00Z
MOV-0000776,STR-001,SKU-303,SALE,-30,2026-08-11T07:13:00Z
MOV-0000777,STR-001,SKU-303,SALE,-30,2026-08-12T17:08:00Z
MOV-0000778,STR-001,SKU-303,DELIVERY,236,2026-08-13T06:15:00Z
MOV-0000779,STR-001,SKU-303,SALE,-33,2026-08-13T16:17:00Z
MOV-0000780,STR-001,SKU-303,SALE,-39,2026-08-14T14:48:00Z
MOV-0000781,STR-001,SKU-303,SALE,-45,2026-08-15T13:58:00Z
MOV-0000782,STR-001,SKU-303,SALE,-40,2026-08-16T12:03:00Z
MOV-0000783,STR-001,SKU-303,SALE,-22,2026-08-17T14:05:00Z
MOV-0000784,STR-001,SKU-303,SALE,-28,2026-08-18T16:39:00Z
MOV-0000785,STR-001,SKU-303,SALE,-29,2026-08-19T08:22:00Z
MOV-0000786,STR-001,SKU-303,DELIVERY,219,2026-08-20T06:22:00Z
MOV-0000787,STR-001,SKU-303,SALE,-30,2026-08-20T08:09:00Z
MOV-0000788,STR-001,SKU-303,SALE,-30,2026-08-21T13:15:00Z
MOV-0000789,STR-001,SKU-303,SALE,-30,2026-08-22T14:32:00Z
MOV-0000790,STR-001,SKU-303,SALE,-33,2026-08-23T07:58:00Z
MOV-0000791,STR-001,SKU-303,SALE,-33,2026-08-24T11:39:00Z
MOV-0000792,STR-001,SKU-303,SALE,-26,2026-08-25T11:54:00Z
MOV-0000793,STR-001,SKU-303,SALE,-37,2026-08-26T09:49:00Z
MOV-0000794,STR-001,SKU-303,DELIVERY,208,2026-08-27T06:01:00Z
MOV-0000795,STR-001,SKU-303,SALE,-34,2026-08-27T11:58:00Z
MOV-0000796,STR-001,SKU-303,SALE,-45,2026-08-28T17:26:00Z
MOV-0000797,STR-001,SKU-303,SALE,-40,2026-08-29T11:17:00Z
MOV-0000798,STR-001,SKU-303,SALE,-45,2026-08-30T11:54:00Z
MOV-0000799,STR-001,SKU-303,SALE,-21,2026-08-31T18:35:00Z
MOV-0000800,STR-001,SKU-303,SALE,-23,2026-09-01T11:44:00Z
MOV-0000801,STR-001,SKU-304,SALE,-39,2026-07-06T16:07:00Z
MOV-0000802,STR-001,SKU-304,DELIVERY,290,2026-07-07T06:20:00Z
MOV-0000803,STR-001,SKU-304,SALE,-33,2026-07-07T11:35:00Z
MOV-0000804,STR-001,SKU-304,SALE,-47,2026-07-08T16:45:00Z
MOV-0000805,STR-001,SKU-304,SALE,-38,2026-07-09T09:35:00Z
MOV-0000806,STR-001,SKU-304,SALE,-48,2026-07-10T17:26:00Z
MOV-0000807,STR-001,SKU-304,SALE,-47,2026-07-11T16:11:00Z
MOV-0000808,STR-001,SKU-304,SALE,-48,2026-07-12T07:14:00Z
MOV-0000809,STR-001,SKU-304,SALE,-29,2026-07-13T11:09:00Z
MOV-0000810,STR-001,SKU-304,DELIVERY,244,2026-07-14T06:49:00Z
MOV-0000811,STR-001,SKU-304,SALE,-30,2026-07-14T12:30:00Z
MOV-0000812,STR-001,SKU-304,SALE,-26,2026-07-15T08:18:00Z
MOV-0000813,STR-001,SKU-304,SALE,-28,2026-07-16T17:03:00Z
MOV-0000814,STR-001,SKU-304,SALE,-40,2026-07-17T16:14:00Z
MOV-0000815,STR-001,SKU-304,SALE,-47,2026-07-18T13:10:00Z
MOV-0000816,STR-001,SKU-304,SALE,-42,2026-07-19T08:23:00Z
MOV-0000817,STR-001,SKU-304,SALE,-31,2026-07-20T15:45:00Z
MOV-0000818,STR-001,SKU-304,DELIVERY,274,2026-07-21T06:39:00Z
MOV-0000819,STR-001,SKU-304,SALE,-39,2026-07-21T11:42:00Z
MOV-0000820,STR-001,SKU-304,SALE,-39,2026-07-22T12:37:00Z
MOV-0000821,STR-001,SKU-304,SALE,-34,2026-07-23T18:33:00Z
MOV-0000822,STR-001,SKU-304,SALE,-47,2026-07-24T10:02:00Z
MOV-0000823,STR-001,SKU-304,SALE,-40,2026-07-25T08:56:00Z
MOV-0000824,STR-001,SKU-304,SALE,-46,2026-07-26T07:49:00Z
MOV-0000825,STR-001,SKU-304,SALE,-29,2026-07-27T09:41:00Z
MOV-0000826,STR-001,SKU-304,DELIVERY,257,2026-07-28T06:37:00Z
MOV-0000827,STR-001,SKU-304,SALE,-32,2026-07-28T13:11:00Z
MOV-0000828,STR-001,SKU-304,SALE,-31,2026-07-29T11:02:00Z
MOV-0000829,STR-001,SKU-304,SALE,-41,2026-07-30T07:21:00Z
MOV-0000830,STR-001,SKU-304,SALE,-46,2026-07-31T18:18:00Z
MOV-0000831,STR-001,SKU-304,SALE,-36,2026-08-01T07:49:00Z
MOV-0000832,STR-001,SKU-304,SALE,-37,2026-08-02T09:52:00Z
MOV-0000833,STR-001,SKU-304,SALE,-34,2026-08-03T09:25:00Z
MOV-0000834,STR-001,SKU-304,DELIVERY,259,2026-08-04T06:22:00Z
MOV-0000835,STR-001,SKU-304,SALE,-37,2026-08-04T07:37:00Z
MOV-0000836,STR-001,SKU-304,SALE,-29,2026-08-05T18:50:00Z
MOV-0000837,STR-001,SKU-304,SALE,-30,2026-08-06T18:06:00Z
MOV-0000838,STR-001,SKU-304,SALE,-41,2026-08-07T11:53:00Z
MOV-0000839,STR-001,SKU-304,SALE,-41,2026-08-08T10:26:00Z
MOV-0000840,STR-001,SKU-304,SALE,-44,2026-08-09T09:22:00Z
MOV-0000841,STR-001,SKU-304,SALE,-37,2026-08-10T09:55:00Z
MOV-0000842,STR-001,SKU-304,DELIVERY,357,2026-08-11T06:17:00Z
MOV-0000843,STR-001,SKU-304,SALE,-41,2026-08-11T09:13:00Z
MOV-0000844,STR-001,SKU-304,SALE,-42,2026-08-12T18:02:00Z
MOV-0000845,STR-001,SKU-304,SALE,-44,2026-08-13T12:41:00Z
MOV-0000846,STR-001,SKU-304,SALE,-51,2026-08-14T11:29:00Z
MOV-0000847,STR-001,SKU-304,SALE,-72,2026-08-15T18:22:00Z
MOV-0000848,STR-001,SKU-304,SALE,-65,2026-08-16T16:58:00Z
MOV-0000849,STR-001,SKU-304,SALE,-42,2026-08-17T13:11:00Z
MOV-0000850,STR-001,SKU-304,DELIVERY,344,2026-08-18T06:24:00Z
MOV-0000851,STR-001,SKU-304,SALE,-43,2026-08-18T11:39:00Z
MOV-0000852,STR-001,SKU-304,SALE,-55,2026-08-19T09:12:00Z
MOV-0000853,STR-001,SKU-304,SALE,-58,2026-08-20T17:29:00Z
MOV-0000854,STR-001,SKU-304,SALE,-58,2026-08-21T18:28:00Z
MOV-0000855,STR-001,SKU-304,SALE,-53,2026-08-22T08:58:00Z
MOV-0000856,STR-001,SKU-304,SALE,-51,2026-08-23T15:39:00Z
MOV-0000857,STR-001,SKU-304,SALE,-26,2026-08-24T07:19:00Z
MOV-0000858,STR-001,SKU-304,DELIVERY,255,2026-08-25T06:01:00Z
MOV-0000859,STR-001,SKU-304,SALE,-36,2026-08-25T12:40:00Z
MOV-0000860,STR-001,SKU-304,SALE,-33,2026-08-26T14:05:00Z
MOV-0000861,STR-001,SKU-304,SALE,-35,2026-08-27T08:20:00Z
MOV-0000862,STR-001,SKU-304,SALE,-34,2026-08-28T14:27:00Z
MOV-0000863,STR-001,SKU-304,SALE,-40,2026-08-29T11:50:00Z
MOV-0000864,STR-001,SKU-304,SALE,-39,2026-08-30T10:43:00Z
MOV-0000865,STR-001,SKU-304,SALE,-38,2026-08-31T12:51:00Z
MOV-0000866,STR-001,SKU-304,DELIVERY,50,2026-09-01T06:34:00Z
MOV-0000867,STR-001,SKU-304,SALE,-50,2026-09-01T17:01:00Z
MOV-0000868,STR-001,SKU-401,DELIVERY,203,2026-07-06T06:38:00Z
MOV-0000869,STR-001,SKU-401,SALE,-24,2026-07-06T15:27:00Z
MOV-0000870,STR-001,SKU-401,SALE,-27,2026-07-07T13:10:00Z
MOV-0000871,STR-001,SKU-401,SALE,-27,2026-07-08T18:43:00Z
MOV-0000872,STR-001,SKU-401,SALE,-31,2026-07-09T13:54:00Z
MOV-0000873,STR-001,SKU-401,SALE,-28,2026-07-10T16:52:00Z
MOV-0000874,STR-001,SKU-401,SALE,-36,2026-07-11T11:37:00Z
MOV-0000875,STR-001,SKU-401,SALE,-30,2026-07-12T13:08:00Z
MOV-0000876,STR-001,SKU-401,DELIVERY,186,2026-07-13T06:04:00Z
MOV-0000877,STR-001,SKU-401,SALE,-18,2026-07-13T13:45:00Z
MOV-0000878,STR-001,SKU-401,SALE,-25,2026-07-14T15:15:00Z
MOV-0000879,STR-001,SKU-401,SALE,-23,2026-07-15T15:10:00Z
MOV-0000880,STR-001,SKU-401,SALE,-21,2026-07-16T18:12:00Z
MOV-0000881,STR-001,SKU-401,SALE,-31,2026-07-17T10:34:00Z
MOV-0000882,STR-001,SKU-401,SALE,-35,2026-07-18T18:26:00Z
MOV-0000883,STR-001,SKU-401,SALE,-33,2026-07-19T07:54:00Z
MOV-0000884,STR-001,SKU-401,DELIVERY,236,2026-07-20T06:49:00Z
MOV-0000885,STR-001,SKU-401,SALE,-25,2026-07-20T17:22:00Z
MOV-0000886,STR-001,SKU-401,SALE,-36,2026-07-21T07:46:00Z
MOV-0000887,STR-001,SKU-401,SALE,-32,2026-07-22T08:40:00Z
MOV-0000888,STR-001,SKU-401,SALE,-29,2026-07-23T10:13:00Z
MOV-0000889,STR-001,SKU-401,SALE,-36,2026-07-24T17:12:00Z
MOV-0000890,STR-001,SKU-401,SALE,-35,2026-07-25T16:55:00Z
MOV-0000891,STR-001,SKU-401,SALE,-43,2026-07-26T07:14:00Z
MOV-0000892,STR-001,SKU-401,DELIVERY,187,2026-07-27T06:35:00Z
MOV-0000893,STR-001,SKU-401,SALE,-17,2026-07-27T09:17:00Z
MOV-0000894,STR-001,SKU-401,SALE,-23,2026-07-28T11:51:00Z
MOV-0000895,STR-001,SKU-401,SALE,-27,2026-07-29T13:22:00Z
MOV-0000896,STR-001,SKU-401,SALE,-29,2026-07-30T07:13:00Z
MOV-0000897,STR-001,SKU-401,SALE,-33,2026-07-31T09:38:00Z
MOV-0000898,STR-001,SKU-401,SALE,-33,2026-08-01T15:54:00Z
MOV-0000899,STR-001,SKU-401,SALE,-25,2026-08-02T09:25:00Z
MOV-0000900,STR-001,SKU-401,DELIVERY,230,2026-08-03T06:36:00Z
MOV-0000901,STR-001,SKU-401,SALE,-24,2026-08-03T12:48:00Z
MOV-0000902,STR-001,SKU-401,SALE,-27,2026-08-04T11:14:00Z
MOV-0000903,STR-001,SKU-401,SALE,-29,2026-08-05T08:43:00Z
MOV-0000904,STR-001,SKU-401,SALE,-37,2026-08-06T16:11:00Z
MOV-0000905,STR-001,SKU-401,SALE,-37,2026-08-07T13:39:00Z
MOV-0000906,STR-001,SKU-401,SALE,-33,2026-08-08T12:31:00Z
MOV-0000907,STR-001,SKU-401,SALE,-43,2026-08-09T14:33:00Z
MOV-0000908,STR-001,SKU-401,DELIVERY,214,2026-08-10T06:42:00Z
MOV-0000909,STR-001,SKU-401,SALE,-25,2026-08-10T14:18:00Z
MOV-0000910,STR-001,SKU-401,SALE,-32,2026-08-11T17:55:00Z
MOV-0000911,STR-001,SKU-401,SALE,-25,2026-08-12T10:40:00Z
MOV-0000912,STR-001,SKU-401,SALE,-35,2026-08-13T10:29:00Z
MOV-0000913,STR-001,SKU-401,SALE,-29,2026-08-14T13:38:00Z
MOV-0000914,STR-001,SKU-401,SALE,-37,2026-08-15T16:24:00Z
MOV-0000915,STR-001,SKU-401,SALE,-31,2026-08-16T09:35:00Z
MOV-0000916,STR-001,SKU-401,DELIVERY,190,2026-08-17T06:44:00Z
MOV-0000917,STR-001,SKU-401,SALE,-25,2026-08-17T17:01:00Z
MOV-0000918,STR-001,SKU-401,SALE,-21,2026-08-18T16:25:00Z
MOV-0000919,STR-001,SKU-401,SALE,-23,2026-08-19T13:21:00Z
MOV-0000920,STR-001,SKU-401,SALE,-32,2026-08-20T11:15:00Z
MOV-0000921,STR-001,SKU-401,SALE,-27,2026-08-21T13:46:00Z
MOV-0000922,STR-001,SKU-401,SALE,-35,2026-08-22T17:23:00Z
MOV-0000923,STR-001,SKU-401,SALE,-27,2026-08-23T13:06:00Z
MOV-0000924,STR-001,SKU-401,DELIVERY,216,2026-08-24T06:11:00Z
MOV-0000925,STR-001,SKU-401,SALE,-21,2026-08-24T16:52:00Z
MOV-0000926,STR-001,SKU-401,SALE,-27,2026-08-25T17:15:00Z
MOV-0000927,STR-001,SKU-401,SALE,-33,2026-08-26T17:50:00Z
MOV-0000928,STR-001,SKU-401,SALE,-34,2026-08-27T18:57:00Z
MOV-0000929,STR-001,SKU-401,SALE,-28,2026-08-28T17:02:00Z
MOV-0000930,STR-001,SKU-401,SALE,-41,2026-08-29T08:18:00Z
MOV-0000931,STR-001,SKU-401,SALE,-32,2026-08-30T16:20:00Z
MOV-0000932,STR-001,SKU-401,DELIVERY,43,2026-08-31T06:48:00Z
MOV-0000933,STR-001,SKU-401,SALE,-21,2026-08-31T08:44:00Z
MOV-0000934,STR-001,SKU-401,SALE,-22,2026-09-01T16:03:00Z
MOV-0000935,STR-001,SKU-402,SALE,-19,2026-07-06T07:50:00Z
MOV-0000936,STR-001,SKU-402,ADJUSTMENT,4,2026-07-06T12:01:00Z
MOV-0000937,STR-001,SKU-402,SALE,-18,2026-07-07T18:36:00Z
MOV-0000938,STR-001,SKU-402,DELIVERY,143,2026-07-08T06:01:00Z
MOV-0000939,STR-001,SKU-402,SALE,-16,2026-07-08T10:33:00Z
MOV-0000940,STR-001,SKU-402,SALE,-18,2026-07-09T13:39:00Z
MOV-0000941,STR-001,SKU-402,SALE,-27,2026-07-10T09:46:00Z
MOV-0000942,STR-001,SKU-402,SALE,-29,2026-07-11T15:09:00Z
MOV-0000943,STR-001,SKU-402,SALE,-21,2026-07-12T11:04:00Z
MOV-0000944,STR-001,SKU-402,SALE,-15,2026-07-13T15:16:00Z
MOV-0000945,STR-001,SKU-402,SALE,-17,2026-07-14T12:19:00Z
MOV-0000946,STR-001,SKU-402,DELIVERY,123,2026-07-15T06:07:00Z
MOV-0000947,STR-001,SKU-402,SALE,-18,2026-07-15T09:43:00Z
MOV-0000948,STR-001,SKU-402,SALE,-15,2026-07-16T09:11:00Z
MOV-0000949,STR-001,SKU-402,SALE,-20,2026-07-17T13:12:00Z
MOV-0000950,STR-001,SKU-402,SALE,-23,2026-07-18T16:22:00Z
MOV-0000951,STR-001,SKU-402,SALE,-19,2026-07-19T12:42:00Z
MOV-0000952,STR-001,SKU-402,SALE,-12,2026-07-20T11:48:00Z
MOV-0000953,STR-001,SKU-402,SALE,-16,2026-07-21T09:02:00Z
MOV-0000954,STR-001,SKU-402,DELIVERY,129,2026-07-22T06:01:00Z
MOV-0000955,STR-001,SKU-402,SALE,-15,2026-07-22T18:27:00Z
MOV-0000956,STR-001,SKU-402,SALE,-20,2026-07-23T12:39:00Z
MOV-0000957,STR-001,SKU-402,SALE,-22,2026-07-24T16:52:00Z
MOV-0000958,STR-001,SKU-402,SALE,-27,2026-07-25T11:42:00Z
MOV-0000959,STR-001,SKU-402,SALE,-17,2026-07-26T09:02:00Z
MOV-0000960,STR-001,SKU-402,SALE,-14,2026-07-27T12:07:00Z
MOV-0000961,STR-001,SKU-402,SALE,-14,2026-07-28T16:33:00Z
MOV-0000962,STR-001,SKU-402,DELIVERY,129,2026-07-29T06:34:00Z
MOV-0000963,STR-001,SKU-402,SALE,-17,2026-07-29T14:19:00Z
MOV-0000964,STR-001,SKU-402,SALE,-18,2026-07-30T08:12:00Z
MOV-0000965,STR-001,SKU-402,SALE,-19,2026-07-31T17:54:00Z
MOV-0000966,STR-001,SKU-402,SALE,-22,2026-08-01T17:03:00Z
MOV-0000967,STR-001,SKU-402,SALE,-20,2026-08-02T08:01:00Z
MOV-0000968,STR-001,SKU-402,SALE,-17,2026-08-03T10:25:00Z
MOV-0000969,STR-001,SKU-402,SALE,-16,2026-08-04T08:47:00Z
MOV-0000970,STR-001,SKU-402,DELIVERY,133,2026-08-05T06:31:00Z
MOV-0000971,STR-001,SKU-402,SALE,-20,2026-08-05T11:25:00Z
MOV-0000972,STR-001,SKU-402,SALE,-19,2026-08-06T17:43:00Z
MOV-0000973,STR-001,SKU-402,SALE,-19,2026-08-07T12:32:00Z
MOV-0000974,STR-001,SKU-402,SALE,-20,2026-08-08T14:34:00Z
MOV-0000975,STR-001,SKU-402,SALE,-23,2026-08-09T17:57:00Z
MOV-0000976,STR-001,SKU-402,SALE,-17,2026-08-10T11:43:00Z
MOV-0000977,STR-001,SKU-402,SALE,-15,2026-08-11T07:53:00Z
MOV-0000978,STR-001,SKU-402,DELIVERY,137,2026-08-12T06:49:00Z
MOV-0000979,STR-001,SKU-402,SALE,-21,2026-08-12T10:19:00Z
MOV-0000980,STR-001,SKU-402,SALE,-22,2026-08-13T08:27:00Z
MOV-0000981,STR-001,SKU-402,SALE,-19,2026-08-14T17:12:00Z
MOV-0000982,STR-001,SKU-402,SALE,-21,2026-08-15T15:01:00Z
MOV-0000983,STR-001,SKU-402,SALE,-23,2026-08-16T15:55:00Z
MOV-0000984,STR-001,SKU-402,SALE,-15,2026-08-17T10:40:00Z
MOV-0000985,STR-001,SKU-402,SALE,-16,2026-08-18T13:48:00Z
MOV-0000986,STR-001,SKU-402,DELIVERY,134,2026-08-19T06:00:00Z
MOV-0000987,STR-001,SKU-402,SALE,-15,2026-08-19T13:18:00Z
MOV-0000988,STR-001,SKU-402,SALE,-18,2026-08-20T10:13:00Z
MOV-0000989,STR-001,SKU-402,SALE,-19,2026-08-21T18:11:00Z
MOV-0000990,STR-001,SKU-402,SALE,-22,2026-08-22T15:09:00Z
MOV-0000991,STR-001,SKU-402,SALE,-24,2026-08-23T16:02:00Z
MOV-0000992,STR-001,SKU-402,SALE,-16,2026-08-24T17:57:00Z
MOV-0000993,STR-001,SKU-402,SALE,-20,2026-08-25T09:43:00Z
MOV-0000994,STR-001,SKU-402,DELIVERY,145,2026-08-26T06:38:00Z
MOV-0000995,STR-001,SKU-402,SALE,-19,2026-08-26T12:01:00Z
MOV-0000996,STR-001,SKU-402,SALE,-21,2026-08-27T18:39:00Z
MOV-0000997,STR-001,SKU-402,SALE,-20,2026-08-28T08:26:00Z
MOV-0000998,STR-001,SKU-402,SALE,-23,2026-08-29T15:28:00Z
MOV-0000999,STR-001,SKU-402,SALE,-24,2026-08-30T17:37:00Z
MOV-0001000,STR-001,SKU-402,SALE,-18,2026-08-31T13:10:00Z
MOV-0001001,STR-001,SKU-402,SALE,-20,2026-09-01T15:30:00Z
MOV-0001002,STR-001,SKU-403,SALE,-22,2026-07-06T17:21:00Z
MOV-0001003,STR-001,SKU-403,DELIVERY,179,2026-07-07T06:27:00Z
MOV-0001004,STR-001,SKU-403,SALE,-22,2026-07-07T15:23:00Z
MOV-0001005,STR-001,SKU-403,SALE,-28,2026-07-08T14:37:00Z
MOV-0001006,STR-001,SKU-403,SALE,-26,2026-07-09T08:21:00Z
MOV-0001007,STR-001,SKU-403,SALE,-24,2026-07-10T07:57:00Z
MOV-0001008,STR-001,SKU-403,SALE,-31,2026-07-11T14:46:00Z
MOV-0001009,STR-001,SKU-403,SALE,-30,2026-07-12T08:28:00Z
MOV-0001010,STR-001,SKU-403,SALE,-18,2026-07-13T07:56:00Z
MOV-0001011,STR-001,SKU-403,DELIVERY,164,2026-07-14T06:39:00Z
MOV-0001012,STR-001,SKU-403,SALE,-16,2026-07-14T11:12:00Z
MOV-0001013,STR-001,SKU-403,SALE,-22,2026-07-15T07:27:00Z
MOV-0001014,STR-001,SKU-403,SALE,-20,2026-07-16T16:05:00Z
MOV-0001015,STR-001,SKU-403,SALE,-26,2026-07-17T14:25:00Z
MOV-0001016,STR-001,SKU-403,SALE,-32,2026-07-18T08:24:00Z
MOV-0001017,STR-001,SKU-403,SALE,-26,2026-07-19T15:55:00Z
MOV-0001018,STR-001,SKU-403,SALE,-22,2026-07-20T11:17:00Z
MOV-0001019,STR-001,SKU-403,DELIVERY,158,2026-07-21T06:14:00Z
MOV-0001020,STR-001,SKU-403,SALE,-20,2026-07-21T13:36:00Z
MOV-0001021,STR-001,SKU-403,SALE,-19,2026-07-22T09:28:00Z
MOV-0001022,STR-001,SKU-403,SALE,-20,2026-07-23T16:18:00Z
MOV-0001023,STR-001,SKU-403,SALE,-22,2026-07-24T18:55:00Z
MOV-0001024,STR-001,SKU-403,SALE,-30,2026-07-25T12:38:00Z
MOV-0001025,STR-001,SKU-403,SALE,-29,2026-07-26T13:08:00Z
MOV-0001026,STR-001,SKU-403,SALE,-18,2026-07-27T09:53:00Z
MOV-0001027,STR-001,SKU-403,DELIVERY,170,2026-07-28T06:19:00Z
MOV-0001028,STR-001,SKU-403,SALE,-21,2026-07-28T08:37:00Z
MOV-0001029,STR-001,SKU-403,SALE,-29,2026-07-29T16:53:00Z
MOV-0001030,STR-001,SKU-403,SALE,-21,2026-07-30T16:00:00Z
MOV-0001031,STR-001,SKU-403,SALE,-25,2026-07-31T17:03:00Z
MOV-0001032,STR-001,SKU-403,SALE,-30,2026-08-01T12:29:00Z
MOV-0001033,STR-001,SKU-403,SALE,-27,2026-08-02T08:06:00Z
MOV-0001034,STR-001,SKU-403,SALE,-17,2026-08-03T18:11:00Z
MOV-0001035,STR-001,SKU-403,DELIVERY,178,2026-08-04T06:04:00Z
MOV-0001036,STR-001,SKU-403,SALE,-25,2026-08-04T16:11:00Z
MOV-0001037,STR-001,SKU-403,SALE,-26,2026-08-05T10:37:00Z
MOV-0001038,STR-001,SKU-403,SALE,-20,2026-08-06T08:41:00Z
MOV-0001039,STR-001,SKU-403,SALE,-29,2026-08-07T13:42:00Z
MOV-0001040,STR-001,SKU-403,SALE,-31,2026-08-08T07:28:00Z
MOV-0001041,STR-001,SKU-403,SALE,-33,2026-08-09T12:25:00Z
MOV-0001042,STR-001,SKU-403,SALE,-14,2026-08-10T14:00:00Z
MOV-0001043,STR-001,SKU-403,DELIVERY,150,2026-08-11T06:50:00Z
MOV-0001044,STR-001,SKU-403,SALE,-17,2026-08-11T14:46:00Z
MOV-0001045,STR-001,SKU-403,SALE,-21,2026-08-12T12:52:00Z
MOV-0001046,STR-001,SKU-403,SALE,-18,2026-08-13T13:28:00Z
MOV-0001047,STR-001,SKU-403,SALE,-20,2026-08-14T17:02:00Z
MOV-0001048,STR-001,SKU-403,SALE,-26,2026-08-15T07:14:00Z
MOV-0001049,STR-001,SKU-403,SALE,-23,2026-08-16T09:30:00Z
MOV-0001050,STR-001,SKU-403,SALE,-25,2026-08-17T16:31:00Z
MOV-0001051,STR-001,SKU-403,DELIVERY,188,2026-08-18T06:58:00Z
MOV-0001052,STR-001,SKU-403,SALE,-23,2026-08-18T15:01:00Z
MOV-0001053,STR-001,SKU-403,SALE,-31,2026-08-19T18:16:00Z
MOV-0001054,STR-001,SKU-403,SALE,-23,2026-08-20T14:39:00Z
MOV-0001055,STR-001,SKU-403,SALE,-27,2026-08-21T09:05:00Z
MOV-0001056,STR-001,SKU-403,SALE,-29,2026-08-22T15:17:00Z
MOV-0001057,STR-001,SKU-403,SALE,-32,2026-08-23T10:20:00Z
MOV-0001058,STR-001,SKU-403,SALE,-23,2026-08-24T13:38:00Z
MOV-0001059,STR-001,SKU-403,DELIVERY,170,2026-08-25T06:35:00Z
MOV-0001060,STR-001,SKU-403,SALE,-25,2026-08-25T10:17:00Z
MOV-0001061,STR-001,SKU-403,SALE,-28,2026-08-26T14:13:00Z
MOV-0001062,STR-001,SKU-403,SALE,-23,2026-08-27T09:58:00Z
MOV-0001063,STR-001,SKU-403,SALE,-24,2026-08-28T10:35:00Z
MOV-0001064,STR-001,SKU-403,SALE,-27,2026-08-29T14:32:00Z
MOV-0001065,STR-001,SKU-403,SALE,-30,2026-08-30T11:31:00Z
MOV-0001066,STR-001,SKU-403,SALE,-13,2026-08-31T14:14:00Z
MOV-0001067,STR-001,SKU-403,DELIVERY,17,2026-09-01T06:46:00Z
MOV-0001068,STR-001,SKU-403,SALE,-17,2026-09-01T08:00:00Z
MOV-0001069,STR-001,SKU-501,SALE,-3,2026-07-06T17:55:00Z
MOV-0001070,STR-001,SKU-501,DELIVERY,33,2026-07-07T06:28:00Z
MOV-0001071,STR-001,SKU-501,SALE,-5,2026-07-07T10:15:00Z
MOV-0001072,STR-001,SKU-501,SALE,-5,2026-07-08T15:26:00Z
MOV-0001073,STR-001,SKU-501,SALE,-5,2026-07-09T15:48:00Z
MOV-0001074,STR-001,SKU-501,SALE,-5,2026-07-10T07:06:00Z
MOV-0001075,STR-001,SKU-501,SALE,-5,2026-07-11T16:27:00Z
MOV-0001076,STR-001,SKU-501,SALE,-5,2026-07-12T12:44:00Z
MOV-0001077,STR-001,SKU-501,SALE,-3,2026-07-13T11:48:00Z
MOV-0001078,STR-001,SKU-501,DELIVERY,29,2026-07-14T06:57:00Z
MOV-0001079,STR-001,SKU-501,SALE,-3,2026-07-14T13:46:00Z
MOV-0001080,STR-001,SKU-501,SALE,-4,2026-07-15T08:52:00Z
MOV-0001081,STR-001,SKU-501,SALE,-4,2026-07-16T12:23:00Z
MOV-0001082,STR-001,SKU-501,SALE,-4,2026-07-17T17:34:00Z
MOV-0001083,STR-001,SKU-501,SALE,-5,2026-07-18T10:16:00Z
MOV-0001084,STR-001,SKU-501,SALE,-5,2026-07-19T11:24:00Z
MOV-0001085,STR-001,SKU-501,SALE,-4,2026-07-20T11:05:00Z
MOV-0001086,STR-001,SKU-501,DELIVERY,36,2026-07-21T06:20:00Z
MOV-0001087,STR-001,SKU-501,SALE,-5,2026-07-21T15:57:00Z
MOV-0001088,STR-001,SKU-501,SALE,-4,2026-07-22T17:00:00Z
MOV-0001089,STR-001,SKU-501,SALE,-5,2026-07-23T07:35:00Z
MOV-0001090,STR-001,SKU-501,SALE,-6,2026-07-24T07:47:00Z
MOV-0001091,STR-001,SKU-501,SALE,-7,2026-07-25T12:38:00Z
MOV-0001092,STR-001,SKU-501,SALE,-6,2026-07-26T18:43:00Z
MOV-0001093,STR-001,SKU-501,SALE,-3,2026-07-27T17:13:00Z
MOV-0001094,STR-001,SKU-501,DELIVERY,27,2026-07-28T06:33:00Z
MOV-0001095,STR-001,SKU-501,SALE,-4,2026-07-28T18:19:00Z
MOV-0001096,STR-001,SKU-501,SALE,-4,2026-07-29T18:47:00Z
MOV-0001097,STR-001,SKU-501,SALE,-4,2026-07-30T09:57:00Z
MOV-0001098,STR-001,SKU-501,SALE,-4,2026-07-31T13:38:00Z
MOV-0001099,STR-001,SKU-501,SALE,-4,2026-08-01T17:28:00Z
MOV-0001100,STR-001,SKU-501,SALE,-4,2026-08-02T18:26:00Z
MOV-0001101,STR-001,SKU-501,SALE,-3,2026-08-03T18:05:00Z
MOV-0001102,STR-001,SKU-501,DELIVERY,29,2026-08-04T06:56:00Z
MOV-0001103,STR-001,SKU-501,SALE,-3,2026-08-04T11:40:00Z
MOV-0001104,STR-001,SKU-501,SALE,-4,2026-08-05T07:25:00Z
MOV-0001105,STR-001,SKU-501,SALE,-4,2026-08-06T17:57:00Z
MOV-0001106,STR-001,SKU-501,SALE,-4,2026-08-07T17:45:00Z
MOV-0001107,STR-001,SKU-501,SALE,-6,2026-08-08T17:46:00Z
MOV-0001108,STR-001,SKU-501,SALE,-5,2026-08-09T16:01:00Z
MOV-0001109,STR-001,SKU-501,SALE,-3,2026-08-10T18:25:00Z
MOV-0001110,STR-001,SKU-501,DELIVERY,30,2026-08-11T06:30:00Z
MOV-0001111,STR-001,SKU-501,SALE,-3,2026-08-11T16:53:00Z
MOV-0001112,STR-001,SKU-501,SALE,-4,2026-08-12T15:45:00Z
MOV-0001113,STR-001,SKU-501,SALE,-4,2026-08-13T11:06:00Z
MOV-0001114,STR-001,SKU-501,SALE,-4,2026-08-14T07:47:00Z
MOV-0001115,STR-001,SKU-501,SALE,-6,2026-08-15T11:26:00Z
MOV-0001116,STR-001,SKU-501,SALE,-5,2026-08-16T16:28:00Z
MOV-0001117,STR-001,SKU-501,SALE,-4,2026-08-17T09:02:00Z
MOV-0001118,STR-001,SKU-501,DELIVERY,33,2026-08-18T06:29:00Z
MOV-0001119,STR-001,SKU-501,SALE,-4,2026-08-18T09:48:00Z
MOV-0001120,STR-001,SKU-501,SALE,-4,2026-08-19T15:27:00Z
MOV-0001121,STR-001,SKU-501,SALE,-5,2026-08-20T12:22:00Z
MOV-0001122,STR-001,SKU-501,SALE,-5,2026-08-21T11:03:00Z
MOV-0001123,STR-001,SKU-501,SALE,-7,2026-08-22T13:29:00Z
MOV-0001124,STR-001,SKU-501,SALE,-5,2026-08-23T16:54:00Z
MOV-0001125,STR-001,SKU-501,SALE,-3,2026-08-24T09:06:00Z
MOV-0001126,STR-001,SKU-501,DELIVERY,31,2026-08-25T06:14:00Z
MOV-0001127,STR-001,SKU-501,SALE,-5,2026-08-25T16:23:00Z
MOV-0001128,STR-001,SKU-501,SALE,-4,2026-08-26T10:36:00Z
MOV-0001129,STR-001,SKU-501,SALE,-4,2026-08-27T17:06:00Z
MOV-0001130,STR-001,SKU-501,SALE,-6,2026-08-28T11:48:00Z
MOV-0001131,STR-001,SKU-501,SALE,-5,2026-08-29T18:49:00Z
MOV-0001132,STR-001,SKU-501,SALE,-4,2026-08-30T18:23:00Z
MOV-0001133,STR-001,SKU-501,SALE,-3,2026-08-31T18:16:00Z
MOV-0001134,STR-001,SKU-501,DELIVERY,4,2026-09-01T06:19:00Z
MOV-0001135,STR-001,SKU-501,SALE,-4,2026-09-01T15:30:00Z
MOV-0001136,STR-001,SKU-502,SALE,-2,2026-07-06T07:55:00Z
MOV-0001137,STR-001,SKU-502,SALE,-2,2026-07-07T08:53:00Z
MOV-0001138,STR-001,SKU-502,SALE,-2,2026-07-08T17:05:00Z
MOV-0001139,STR-001,SKU-502,SALE,-1,2026-07-09T18:06:00Z
MOV-0001140,STR-001,SKU-502,DELIVERY,14,2026-07-10T06:43:00Z
MOV-0001141,STR-001,SKU-502,SALE,-2,2026-07-10T08:01:00Z
MOV-0001142,STR-001,SKU-502,SALE,-3,2026-07-11T13:20:00Z
MOV-0001143,STR-001,SKU-502,SALE,-2,2026-07-12T16:57:00Z
MOV-0001144,STR-001,SKU-502,SALE,-2,2026-07-13T09:07:00Z
MOV-0001145,STR-001,SKU-502,SALE,-1,2026-07-14T13:10:00Z
MOV-0001146,STR-001,SKU-502,SALE,-2,2026-07-15T09:46:00Z
MOV-0001147,STR-001,SKU-502,SALE,-2,2026-07-16T08:32:00Z
MOV-0001148,STR-001,SKU-502,DELIVERY,18,2026-07-17T06:25:00Z
MOV-0001149,STR-001,SKU-502,SALE,-2,2026-07-17T14:21:00Z
MOV-0001150,STR-001,SKU-502,SALE,-2,2026-07-18T09:35:00Z
MOV-0001151,STR-001,SKU-502,SALE,-3,2026-07-19T09:31:00Z
MOV-0001152,STR-001,SKU-502,SALE,-2,2026-07-20T11:57:00Z
MOV-0001153,STR-001,SKU-502,SALE,-3,2026-07-21T11:27:00Z
MOV-0001154,STR-001,SKU-502,SALE,-3,2026-07-22T10:28:00Z
MOV-0001155,STR-001,SKU-502,SALE,-3,2026-07-23T07:06:00Z
MOV-0001156,STR-001,SKU-502,DELIVERY,16,2026-07-24T06:35:00Z
MOV-0001157,STR-001,SKU-502,SALE,-3,2026-07-24T10:41:00Z
MOV-0001158,STR-001,SKU-502,SALE,-3,2026-07-25T14:22:00Z
MOV-0001159,STR-001,SKU-502,SALE,-3,2026-07-26T17:31:00Z
MOV-0001160,STR-001,SKU-502,SALE,-1,2026-07-27T18:54:00Z
MOV-0001161,STR-001,SKU-502,SALE,-2,2026-07-28T17:41:00Z
MOV-0001162,STR-001,SKU-502,SALE,-2,2026-07-29T16:15:00Z
MOV-0001163,STR-001,SKU-502,SALE,-2,2026-07-30T17:33:00Z
MOV-0001164,STR-001,SKU-502,DELIVERY,20,2026-07-31T06:13:00Z
MOV-0001165,STR-001,SKU-502,SALE,-3,2026-07-31T14:09:00Z
MOV-0001166,STR-001,SKU-502,SALE,-3,2026-08-01T11:32:00Z
MOV-0001167,STR-001,SKU-502,SALE,-3,2026-08-02T16:23:00Z
MOV-0001168,STR-001,SKU-502,SALE,-2,2026-08-03T15:19:00Z
MOV-0001169,STR-001,SKU-502,SALE,-3,2026-08-04T16:50:00Z
MOV-0001170,STR-001,SKU-502,SALE,-3,2026-08-05T15:44:00Z
MOV-0001171,STR-001,SKU-502,SALE,-3,2026-08-06T13:34:00Z
MOV-0001172,STR-001,SKU-502,DELIVERY,16,2026-08-07T06:05:00Z
MOV-0001173,STR-001,SKU-502,ADJUSTMENT,2,2026-08-07T12:57:00Z
MOV-0001174,STR-001,SKU-502,SALE,-2,2026-08-07T17:58:00Z
MOV-0001175,STR-001,SKU-502,SALE,-3,2026-08-08T10:06:00Z
MOV-0001176,STR-001,SKU-502,SALE,-3,2026-08-09T11:45:00Z
MOV-0001177,STR-001,SKU-502,SALE,-2,2026-08-10T18:45:00Z
MOV-0001178,STR-001,SKU-502,SALE,-3,2026-08-11T14:04:00Z
MOV-0001179,STR-001,SKU-502,SALE,-2,2026-08-12T17:49:00Z
MOV-0001180,STR-001,SKU-502,SALE,-3,2026-08-13T16:12:00Z
MOV-0001181,STR-001,SKU-502,DELIVERY,26,2026-08-14T06:41:00Z
MOV-0001182,STR-001,SKU-502,SALE,-3,2026-08-14T13:09:00Z
MOV-0001183,STR-001,SKU-502,SALE,-3,2026-08-15T18:43:00Z
MOV-0001184,STR-001,SKU-502,SALE,-3,2026-08-16T18:39:00Z
MOV-0001185,STR-001,SKU-502,SALE,-1,2026-08-17T11:23:00Z
MOV-0001186,STR-001,SKU-502,SALE,-2,2026-08-18T17:37:00Z
MOV-0001187,STR-001,SKU-502,SALE,-2,2026-08-19T16:57:00Z
MOV-0001188,STR-001,SKU-502,SALE,-2,2026-08-20T13:55:00Z
MOV-0001189,STR-001,SKU-502,SALE,-2,2026-08-21T18:32:00Z
MOV-0001190,STR-001,SKU-502,SALE,-3,2026-08-22T09:39:00Z
MOV-0001191,STR-001,SKU-502,SALE,-2,2026-08-23T12:28:00Z
MOV-0001192,STR-001,SKU-502,SALE,-1,2026-08-24T13:10:00Z
MOV-0001193,STR-001,SKU-502,SALE,-2,2026-08-25T07:41:00Z
MOV-0001194,STR-001,SKU-502,SALE,-2,2026-08-26T08:17:00Z
MOV-0001195,STR-001,SKU-502,SALE,-2,2026-08-27T15:11:00Z
MOV-0001196,STR-001,SKU-502,SALE,-2,2026-08-28T13:56:00Z
MOV-0001197,STR-001,SKU-502,SALE,-3,2026-08-29T16:23:00Z
MOV-0001198,STR-001,SKU-502,SALE,-2,2026-08-30T09:52:00Z
MOV-0001199,STR-001,SKU-502,SALE,-2,2026-08-31T07:55:00Z
MOV-0001200,STR-001,SKU-502,SALE,-2,2026-09-01T13:39:00Z
MOV-0001201,STR-001,SKU-503,SALE,-2,2026-07-06T17:54:00Z
MOV-0001202,STR-001,SKU-503,SALE,-3,2026-07-07T10:30:00Z
MOV-0001203,STR-001,SKU-503,SALE,-2,2026-07-08T13:12:00Z
MOV-0001204,STR-001,SKU-503,SALE,-3,2026-07-09T13:32:00Z
MOV-0001205,STR-001,SKU-503,SALE,-3,2026-07-10T17:53:00Z
MOV-0001206,STR-001,SKU-503,SALE,-3,2026-07-11T12:57:00Z
MOV-0001207,STR-001,SKU-503,DELIVERY,26,2026-07-12T06:13:00Z
MOV-0001208,STR-001,SKU-503,SALE,-3,2026-07-12T08:07:00Z
MOV-0001209,STR-001,SKU-503,SALE,-4,2026-07-13T09:42:00Z
MOV-0001210,STR-001,SKU-503,SALE,-3,2026-07-14T10:32:00Z
MOV-0001211,STR-001,SKU-503,SALE,-3,2026-07-15T16:20:00Z
MOV-0001212,STR-001,SKU-503,SALE,-4,2026-07-16T15:17:00Z
MOV-0001213,STR-001,SKU-503,SALE,-4,2026-07-17T15:07:00Z
MOV-0001214,STR-001,SKU-503,SALE,-5,2026-07-18T15:19:00Z
MOV-0001215,STR-001,SKU-503,DELIVERY,24,2026-07-19T06:27:00Z
MOV-0001216,STR-001,SKU-503,SALE,-4,2026-07-19T07:24:00Z
MOV-0001217,STR-001,SKU-503,SALE,-3,2026-07-20T12:51:00Z
MOV-0001218,STR-001,SKU-503,SALE,-2,2026-07-21T16:54:00Z
MOV-0001219,STR-001,SKU-503,SALE,-3,2026-07-22T15:16:00Z
MOV-0001220,STR-001,SKU-503,SALE,-4,2026-07-23T16:57:00Z
MOV-0001221,STR-001,SKU-503,SALE,-3,2026-07-24T12:30:00Z
MOV-0001222,STR-001,SKU-503,SALE,-5,2026-07-25T11:28:00Z
MOV-0001223,STR-001,SKU-503,DELIVERY,26,2026-07-26T06:46:00Z
MOV-0001224,STR-001,SKU-503,SALE,-3,2026-07-26T18:58:00Z
MOV-0001225,STR-001,SKU-503,SALE,-3,2026-07-27T10:30:00Z
MOV-0001226,STR-001,SKU-503,SALE,-3,2026-07-28T07:29:00Z
MOV-0001227,STR-001,SKU-503,SALE,-4,2026-07-29T17:53:00Z
MOV-0001228,STR-001,SKU-503,SALE,-4,2026-07-30T17:57:00Z
MOV-0001229,STR-001,SKU-503,SALE,-4,2026-07-31T07:06:00Z
MOV-0001230,STR-001,SKU-503,SALE,-5,2026-08-01T16:05:00Z
MOV-0001231,STR-001,SKU-503,DELIVERY,21,2026-08-02T06:50:00Z
MOV-0001232,STR-001,SKU-503,SALE,-5,2026-08-02T15:36:00Z
MOV-0001233,STR-001,SKU-503,SALE,-2,2026-08-03T14:36:00Z
MOV-0001234,STR-001,SKU-503,SALE,-3,2026-08-04T16:53:00Z
MOV-0001235,STR-001,SKU-503,SALE,-3,2026-08-05T09:26:00Z
MOV-0001236,STR-001,SKU-503,SALE,-2,2026-08-06T15:57:00Z
MOV-0001237,STR-001,SKU-503,SALE,-3,2026-08-07T09:54:00Z
MOV-0001238,STR-001,SKU-503,SALE,-3,2026-08-08T09:36:00Z
MOV-0001239,STR-001,SKU-503,DELIVERY,25,2026-08-09T06:39:00Z
MOV-0001240,STR-001,SKU-503,SALE,-3,2026-08-09T18:46:00Z
MOV-0001241,STR-001,SKU-503,SALE,-3,2026-08-10T07:01:00Z
MOV-0001242,STR-001,SKU-503,SALE,-3,2026-08-11T09:43:00Z
MOV-0001243,STR-001,SKU-503,SALE,-4,2026-08-12T08:18:00Z
MOV-0001244,STR-001,SKU-503,SALE,-5,2026-08-13T08:01:00Z
MOV-0001245,STR-001,SKU-503,SALE,-3,2026-08-14T09:42:00Z
MOV-0001246,STR-001,SKU-503,SALE,-4,2026-08-15T08:32:00Z
MOV-0001247,STR-001,SKU-503,DELIVERY,19,2026-08-16T06:03:00Z
MOV-0001248,STR-001,SKU-503,SALE,-4,2026-08-16T07:42:00Z
MOV-0001249,STR-001,SKU-503,ADJUSTMENT,2,2026-08-16T12:18:00Z
MOV-0001250,STR-001,SKU-503,SALE,-3,2026-08-17T15:02:00Z
MOV-0001251,STR-001,SKU-503,SALE,-2,2026-08-18T13:35:00Z
MOV-0001252,STR-001,SKU-503,SALE,-3,2026-08-19T09:40:00Z
MOV-0001253,STR-001,SKU-503,SALE,-2,2026-08-20T07:14:00Z
MOV-0001254,STR-001,SKU-503,SALE,-3,2026-08-21T08:48:00Z
MOV-0001255,STR-001,SKU-503,SALE,-4,2026-08-22T11:11:00Z
MOV-0001256,STR-001,SKU-503,DELIVERY,23,2026-08-23T06:04:00Z
MOV-0001257,STR-001,SKU-503,SALE,-3,2026-08-23T12:24:00Z
MOV-0001258,STR-001,SKU-503,SALE,-3,2026-08-24T09:20:00Z
MOV-0001259,STR-001,SKU-503,SALE,-3,2026-08-25T17:08:00Z
MOV-0001260,STR-001,SKU-503,SALE,-3,2026-08-26T07:56:00Z
MOV-0001261,STR-001,SKU-503,SALE,-3,2026-08-27T12:27:00Z
MOV-0001262,STR-001,SKU-503,SALE,-4,2026-08-28T10:01:00Z
MOV-0001263,STR-001,SKU-503,SALE,-4,2026-08-29T07:32:00Z
MOV-0001264,STR-001,SKU-503,DELIVERY,9,2026-08-30T06:43:00Z
MOV-0001265,STR-001,SKU-503,SALE,-3,2026-08-30T13:14:00Z
MOV-0001266,STR-001,SKU-503,SALE,-3,2026-08-31T18:36:00Z
MOV-0001267,STR-001,SKU-503,SALE,-3,2026-09-01T08:46:00Z
MOV-0001268,STR-001,SKU-504,SALE,-2,2026-07-06T13:17:00Z
MOV-0001269,STR-001,SKU-504,SALE,-2,2026-07-07T18:20:00Z
MOV-0001270,STR-001,SKU-504,SALE,-2,2026-07-08T10:06:00Z
MOV-0001271,STR-001,SKU-504,SALE,-3,2026-07-09T08:16:00Z
MOV-0001272,STR-001,SKU-504,SALE,-2,2026-07-10T18:22:00Z
MOV-0001273,STR-001,SKU-504,SALE,-2,2026-07-11T07:57:00Z
MOV-0001274,STR-001,SKU-504,DELIVERY,15,2026-07-12T06:16:00Z
MOV-0001275,STR-001,SKU-504,SALE,-2,2026-07-12T17:10:00Z
MOV-0001276,STR-001,SKU-504,SALE,-2,2026-07-13T18:09:00Z
MOV-0001277,STR-001,SKU-504,SALE,-2,2026-07-14T16:46:00Z
MOV-0001278,STR-001,SKU-504,SALE,-2,2026-07-15T09:33:00Z
MOV-0001279,STR-001,SKU-504,SALE,-2,2026-07-16T13:37:00Z
MOV-0001280,STR-001,SKU-504,SALE,-2,2026-07-17T11:12:00Z
MOV-0001281,STR-001,SKU-504,SALE,-3,2026-07-18T10:55:00Z
MOV-0001282,STR-001,SKU-504,DELIVERY,14,2026-07-19T06:39:00Z
MOV-0001283,STR-001,SKU-504,SALE,-2,2026-07-19T18:36:00Z
MOV-0001284,STR-001,SKU-504,SALE,-1,2026-07-20T12:08:00Z
MOV-0001285,STR-001,SKU-504,SALE,-2,2026-07-21T12:14:00Z
MOV-0001286,STR-001,SKU-504,SALE,-2,2026-07-22T14:54:00Z
MOV-0001287,STR-001,SKU-504,SALE,-2,2026-07-23T14:22:00Z
MOV-0001288,STR-001,SKU-504,SALE,-3,2026-07-24T16:44:00Z
MOV-0001289,STR-001,SKU-504,SALE,-2,2026-07-25T14:43:00Z
MOV-0001290,STR-001,SKU-504,DELIVERY,13,2026-07-26T06:42:00Z
MOV-0001291,STR-001,SKU-504,SALE,-2,2026-07-26T16:16:00Z
MOV-0001292,STR-001,SKU-504,SALE,-1,2026-07-27T14:44:00Z
MOV-0001293,STR-001,SKU-504,SALE,-2,2026-07-28T07:54:00Z
MOV-0001294,STR-001,SKU-504,SALE,-2,2026-07-29T18:10:00Z
MOV-0001295,STR-001,SKU-504,SALE,-2,2026-07-30T16:51:00Z
MOV-0001296,STR-001,SKU-504,SALE,-2,2026-07-31T07:05:00Z
MOV-0001297,STR-001,SKU-504,SALE,-2,2026-08-01T11:18:00Z
MOV-0001298,STR-001,SKU-504,DELIVERY,12,2026-08-02T06:55:00Z
MOV-0001299,STR-001,SKU-504,SALE,-2,2026-08-02T08:54:00Z
MOV-0001300,STR-001,SKU-504,SALE,-1,2026-08-03T14:47:00Z
MOV-0001301,STR-001,SKU-504,SALE,-1,2026-08-04T17:12:00Z
MOV-0001302,STR-001,SKU-504,SALE,-2,2026-08-05T08:24:00Z
MOV-0001303,STR-001,SKU-504,SALE,-2,2026-08-06T18:39:00Z
MOV-0001304,STR-001,SKU-504,SALE,-2,2026-08-07T11:15:00Z
MOV-0001305,STR-001,SKU-504,SALE,-2,2026-08-08T08:26:00Z
MOV-0001306,STR-001,SKU-504,DELIVERY,11,2026-08-09T06:36:00Z
MOV-0001307,STR-001,SKU-504,SALE,-2,2026-08-09T18:52:00Z
MOV-0001308,STR-001,SKU-504,SALE,-1,2026-08-10T14:00:00Z
MOV-0001309,STR-001,SKU-504,SALE,-2,2026-08-11T16:30:00Z
MOV-0001310,STR-001,SKU-504,SALE,-2,2026-08-12T14:25:00Z
MOV-0001311,STR-001,SKU-504,SALE,-1,2026-08-13T18:08:00Z
MOV-0001312,STR-001,SKU-504,SALE,-1,2026-08-14T08:40:00Z
MOV-0001313,STR-001,SKU-504,SALE,-2,2026-08-15T10:57:00Z
MOV-0001314,STR-001,SKU-504,DELIVERY,11,2026-08-16T06:50:00Z
MOV-0001315,STR-001,SKU-504,SALE,-2,2026-08-16T09:57:00Z
MOV-0001316,STR-001,SKU-504,SALE,-1,2026-08-17T12:53:00Z
MOV-0001317,STR-001,SKU-504,SALE,-1,2026-08-18T17:06:00Z
MOV-0001318,STR-001,SKU-504,SALE,-2,2026-08-19T08:39:00Z
MOV-0001319,STR-001,SKU-504,SALE,-1,2026-08-20T16:17:00Z
MOV-0001320,STR-001,SKU-504,SALE,-2,2026-08-21T16:58:00Z
MOV-0001321,STR-001,SKU-504,SALE,-2,2026-08-22T18:58:00Z
MOV-0001322,STR-001,SKU-504,DELIVERY,14,2026-08-23T06:31:00Z
MOV-0001323,STR-001,SKU-504,SALE,-2,2026-08-23T18:03:00Z
MOV-0001324,STR-001,SKU-504,SALE,-2,2026-08-24T17:06:00Z
MOV-0001325,STR-001,SKU-504,SALE,-1,2026-08-25T15:55:00Z
MOV-0001326,STR-001,SKU-504,SALE,-2,2026-08-26T14:25:00Z
MOV-0001327,STR-001,SKU-504,SALE,-2,2026-08-27T17:38:00Z
MOV-0001328,STR-001,SKU-504,SALE,-2,2026-08-28T12:25:00Z
MOV-0001329,STR-001,SKU-504,SALE,-3,2026-08-29T08:07:00Z
MOV-0001330,STR-001,SKU-504,DELIVERY,5,2026-08-30T06:23:00Z
MOV-0001331,STR-001,SKU-504,SALE,-3,2026-08-30T15:08:00Z
MOV-0001332,STR-001,SKU-504,SALE,-1,2026-08-31T12:10:00Z
MOV-0001333,STR-001,SKU-504,SALE,-1,2026-09-01T15:23:00Z
MOV-0001334,STR-001,SKU-601,SALE,-22,2026-07-06T16:23:00Z
MOV-0001335,STR-001,SKU-601,DELIVERY,163,2026-07-07T06:55:00Z
MOV-0001336,STR-001,SKU-601,SALE,-17,2026-07-07T15:27:00Z
MOV-0001337,STR-001,SKU-601,SALE,-25,2026-07-08T17:29:00Z
MOV-0001338,STR-001,SKU-601,SALE,-25,2026-07-09T07:28:00Z
MOV-0001339,STR-001,SKU-601,SALE,-25,2026-07-10T07:14:00Z
MOV-0001340,STR-001,SKU-601,SALE,-29,2026-07-11T17:49:00Z
MOV-0001341,STR-001,SKU-601,SALE,-23,2026-07-12T07:50:00Z
MOV-0001342,STR-001,SKU-601,WASTE,-3,2026-07-12T21:24:00Z
MOV-0001343,STR-001,SKU-601,SALE,-15,2026-07-13T14:53:00Z
MOV-0001344,STR-001,SKU-601,WASTE,-1,2026-07-13T21:32:00Z
MOV-0001345,STR-001,SKU-601,DELIVERY,150,2026-07-14T06:34:00Z
MOV-0001346,STR-001,SKU-601,SALE,-16,2026-07-14T10:52:00Z
MOV-0001347,STR-001,SKU-601,SALE,-23,2026-07-15T18:37:00Z
MOV-0001348,STR-001,SKU-601,SALE,-21,2026-07-16T11:01:00Z
MOV-0001349,STR-001,SKU-601,WASTE,-3,2026-07-16T21:56:00Z
MOV-0001350,STR-001,SKU-601,SALE,-21,2026-07-17T16:36:00Z
MOV-0001351,STR-001,SKU-601,SALE,-26,2026-07-18T10:21:00Z
MOV-0001352,STR-001,SKU-601,SALE,-26,2026-07-19T18:12:00Z
MOV-0001353,STR-001,SKU-601,SALE,-14,2026-07-20T09:00:00Z
MOV-0001354,STR-001,SKU-601,DELIVERY,147,2026-07-21T06:10:00Z
MOV-0001355,STR-001,SKU-601,SALE,-18,2026-07-21T12:22:00Z
MOV-0001356,STR-001,SKU-601,SALE,-22,2026-07-22T14:51:00Z
MOV-0001357,STR-001,SKU-601,WASTE,-2,2026-07-22T21:57:00Z
MOV-0001358,STR-001,SKU-601,SALE,-17,2026-07-23T16:28:00Z
MOV-0001359,STR-001,SKU-601,SALE,-22,2026-07-24T14:19:00Z
MOV-0001360,STR-001,SKU-601,WASTE,-1,2026-07-24T21:18:00Z
MOV-0001361,STR-001,SKU-601,SALE,-30,2026-07-25T09:01:00Z
MOV-0001362,STR-001,SKU-601,SALE,-22,2026-07-26T11:01:00Z
MOV-0001363,STR-001,SKU-601,SALE,-13,2026-07-27T14:57:00Z
MOV-0001364,STR-001,SKU-601,DELIVERY,129,2026-07-28T06:10:00Z
MOV-0001365,STR-001,SKU-601,SALE,-17,2026-07-28T16:51:00Z
MOV-0001366,STR-001,SKU-601,WASTE,-4,2026-07-28T21:04:00Z
MOV-0001367,STR-001,SKU-601,SALE,-16,2026-07-29T13:22:00Z
MOV-0001368,STR-001,SKU-601,SALE,-17,2026-07-30T10:38:00Z
MOV-0001369,STR-001,SKU-601,WASTE,-5,2026-07-30T21:43:00Z
MOV-0001370,STR-001,SKU-601,SALE,-21,2026-07-31T10:18:00Z
MOV-0001371,STR-001,SKU-601,SALE,-16,2026-08-01T18:55:00Z
MOV-0001372,STR-001,SKU-601,SALE,-18,2026-08-02T08:02:00Z
MOV-0001373,STR-001,SKU-601,SALE,-15,2026-08-03T10:35:00Z
MOV-0001374,STR-001,SKU-601,DELIVERY,131,2026-08-04T06:30:00Z
MOV-0001375,STR-001,SKU-601,SALE,-15,2026-08-04T09:46:00Z
MOV-0001376,STR-001,SKU-601,SALE,-19,2026-08-05T18:32:00Z
MOV-0001377,STR-001,SKU-601,SALE,-20,2026-08-06T16:39:00Z
MOV-0001378,STR-001,SKU-601,SALE,-17,2026-08-07T16:52:00Z
MOV-0001379,STR-001,SKU-601,SALE,-20,2026-08-08T14:56:00Z
MOV-0001380,STR-001,SKU-601,SALE,-23,2026-08-09T13:22:00Z
MOV-0001381,STR-001,SKU-601,SALE,-17,2026-08-10T09:12:00Z
MOV-0001382,STR-001,SKU-601,DELIVERY,133,2026-08-11T06:10:00Z
MOV-0001383,STR-001,SKU-601,SALE,-13,2026-08-11T12:56:00Z
MOV-0001384,STR-001,SKU-601,SALE,-17,2026-08-12T09:11:00Z
MOV-0001385,STR-001,SKU-601,SALE,-20,2026-08-13T07:19:00Z
MOV-0001386,STR-001,SKU-601,SALE,-18,2026-08-14T11:09:00Z
MOV-0001387,STR-001,SKU-601,SALE,-22,2026-08-15T16:29:00Z
MOV-0001388,STR-001,SKU-601,SALE,-20,2026-08-16T12:35:00Z
MOV-0001389,STR-001,SKU-601,SALE,-18,2026-08-17T17:48:00Z
MOV-0001390,STR-001,SKU-601,WASTE,-5,2026-08-17T21:58:00Z
MOV-0001391,STR-001,SKU-601,DELIVERY,168,2026-08-18T06:12:00Z
MOV-0001392,STR-001,SKU-601,SALE,-18,2026-08-18T10:00:00Z
MOV-0001393,STR-001,SKU-601,ADJUSTMENT,-3,2026-08-18T12:10:00Z
MOV-0001394,STR-001,SKU-601,SALE,-25,2026-08-19T07:41:00Z
MOV-0001395,STR-001,SKU-601,SALE,-24,2026-08-20T13:52:00Z
MOV-0001396,STR-001,SKU-601,SALE,-24,2026-08-21T18:06:00Z
MOV-0001397,STR-001,SKU-601,SALE,-30,2026-08-22T13:20:00Z
MOV-0001398,STR-001,SKU-601,SALE,-28,2026-08-23T08:53:00Z
MOV-0001399,STR-001,SKU-601,SALE,-16,2026-08-24T17:02:00Z
MOV-0001400,STR-001,SKU-601,DELIVERY,138,2026-08-25T06:38:00Z
MOV-0001401,STR-001,SKU-601,SALE,-18,2026-08-25T11:53:00Z
MOV-0001402,STR-001,SKU-601,SALE,-14,2026-08-26T09:21:00Z
MOV-0001403,STR-001,SKU-601,SALE,-17,2026-08-27T11:00:00Z
MOV-0001404,STR-001,SKU-601,SALE,-22,2026-08-28T11:47:00Z
MOV-0001405,STR-001,SKU-601,SALE,-25,2026-08-29T08:27:00Z
MOV-0001406,STR-001,SKU-601,SALE,-21,2026-08-30T15:03:00Z
MOV-0001407,STR-001,SKU-601,SALE,-19,2026-08-31T13:23:00Z
MOV-0001408,STR-001,SKU-601,WASTE,-2,2026-08-31T21:24:00Z
MOV-0001409,STR-001,SKU-601,DELIVERY,20,2026-09-01T06:34:00Z
MOV-0001410,STR-001,SKU-601,SALE,-20,2026-09-01T17:05:00Z
MOV-0001411,STR-001,SKU-602,SALE,-12,2026-07-06T16:52:00Z
MOV-0001412,STR-001,SKU-602,DELIVERY,130,2026-07-07T06:51:00Z
MOV-0001413,STR-001,SKU-602,SALE,-14,2026-07-07T13:58:00Z
MOV-0001414,STR-001,SKU-602,SALE,-18,2026-07-08T17:57:00Z
MOV-0001415,STR-001,SKU-602,WASTE,-3,2026-07-08T21:21:00Z
MOV-0001416,STR-001,SKU-602,SALE,-16,2026-07-09T11:25:00Z
MOV-0001417,STR-001,SKU-602,SALE,-22,2026-07-10T17:27:00Z
MOV-0001418,STR-001,SKU-602,SALE,-21,2026-07-11T08:11:00Z
MOV-0001419,STR-001,SKU-602,SALE,-21,2026-07-12T10:29:00Z
MOV-0001420,STR-001,SKU-602,SALE,-15,2026-07-13T18:01:00Z
MOV-0001421,STR-001,SKU-602,DELIVERY,130,2026-07-14T06:46:00Z
MOV-0001422,STR-001,SKU-602,SALE,-18,2026-07-14T09:10:00Z
MOV-0001423,STR-001,SKU-602,SALE,-19,2026-07-15T15:15:00Z
MOV-0001424,STR-001,SKU-602,SALE,-14,2026-07-16T16:05:00Z
MOV-0001425,STR-001,SKU-602,SALE,-17,2026-07-17T13:10:00Z
MOV-0001426,STR-001,SKU-602,WASTE,-3,2026-07-17T21:02:00Z
MOV-0001427,STR-001,SKU-602,SALE,-21,2026-07-18T16:17:00Z
MOV-0001428,STR-001,SKU-602,SALE,-18,2026-07-19T13:37:00Z
MOV-0001429,STR-001,SKU-602,SALE,-15,2026-07-20T17:21:00Z
MOV-0001430,STR-001,SKU-602,WASTE,-5,2026-07-20T21:02:00Z
MOV-0001431,STR-001,SKU-602,DELIVERY,126,2026-07-21T06:15:00Z
MOV-0001432,STR-001,SKU-602,SALE,-14,2026-07-21T07:56:00Z
MOV-0001433,STR-001,SKU-602,SALE,-18,2026-07-22T13:16:00Z
MOV-0001434,STR-001,SKU-602,SALE,-15,2026-07-23T17:18:00Z
MOV-0001435,STR-001,SKU-602,SALE,-15,2026-07-24T13:34:00Z
MOV-0001436,STR-001,SKU-602,SALE,-23,2026-07-25T08:56:00Z
MOV-0001437,STR-001,SKU-602,SALE,-20,2026-07-26T15:51:00Z
MOV-0001438,STR-001,SKU-602,WASTE,-4,2026-07-26T21:55:00Z
MOV-0001439,STR-001,SKU-602,SALE,-13,2026-07-27T12:19:00Z
MOV-0001440,STR-001,SKU-602,WASTE,-4,2026-07-27T21:20:00Z
MOV-0001441,STR-001,SKU-602,DELIVERY,120,2026-07-28T06:09:00Z
MOV-0001442,STR-001,SKU-602,SALE,-12,2026-07-28T16:09:00Z
MOV-0001443,STR-001,SKU-602,SALE,-14,2026-07-29T15:37:00Z
MOV-0001444,STR-001,SKU-602,WASTE,-2,2026-07-29T21:09:00Z
MOV-0001445,STR-001,SKU-602,SALE,-14,2026-07-30T17:42:00Z
MOV-0001446,STR-001,SKU-602,SALE,-18,2026-07-31T16:41:00Z
MOV-0001447,STR-001,SKU-602,SALE,-21,2026-08-01T09:33:00Z
MOV-0001448,STR-001,SKU-602,WASTE,-1,2026-08-01T21:26:00Z
MOV-0001449,STR-001,SKU-602,SALE,-16,2026-08-02T10:41:00Z
MOV-0001450,STR-001,SKU-602,SALE,-19,2026-08-03T16:30:00Z
MOV-0001451,STR-001,SKU-602,WASTE,-3,2026-08-03T21:29:00Z
MOV-0001452,STR-001,SKU-602,DELIVERY,160,2026-08-04T06:46:00Z
MOV-0001453,STR-001,SKU-602,SALE,-20,2026-08-04T14:56:00Z
MOV-0001454,STR-001,SKU-602,WASTE,-5,2026-08-04T21:58:00Z
MOV-0001455,STR-001,SKU-602,SALE,-16,2026-08-05T09:32:00Z
MOV-0001456,STR-001,SKU-602,SALE,-20,2026-08-06T09:11:00Z
MOV-0001457,STR-001,SKU-602,WASTE,-3,2026-08-06T21:04:00Z
MOV-0001458,STR-001,SKU-602,SALE,-23,2026-08-07T08:37:00Z
MOV-0001459,STR-001,SKU-602,SALE,-30,2026-08-08T11:32:00Z
MOV-0001460,STR-001,SKU-602,SALE,-22,2026-08-09T15:04:00Z
MOV-0001461,STR-001,SKU-602,SALE,-18,2026-08-10T14:54:00Z
MOV-0001462,STR-001,SKU-602,WASTE,-3,2026-08-10T21:23:00Z
MOV-0001463,STR-001,SKU-602,DELIVERY,151,2026-08-11T06:37:00Z
MOV-0001464,STR-001,SKU-602,SALE,-16,2026-08-11T17:21:00Z
MOV-0001465,STR-001,SKU-602,SALE,-22,2026-08-12T09:05:00Z
MOV-0001466,STR-001,SKU-602,SALE,-19,2026-08-13T13:06:00Z
MOV-0001467,STR-001,SKU-602,WASTE,-2,2026-08-13T21:00:00Z
MOV-0001468,STR-001,SKU-602,SALE,-25,2026-08-14T08:33:00Z
MOV-0001469,STR-001,SKU-602,WASTE,-5,2026-08-14T21:14:00Z
MOV-0001470,STR-001,SKU-602,SALE,-22,2026-08-15T12:40:00Z
MOV-0001471,STR-001,SKU-602,SALE,-26,2026-08-16T12:15:00Z
MOV-0001472,STR-001,SKU-602,WASTE,-4,2026-08-16T21:34:00Z
MOV-0001473,STR-001,SKU-602,SALE,-10,2026-08-17T11:08:00Z
MOV-0001474,STR-001,SKU-602,DELIVERY,119,2026-08-18T06:54:00Z
MOV-0001475,STR-001,SKU-602,SALE,-17,2026-08-18T12:46:00Z
MOV-0001476,STR-001,SKU-602,WASTE,-1,2026-08-18T21:22:00Z
MOV-0001477,STR-001,SKU-602,SALE,-14,2026-08-19T10:07:00Z
MOV-0001478,STR-001,SKU-602,SALE,-17,2026-08-20T07:07:00Z
MOV-0001479,STR-001,SKU-602,SALE,-15,2026-08-21T14:12:00Z
MOV-0001480,STR-001,SKU-602,SALE,-19,2026-08-22T14:09:00Z
MOV-0001481,STR-001,SKU-602,SALE,-18,2026-08-23T09:12:00Z
MOV-0001482,STR-001,SKU-602,SALE,-18,2026-08-24T16:32:00Z
MOV-0001483,STR-001,SKU-602,DELIVERY,145,2026-08-25T06:30:00Z
MOV-0001484,STR-001,SKU-602,SALE,-17,2026-08-25T13:05:00Z
MOV-0001485,STR-001,SKU-602,SALE,-20,2026-08-26T07:37:00Z
MOV-0001486,STR-001,SKU-602,SALE,-18,2026-08-27T12:37:00Z
MOV-0001487,STR-001,SKU-602,SALE,-26,2026-08-28T13:13:00Z
MOV-0001488,STR-001,SKU-602,SALE,-25,2026-08-29T15:47:00Z
MOV-0001489,STR-001,SKU-602,SALE,-22,2026-08-30T07:53:00Z
MOV-0001490,STR-001,SKU-602,ADJUSTMENT,-2,2026-08-30T12:27:00Z
MOV-0001491,STR-001,SKU-602,SALE,-15,2026-08-31T08:31:00Z
MOV-0001492,STR-001,SKU-602,DELIVERY,23,2026-09-01T06:55:00Z
MOV-0001493,STR-001,SKU-602,SALE,-19,2026-09-01T18:21:00Z
MOV-0001494,STR-001,SKU-602,WASTE,-4,2026-09-01T21:18:00Z
MOV-0001495,STR-001,SKU-603,SALE,-26,2026-07-06T13:15:00Z
MOV-0001496,STR-001,SKU-603,SALE,-29,2026-07-07T08:31:00Z
MOV-0001497,STR-001,SKU-603,SALE,-23,2026-07-08T10:06:00Z
MOV-0001498,STR-001,SKU-603,DELIVERY,184,2026-07-09T06:27:00Z
MOV-0001499,STR-001,SKU-603,SALE,-24,2026-07-09T15:38:00Z
MOV-0001500,STR-001,SKU-603,SALE,-26,2026-07-10T17:35:00Z
MOV-0001501,STR-001,SKU-603,SALE,-32,2026-07-11T13:10:00Z
MOV-0001502,STR-001,SKU-603,SALE,-30,2026-07-12T09:26:00Z
MOV-0001503,STR-001,SKU-603,SALE,-19,2026-07-13T14:39:00Z
MOV-0001504,STR-001,SKU-603,SALE,-21,2026-07-14T13:24:00Z
MOV-0001505,STR-001,SKU-603,WASTE,-3,2026-07-14T21:28:00Z
MOV-0001506,STR-001,SKU-603,SALE,-24,2026-07-15T08:08:00Z
MOV-0001507,STR-001,SKU-603,WASTE,-5,2026-07-15T21:07:00Z
MOV-0001508,STR-001,SKU-603,DELIVERY,153,2026-07-16T06:29:00Z
MOV-0001509,STR-001,SKU-603,SALE,-22,2026-07-16T15:21:00Z
MOV-0001510,STR-001,SKU-603,SALE,-27,2026-07-17T09:51:00Z
MOV-0001511,STR-001,SKU-603,ADJUSTMENT,4,2026-07-18T12:02:00Z
MOV-0001512,STR-001,SKU-603,SALE,-24,2026-07-18T17:24:00Z
MOV-0001513,STR-001,SKU-603,SALE,-24,2026-07-19T14:27:00Z
MOV-0001514,STR-001,SKU-603,SALE,-14,2026-07-20T11:12:00Z
MOV-0001515,STR-001,SKU-603,SALE,-21,2026-07-21T16:17:00Z
MOV-0001516,STR-001,SKU-603,SALE,-21,2026-07-22T12:58:00Z
MOV-0001517,STR-001,SKU-603,WASTE,-4,2026-07-22T21:14:00Z
MOV-0001518,STR-001,SKU-603,DELIVERY,141,2026-07-23T06:23:00Z
MOV-0001519,STR-001,SKU-603,SALE,-24,2026-07-23T08:06:00Z
MOV-0001520,STR-001,SKU-603,SALE,-18,2026-07-24T10:31:00Z
MOV-0001521,STR-001,SKU-603,WASTE,-5,2026-07-24T21:09:00Z
MOV-0001522,STR-001,SKU-603,SALE,-25,2026-07-25T14:13:00Z
MOV-0001523,STR-001,SKU-603,SALE,-19,2026-07-26T07:33:00Z
MOV-0001524,STR-001,SKU-603,SALE,-15,2026-07-27T08:57:00Z
MOV-0001525,STR-001,SKU-603,SALE,-16,2026-07-28T12:20:00Z
MOV-0001526,STR-001,SKU-603,SALE,-19,2026-07-29T07:35:00Z
MOV-0001527,STR-001,SKU-603,DELIVERY,153,2026-07-30T06:42:00Z
MOV-0001528,STR-001,SKU-603,SALE,-19,2026-07-30T17:33:00Z
MOV-0001529,STR-001,SKU-603,WASTE,-4,2026-07-30T21:10:00Z
MOV-0001530,STR-001,SKU-603,SALE,-21,2026-07-31T14:03:00Z
MOV-0001531,STR-001,SKU-603,SALE,-23,2026-08-01T17:02:00Z
MOV-0001532,STR-001,SKU-603,SALE,-23,2026-08-02T12:26:00Z
MOV-0001533,STR-001,SKU-603,SALE,-19,2026-08-03T10:42:00Z
MOV-0001534,STR-001,SKU-603,SALE,-20,2026-08-04T07:17:00Z
MOV-0001535,STR-001,SKU-603,SALE,-23,2026-08-05T07:49:00Z
MOV-0001536,STR-001,SKU-603,WASTE,-1,2026-08-05T21:39:00Z
MOV-0001537,STR-001,SKU-603,DELIVERY,150,2026-08-06T06:09:00Z
MOV-0001538,STR-001,SKU-603,SALE,-20,2026-08-06T15:55:00Z
MOV-0001539,STR-001,SKU-603,SALE,-19,2026-08-07T08:29:00Z
MOV-0001540,STR-001,SKU-603,SALE,-29,2026-08-08T07:13:00Z
MOV-0001541,STR-001,SKU-603,SALE,-26,2026-08-09T15:56:00Z
MOV-0001542,STR-001,SKU-603,SALE,-18,2026-08-10T17:20:00Z
MOV-0001543,STR-001,SKU-603,SALE,-16,2026-08-11T08:45:00Z
MOV-0001544,STR-001,SKU-603,WASTE,-2,2026-08-11T21:20:00Z
MOV-0001545,STR-001,SKU-603,SALE,-20,2026-08-12T13:05:00Z
MOV-0001546,STR-001,SKU-603,DELIVERY,151,2026-08-13T06:17:00Z
MOV-0001547,STR-001,SKU-603,SALE,-19,2026-08-13T16:42:00Z
MOV-0001548,STR-001,SKU-603,SALE,-20,2026-08-14T12:09:00Z
MOV-0001549,STR-001,SKU-603,SALE,-26,2026-08-15T16:38:00Z
MOV-0001550,STR-001,SKU-603,SALE,-21,2026-08-16T08:16:00Z
MOV-0001551,STR-001,SKU-603,SALE,-18,2026-08-17T09:07:00Z
MOV-0001552,STR-001,SKU-603,SALE,-24,2026-08-18T08:00:00Z
MOV-0001553,STR-001,SKU-603,SALE,-23,2026-08-19T09:15:00Z
MOV-0001554,STR-001,SKU-603,DELIVERY,169,2026-08-20T06:53:00Z
MOV-0001555,STR-001,SKU-603,SALE,-26,2026-08-20T15:09:00Z
MOV-0001556,STR-001,SKU-603,WASTE,-5,2026-08-20T21:24:00Z
MOV-0001557,STR-001,SKU-603,SALE,-26,2026-08-21T12:33:00Z
MOV-0001558,STR-001,SKU-603,SALE,-24,2026-08-22T07:54:00Z
MOV-0001559,STR-001,SKU-603,SALE,-22,2026-08-23T16:39:00Z
MOV-0001560,STR-001,SKU-603,SALE,-23,2026-08-24T12:18:00Z
MOV-0001561,STR-001,SKU-603,SALE,-19,2026-08-25T09:11:00Z
MOV-0001562,STR-001,SKU-603,SALE,-24,2026-08-26T15:19:00Z
MOV-0001563,STR-001,SKU-603,DELIVERY,159,2026-08-27T06:36:00Z
MOV-0001564,STR-001,SKU-603,SALE,-20,2026-08-27T09:38:00Z
MOV-0001565,STR-001,SKU-603,SALE,-30,2026-08-28T10:49:00Z
MOV-0001566,STR-001,SKU-603,WASTE,-3,2026-08-28T21:35:00Z
MOV-0001567,STR-001,SKU-603,SALE,-30,2026-08-29T11:27:00Z
MOV-0001568,STR-001,SKU-603,WASTE,-5,2026-08-29T21:32:00Z
MOV-0001569,STR-001,SKU-603,SALE,-29,2026-08-30T10:42:00Z
MOV-0001570,STR-001,SKU-603,SALE,-19,2026-08-31T12:40:00Z
MOV-0001571,STR-001,SKU-603,SALE,-23,2026-09-01T17:24:00Z
MOV-0001572,STR-001,SKU-604,SALE,-13,2026-07-06T07:03:00Z
MOV-0001573,STR-001,SKU-604,DELIVERY,128,2026-07-07T06:09:00Z
MOV-0001574,STR-001,SKU-604,SALE,-17,2026-07-07T11:33:00Z
MOV-0001575,STR-001,SKU-604,SALE,-16,2026-07-08T16:53:00Z
MOV-0001576,STR-001,SKU-604,SALE,-15,2026-07-09T13:33:00Z
MOV-0001577,STR-001,SKU-604,SALE,-19,2026-07-10T12:48:00Z
MOV-0001578,STR-001,SKU-604,SALE,-24,2026-07-11T08:40:00Z
MOV-0001579,STR-001,SKU-604,SALE,-23,2026-07-12T15:28:00Z
MOV-0001580,STR-001,SKU-604,SALE,-14,2026-07-13T14:48:00Z
MOV-0001581,STR-001,SKU-604,DELIVERY,150,2026-07-14T06:40:00Z
MOV-0001582,STR-001,SKU-604,SALE,-21,2026-07-14T16:21:00Z
MOV-0001583,STR-001,SKU-604,SALE,-16,2026-07-15T09:46:00Z
MOV-0001584,STR-001,SKU-604,SALE,-22,2026-07-16T08:52:00Z
MOV-0001585,STR-001,SKU-604,WASTE,-4,2026-07-16T21:27:00Z
MOV-0001586,STR-001,SKU-604,SALE,-23,2026-07-17T17:08:00Z
MOV-0001587,STR-001,SKU-604,WASTE,-3,2026-07-17T21:07:00Z
MOV-0001588,STR-001,SKU-604,SALE,-23,2026-07-18T09:11:00Z
MOV-0001589,STR-001,SKU-604,SALE,-22,2026-07-19T07:07:00Z
MOV-0001590,STR-001,SKU-604,SALE,-16,2026-07-20T08:17:00Z
MOV-0001591,STR-001,SKU-604,DELIVERY,144,2026-07-21T06:48:00Z
MOV-0001592,STR-001,SKU-604,SALE,-17,2026-07-21T15:55:00Z
MOV-0001593,STR-001,SKU-604,WASTE,-5,2026-07-21T21:34:00Z
MOV-0001594,STR-001,SKU-604,SALE,-18,2026-07-22T18:35:00Z
MOV-0001595,STR-001,SKU-604,SALE,-21,2026-07-23T09:56:00Z
MOV-0001596,STR-001,SKU-604,SALE,-18,2026-07-24T18:54:00Z
MOV-0001597,STR-001,SKU-604,WASTE,-4,2026-07-24T21:10:00Z
MOV-0001598,STR-001,SKU-604,SALE,-22,2026-07-25T18:49:00Z
MOV-0001599,STR-001,SKU-604,SALE,-26,2026-07-26T08:16:00Z
MOV-0001600,STR-001,SKU-604,SALE,-13,2026-07-27T10:40:00Z
MOV-0001601,STR-001,SKU-604,DELIVERY,137,2026-07-28T06:02:00Z
MOV-0001602,STR-001,SKU-604,SALE,-18,2026-07-28T07:32:00Z
MOV-0001603,STR-001,SKU-604,SALE,-21,2026-07-29T17:43:00Z
MOV-0001604,STR-001,SKU-604,SALE,-19,2026-07-30T13:10:00Z
MOV-0001605,STR-001,SKU-604,SALE,-23,2026-07-31T13:26:00Z
MOV-0001606,STR-001,SKU-604,SALE,-24,2026-08-01T15:00:00Z
MOV-0001607,STR-001,SKU-604,SALE,-19,2026-08-02T18:33:00Z
MOV-0001608,STR-001,SKU-604,SALE,-12,2026-08-03T11:47:00Z
MOV-0001609,STR-001,SKU-604,WASTE,-1,2026-08-03T21:34:00Z
MOV-0001610,STR-001,SKU-604,DELIVERY,124,2026-08-04T06:57:00Z
MOV-0001611,STR-001,SKU-604,SALE,-14,2026-08-04T13:05:00Z
MOV-0001612,STR-001,SKU-604,WASTE,-2,2026-08-04T21:58:00Z
MOV-0001613,STR-001,SKU-604,SALE,-14,2026-08-05T15:19:00Z
MOV-0001614,STR-001,SKU-604,SALE,-18,2026-08-06T16:43:00Z
MOV-0001615,STR-001,SKU-604,SALE,-16,2026-08-07T12:18:00Z
MOV-0001616,STR-001,SKU-604,WASTE,-3,2026-08-07T21:24:00Z
MOV-0001617,STR-001,SKU-604,SALE,-21,2026-08-08T16:18:00Z
MOV-0001618,STR-001,SKU-604,SALE,-19,2026-08-09T18:39:00Z
MOV-0001619,STR-001,SKU-604,WASTE,-3,2026-08-09T21:50:00Z
MOV-0001620,STR-001,SKU-604,SALE,-14,2026-08-10T16:54:00Z
MOV-0001621,STR-001,SKU-604,DELIVERY,158,2026-08-11T06:09:00Z
MOV-0001622,STR-001,SKU-604,SALE,-17,2026-08-11T09:30:00Z
MOV-0001623,STR-001,SKU-604,WASTE,-4,2026-08-11T21:01:00Z
MOV-0001624,STR-001,SKU-604,SALE,-22,2026-08-12T13:23:00Z
MOV-0001625,STR-001,SKU-604,SALE,-19,2026-08-13T12:29:00Z
MOV-0001626,STR-001,SKU-604,SALE,-27,2026-08-14T07:19:00Z
MOV-0001627,STR-001,SKU-604,SALE,-27,2026-08-15T12:16:00Z
MOV-0001628,STR-001,SKU-604,SALE,-23,2026-08-16T17:20:00Z
MOV-0001629,STR-001,SKU-604,WASTE,-5,2026-08-16T21:11:00Z
MOV-0001630,STR-001,SKU-604,SALE,-14,2026-08-17T09:17:00Z
MOV-0001631,STR-001,SKU-604,DELIVERY,134,2026-08-18T06:42:00Z
MOV-0001632,STR-001,SKU-604,SALE,-14,2026-08-18T08:18:00Z
MOV-0001633,STR-001,SKU-604,SALE,-21,2026-08-19T08:55:00Z
MOV-0001634,STR-001,SKU-604,SALE,-16,2026-08-20T09:07:00Z
MOV-0001635,STR-001,SKU-604,WASTE,-2,2026-08-20T21:19:00Z
MOV-0001636,STR-001,SKU-604,SALE,-17,2026-08-21T18:04:00Z
MOV-0001637,STR-001,SKU-604,SALE,-21,2026-08-22T10:28:00Z
MOV-0001638,STR-001,SKU-604,WASTE,-5,2026-08-22T21:17:00Z
MOV-0001639,STR-001,SKU-604,ADJUSTMENT,-2,2026-08-23T12:20:00Z
MOV-0001640,STR-001,SKU-604,SALE,-23,2026-08-23T16:58:00Z
MOV-0001641,STR-001,SKU-604,SALE,-13,2026-08-24T16:51:00Z
MOV-0001642,STR-001,SKU-604,DELIVERY,142,2026-08-25T06:29:00Z
MOV-0001643,STR-001,SKU-604,SALE,-19,2026-08-25T17:53:00Z
MOV-0001644,STR-001,SKU-604,WASTE,-1,2026-08-25T21:35:00Z
MOV-0001645,STR-001,SKU-604,SALE,-16,2026-08-26T16:53:00Z
MOV-0001646,STR-001,SKU-604,SALE,-20,2026-08-27T12:32:00Z
MOV-0001647,STR-001,SKU-604,SALE,-21,2026-08-28T15:30:00Z
MOV-0001648,STR-001,SKU-604,SALE,-26,2026-08-29T13:14:00Z
MOV-0001649,STR-001,SKU-604,SALE,-18,2026-08-30T11:11:00Z
MOV-0001650,STR-001,SKU-604,SALE,-21,2026-08-31T18:26:00Z
MOV-0001651,STR-001,SKU-604,DELIVERY,18,2026-09-01T06:14:00Z
MOV-0001652,STR-001,SKU-604,SALE,-18,2026-09-01T17:07:00Z
MOV-0001653,STR-001,SKU-701,SALE,-1,2026-07-10T15:19:00Z
MOV-0001654,STR-001,SKU-701,SALE,-1,2026-07-11T10:48:00Z
MOV-0001655,STR-001,SKU-701,DELIVERY,3,2026-07-12T06:09:00Z
MOV-0001656,STR-001,SKU-701,SALE,-1,2026-07-12T17:34:00Z
MOV-0001657,STR-001,SKU-701,SALE,-1,2026-07-16T11:15:00Z
MOV-0001658,STR-001,SKU-701,SALE,-1,2026-07-18T14:25:00Z
MOV-0001659,STR-001,SKU-701,DELIVERY,3,2026-07-19T06:44:00Z
MOV-0001660,STR-001,SKU-701,SALE,-1,2026-07-19T08:33:00Z
MOV-0001661,STR-001,SKU-701,SALE,-1,2026-07-23T08:43:00Z
MOV-0001662,STR-001,SKU-701,SALE,-1,2026-07-25T16:27:00Z
MOV-0001663,STR-001,SKU-701,DELIVERY,3,2026-07-26T06:51:00Z
MOV-0001664,STR-001,SKU-701,SALE,-1,2026-07-26T07:57:00Z
MOV-0001665,STR-001,SKU-701,SALE,-1,2026-07-31T12:25:00Z
MOV-0001666,STR-001,SKU-701,SALE,-1,2026-08-01T14:20:00Z
MOV-0001667,STR-001,SKU-701,DELIVERY,3,2026-08-02T06:26:00Z
MOV-0001668,STR-001,SKU-701,SALE,-1,2026-08-02T18:14:00Z
MOV-0001669,STR-001,SKU-701,SALE,-1,2026-08-07T13:09:00Z
MOV-0001670,STR-001,SKU-701,SALE,-1,2026-08-08T11:12:00Z
MOV-0001671,STR-001,SKU-701,DELIVERY,4,2026-08-09T06:53:00Z
MOV-0001672,STR-001,SKU-701,SALE,-1,2026-08-09T11:40:00Z
MOV-0001673,STR-001,SKU-701,SALE,-1,2026-08-12T13:48:00Z
MOV-0001674,STR-001,SKU-701,SALE,-1,2026-08-13T18:29:00Z
MOV-0001675,STR-001,SKU-701,SALE,-1,2026-08-15T09:48:00Z
MOV-0001676,STR-001,SKU-701,DELIVERY,4,2026-08-16T06:16:00Z
MOV-0001677,STR-001,SKU-701,SALE,-1,2026-08-16T10:36:00Z
MOV-0001678,STR-001,SKU-701,SALE,-1,2026-08-18T10:27:00Z
MOV-0001679,STR-001,SKU-701,SALE,-1,2026-08-20T17:19:00Z
MOV-0001680,STR-001,SKU-701,SALE,-1,2026-08-22T08:52:00Z
MOV-0001681,STR-001,SKU-701,DELIVERY,2,2026-08-23T06:30:00Z
MOV-0001682,STR-001,SKU-701,SALE,-1,2026-08-27T16:33:00Z
MOV-0001683,STR-001,SKU-701,SALE,-1,2026-08-28T14:39:00Z
MOV-0001684,STR-001,SKU-701,DELIVERY,1,2026-08-30T06:13:00Z
MOV-0001685,STR-001,SKU-701,SALE,-1,2026-08-30T15:20:00Z
MOV-0001686,STR-002,SKU-101,SALE,-49,2026-07-06T09:54:00Z
MOV-0001687,STR-002,SKU-101,SALE,-48,2026-07-07T18:57:00Z
MOV-0001688,STR-002,SKU-101,DELIVERY,405,2026-07-08T06:24:00Z
MOV-0001689,STR-002,SKU-101,SALE,-54,2026-07-08T15:35:00Z
MOV-0001690,STR-002,SKU-101,SALE,-57,2026-07-09T09:33:00Z
MOV-0001691,STR-002,SKU-101,SALE,-66,2026-07-10T16:49:00Z
MOV-0001692,STR-002,SKU-101,SALE,-75,2026-07-11T07:14:00Z
MOV-0001693,STR-002,SKU-101,SALE,-64,2026-07-12T14:38:00Z
MOV-0001694,STR-002,SKU-101,SALE,-38,2026-07-13T15:12:00Z
MOV-0001695,STR-002,SKU-101,SALE,-51,2026-07-14T09:49:00Z
MOV-0001696,STR-002,SKU-101,DELIVERY,431,2026-07-15T06:06:00Z
MOV-0001697,STR-002,SKU-101,SALE,-59,2026-07-15T17:18:00Z
MOV-0001698,STR-002,SKU-101,SALE,-47,2026-07-16T13:15:00Z
MOV-0001699,STR-002,SKU-101,SALE,-73,2026-07-17T11:08:00Z
MOV-0001700,STR-002,SKU-101,SALE,-74,2026-07-18T10:22:00Z
MOV-0001701,STR-002,SKU-101,SALE,-79,2026-07-19T17:31:00Z
MOV-0001702,STR-002,SKU-101,SALE,-39,2026-07-20T18:32:00Z
MOV-0001703,STR-002,SKU-101,SALE,-60,2026-07-21T10:38:00Z
MOV-0001704,STR-002,SKU-101,DELIVERY,370,2026-07-22T06:21:00Z
MOV-0001705,STR-002,SKU-101,SALE,-50,2026-07-22T14:22:00Z
MOV-0001706,STR-002,SKU-101,SALE,-64,2026-07-23T17:05:00Z
MOV-0001707,STR-002,SKU-101,SALE,-75,2026-07-24T08:22:00Z
MOV-0001708,STR-002,SKU-101,SALE,-67,2026-07-25T07:37:00Z
MOV-0001709,STR-002,SKU-101,SALE,-57,2026-07-26T12:03:00Z
MOV-0001710,STR-002,SKU-101,SALE,-27,2026-07-27T18:40:00Z
MOV-0001711,STR-002,SKU-101,SALE,-30,2026-07-28T17:45:00Z
MOV-0001712,STR-002,SKU-101,DELIVERY,310,2026-07-29T06:19:00Z
MOV-0001713,STR-002,SKU-101,SALE,-43,2026-07-29T17:50:00Z
MOV-0001714,STR-002,SKU-101,SALE,-40,2026-07-30T18:33:00Z
MOV-0001715,STR-002,SKU-101,SALE,-53,2026-07-31T18:38:00Z
MOV-0001716,STR-002,SKU-101,SALE,-59,2026-08-01T14:17:00Z
MOV-0001717,STR-002,SKU-101,SALE,-48,2026-08-02T17:04:00Z
MOV-0001718,STR-002,SKU-101,SALE,-32,2026-08-03T09:47:00Z
MOV-0001719,STR-002,SKU-101,SALE,-35,2026-08-04T07:11:00Z
MOV-0001720,STR-002,SKU-101,DELIVERY,332,2026-08-05T06:40:00Z
MOV-0001721,STR-002,SKU-101,SALE,-45,2026-08-05T10:13:00Z
MOV-0001722,STR-002,SKU-101,SALE,-42,2026-08-06T11:14:00Z
MOV-0001723,STR-002,SKU-101,SALE,-49,2026-08-07T08:30:00Z
MOV-0001724,STR-002,SKU-101,SALE,-54,2026-08-08T15:33:00Z
MOV-0001725,STR-002,SKU-101,SALE,-54,2026-08-09T13:14:00Z
MOV-0001726,STR-002,SKU-101,SALE,-45,2026-08-10T09:15:00Z
MOV-0001727,STR-002,SKU-101,SALE,-43,2026-08-11T16:56:00Z
MOV-0001728,STR-002,SKU-101,DELIVERY,364,2026-08-12T06:39:00Z
MOV-0001729,STR-002,SKU-101,SALE,-46,2026-08-12T14:56:00Z
MOV-0001730,STR-002,SKU-101,SALE,-53,2026-08-13T11:03:00Z
MOV-0001731,STR-002,SKU-101,SALE,-54,2026-08-14T14:22:00Z
MOV-0001732,STR-002,SKU-101,SALE,-58,2026-08-15T09:11:00Z
MOV-0001733,STR-002,SKU-101,SALE,-65,2026-08-16T14:52:00Z
MOV-0001734,STR-002,SKU-101,SALE,-44,2026-08-17T17:40:00Z
MOV-0001735,STR-002,SKU-101,SALE,-44,2026-08-18T12:18:00Z
MOV-0001736,STR-002,SKU-101,DELIVERY,330,2026-08-19T06:48:00Z
MOV-0001737,STR-002,SKU-101,SALE,-40,2026-08-19T16:37:00Z
MOV-0001738,STR-002,SKU-101,SALE,-40,2026-08-20T17:53:00Z
MOV-0001739,STR-002,SKU-101,SALE,-61,2026-08-21T11:22:00Z
MOV-0001740,STR-002,SKU-101,SALE,-58,2026-08-22T09:55:00Z
MOV-0001741,STR-002,SKU-101,SALE,-53,2026-08-23T09:05:00Z
MOV-0001742,STR-002,SKU-101,SALE,-42,2026-08-24T08:00:00Z
MOV-0001743,STR-002,SKU-101,SALE,-36,2026-08-25T09:58:00Z
MOV-0001744,STR-002,SKU-101,DELIVERY,281,2026-08-26T06:12:00Z
MOV-0001745,STR-002,SKU-101,SALE,-35,2026-08-26T13:52:00Z
MOV-0001746,STR-002,SKU-101,SALE,-36,2026-08-27T17:03:00Z
MOV-0001747,STR-002,SKU-101,SALE,-40,2026-08-28T09:44:00Z
MOV-0001748,STR-002,SKU-101,SALE,-54,2026-08-29T09:55:00Z
MOV-0001749,STR-002,SKU-101,ADJUSTMENT,4,2026-08-29T12:56:00Z
MOV-0001750,STR-002,SKU-101,ADJUSTMENT,-1,2026-08-30T12:27:00Z
MOV-0001751,STR-002,SKU-101,SALE,-51,2026-08-30T17:03:00Z
MOV-0001752,STR-002,SKU-101,SALE,-32,2026-08-31T15:04:00Z
MOV-0001753,STR-002,SKU-101,SALE,-36,2026-09-01T10:21:00Z
MOV-0001754,STR-002,SKU-102,SALE,-35,2026-07-06T14:52:00Z
MOV-0001755,STR-002,SKU-102,SALE,-44,2026-07-07T16:30:00Z
MOV-0001756,STR-002,SKU-102,SALE,-55,2026-07-08T09:48:00Z
MOV-0001757,STR-002,SKU-102,SALE,-47,2026-07-09T12:31:00Z
MOV-0001758,STR-002,SKU-102,DELIVERY,367,2026-07-10T06:43:00Z
MOV-0001759,STR-002,SKU-102,SALE,-61,2026-07-10T16:08:00Z
MOV-0001760,STR-002,SKU-102,SALE,-56,2026-07-11T14:00:00Z
MOV-0001761,STR-002,SKU-102,SALE,-52,2026-07-12T17:21:00Z
MOV-0001762,STR-002,SKU-102,SALE,-41,2026-07-13T14:39:00Z
MOV-0001763,STR-002,SKU-102,SALE,-46,2026-07-14T11:45:00Z
MOV-0001764,STR-002,SKU-102,SALE,-58,2026-07-15T11:39:00Z
MOV-0001765,STR-002,SKU-102,SALE,-53,2026-07-16T15:10:00Z
MOV-0001766,STR-002,SKU-102,DELIVERY,365,2026-07-17T06:36:00Z
MOV-0001767,STR-002,SKU-102,SALE,-68,2026-07-17T07:14:00Z
MOV-0001768,STR-002,SKU-102,SALE,-65,2026-07-18T09:24:00Z
MOV-0001769,STR-002,SKU-102,SALE,-53,2026-07-19T08:41:00Z
MOV-0001770,STR-002,SKU-102,SALE,-39,2026-07-20T17:47:00Z
MOV-0001771,STR-002,SKU-102,SALE,-44,2026-07-21T15:28:00Z
MOV-0001772,STR-002,SKU-102,SALE,-45,2026-07-22T10:23:00Z
MOV-0001773,STR-002,SKU-102,SALE,-51,2026-07-23T10:36:00Z
MOV-0001774,STR-002,SKU-102,DELIVERY,393,2026-07-24T06:19:00Z
MOV-0001775,STR-002,SKU-102,SALE,-48,2026-07-24T16:22:00Z
MOV-0001776,STR-002,SKU-102,SALE,-61,2026-07-25T16:12:00Z
MOV-0001777,STR-002,SKU-102,SALE,-56,2026-07-26T16:26:00Z
MOV-0001778,STR-002,SKU-102,SALE,-49,2026-07-27T16:07:00Z
MOV-0001779,STR-002,SKU-102,SALE,-61,2026-07-28T18:37:00Z
MOV-0001780,STR-002,SKU-102,SALE,-53,2026-07-29T10:44:00Z
MOV-0001781,STR-002,SKU-102,SALE,-65,2026-07-30T17:35:00Z
MOV-0001782,STR-002,SKU-102,DELIVERY,474,2026-07-31T06:40:00Z
MOV-0001783,STR-002,SKU-102,SALE,-64,2026-07-31T08:54:00Z
MOV-0001784,STR-002,SKU-102,SALE,-87,2026-08-01T14:19:00Z
MOV-0001785,STR-002,SKU-102,SALE,-62,2026-08-02T10:14:00Z
MOV-0001786,STR-002,SKU-102,SALE,-45,2026-08-03T10:25:00Z
MOV-0001787,STR-002,SKU-102,SALE,-68,2026-08-04T18:11:00Z
MOV-0001788,STR-002,SKU-102,SALE,-72,2026-08-05T14:05:00Z
MOV-0001789,STR-002,SKU-102,SALE,-76,2026-08-06T12:13:00Z
MOV-0001790,STR-002,SKU-102,DELIVERY,416,2026-08-07T06:33:00Z
MOV-0001791,STR-002,SKU-102,SALE,-71,2026-08-07T16:24:00Z
MOV-0001792,STR-002,SKU-102,SALE,-68,2026-08-08T13:11:00Z
MOV-0001793,STR-002,SKU-102,SALE,-66,2026-08-09T13:45:00Z
MOV-0001794,STR-002,SKU-102,SALE,-50,2026-08-10T18:36:00Z
MOV-0001795,STR-002,SKU-102,SALE,-56,2026-08-11T14:29:00Z
MOV-0001796,STR-002,SKU-102,SALE,-59,2026-08-12T11:50:00Z
MOV-0001797,STR-002,SKU-102,SALE,-46,2026-08-13T08:54:00Z
MOV-0001798,STR-002,SKU-102,DELIVERY,1051,2026-08-14T06:29:00Z
MOV-0001799,STR-002,SKU-102,SALE,-68,2026-08-14T09:29:00Z
MOV-0001800,STR-002,SKU-102,SALE,-66,2026-08-15T09:39:00Z
MOV-0001801,STR-002,SKU-102,SALE,-60,2026-08-16T07:24:00Z
MOV-0001802,STR-002,SKU-102,SALE,-48,2026-08-17T08:49:00Z
MOV-0001803,STR-002,SKU-102,ADJUSTMENT,1,2026-08-17T12:41:00Z
MOV-0001804,STR-002,SKU-102,SALE,-54,2026-08-18T17:29:00Z
MOV-0001805,STR-002,SKU-102,SALE,-49,2026-08-19T09:36:00Z
MOV-0001806,STR-002,SKU-102,SALE,-60,2026-08-20T08:06:00Z
MOV-0001807,STR-002,SKU-102,SALE,-60,2026-08-21T09:08:00Z
MOV-0001808,STR-002,SKU-102,SALE,-71,2026-08-22T16:51:00Z
MOV-0001809,STR-002,SKU-102,SALE,-55,2026-08-23T16:52:00Z
MOV-0001810,STR-002,SKU-102,SALE,-47,2026-08-24T11:16:00Z
MOV-0001811,STR-002,SKU-102,SALE,-59,2026-08-25T12:32:00Z
MOV-0001812,STR-002,SKU-102,SALE,-73,2026-08-26T08:51:00Z
MOV-0001813,STR-002,SKU-102,SALE,-59,2026-08-27T16:06:00Z
MOV-0001814,STR-002,SKU-102,SALE,-68,2026-08-28T08:45:00Z
MOV-0001815,STR-002,SKU-102,SALE,-77,2026-08-29T10:36:00Z
MOV-0001816,STR-002,SKU-102,SALE,-81,2026-08-30T12:05:00Z
MOV-0001817,STR-002,SKU-102,SALE,-40,2026-08-31T16:16:00Z
MOV-0001818,STR-002,SKU-102,SALE,-52,2026-09-01T12:12:00Z
MOV-0001819,STR-002,SKU-103,SALE,-50,2026-07-06T09:11:00Z
MOV-0001820,STR-002,SKU-103,ADJUSTMENT,2,2026-07-07T12:18:00Z
MOV-0001821,STR-002,SKU-103,SALE,-49,2026-07-07T13:25:00Z
MOV-0001822,STR-002,SKU-103,SALE,-47,2026-07-08T13:09:00Z
MOV-0001823,STR-002,SKU-103,DELIVERY,349,2026-07-09T06:20:00Z
MOV-0001824,STR-002,SKU-103,SALE,-51,2026-07-09T11:05:00Z
MOV-0001825,STR-002,SKU-103,SALE,-65,2026-07-10T11:28:00Z
MOV-0001826,STR-002,SKU-103,SALE,-63,2026-07-11T18:16:00Z
MOV-0001827,STR-002,SKU-103,SALE,-64,2026-07-12T15:33:00Z
MOV-0001828,STR-002,SKU-103,SALE,-35,2026-07-13T18:26:00Z
MOV-0001829,STR-002,SKU-103,SALE,-35,2026-07-14T07:41:00Z
MOV-0001830,STR-002,SKU-103,SALE,-36,2026-07-15T10:11:00Z
MOV-0001831,STR-002,SKU-103,DELIVERY,344,2026-07-16T06:17:00Z
MOV-0001832,STR-002,SKU-103,SALE,-38,2026-07-16T08:42:00Z
MOV-0001833,STR-002,SKU-103,SALE,-60,2026-07-17T11:48:00Z
MOV-0001834,STR-002,SKU-103,SALE,-67,2026-07-18T10:58:00Z
MOV-0001835,STR-002,SKU-103,SALE,-43,2026-07-19T15:50:00Z
MOV-0001836,STR-002,SKU-103,SALE,-46,2026-07-20T11:50:00Z
MOV-0001837,STR-002,SKU-103,SALE,-38,2026-07-21T14:01:00Z
MOV-0001838,STR-002,SKU-103,SALE,-52,2026-07-22T18:01:00Z
MOV-0001839,STR-002,SKU-103,DELIVERY,368,2026-07-23T06:16:00Z
MOV-0001840,STR-002,SKU-103,SALE,-52,2026-07-23T16:58:00Z
MOV-0001841,STR-002,SKU-103,SALE,-57,2026-07-24T11:58:00Z
MOV-0001842,STR-002,SKU-103,SALE,-67,2026-07-25T08:44:00Z
MOV-0001843,STR-002,SKU-103,SALE,-68,2026-07-26T15:49:00Z
MOV-0001844,STR-002,SKU-103,SALE,-32,2026-07-27T11:47:00Z
MOV-0001845,STR-002,SKU-103,SALE,-43,2026-07-28T11:55:00Z
MOV-0001846,STR-002,SKU-103,SALE,-49,2026-07-29T17:53:00Z
MOV-0001847,STR-002,SKU-103,DELIVERY,356,2026-07-30T06:01:00Z
MOV-0001848,STR-002,SKU-103,SALE,-53,2026-07-30T09:23:00Z
MOV-0001849,STR-002,SKU-103,SALE,-53,2026-07-31T08:29:00Z
MOV-0001850,STR-002,SKU-103,SALE,-46,2026-08-01T08:13:00Z
MOV-0001851,STR-002,SKU-103,SALE,-61,2026-08-02T08:17:00Z
MOV-0001852,STR-002,SKU-103,SALE,-41,2026-08-03T11:37:00Z
MOV-0001853,STR-002,SKU-103,SALE,-50,2026-08-04T11:05:00Z
MOV-0001854,STR-002,SKU-103,SALE,-52,2026-08-05T08:50:00Z
MOV-0001855,STR-002,SKU-103,DELIVERY,409,2026-08-06T06:43:00Z
MOV-0001856,STR-002,SKU-103,SALE,-55,2026-08-06T18:53:00Z
MOV-0001857,STR-002,SKU-103,SALE,-63,2026-08-07T08:30:00Z
MOV-0001858,STR-002,SKU-103,SALE,-67,2026-08-08T18:56:00Z
MOV-0001859,STR-002,SKU-103,SALE,-76,2026-08-09T08:00:00Z
MOV-0001860,STR-002,SKU-103,SALE,-48,2026-08-10T18:21:00Z
MOV-0001861,STR-002,SKU-103,ADJUSTMENT,4,2026-08-11T12:20:00Z
MOV-0001862,STR-002,SKU-103,SALE,-54,2026-08-11T14:07:00Z
MOV-0001863,STR-002,SKU-103,SALE,-50,2026-08-12T16:54:00Z
MOV-0001864,STR-002,SKU-103,DELIVERY,401,2026-08-13T06:13:00Z
MOV-0001865,STR-002,SKU-103,SALE,-55,2026-08-13T12:25:00Z
MOV-0001866,STR-002,SKU-103,SALE,-64,2026-08-14T11:15:00Z
MOV-0001867,STR-002,SKU-103,SALE,-61,2026-08-15T13:35:00Z
MOV-0001868,STR-002,SKU-103,SALE,-68,2026-08-16T07:17:00Z
MOV-0001869,STR-002,SKU-103,SALE,-50,2026-08-17T10:19:00Z
MOV-0001870,STR-002,SKU-103,SALE,-48,2026-08-18T09:50:00Z
MOV-0001871,STR-002,SKU-103,SALE,-55,2026-08-19T07:01:00Z
MOV-0001872,STR-002,SKU-103,DELIVERY,408,2026-08-20T06:19:00Z
MOV-0001873,STR-002,SKU-103,SALE,-64,2026-08-20T11:16:00Z
MOV-0001874,STR-002,SKU-103,SALE,-79,2026-08-21T14:45:00Z
MOV-0001875,STR-002,SKU-103,SALE,-72,2026-08-22T17:23:00Z
MOV-0001876,STR-002,SKU-103,SALE,-56,2026-08-23T18:17:00Z
MOV-0001877,STR-002,SKU-103,SALE,-44,2026-08-24T11:34:00Z
MOV-0001878,STR-002,SKU-103,SALE,-44,2026-08-25T12:15:00Z
MOV-0001879,STR-002,SKU-103,SALE,-49,2026-08-26T14:05:00Z
MOV-0001880,STR-002,SKU-103,DELIVERY,322,2026-08-27T06:07:00Z
MOV-0001881,STR-002,SKU-103,SALE,-59,2026-08-27T14:03:00Z
MOV-0001882,STR-002,SKU-103,SALE,-53,2026-08-28T08:50:00Z
MOV-0001883,STR-002,SKU-103,SALE,-70,2026-08-29T13:17:00Z
MOV-0001884,STR-002,SKU-103,SALE,-63,2026-08-30T14:12:00Z
MOV-0001885,STR-002,SKU-103,SALE,-33,2026-08-31T09:45:00Z
MOV-0001886,STR-002,SKU-103,SALE,-44,2026-09-01T10:23:00Z
MOV-0001887,STR-002,SKU-104,SALE,-33,2026-07-06T16:41:00Z
MOV-0001888,STR-002,SKU-104,SALE,-29,2026-07-07T07:06:00Z
MOV-0001889,STR-002,SKU-104,DELIVERY,266,2026-07-08T06:26:00Z
MOV-0001890,STR-002,SKU-104,SALE,-33,2026-07-08T12:17:00Z
MOV-0001891,STR-002,SKU-104,SALE,-42,2026-07-09T12:48:00Z
MOV-0001892,STR-002,SKU-104,SALE,-47,2026-07-10T10:04:00Z
MOV-0001893,STR-002,SKU-104,SALE,-50,2026-07-11T17:45:00Z
MOV-0001894,STR-002,SKU-104,SALE,-41,2026-07-12T09:01:00Z
MOV-0001895,STR-002,SKU-104,SALE,-27,2026-07-13T08:52:00Z
MOV-0001896,STR-002,SKU-104,SALE,-26,2026-07-14T10:22:00Z
MOV-0001897,STR-002,SKU-104,DELIVERY,222,2026-07-15T06:37:00Z
MOV-0001898,STR-002,SKU-104,SALE,-28,2026-07-15T15:30:00Z
MOV-0001899,STR-002,SKU-104,SALE,-31,2026-07-16T09:11:00Z
MOV-0001900,STR-002,SKU-104,SALE,-34,2026-07-17T13:26:00Z
MOV-0001901,STR-002,SKU-104,SALE,-48,2026-07-18T12:20:00Z
MOV-0001902,STR-002,SKU-104,SALE,-34,2026-07-19T07:41:00Z
MOV-0001903,STR-002,SKU-104,SALE,-23,2026-07-20T13:53:00Z
MOV-0001904,STR-002,SKU-104,SALE,-24,2026-07-21T12:29:00Z
MOV-0001905,STR-002,SKU-104,DELIVERY,229,2026-07-22T06:50:00Z
MOV-0001906,STR-002,SKU-104,SALE,-24,2026-07-22T14:58:00Z
MOV-0001907,STR-002,SKU-104,SALE,-33,2026-07-23T09:18:00Z
MOV-0001908,STR-002,SKU-104,SALE,-34,2026-07-24T09:18:00Z
MOV-0001909,STR-002,SKU-104,SALE,-41,2026-07-25T14:43:00Z
MOV-0001910,STR-002,SKU-104,SALE,-37,2026-07-26T13:23:00Z
MOV-0001911,STR-002,SKU-104,ADJUSTMENT,3,2026-07-27T12:53:00Z
MOV-0001912,STR-002,SKU-104,SALE,-35,2026-07-27T17:21:00Z
MOV-0001913,STR-002,SKU-104,SALE,-28,2026-07-28T15:01:00Z
MOV-0001914,STR-002,SKU-104,DELIVERY,257,2026-07-29T06:20:00Z
MOV-0001915,STR-002,SKU-104,SALE,-39,2026-07-29T10:28:00Z
MOV-0001916,STR-002,SKU-104,SALE,-43,2026-07-30T14:52:00Z
MOV-0001917,STR-002,SKU-104,SALE,-35,2026-07-31T09:13:00Z
MOV-0001918,STR-002,SKU-104,SALE,-49,2026-08-01T13:17:00Z
MOV-0001919,STR-002,SKU-104,SALE,-39,2026-08-02T10:53:00Z
MOV-0001920,STR-002,SKU-104,SALE,-20,2026-08-03T17:30:00Z
MOV-0001921,STR-002,SKU-104,SALE,-32,2026-08-04T17:28:00Z
MOV-0001922,STR-002,SKU-104,DELIVERY,230,2026-08-05T06:45:00Z
MOV-0001923,STR-002,SKU-104,SALE,-25,2026-08-05T11:08:00Z
MOV-0001924,STR-002,SKU-104,SALE,-33,2026-08-06T12:24:00Z
MOV-0001925,STR-002,SKU-104,SALE,-32,2026-08-07T07:26:00Z
MOV-0001926,STR-002,SKU-104,SALE,-43,2026-08-08T14:51:00Z
MOV-0001927,STR-002,SKU-104,SALE,-41,2026-08-09T09:48:00Z
MOV-0001928,STR-002,SKU-104,SALE,-27,2026-08-10T09:24:00Z
MOV-0001929,STR-002,SKU-104,SALE,-29,2026-08-11T14:20:00Z
MOV-0001930,STR-002,SKU-104,DELIVERY,228,2026-08-12T06:27:00Z
MOV-0001931,STR-002,SKU-104,SALE,-33,2026-08-12T13:20:00Z
MOV-0001932,STR-002,SKU-104,SALE,-32,2026-08-13T13:33:00Z
MOV-0001933,STR-002,SKU-104,SALE,-35,2026-08-14T12:34:00Z
MOV-0001934,STR-002,SKU-104,SALE,-42,2026-08-15T13:17:00Z
MOV-0001935,STR-002,SKU-104,SALE,-35,2026-08-16T14:35:00Z
MOV-0001936,STR-002,SKU-104,SALE,-21,2026-08-17T08:25:00Z
MOV-0001937,STR-002,SKU-104,SALE,-30,2026-08-18T12:29:00Z
MOV-0001938,STR-002,SKU-104,DELIVERY,226,2026-08-19T06:35:00Z
MOV-0001939,STR-002,SKU-104,SALE,-30,2026-08-19T13:37:00Z
MOV-0001940,STR-002,SKU-104,SALE,-26,2026-08-20T17:23:00Z
MOV-0001941,STR-002,SKU-104,SALE,-36,2026-08-21T10:43:00Z
MOV-0001942,STR-002,SKU-104,SALE,-41,2026-08-22T14:11:00Z
MOV-0001943,STR-002,SKU-104,SALE,-35,2026-08-23T14:58:00Z
MOV-0001944,STR-002,SKU-104,SALE,-25,2026-08-24T09:52:00Z
MOV-0001945,STR-002,SKU-104,SALE,-33,2026-08-25T18:22:00Z
MOV-0001946,STR-002,SKU-104,DELIVERY,246,2026-08-26T06:46:00Z
MOV-0001947,STR-002,SKU-104,SALE,-32,2026-08-26T15:51:00Z
MOV-0001948,STR-002,SKU-104,SALE,-35,2026-08-27T08:14:00Z
MOV-0001949,STR-002,SKU-104,SALE,-39,2026-08-28T15:34:00Z
MOV-0001950,STR-002,SKU-104,SALE,-36,2026-08-29T09:22:00Z
MOV-0001951,STR-002,SKU-104,SALE,-43,2026-08-30T16:28:00Z
MOV-0001952,STR-002,SKU-104,SALE,-32,2026-08-31T07:27:00Z
MOV-0001953,STR-002,SKU-104,SALE,-29,2026-09-01T17:17:00Z
MOV-0001954,STR-002,SKU-105,SALE,-21,2026-07-06T17:53:00Z
MOV-0001955,STR-002,SKU-105,SALE,-20,2026-07-07T17:57:00Z
MOV-0001956,STR-002,SKU-105,SALE,-28,2026-07-08T11:23:00Z
MOV-0001957,STR-002,SKU-105,SALE,-22,2026-07-09T17:15:00Z
MOV-0001958,STR-002,SKU-105,SALE,-32,2026-07-10T08:18:00Z
MOV-0001959,STR-002,SKU-105,SALE,-29,2026-07-11T18:55:00Z
MOV-0001960,STR-002,SKU-105,DELIVERY,169,2026-07-12T06:43:00Z
MOV-0001961,STR-002,SKU-105,SALE,-30,2026-07-12T13:12:00Z
MOV-0001962,STR-002,SKU-105,SALE,-21,2026-07-13T15:48:00Z
MOV-0001963,STR-002,SKU-105,SALE,-22,2026-07-14T18:29:00Z
MOV-0001964,STR-002,SKU-105,SALE,-25,2026-07-15T08:40:00Z
MOV-0001965,STR-002,SKU-105,SALE,-21,2026-07-16T08:39:00Z
MOV-0001966,STR-002,SKU-105,ADJUSTMENT,-2,2026-07-16T12:49:00Z
MOV-0001967,STR-002,SKU-105,SALE,-21,2026-07-17T10:39:00Z
MOV-0001968,STR-002,SKU-105,SALE,-27,2026-07-18T11:18:00Z
MOV-0001969,STR-002,SKU-105,DELIVERY,150,2026-07-19T06:24:00Z
MOV-0001970,STR-002,SKU-105,SALE,-23,2026-07-19T15:10:00Z
MOV-0001971,STR-002,SKU-105,SALE,-20,2026-07-20T16:52:00Z
MOV-0001972,STR-002,SKU-105,SALE,-17,2026-07-21T15:05:00Z
MOV-0001973,STR-002,SKU-105,SALE,-19,2026-07-22T14:43:00Z
MOV-0001974,STR-002,SKU-105,SALE,-21,2026-07-23T17:56:00Z
MOV-0001975,STR-002,SKU-105,SALE,-21,2026-07-24T13:13:00Z
MOV-0001976,STR-002,SKU-105,SALE,-29,2026-07-25T09:12:00Z
MOV-0001977,STR-002,SKU-105,DELIVERY,179,2026-07-26T06:58:00Z
MOV-0001978,STR-002,SKU-105,SALE,-24,2026-07-26T14:33:00Z
MOV-0001979,STR-002,SKU-105,SALE,-20,2026-07-27T11:11:00Z
MOV-0001980,STR-002,SKU-105,SALE,-27,2026-07-28T08:36:00Z
MOV-0001981,STR-002,SKU-105,SALE,-25,2026-07-29T14:46:00Z
MOV-0001982,STR-002,SKU-105,SALE,-22,2026-07-30T07:08:00Z
MOV-0001983,STR-002,SKU-105,SALE,-31,2026-07-31T07:20:00Z
MOV-0001984,STR-002,SKU-105,SALE,-30,2026-08-01T12:35:00Z
MOV-0001985,STR-002,SKU-105,DELIVERY,209,2026-08-02T06:03:00Z
MOV-0001986,STR-002,SKU-105,SALE,-27,2026-08-02T09:34:00Z
MOV-0001987,STR-002,SKU-105,SALE,-25,2026-08-03T08:15:00Z
MOV-0001988,STR-002,SKU-105,SALE,-30,2026-08-04T16:29:00Z
MOV-0001989,STR-002,SKU-105,SALE,-30,2026-08-05T07:35:00Z
MOV-0001990,STR-002,SKU-105,SALE,-24,2026-08-06T10:51:00Z
MOV-0001991,STR-002,SKU-105,SALE,-38,2026-08-07T17:25:00Z
MOV-0001992,STR-002,SKU-105,SALE,-35,2026-08-08T08:35:00Z
MOV-0001993,STR-002,SKU-105,DELIVERY,161,2026-08-09T06:53:00Z
MOV-0001994,STR-002,SKU-105,SALE,-27,2026-08-09T11:57:00Z
MOV-0001995,STR-002,SKU-105,SALE,-17,2026-08-10T14:06:00Z
MOV-0001996,STR-002,SKU-105,SALE,-17,2026-08-11T08:53:00Z
MOV-0001997,STR-002,SKU-105,SALE,-26,2026-08-12T12:51:00Z
MOV-0001998,STR-002,SKU-105,SALE,-21,2026-08-13T18:12:00Z
MOV-0001999,STR-002,SKU-105,SALE,-26,2026-08-14T16:32:00Z
MOV-0002000,STR-002,SKU-105,SALE,-27,2026-08-15T07:24:00Z
MOV-0002001,STR-002,SKU-105,DELIVERY,153,2026-08-16T06:03:00Z
MOV-0002002,STR-002,SKU-105,SALE,-24,2026-08-16T13:27:00Z
MOV-0002003,STR-002,SKU-105,SALE,-16,2026-08-17T08:48:00Z
MOV-0002004,STR-002,SKU-105,SALE,-18,2026-08-18T13:49:00Z
MOV-0002005,STR-002,SKU-105,SALE,-23,2026-08-19T15:29:00Z
MOV-0002006,STR-002,SKU-105,SALE,-23,2026-08-20T08:04:00Z
MOV-0002007,STR-002,SKU-105,SALE,-25,2026-08-21T11:18:00Z
MOV-0002008,STR-002,SKU-105,SALE,-24,2026-08-22T12:27:00Z
MOV-0002009,STR-002,SKU-105,DELIVERY,175,2026-08-23T06:23:00Z
MOV-0002010,STR-002,SKU-105,SALE,-23,2026-08-23T14:48:00Z
MOV-0002011,STR-002,SKU-105,SALE,-16,2026-08-24T12:58:00Z
MOV-0002012,STR-002,SKU-105,SALE,-21,2026-08-25T18:00:00Z
MOV-0002013,STR-002,SKU-105,SALE,-26,2026-08-26T14:47:00Z
MOV-0002014,STR-002,SKU-105,SALE,-26,2026-08-27T11:04:00Z
MOV-0002015,STR-002,SKU-105,SALE,-30,2026-08-28T10:35:00Z
MOV-0002016,STR-002,SKU-105,ADJUSTMENT,-2,2026-08-29T12:09:00Z
MOV-0002017,STR-002,SKU-105,SALE,-31,2026-08-29T13:30:00Z
MOV-0002018,STR-002,SKU-105,DELIVERY,67,2026-08-30T06:27:00Z
MOV-0002019,STR-002,SKU-105,SALE,-31,2026-08-30T13:28:00Z
MOV-0002020,STR-002,SKU-105,SALE,-17,2026-08-31T17:12:00Z
MOV-0002021,STR-002,SKU-105,SALE,-19,2026-09-01T13:31:00Z
MOV-0002022,STR-002,SKU-201,SALE,-37,2026-07-06T16:53:00Z
MOV-0002023,STR-002,SKU-201,SALE,-37,2026-07-07T14:15:00Z
MOV-0002024,STR-002,SKU-201,SALE,-44,2026-07-08T09:20:00Z
MOV-0002025,STR-002,SKU-201,DELIVERY,306,2026-07-09T06:21:00Z
MOV-0002026,STR-002,SKU-201,SALE,-37,2026-07-09T07:55:00Z
MOV-0002027,STR-002,SKU-201,SALE,-38,2026-07-10T15:49:00Z
MOV-0002028,STR-002,SKU-201,SALE,-54,2026-07-11T12:06:00Z
MOV-0002029,STR-002,SKU-201,SALE,-45,2026-07-12T16:30:00Z
MOV-0002030,STR-002,SKU-201,SALE,-42,2026-07-13T18:14:00Z
MOV-0002031,STR-002,SKU-201,SALE,-44,2026-07-14T15:41:00Z
MOV-0002032,STR-002,SKU-201,SALE,-46,2026-07-15T17:52:00Z
MOV-0002033,STR-002,SKU-201,DELIVERY,359,2026-07-16T06:30:00Z
MOV-0002034,STR-002,SKU-201,SALE,-43,2026-07-16T14:28:00Z
MOV-0002035,STR-002,SKU-201,SALE,-53,2026-07-17T10:04:00Z
MOV-0002036,STR-002,SKU-201,SALE,-59,2026-07-18T12:14:00Z
MOV-0002037,STR-002,SKU-201,SALE,-61,2026-07-19T14:53:00Z
MOV-0002038,STR-002,SKU-201,SALE,-37,2026-07-20T12:02:00Z
MOV-0002039,STR-002,SKU-201,SALE,-53,2026-07-21T10:01:00Z
MOV-0002040,STR-002,SKU-201,SALE,-53,2026-07-22T10:58:00Z
MOV-0002041,STR-002,SKU-201,DELIVERY,333,2026-07-23T06:13:00Z
MOV-0002042,STR-002,SKU-201,SALE,-54,2026-07-23T17:31:00Z
MOV-0002043,STR-002,SKU-201,SALE,-49,2026-07-24T16:51:00Z
MOV-0002044,STR-002,SKU-201,SALE,-56,2026-07-25T17:56:00Z
MOV-0002045,STR-002,SKU-201,SALE,-66,2026-07-26T16:26:00Z
MOV-0002046,STR-002,SKU-201,SALE,-33,2026-07-27T12:45:00Z
MOV-0002047,STR-002,SKU-201,SALE,-41,2026-07-28T13:47:00Z
MOV-0002048,STR-002,SKU-201,SALE,-34,2026-07-29T18:01:00Z
MOV-0002049,STR-002,SKU-201,DELIVERY,310,2026-07-30T06:51:00Z
MOV-0002050,STR-002,SKU-201,SALE,-34,2026-07-30T18:04:00Z
MOV-0002051,STR-002,SKU-201,SALE,-47,2026-07-31T09:09:00Z
MOV-0002052,STR-002,SKU-201,SALE,-50,2026-08-01T10:37:00Z
MOV-0002053,STR-002,SKU-201,SALE,-41,2026-08-02T07:03:00Z
MOV-0002054,STR-002,SKU-201,SALE,-32,2026-08-03T15:17:00Z
MOV-0002055,STR-002,SKU-201,SALE,-53,2026-08-04T12:50:00Z
MOV-0002056,STR-002,SKU-201,SALE,-53,2026-08-05T07:03:00Z
MOV-0002057,STR-002,SKU-201,DELIVERY,352,2026-08-06T06:58:00Z
MOV-0002058,STR-002,SKU-201,SALE,-52,2026-08-06T12:21:00Z
MOV-0002059,STR-002,SKU-201,SALE,-57,2026-08-07T11:09:00Z
MOV-0002060,STR-002,SKU-201,SALE,-56,2026-08-08T10:40:00Z
MOV-0002061,STR-002,SKU-201,SALE,-64,2026-08-09T16:48:00Z
MOV-0002062,STR-002,SKU-201,SALE,-40,2026-08-10T15:41:00Z
MOV-0002063,STR-002,SKU-201,SALE,-35,2026-08-11T14:01:00Z
MOV-0002064,STR-002,SKU-201,SALE,-48,2026-08-12T13:34:00Z
MOV-0002065,STR-002,SKU-201,DELIVERY,351,2026-08-13T06:53:00Z
MOV-0002066,STR-002,SKU-201,SALE,-45,2026-08-13T11:18:00Z
MOV-0002067,STR-002,SKU-201,SALE,-51,2026-08-14T15:54:00Z
MOV-0002068,STR-002,SKU-201,SALE,-65,2026-08-15T18:51:00Z
MOV-0002069,STR-002,SKU-201,SALE,-65,2026-08-16T13:30:00Z
MOV-0002070,STR-002,SKU-201,SALE,-35,2026-08-17T17:10:00Z
MOV-0002071,STR-002,SKU-201,SALE,-45,2026-08-18T14:52:00Z
MOV-0002072,STR-002,SKU-201,SALE,-45,2026-08-19T13:13:00Z
MOV-0002073,STR-002,SKU-201,DELIVERY,323,2026-08-20T06:19:00Z
MOV-0002074,STR-002,SKU-201,SALE,-47,2026-08-20T15:21:00Z
MOV-0002075,STR-002,SKU-201,SALE,-52,2026-08-21T11:40:00Z
MOV-0002076,STR-002,SKU-201,SALE,-44,2026-08-22T18:17:00Z
MOV-0002077,STR-002,SKU-201,SALE,-48,2026-08-23T14:50:00Z
MOV-0002078,STR-002,SKU-201,SALE,-39,2026-08-24T15:24:00Z
MOV-0002079,STR-002,SKU-201,SALE,-47,2026-08-25T14:27:00Z
MOV-0002080,STR-002,SKU-201,SALE,-46,2026-08-26T15:45:00Z
MOV-0002081,STR-002,SKU-201,DELIVERY,310,2026-08-27T06:55:00Z
MOV-0002082,STR-002,SKU-201,SALE,-50,2026-08-27T10:04:00Z
MOV-0002083,STR-002,SKU-201,SALE,-47,2026-08-28T14:29:00Z
MOV-0002084,STR-002,SKU-201,SALE,-70,2026-08-29T12:03:00Z
MOV-0002085,STR-002,SKU-201,SALE,-46,2026-08-30T07:00:00Z
MOV-0002086,STR-002,SKU-201,SALE,-47,2026-08-31T15:01:00Z
MOV-0002087,STR-002,SKU-201,SALE,-50,2026-09-01T18:30:00Z
MOV-0002088,STR-002,SKU-202,SALE,-35,2026-07-06T13:13:00Z
MOV-0002089,STR-002,SKU-202,SALE,-37,2026-07-07T15:02:00Z
MOV-0002090,STR-002,SKU-202,SALE,-42,2026-07-08T10:48:00Z
MOV-0002091,STR-002,SKU-202,SALE,-52,2026-07-09T13:30:00Z
MOV-0002092,STR-002,SKU-202,DELIVERY,276,2026-07-10T06:17:00Z
MOV-0002093,STR-002,SKU-202,SALE,-43,2026-07-10T16:28:00Z
MOV-0002094,STR-002,SKU-202,SALE,-48,2026-07-11T16:24:00Z
MOV-0002095,STR-002,SKU-202,SALE,-50,2026-07-12T16:50:00Z
MOV-0002096,STR-002,SKU-202,SALE,-31,2026-07-13T14:41:00Z
MOV-0002097,STR-002,SKU-202,SALE,-30,2026-07-14T17:08:00Z
MOV-0002098,STR-002,SKU-202,SALE,-37,2026-07-15T07:17:00Z
MOV-0002099,STR-002,SKU-202,SALE,-37,2026-07-16T15:55:00Z
MOV-0002100,STR-002,SKU-202,DELIVERY,281,2026-07-17T06:51:00Z
MOV-0002101,STR-002,SKU-202,SALE,-42,2026-07-17T09:11:00Z
MOV-0002102,STR-002,SKU-202,SALE,-39,2026-07-18T18:11:00Z
MOV-0002103,STR-002,SKU-202,SALE,-39,2026-07-19T18:19:00Z
MOV-0002104,STR-002,SKU-202,SALE,-27,2026-07-20T18:57:00Z
MOV-0002105,STR-002,SKU-202,ADJUSTMENT,2,2026-07-21T12:01:00Z
MOV-0002106,STR-002,SKU-202,SALE,-44,2026-07-21T14:16:00Z
MOV-0002107,STR-002,SKU-202,SALE,-44,2026-07-22T08:33:00Z
MOV-0002108,STR-002,SKU-202,SALE,-48,2026-07-23T16:50:00Z
MOV-0002109,STR-002,SKU-202,DELIVERY,243,2026-07-24T06:35:00Z
MOV-0002110,STR-002,SKU-202,SALE,-42,2026-07-24T13:53:00Z
MOV-0002111,STR-002,SKU-202,SALE,-43,2026-07-25T14:42:00Z
MOV-0002112,STR-002,SKU-202,SALE,-38,2026-07-26T13:17:00Z
MOV-0002113,STR-002,SKU-202,SALE,-29,2026-07-27T08:48:00Z
MOV-0002114,STR-002,SKU-202,SALE,-31,2026-07-28T18:49:00Z
MOV-0002115,STR-002,SKU-202,SALE,-28,2026-07-29T15:56:00Z
MOV-0002116,STR-002,SKU-202,SALE,-32,2026-07-30T10:36:00Z
MOV-0002117,STR-002,SKU-202,DELIVERY,244,2026-07-31T06:40:00Z
MOV-0002118,STR-002,SKU-202,SALE,-27,2026-07-31T09:20:00Z
MOV-0002119,STR-002,SKU-202,SALE,-42,2026-08-01T10:04:00Z
MOV-0002120,STR-002,SKU-202,SALE,-40,2026-08-02T09:50:00Z
MOV-0002121,STR-002,SKU-202,SALE,-30,2026-08-03T16:55:00Z
MOV-0002122,STR-002,SKU-202,SALE,-32,2026-08-04T07:42:00Z
MOV-0002123,STR-002,SKU-202,SALE,-37,2026-08-05T16:20:00Z
MOV-0002124,STR-002,SKU-202,SALE,-36,2026-08-06T09:18:00Z
MOV-0002125,STR-002,SKU-202,DELIVERY,319,2026-08-07T06:49:00Z
MOV-0002126,STR-002,SKU-202,SALE,-38,2026-08-07T12:15:00Z
MOV-0002127,STR-002,SKU-202,SALE,-55,2026-08-08T14:47:00Z
MOV-0002128,STR-002,SKU-202,SALE,-45,2026-08-09T16:10:00Z
MOV-0002129,STR-002,SKU-202,SALE,-45,2026-08-10T08:48:00Z
MOV-0002130,STR-002,SKU-202,SALE,-38,2026-08-11T09:57:00Z
MOV-0002131,STR-002,SKU-202,SALE,-42,2026-08-12T17:11:00Z
MOV-0002132,STR-002,SKU-202,SALE,-56,2026-08-13T15:24:00Z
MOV-0002133,STR-002,SKU-202,DELIVERY,273,2026-08-14T06:55:00Z
MOV-0002134,STR-002,SKU-202,SALE,-49,2026-08-14T15:00:00Z
MOV-0002135,STR-002,SKU-202,SALE,-51,2026-08-15T07:56:00Z
MOV-0002136,STR-002,SKU-202,SALE,-53,2026-08-16T16:49:00Z
MOV-0002137,STR-002,SKU-202,SALE,-25,2026-08-17T09:37:00Z
MOV-0002138,STR-002,SKU-202,SALE,-27,2026-08-18T16:11:00Z
MOV-0002139,STR-002,SKU-202,SALE,-31,2026-08-19T18:27:00Z
MOV-0002140,STR-002,SKU-202,SALE,-37,2026-08-20T18:44:00Z
MOV-0002141,STR-002,SKU-202,DELIVERY,256,2026-08-21T06:02:00Z
MOV-0002142,STR-002,SKU-202,SALE,-45,2026-08-21T11:48:00Z
MOV-0002143,STR-002,SKU-202,SALE,-42,2026-08-22T07:56:00Z
MOV-0002144,STR-002,SKU-202,SALE,-37,2026-08-23T18:56:00Z
MOV-0002145,STR-002,SKU-202,SALE,-31,2026-08-24T07:49:00Z
MOV-0002146,STR-002,SKU-202,SALE,-34,2026-08-25T17:15:00Z
MOV-0002147,STR-002,SKU-202,SALE,-36,2026-08-26T13:32:00Z
MOV-0002148,STR-002,SKU-202,SALE,-31,2026-08-27T17:28:00Z
MOV-0002149,STR-002,SKU-202,DELIVERY,201,2026-08-28T06:05:00Z
MOV-0002150,STR-002,SKU-202,SALE,-37,2026-08-28T13:52:00Z
MOV-0002151,STR-002,SKU-202,SALE,-39,2026-08-29T14:46:00Z
MOV-0002152,STR-002,SKU-202,SALE,-38,2026-08-30T09:23:00Z
MOV-0002153,STR-002,SKU-202,SALE,-43,2026-08-31T07:08:00Z
MOV-0002154,STR-002,SKU-202,SALE,-44,2026-09-01T12:54:00Z
MOV-0002155,STR-002,SKU-203,SALE,-57,2026-07-06T16:47:00Z
MOV-0002156,STR-002,SKU-203,SALE,-51,2026-07-07T09:31:00Z
MOV-0002157,STR-002,SKU-203,DELIVERY,461,2026-07-08T06:13:00Z
MOV-0002158,STR-002,SKU-203,ADJUSTMENT,-1,2026-07-08T12:45:00Z
MOV-0002159,STR-002,SKU-203,SALE,-52,2026-07-08T14:52:00Z
MOV-0002160,STR-002,SKU-203,SALE,-70,2026-07-09T08:17:00Z
MOV-0002161,STR-002,SKU-203,SALE,-83,2026-07-10T08:21:00Z
MOV-0002162,STR-002,SKU-203,SALE,-95,2026-07-11T10:02:00Z
MOV-0002163,STR-002,SKU-203,SALE,-68,2026-07-12T16:12:00Z
MOV-0002164,STR-002,SKU-203,SALE,-38,2026-07-13T16:40:00Z
MOV-0002165,STR-002,SKU-203,SALE,-54,2026-07-14T07:22:00Z
MOV-0002166,STR-002,SKU-203,DELIVERY,388,2026-07-15T06:40:00Z
MOV-0002167,STR-002,SKU-203,SALE,-47,2026-07-15T14:43:00Z
MOV-0002168,STR-002,SKU-203,SALE,-61,2026-07-16T09:06:00Z
MOV-0002169,STR-002,SKU-203,SALE,-51,2026-07-17T11:37:00Z
MOV-0002170,STR-002,SKU-203,SALE,-70,2026-07-18T18:21:00Z
MOV-0002171,STR-002,SKU-203,SALE,-61,2026-07-19T14:22:00Z
MOV-0002172,STR-002,SKU-203,SALE,-44,2026-07-20T14:47:00Z
MOV-0002173,STR-002,SKU-203,SALE,-54,2026-07-21T09:21:00Z
MOV-0002174,STR-002,SKU-203,DELIVERY,357,2026-07-22T06:23:00Z
MOV-0002175,STR-002,SKU-203,SALE,-59,2026-07-22T14:32:00Z
MOV-0002176,STR-002,SKU-203,SALE,-44,2026-07-23T15:56:00Z
MOV-0002177,STR-002,SKU-203,SALE,-46,2026-07-24T12:07:00Z
MOV-0002178,STR-002,SKU-203,SALE,-55,2026-07-25T14:32:00Z
MOV-0002179,STR-002,SKU-203,SALE,-62,2026-07-26T16:07:00Z
MOV-0002180,STR-002,SKU-203,SALE,-43,2026-07-27T15:34:00Z
MOV-0002181,STR-002,SKU-203,SALE,-48,2026-07-28T16:58:00Z
MOV-0002182,STR-002,SKU-203,DELIVERY,419,2026-07-29T06:14:00Z
MOV-0002183,STR-002,SKU-203,SALE,-64,2026-07-29T12:50:00Z
MOV-0002184,STR-002,SKU-203,SALE,-68,2026-07-30T08:38:00Z
MOV-0002185,STR-002,SKU-203,SALE,-69,2026-07-31T09:33:00Z
MOV-0002186,STR-002,SKU-203,SALE,-66,2026-08-01T11:45:00Z
MOV-0002187,STR-002,SKU-203,SALE,-60,2026-08-02T13:19:00Z
MOV-0002188,STR-002,SKU-203,SALE,-40,2026-08-03T16:25:00Z
MOV-0002189,STR-002,SKU-203,SALE,-52,2026-08-04T18:44:00Z
MOV-0002190,STR-002,SKU-203,DELIVERY,380,2026-08-05T06:38:00Z
MOV-0002191,STR-002,SKU-203,SALE,-53,2026-08-05T11:25:00Z
MOV-0002192,STR-002,SKU-203,SALE,-55,2026-08-06T15:13:00Z
MOV-0002193,STR-002,SKU-203,SALE,-48,2026-08-07T15:00:00Z
MOV-0002194,STR-002,SKU-203,SALE,-50,2026-08-08T08:36:00Z
MOV-0002195,STR-002,SKU-203,SALE,-57,2026-08-09T12:27:00Z
MOV-0002196,STR-002,SKU-203,SALE,-60,2026-08-10T11:09:00Z
MOV-0002197,STR-002,SKU-203,SALE,-57,2026-08-11T17:54:00Z
MOV-0002198,STR-002,SKU-203,DELIVERY,481,2026-08-12T06:41:00Z
MOV-0002199,STR-002,SKU-203,SALE,-69,2026-08-12T09:50:00Z
MOV-0002200,STR-002,SKU-203,SALE,-52,2026-08-13T11:42:00Z
MOV-0002201,STR-002,SKU-203,SALE,-82,2026-08-14T08:19:00Z
MOV-0002202,STR-002,SKU-203,SALE,-92,2026-08-15T08:44:00Z
MOV-0002203,STR-002,SKU-203,SALE,-82,2026-08-16T07:08:00Z
MOV-0002204,STR-002,SKU-203,SALE,-49,2026-08-17T08:37:00Z
MOV-0002205,STR-002,SKU-203,SALE,-55,2026-08-18T13:09:00Z
MOV-0002206,STR-002,SKU-203,DELIVERY,427,2026-08-19T06:16:00Z
MOV-0002207,STR-002,SKU-203,SALE,-59,2026-08-19T07:55:00Z
MOV-0002208,STR-002,SKU-203,SALE,-65,2026-08-20T08:40:00Z
MOV-0002209,STR-002,SKU-203,SALE,-55,2026-08-21T14:52:00Z
MOV-0002210,STR-002,SKU-203,SALE,-70,2026-08-22T07:34:00Z
MOV-0002211,STR-002,SKU-203,SALE,-69,2026-08-23T17:19:00Z
MOV-0002212,STR-002,SKU-203,SALE,-43,2026-08-24T08:04:00Z
MOV-0002213,STR-002,SKU-203,SALE,-66,2026-08-25T08:23:00Z
MOV-0002214,STR-002,SKU-203,DELIVERY,456,2026-08-26T06:02:00Z
MOV-0002215,STR-002,SKU-203,SALE,-65,2026-08-26T08:48:00Z
MOV-0002216,STR-002,SKU-203,SALE,-65,2026-08-27T17:14:00Z
MOV-0002217,STR-002,SKU-203,SALE,-71,2026-08-28T08:21:00Z
MOV-0002218,STR-002,SKU-203,SALE,-74,2026-08-29T10:26:00Z
MOV-0002219,STR-002,SKU-203,SALE,-83,2026-08-30T14:20:00Z
MOV-0002220,STR-002,SKU-203,SALE,-47,2026-08-31T07:15:00Z
MOV-0002221,STR-002,SKU-203,SALE,-51,2026-09-01T15:10:00Z
MOV-0002222,STR-002,SKU-204,SALE,-20,2026-07-06T18:42:00Z
MOV-0002223,STR-002,SKU-204,SALE,-24,2026-07-07T07:56:00Z
MOV-0002224,STR-002,SKU-204,SALE,-24,2026-07-08T18:18:00Z
MOV-0002225,STR-002,SKU-204,SALE,-21,2026-07-09T10:30:00Z
MOV-0002226,STR-002,SKU-204,SALE,-22,2026-07-10T07:15:00Z
MOV-0002227,STR-002,SKU-204,SALE,-29,2026-07-11T15:49:00Z
MOV-0002228,STR-002,SKU-204,DELIVERY,171,2026-07-12T06:49:00Z
MOV-0002229,STR-002,SKU-204,SALE,-30,2026-07-12T13:46:00Z
MOV-0002230,STR-002,SKU-204,SALE,-18,2026-07-13T13:47:00Z
MOV-0002231,STR-002,SKU-204,SALE,-18,2026-07-14T08:46:00Z
MOV-0002232,STR-002,SKU-204,SALE,-23,2026-07-15T12:06:00Z
MOV-0002233,STR-002,SKU-204,SALE,-21,2026-07-16T10:48:00Z
MOV-0002234,STR-002,SKU-204,SALE,-27,2026-07-17T18:18:00Z
MOV-0002235,STR-002,SKU-204,SALE,-34,2026-07-18T16:34:00Z
MOV-0002236,STR-002,SKU-204,DELIVERY,162,2026-07-19T06:24:00Z
MOV-0002237,STR-002,SKU-204,SALE,-22,2026-07-19T17:39:00Z
MOV-0002238,STR-002,SKU-204,SALE,-19,2026-07-20T07:47:00Z
MOV-0002239,STR-002,SKU-204,SALE,-20,2026-07-21T14:24:00Z
MOV-0002240,STR-002,SKU-204,SALE,-25,2026-07-22T13:33:00Z
MOV-0002241,STR-002,SKU-204,SALE,-24,2026-07-23T09:32:00Z
MOV-0002242,STR-002,SKU-204,SALE,-29,2026-07-24T08:29:00Z
MOV-0002243,STR-002,SKU-204,SALE,-23,2026-07-25T13:08:00Z
MOV-0002244,STR-002,SKU-204,DELIVERY,141,2026-07-26T06:22:00Z
MOV-0002245,STR-002,SKU-204,SALE,-30,2026-07-26T09:39:00Z
MOV-0002246,STR-002,SKU-204,SALE,-16,2026-07-27T13:52:00Z
MOV-0002247,STR-002,SKU-204,SALE,-20,2026-07-28T16:14:00Z
MOV-0002248,STR-002,SKU-204,SALE,-19,2026-07-29T15:15:00Z
MOV-0002249,STR-002,SKU-204,SALE,-18,2026-07-30T12:18:00Z
MOV-0002250,STR-002,SKU-204,SALE,-18,2026-07-31T14:02:00Z
MOV-0002251,STR-002,SKU-204,SALE,-20,2026-08-01T17:11:00Z
MOV-0002252,STR-002,SKU-204,DELIVERY,153,2026-08-02T06:32:00Z
MOV-0002253,STR-002,SKU-204,SALE,-17,2026-08-02T12:31:00Z
MOV-0002254,STR-002,SKU-204,SALE,-17,2026-08-03T08:35:00Z
MOV-0002255,STR-002,SKU-204,SALE,-21,2026-08-04T17:16:00Z
MOV-0002256,STR-002,SKU-204,SALE,-19,2026-08-05T17:39:00Z
MOV-0002257,STR-002,SKU-204,SALE,-25,2026-08-06T13:40:00Z
MOV-0002258,STR-002,SKU-204,SALE,-24,2026-08-07T13:20:00Z
MOV-0002259,STR-002,SKU-204,SALE,-30,2026-08-08T17:56:00Z
MOV-0002260,STR-002,SKU-204,DELIVERY,147,2026-08-09T06:33:00Z
MOV-0002261,STR-002,SKU-204,SALE,-30,2026-08-09T14:01:00Z
MOV-0002262,STR-002,SKU-204,SALE,-17,2026-08-10T15:11:00Z
MOV-0002263,STR-002,SKU-204,SALE,-21,2026-08-11T13:20:00Z
MOV-0002264,STR-002,SKU-204,SALE,-17,2026-08-12T16:29:00Z
MOV-0002265,STR-002,SKU-204,SALE,-21,2026-08-13T14:41:00Z
MOV-0002266,STR-002,SKU-204,SALE,-20,2026-08-14T10:13:00Z
MOV-0002267,STR-002,SKU-204,SALE,-21,2026-08-15T18:46:00Z
MOV-0002268,STR-002,SKU-204,DELIVERY,137,2026-08-16T06:49:00Z
MOV-0002269,STR-002,SKU-204,SALE,-26,2026-08-16T14:06:00Z
MOV-0002270,STR-002,SKU-204,SALE,-17,2026-08-17T09:34:00Z
MOV-0002271,STR-002,SKU-204,SALE,-18,2026-08-18T11:36:00Z
MOV-0002272,STR-002,SKU-204,SALE,-16,2026-08-19T09:07:00Z
MOV-0002273,STR-002,SKU-204,SALE,-16,2026-08-20T10:43:00Z
MOV-0002274,STR-002,SKU-204,SALE,-24,2026-08-21T13:24:00Z
MOV-0002275,STR-002,SKU-204,SALE,-20,2026-08-22T12:30:00Z
MOV-0002276,STR-002,SKU-204,DELIVERY,128,2026-08-23T06:13:00Z
MOV-0002277,STR-002,SKU-204,SALE,-23,2026-08-23T15:13:00Z
MOV-0002278,STR-002,SKU-204,SALE,-12,2026-08-24T18:29:00Z
MOV-0002279,STR-002,SKU-204,SALE,-14,2026-08-25T17:44:00Z
MOV-0002280,STR-002,SKU-204,SALE,-18,2026-08-26T11:27:00Z
MOV-0002281,STR-002,SKU-204,SALE,-17,2026-08-27T16:34:00Z
MOV-0002282,STR-002,SKU-204,SALE,-20,2026-08-28T13:33:00Z
MOV-0002283,STR-002,SKU-204,SALE,-24,2026-08-29T13:43:00Z
MOV-0002284,STR-002,SKU-204,DELIVERY,46,2026-08-30T06:20:00Z
MOV-0002285,STR-002,SKU-204,SALE,-18,2026-08-30T10:08:00Z
MOV-0002286,STR-002,SKU-204,SALE,-12,2026-08-31T13:54:00Z
MOV-0002287,STR-002,SKU-204,SALE,-16,2026-09-01T13:27:00Z
MOV-0002288,STR-002,SKU-301,SALE,-44,2026-07-06T16:58:00Z
MOV-0002289,STR-002,SKU-301,SALE,-44,2026-07-07T08:45:00Z
MOV-0002290,STR-002,SKU-301,DELIVERY,442,2026-07-08T06:23:00Z
MOV-0002291,STR-002,SKU-301,SALE,-63,2026-07-08T15:12:00Z
MOV-0002292,STR-002,SKU-301,SALE,-61,2026-07-09T07:22:00Z
MOV-0002293,STR-002,SKU-301,SALE,-68,2026-07-10T12:35:00Z
MOV-0002294,STR-002,SKU-301,SALE,-79,2026-07-11T17:05:00Z
MOV-0002295,STR-002,SKU-301,SALE,-79,2026-07-12T16:24:00Z
MOV-0002296,STR-002,SKU-301,SALE,-46,2026-07-13T16:27:00Z
MOV-0002297,STR-002,SKU-301,SALE,-46,2026-07-14T16:43:00Z
MOV-0002298,STR-002,SKU-301,DELIVERY,429,2026-07-15T06:01:00Z
MOV-0002299,STR-002,SKU-301,SALE,-52,2026-07-15T13:56:00Z
MOV-0002300,STR-002,SKU-301,SALE,-51,2026-07-16T15:19:00Z
MOV-0002301,STR-002,SKU-301,SALE,-72,2026-07-17T17:49:00Z
MOV-0002302,STR-002,SKU-301,SALE,-60,2026-07-18T10:25:00Z
MOV-0002303,STR-002,SKU-301,SALE,-75,2026-07-19T12:43:00Z
MOV-0002304,STR-002,SKU-301,SALE,-46,2026-07-20T11:05:00Z
MOV-0002305,STR-002,SKU-301,SALE,-73,2026-07-21T07:22:00Z
MOV-0002306,STR-002,SKU-301,DELIVERY,507,2026-07-22T06:44:00Z
MOV-0002307,STR-002,SKU-301,SALE,-76,2026-07-22T11:13:00Z
MOV-0002308,STR-002,SKU-301,SALE,-67,2026-07-23T15:30:00Z
MOV-0002309,STR-002,SKU-301,SALE,-87,2026-07-24T16:05:00Z
MOV-0002310,STR-002,SKU-301,SALE,-82,2026-07-25T18:19:00Z
MOV-0002311,STR-002,SKU-301,SALE,-79,2026-07-26T15:38:00Z
MOV-0002312,STR-002,SKU-301,SALE,-54,2026-07-27T07:13:00Z
MOV-0002313,STR-002,SKU-301,SALE,-62,2026-07-28T12:34:00Z
MOV-0002314,STR-002,SKU-301,DELIVERY,505,2026-07-29T06:41:00Z
MOV-0002315,STR-002,SKU-301,SALE,-73,2026-07-29T12:18:00Z
MOV-0002316,STR-002,SKU-301,SALE,-85,2026-07-30T10:23:00Z
MOV-0002317,STR-002,SKU-301,SALE,-66,2026-07-31T16:47:00Z
MOV-0002318,STR-002,SKU-301,SALE,-91,2026-08-01T08:00:00Z
MOV-0002319,STR-002,SKU-301,SALE,-98,2026-08-02T14:22:00Z
MOV-0002320,STR-002,SKU-301,SALE,-39,2026-08-03T09:52:00Z
MOV-0002321,STR-002,SKU-301,SALE,-53,2026-08-04T11:37:00Z
MOV-0002322,STR-002,SKU-301,DELIVERY,396,2026-08-05T06:22:00Z
MOV-0002323,STR-002,SKU-301,SALE,-48,2026-08-05T16:34:00Z
MOV-0002324,STR-002,SKU-301,SALE,-56,2026-08-06T07:18:00Z
MOV-0002325,STR-002,SKU-301,SALE,-64,2026-08-07T08:54:00Z
MOV-0002326,STR-002,SKU-301,SALE,-57,2026-08-08T09:32:00Z
MOV-0002327,STR-002,SKU-301,SALE,-47,2026-08-09T14:51:00Z
MOV-0002328,STR-002,SKU-301,SALE,-54,2026-08-10T15:00:00Z
MOV-0002329,STR-002,SKU-301,SALE,-70,2026-08-11T13:45:00Z
MOV-0002330,STR-002,SKU-301,DELIVERY,489,2026-08-12T06:25:00Z
MOV-0002331,STR-002,SKU-301,SALE,-61,2026-08-12T09:47:00Z
MOV-0002332,STR-002,SKU-301,SALE,-76,2026-08-13T18:50:00Z
MOV-0002333,STR-002,SKU-301,SALE,-92,2026-08-14T15:45:00Z
MOV-0002334,STR-002,SKU-301,SALE,-103,2026-08-15T07:29:00Z
MOV-0002335,STR-002,SKU-301,SALE,-77,2026-08-16T17:13:00Z
MOV-0002336,STR-002,SKU-301,SALE,-41,2026-08-17T08:03:00Z
MOV-0002337,STR-002,SKU-301,SALE,-39,2026-08-18T17:24:00Z
MOV-0002338,STR-002,SKU-301,DELIVERY,413,2026-08-19T06:37:00Z
MOV-0002339,STR-002,SKU-301,SALE,-55,2026-08-19T18:03:00Z
MOV-0002340,STR-002,SKU-301,SALE,-60,2026-08-20T11:09:00Z
MOV-0002341,STR-002,SKU-301,SALE,-63,2026-08-21T17:35:00Z
MOV-0002342,STR-002,SKU-301,SALE,-67,2026-08-22T17:22:00Z
MOV-0002343,STR-002,SKU-301,SALE,-70,2026-08-23T11:18:00Z
MOV-0002344,STR-002,SKU-301,SALE,-42,2026-08-24T17:18:00Z
MOV-0002345,STR-002,SKU-301,SALE,-56,2026-08-25T12:36:00Z
MOV-0002346,STR-002,SKU-301,DELIVERY,433,2026-08-26T06:00:00Z
MOV-0002347,STR-002,SKU-301,SALE,-53,2026-08-26T18:55:00Z
MOV-0002348,STR-002,SKU-301,SALE,-63,2026-08-27T18:57:00Z
MOV-0002349,STR-002,SKU-301,SALE,-64,2026-08-28T18:24:00Z
MOV-0002350,STR-002,SKU-301,SALE,-82,2026-08-29T14:49:00Z
MOV-0002351,STR-002,SKU-301,SALE,-53,2026-08-30T12:23:00Z
MOV-0002352,STR-002,SKU-301,SALE,-60,2026-08-31T18:35:00Z
MOV-0002353,STR-002,SKU-301,SALE,-58,2026-09-01T08:28:00Z
MOV-0002354,STR-002,SKU-302,SALE,-40,2026-07-06T14:23:00Z
MOV-0002355,STR-002,SKU-302,SALE,-39,2026-07-07T09:20:00Z
MOV-0002356,STR-002,SKU-302,SALE,-48,2026-07-08T16:35:00Z
MOV-0002357,STR-002,SKU-302,SALE,-54,2026-07-09T07:23:00Z
MOV-0002358,STR-002,SKU-302,DELIVERY,333,2026-07-10T06:19:00Z
MOV-0002359,STR-002,SKU-302,SALE,-43,2026-07-10T14:21:00Z
MOV-0002360,STR-002,SKU-302,SALE,-68,2026-07-11T08:14:00Z
MOV-0002361,STR-002,SKU-302,SALE,-47,2026-07-12T08:24:00Z
MOV-0002362,STR-002,SKU-302,SALE,-40,2026-07-13T15:12:00Z
MOV-0002363,STR-002,SKU-302,SALE,-40,2026-07-14T11:25:00Z
MOV-0002364,STR-002,SKU-302,SALE,-42,2026-07-15T15:16:00Z
MOV-0002365,STR-002,SKU-302,SALE,-53,2026-07-16T08:36:00Z
MOV-0002366,STR-002,SKU-302,DELIVERY,292,2026-07-17T06:22:00Z
MOV-0002367,STR-002,SKU-302,SALE,-57,2026-07-17T12:44:00Z
MOV-0002368,STR-002,SKU-302,SALE,-50,2026-07-18T09:34:00Z
MOV-0002369,STR-002,SKU-302,SALE,-47,2026-07-19T15:19:00Z
MOV-0002370,STR-002,SKU-302,SALE,-37,2026-07-20T18:09:00Z
MOV-0002371,STR-002,SKU-302,SALE,-30,2026-07-21T16:17:00Z
MOV-0002372,STR-002,SKU-302,SALE,-35,2026-07-22T18:50:00Z
MOV-0002373,STR-002,SKU-302,SALE,-36,2026-07-23T12:58:00Z
MOV-0002374,STR-002,SKU-302,DELIVERY,336,2026-07-24T06:44:00Z
MOV-0002375,STR-002,SKU-302,SALE,-45,2026-07-24T16:35:00Z
MOV-0002376,STR-002,SKU-302,SALE,-59,2026-07-25T17:50:00Z
MOV-0002377,STR-002,SKU-302,SALE,-46,2026-07-26T16:54:00Z
MOV-0002378,STR-002,SKU-302,SALE,-35,2026-07-27T10:56:00Z
MOV-0002379,STR-002,SKU-302,SALE,-52,2026-07-28T09:30:00Z
MOV-0002380,STR-002,SKU-302,SALE,-50,2026-07-29T10:43:00Z
MOV-0002381,STR-002,SKU-302,SALE,-49,2026-07-30T13:21:00Z
MOV-0002382,STR-002,SKU-302,DELIVERY,354,2026-07-31T06:36:00Z
MOV-0002383,STR-002,SKU-302,SALE,-54,2026-07-31T09:49:00Z
MOV-0002384,STR-002,SKU-302,SALE,-51,2026-08-01T18:48:00Z
MOV-0002385,STR-002,SKU-302,SALE,-58,2026-08-02T11:10:00Z
MOV-0002386,STR-002,SKU-302,SALE,-42,2026-08-03T07:44:00Z
MOV-0002387,STR-002,SKU-302,SALE,-42,2026-08-04T18:20:00Z
MOV-0002388,STR-002,SKU-302,SALE,-52,2026-08-05T07:47:00Z
MOV-0002389,STR-002,SKU-302,SALE,-55,2026-08-06T09:33:00Z
MOV-0002390,STR-002,SKU-302,DELIVERY,324,2026-08-07T06:02:00Z
MOV-0002391,STR-002,SKU-302,SALE,-60,2026-08-07T15:48:00Z
MOV-0002392,STR-002,SKU-302,SALE,-53,2026-08-08T18:44:00Z
MOV-0002393,STR-002,SKU-302,SALE,-65,2026-08-09T08:35:00Z
MOV-0002394,STR-002,SKU-302,SALE,-38,2026-08-10T17:31:00Z
MOV-0002395,STR-002,SKU-302,SALE,-36,2026-08-11T12:32:00Z
MOV-0002396,STR-002,SKU-302,SALE,-36,2026-08-12T13:50:00Z
MOV-0002397,STR-002,SKU-302,SALE,-36,2026-08-13T10:36:00Z
MOV-0002398,STR-002,SKU-302,DELIVERY,340,2026-08-14T06:33:00Z
MOV-0002399,STR-002,SKU-302,SALE,-41,2026-08-14T18:28:00Z
MOV-0002400,STR-002,SKU-302,SALE,-49,2026-08-15T11:28:00Z
MOV-0002401,STR-002,SKU-302,SALE,-50,2026-08-16T10:53:00Z
MOV-0002402,STR-002,SKU-302,SALE,-45,2026-08-17T14:18:00Z
MOV-0002403,STR-002,SKU-302,SALE,-47,2026-08-18T15:46:00Z
MOV-0002404,STR-002,SKU-302,SALE,-59,2026-08-19T18:00:00Z
MOV-0002405,STR-002,SKU-302,SALE,-49,2026-08-20T09:53:00Z
MOV-0002406,STR-002,SKU-302,DELIVERY,360,2026-08-21T06:50:00Z
MOV-0002407,STR-002,SKU-302,SALE,-52,2026-08-21T11:51:00Z
MOV-0002408,STR-002,SKU-302,SALE,-53,2026-08-22T13:16:00Z
MOV-0002409,STR-002,SKU-302,SALE,-70,2026-08-23T18:37:00Z
MOV-0002410,STR-002,SKU-302,SALE,-38,2026-08-24T07:57:00Z
MOV-0002411,STR-002,SKU-302,SALE,-52,2026-08-25T17:19:00Z
MOV-0002412,STR-002,SKU-302,SALE,-43,2026-08-26T12:03:00Z
MOV-0002413,STR-002,SKU-302,SALE,-52,2026-08-27T12:19:00Z
MOV-0002414,STR-002,SKU-302,DELIVERY,234,2026-08-28T06:52:00Z
MOV-0002415,STR-002,SKU-302,SALE,-55,2026-08-28T10:28:00Z
MOV-0002416,STR-002,SKU-302,SALE,-67,2026-08-29T16:10:00Z
MOV-0002417,STR-002,SKU-302,SALE,-48,2026-08-30T18:21:00Z
MOV-0002418,STR-002,SKU-302,SALE,-29,2026-08-31T11:32:00Z
MOV-0002419,STR-002,SKU-302,SALE,-35,2026-09-01T07:31:00Z
MOV-0002420,STR-002,SKU-303,SALE,-23,2026-07-06T08:57:00Z
MOV-0002421,STR-002,SKU-303,SALE,-34,2026-07-07T07:06:00Z
MOV-0002422,STR-002,SKU-303,SALE,-31,2026-07-08T13:53:00Z
MOV-0002423,STR-002,SKU-303,SALE,-36,2026-07-09T12:31:00Z
MOV-0002424,STR-002,SKU-303,SALE,-34,2026-07-10T18:07:00Z
MOV-0002425,STR-002,SKU-303,DELIVERY,290,2026-07-11T06:09:00Z
MOV-0002426,STR-002,SKU-303,ADJUSTMENT,2,2026-07-11T12:52:00Z
MOV-0002427,STR-002,SKU-303,SALE,-38,2026-07-11T17:40:00Z
MOV-0002428,STR-002,SKU-303,SALE,-39,2026-07-12T12:37:00Z
MOV-0002429,STR-002,SKU-303,SALE,-30,2026-07-13T11:41:00Z
MOV-0002430,STR-002,SKU-303,SALE,-38,2026-07-14T10:09:00Z
MOV-0002431,STR-002,SKU-303,SALE,-49,2026-07-15T16:35:00Z
MOV-0002432,STR-002,SKU-303,SALE,-48,2026-07-16T07:09:00Z
MOV-0002433,STR-002,SKU-303,SALE,-50,2026-07-17T17:13:00Z
MOV-0002434,STR-002,SKU-303,DELIVERY,346,2026-07-18T06:04:00Z
MOV-0002435,STR-002,SKU-303,SALE,-59,2026-07-18T11:19:00Z
MOV-0002436,STR-002,SKU-303,SALE,-60,2026-07-19T15:18:00Z
MOV-0002437,STR-002,SKU-303,SALE,-39,2026-07-20T07:41:00Z
MOV-0002438,STR-002,SKU-303,SALE,-40,2026-07-21T14:07:00Z
MOV-0002439,STR-002,SKU-303,SALE,-46,2026-07-22T13:17:00Z
MOV-0002440,STR-002,SKU-303,SALE,-46,2026-07-23T11:32:00Z
MOV-0002441,STR-002,SKU-303,SALE,-56,2026-07-24T08:21:00Z
MOV-0002442,STR-002,SKU-303,DELIVERY,292,2026-07-25T06:54:00Z
MOV-0002443,STR-002,SKU-303,SALE,-72,2026-07-25T07:22:00Z
MOV-0002444,STR-002,SKU-303,SALE,-51,2026-07-26T16:28:00Z
MOV-0002445,STR-002,SKU-303,SALE,-30,2026-07-27T17:00:00Z
MOV-0002446,STR-002,SKU-303,SALE,-31,2026-07-28T18:39:00Z
MOV-0002447,STR-002,SKU-303,SALE,-37,2026-07-29T07:26:00Z
MOV-0002448,STR-002,SKU-303,SALE,-27,2026-07-30T10:55:00Z
MOV-0002449,STR-002,SKU-303,SALE,-44,2026-07-31T16:04:00Z
MOV-0002450,STR-002,SKU-303,DELIVERY,303,2026-08-01T06:45:00Z
MOV-0002451,STR-002,SKU-303,SALE,-40,2026-08-01T12:30:00Z
MOV-0002452,STR-002,SKU-303,SALE,-33,2026-08-02T07:05:00Z
MOV-0002453,STR-002,SKU-303,SALE,-38,2026-08-03T10:23:00Z
MOV-0002454,STR-002,SKU-303,SALE,-46,2026-08-04T15:48:00Z
MOV-0002455,STR-002,SKU-303,SALE,-49,2026-08-05T16:29:00Z
MOV-0002456,STR-002,SKU-303,SALE,-39,2026-08-06T17:09:00Z
MOV-0002457,STR-002,SKU-303,SALE,-58,2026-08-07T17:16:00Z
MOV-0002458,STR-002,SKU-303,DELIVERY,266,2026-08-08T06:45:00Z
MOV-0002459,STR-002,SKU-303,SALE,-58,2026-08-08T09:01:00Z
MOV-0002460,STR-002,SKU-303,SALE,-54,2026-08-09T16:00:00Z
MOV-0002461,STR-002,SKU-303,SALE,-28,2026-08-10T13:36:00Z
MOV-0002462,STR-002,SKU-303,SALE,-27,2026-08-11T18:41:00Z
MOV-0002463,STR-002,SKU-303,SALE,-32,2026-08-12T09:31:00Z
MOV-0002464,STR-002,SKU-303,SALE,-33,2026-08-13T09:35:00Z
MOV-0002465,STR-002,SKU-303,SALE,-34,2026-08-14T12:24:00Z
MOV-0002466,STR-002,SKU-303,DELIVERY,302,2026-08-15T06:55:00Z
MOV-0002467,STR-002,SKU-303,SALE,-42,2026-08-15T17:13:00Z
MOV-0002468,STR-002,SKU-303,SALE,-47,2026-08-16T10:31:00Z
MOV-0002469,STR-002,SKU-303,SALE,-38,2026-08-17T14:43:00Z
MOV-0002470,STR-002,SKU-303,SALE,-36,2026-08-18T15:23:00Z
MOV-0002471,STR-002,SKU-303,SALE,-43,2026-08-19T10:05:00Z
MOV-0002472,STR-002,SKU-303,SALE,-48,2026-08-20T12:16:00Z
MOV-0002473,STR-002,SKU-303,SALE,-48,2026-08-21T17:43:00Z
MOV-0002474,STR-002,SKU-303,DELIVERY,284,2026-08-22T06:22:00Z
MOV-0002475,STR-002,SKU-303,SALE,-53,2026-08-22T09:47:00Z
MOV-0002476,STR-002,SKU-303,SALE,-55,2026-08-23T12:24:00Z
MOV-0002477,STR-002,SKU-303,SALE,-31,2026-08-24T10:04:00Z
MOV-0002478,STR-002,SKU-303,SALE,-36,2026-08-25T18:32:00Z
MOV-0002479,STR-002,SKU-303,SALE,-31,2026-08-26T17:00:00Z
MOV-0002480,STR-002,SKU-303,SALE,-44,2026-08-27T18:50:00Z
MOV-0002481,STR-002,SKU-303,SALE,-34,2026-08-28T10:34:00Z
MOV-0002482,STR-002,SKU-303,DELIVERY,138,2026-08-29T06:18:00Z
MOV-0002483,STR-002,SKU-303,SALE,-39,2026-08-29T12:23:00Z
MOV-0002484,STR-002,SKU-303,SALE,-34,2026-08-30T12:25:00Z
MOV-0002485,STR-002,SKU-303,SALE,-34,2026-08-31T16:28:00Z
MOV-0002486,STR-002,SKU-303,SALE,-31,2026-09-01T18:44:00Z
MOV-0002487,STR-002,SKU-304,SALE,-41,2026-07-06T12:05:00Z
MOV-0002488,STR-002,SKU-304,SALE,-43,2026-07-07T15:48:00Z
MOV-0002489,STR-002,SKU-304,SALE,-42,2026-07-08T12:44:00Z
MOV-0002490,STR-002,SKU-304,SALE,-46,2026-07-09T09:10:00Z
MOV-0002491,STR-002,SKU-304,DELIVERY,306,2026-07-10T06:00:00Z
MOV-0002492,STR-002,SKU-304,SALE,-48,2026-07-10T07:40:00Z
MOV-0002493,STR-002,SKU-304,SALE,-55,2026-07-11T13:29:00Z
MOV-0002494,STR-002,SKU-304,SALE,-51,2026-07-12T09:53:00Z
MOV-0002495,STR-002,SKU-304,SALE,-30,2026-07-13T13:06:00Z
MOV-0002496,STR-002,SKU-304,SALE,-46,2026-07-14T13:16:00Z
MOV-0002497,STR-002,SKU-304,SALE,-39,2026-07-15T15:29:00Z
MOV-0002498,STR-002,SKU-304,SALE,-37,2026-07-16T14:02:00Z
MOV-0002499,STR-002,SKU-304,DELIVERY,323,2026-07-17T06:39:00Z
MOV-0002500,STR-002,SKU-304,SALE,-38,2026-07-17T18:44:00Z
MOV-0002501,STR-002,SKU-304,SALE,-58,2026-07-18T07:37:00Z
MOV-0002502,STR-002,SKU-304,SALE,-49,2026-07-19T11:12:00Z
MOV-0002503,STR-002,SKU-304,SALE,-44,2026-07-20T16:13:00Z
MOV-0002504,STR-002,SKU-304,SALE,-42,2026-07-21T12:05:00Z
MOV-0002505,STR-002,SKU-304,SALE,-41,2026-07-22T11:10:00Z
MOV-0002506,STR-002,SKU-304,SALE,-51,2026-07-23T10:50:00Z
MOV-0002507,STR-002,SKU-304,DELIVERY,398,2026-07-24T06:57:00Z
MOV-0002508,STR-002,SKU-304,SALE,-62,2026-07-24T11:21:00Z
MOV-0002509,STR-002,SKU-304,SALE,-68,2026-07-25T16:02:00Z
MOV-0002510,STR-002,SKU-304,SALE,-66,2026-07-26T14:05:00Z
MOV-0002511,STR-002,SKU-304,SALE,-53,2026-07-27T15:50:00Z
MOV-0002512,STR-002,SKU-304,SALE,-48,2026-07-28T10:27:00Z
MOV-0002513,STR-002,SKU-304,SALE,-47,2026-07-29T09:30:00Z
MOV-0002514,STR-002,SKU-304,SALE,-54,2026-07-30T10:08:00Z
MOV-0002515,STR-002,SKU-304,DELIVERY,381,2026-07-31T06:08:00Z
MOV-0002516,STR-002,SKU-304,SALE,-52,2026-07-31T09:04:00Z
MOV-0002517,STR-002,SKU-304,SALE,-76,2026-08-01T09:27:00Z
MOV-0002518,STR-002,SKU-304,SALE,-60,2026-08-02T11:23:00Z
MOV-0002519,STR-002,SKU-304,SALE,-41,2026-08-03T10:25:00Z
MOV-0002520,STR-002,SKU-304,SALE,-48,2026-08-04T16:20:00Z
MOV-0002521,STR-002,SKU-304,SALE,-47,2026-08-05T16:01:00Z
MOV-0002522,STR-002,SKU-304,SALE,-57,2026-08-06T07:13:00Z
MOV-0002523,STR-002,SKU-304,DELIVERY,415,2026-08-07T06:07:00Z
MOV-0002524,STR-002,SKU-304,SALE,-72,2026-08-07T14:28:00Z
MOV-0002525,STR-002,SKU-304,SALE,-68,2026-08-08T09:02:00Z
MOV-0002526,STR-002,SKU-304,SALE,-63,2026-08-09T08:29:00Z
MOV-0002527,STR-002,SKU-304,SALE,-50,2026-08-10T18:08:00Z
MOV-0002528,STR-002,SKU-304,SALE,-59,2026-08-11T14:11:00Z
MOV-0002529,STR-002,SKU-304,SALE,-46,2026-08-12T17:37:00Z
MOV-0002530,STR-002,SKU-304,SALE,-57,2026-08-13T12:34:00Z
MOV-0002531,STR-002,SKU-304,DELIVERY,402,2026-08-14T06:19:00Z
MOV-0002532,STR-002,SKU-304,SALE,-58,2026-08-14T12:07:00Z
MOV-0002533,STR-002,SKU-304,SALE,-74,2026-08-15T09:35:00Z
MOV-0002534,STR-002,SKU-304,SALE,-74,2026-08-16T15:11:00Z
MOV-0002535,STR-002,SKU-304,SALE,-47,2026-08-17T14:25:00Z
MOV-0002536,STR-002,SKU-304,SALE,-44,2026-08-18T16:13:00Z
MOV-0002537,STR-002,SKU-304,SALE,-56,2026-08-19T09:53:00Z
MOV-0002538,STR-002,SKU-304,SALE,-49,2026-08-20T15:33:00Z
MOV-0002539,STR-002,SKU-304,DELIVERY,380,2026-08-21T06:23:00Z
MOV-0002540,STR-002,SKU-304,SALE,-58,2026-08-21T16:43:00Z
MOV-0002541,STR-002,SKU-304,SALE,-72,2026-08-22T09:50:00Z
MOV-0002542,STR-002,SKU-304,SALE,-46,2026-08-23T14:25:00Z
MOV-0002543,STR-002,SKU-304,SALE,-42,2026-08-24T13:15:00Z
MOV-0002544,STR-002,SKU-304,SALE,-52,2026-08-25T12:28:00Z
MOV-0002545,STR-002,SKU-304,SALE,-59,2026-08-26T13:46:00Z
MOV-0002546,STR-002,SKU-304,SALE,-51,2026-08-27T12:50:00Z
MOV-0002547,STR-002,SKU-304,DELIVERY,255,2026-08-28T06:48:00Z
MOV-0002548,STR-002,SKU-304,SALE,-59,2026-08-28T09:03:00Z
MOV-0002549,STR-002,SKU-304,SALE,-55,2026-08-29T12:06:00Z
MOV-0002550,STR-002,SKU-304,SALE,-60,2026-08-30T18:09:00Z
MOV-0002551,STR-002,SKU-304,SALE,-34,2026-08-31T12:07:00Z
MOV-0002552,STR-002,SKU-304,SALE,-47,2026-09-01T11:46:00Z
MOV-0002553,STR-002,SKU-401,SALE,-36,2026-07-06T13:39:00Z
MOV-0002554,STR-002,SKU-401,SALE,-34,2026-07-07T11:36:00Z
MOV-0002555,STR-002,SKU-401,SALE,-38,2026-07-08T10:14:00Z
MOV-0002556,STR-002,SKU-401,SALE,-47,2026-07-09T13:55:00Z
MOV-0002557,STR-002,SKU-401,SALE,-52,2026-07-10T16:12:00Z
MOV-0002558,STR-002,SKU-401,SALE,-50,2026-07-11T14:26:00Z
MOV-0002559,STR-002,SKU-401,DELIVERY,319,2026-07-12T06:41:00Z
MOV-0002560,STR-002,SKU-401,SALE,-62,2026-07-12T16:13:00Z
MOV-0002561,STR-002,SKU-401,SALE,-36,2026-07-13T07:46:00Z
MOV-0002562,STR-002,SKU-401,SALE,-36,2026-07-14T13:21:00Z
MOV-0002563,STR-002,SKU-401,SALE,-41,2026-07-15T08:20:00Z
MOV-0002564,STR-002,SKU-401,SALE,-51,2026-07-16T16:05:00Z
MOV-0002565,STR-002,SKU-401,SALE,-44,2026-07-17T15:08:00Z
MOV-0002566,STR-002,SKU-401,SALE,-49,2026-07-18T17:56:00Z
MOV-0002567,STR-002,SKU-401,DELIVERY,293,2026-07-19T06:09:00Z
MOV-0002568,STR-002,SKU-401,SALE,-55,2026-07-19T17:47:00Z
MOV-0002569,STR-002,SKU-401,SALE,-39,2026-07-20T11:05:00Z
MOV-0002570,STR-002,SKU-401,SALE,-41,2026-07-21T13:03:00Z
MOV-0002571,STR-002,SKU-401,SALE,-33,2026-07-22T18:35:00Z
MOV-0002572,STR-002,SKU-401,SALE,-44,2026-07-23T16:17:00Z
MOV-0002573,STR-002,SKU-401,SALE,-36,2026-07-24T18:17:00Z
MOV-0002574,STR-002,SKU-401,SALE,-45,2026-07-25T18:32:00Z
MOV-0002575,STR-002,SKU-401,DELIVERY,288,2026-07-26T06:42:00Z
MOV-0002576,STR-002,SKU-401,SALE,-47,2026-07-26T16:24:00Z
MOV-0002577,STR-002,SKU-401,SALE,-33,2026-07-27T10:09:00Z
MOV-0002578,STR-002,SKU-401,SALE,-36,2026-07-28T17:18:00Z
MOV-0002579,STR-002,SKU-401,SALE,-41,2026-07-29T13:21:00Z
MOV-0002580,STR-002,SKU-401,SALE,-35,2026-07-30T07:26:00Z
MOV-0002581,STR-002,SKU-401,SALE,-45,2026-07-31T12:36:00Z
MOV-0002582,STR-002,SKU-401,SALE,-51,2026-08-01T17:51:00Z
MOV-0002583,STR-002,SKU-401,DELIVERY,292,2026-08-02T06:02:00Z
MOV-0002584,STR-002,SKU-401,SALE,-40,2026-08-02T13:06:00Z
MOV-0002585,STR-002,SKU-401,SALE,-38,2026-08-03T15:37:00Z
MOV-0002586,STR-002,SKU-401,SALE,-36,2026-08-04T11:04:00Z
MOV-0002587,STR-002,SKU-401,SALE,-37,2026-08-05T14:30:00Z
MOV-0002588,STR-002,SKU-401,SALE,-45,2026-08-06T16:29:00Z
MOV-0002589,STR-002,SKU-401,SALE,-43,2026-08-07T10:27:00Z
MOV-0002590,STR-002,SKU-401,SALE,-53,2026-08-08T08:33:00Z
MOV-0002591,STR-002,SKU-401,DELIVERY,279,2026-08-09T06:04:00Z
MOV-0002592,STR-002,SKU-401,SALE,-54,2026-08-09T15:50:00Z
MOV-0002593,STR-002,SKU-401,SALE,-26,2026-08-10T15:25:00Z
MOV-0002594,STR-002,SKU-401,SALE,-32,2026-08-11T08:56:00Z
MOV-0002595,STR-002,SKU-401,SALE,-35,2026-08-12T14:27:00Z
MOV-0002596,STR-002,SKU-401,SALE,-41,2026-08-13T16:05:00Z
MOV-0002597,STR-002,SKU-401,SALE,-43,2026-08-14T11:21:00Z
MOV-0002598,STR-002,SKU-401,SALE,-48,2026-08-15T15:19:00Z
MOV-0002599,STR-002,SKU-401,DELIVERY,280,2026-08-16T06:08:00Z
MOV-0002600,STR-002,SKU-401,SALE,-49,2026-08-16T10:32:00Z
MOV-0002601,STR-002,SKU-401,SALE,-26,2026-08-17T08:12:00Z
MOV-0002602,STR-002,SKU-401,SALE,-34,2026-08-18T08:14:00Z
MOV-0002603,STR-002,SKU-401,SALE,-43,2026-08-19T07:24:00Z
MOV-0002604,STR-002,SKU-401,SALE,-40,2026-08-20T18:11:00Z
MOV-0002605,STR-002,SKU-401,SALE,-36,2026-08-21T13:45:00Z
MOV-0002606,STR-002,SKU-401,SALE,-52,2026-08-22T18:21:00Z
MOV-0002607,STR-002,SKU-401,DELIVERY,250,2026-08-23T06:01:00Z
MOV-0002608,STR-002,SKU-401,SALE,-43,2026-08-23T13:29:00Z
MOV-0002609,STR-002,SKU-401,SALE,-30,2026-08-24T09:09:00Z
MOV-0002610,STR-002,SKU-401,SALE,-35,2026-08-25T10:08:00Z
MOV-0002611,STR-002,SKU-401,SALE,-29,2026-08-26T09:12:00Z
MOV-0002612,STR-002,SKU-401,SALE,-37,2026-08-27T14:54:00Z
MOV-0002613,STR-002,SKU-401,SALE,-36,2026-08-28T11:12:00Z
MOV-0002614,STR-002,SKU-401,SALE,-40,2026-08-29T12:09:00Z
MOV-0002615,STR-002,SKU-401,DELIVERY,104,2026-08-30T06:46:00Z
MOV-0002616,STR-002,SKU-401,SALE,-45,2026-08-30T16:17:00Z
MOV-0002617,STR-002,SKU-401,SALE,-25,2026-08-31T12:24:00Z
MOV-0002618,STR-002,SKU-401,SALE,-34,2026-09-01T11:52:00Z
MOV-0002619,STR-002,SKU-402,SALE,-16,2026-07-06T17:42:00Z
MOV-0002620,STR-002,SKU-402,SALE,-24,2026-07-07T13:13:00Z
MOV-0002621,STR-002,SKU-402,SALE,-23,2026-07-08T16:36:00Z
MOV-0002622,STR-002,SKU-402,SALE,-26,2026-07-09T11:07:00Z
MOV-0002623,STR-002,SKU-402,SALE,-24,2026-07-10T14:41:00Z
MOV-0002624,STR-002,SKU-402,DELIVERY,170,2026-07-11T06:46:00Z
MOV-0002625,STR-002,SKU-402,SALE,-34,2026-07-11T07:37:00Z
MOV-0002626,STR-002,SKU-402,SALE,-25,2026-07-12T08:31:00Z
MOV-0002627,STR-002,SKU-402,SALE,-21,2026-07-13T12:10:00Z
MOV-0002628,STR-002,SKU-402,SALE,-21,2026-07-14T11:06:00Z
MOV-0002629,STR-002,SKU-402,SALE,-17,2026-07-15T11:12:00Z
MOV-0002630,STR-002,SKU-402,SALE,-27,2026-07-16T12:29:00Z
MOV-0002631,STR-002,SKU-402,SALE,-25,2026-07-17T17:13:00Z
MOV-0002632,STR-002,SKU-402,DELIVERY,147,2026-07-18T06:37:00Z
MOV-0002633,STR-002,SKU-402,SALE,-33,2026-07-18T14:12:00Z
MOV-0002634,STR-002,SKU-402,SALE,-22,2026-07-19T14:08:00Z
MOV-0002635,STR-002,SKU-402,SALE,-14,2026-07-20T10:02:00Z
MOV-0002636,STR-002,SKU-402,SALE,-17,2026-07-21T13:31:00Z
MOV-0002637,STR-002,SKU-402,SALE,-21,2026-07-22T15:01:00Z
MOV-0002638,STR-002,SKU-402,SALE,-22,2026-07-23T09:52:00Z
MOV-0002639,STR-002,SKU-402,SALE,-18,2026-07-24T08:28:00Z
MOV-0002640,STR-002,SKU-402,DELIVERY,138,2026-07-25T06:28:00Z
MOV-0002641,STR-002,SKU-402,SALE,-25,2026-07-25T13:42:00Z
MOV-0002642,STR-002,SKU-402,SALE,-19,2026-07-26T07:31:00Z
MOV-0002643,STR-002,SKU-402,SALE,-18,2026-07-27T08:41:00Z
MOV-0002644,STR-002,SKU-402,SALE,-15,2026-07-28T12:16:00Z
MOV-0002645,STR-002,SKU-402,SALE,-18,2026-07-29T16:10:00Z
MOV-0002646,STR-002,SKU-402,SALE,-20,2026-07-30T07:20:00Z
MOV-0002647,STR-002,SKU-402,SALE,-23,2026-07-31T08:54:00Z
MOV-0002648,STR-002,SKU-402,DELIVERY,146,2026-08-01T06:25:00Z
MOV-0002649,STR-002,SKU-402,SALE,-25,2026-08-01T15:42:00Z
MOV-0002650,STR-002,SKU-402,SALE,-21,2026-08-02T16:00:00Z
MOV-0002651,STR-002,SKU-402,SALE,-19,2026-08-03T16:26:00Z
MOV-0002652,STR-002,SKU-402,SALE,-17,2026-08-04T16:34:00Z
MOV-0002653,STR-002,SKU-402,SALE,-19,2026-08-05T15:16:00Z
MOV-0002654,STR-002,SKU-402,SALE,-18,2026-08-06T14:18:00Z
MOV-0002655,STR-002,SKU-402,SALE,-27,2026-08-07T15:44:00Z
MOV-0002656,STR-002,SKU-402,DELIVERY,153,2026-08-08T06:32:00Z
MOV-0002657,STR-002,SKU-402,SALE,-29,2026-08-08T08:15:00Z
MOV-0002658,STR-002,SKU-402,SALE,-23,2026-08-09T09:36:00Z
MOV-0002659,STR-002,SKU-402,SALE,-14,2026-08-10T08:24:00Z
MOV-0002660,STR-002,SKU-402,SALE,-21,2026-08-11T11:12:00Z
MOV-0002661,STR-002,SKU-402,SALE,-21,2026-08-12T14:30:00Z
MOV-0002662,STR-002,SKU-402,SALE,-17,2026-08-13T08:44:00Z
MOV-0002663,STR-002,SKU-402,SALE,-28,2026-08-14T08:04:00Z
MOV-0002664,STR-002,SKU-402,DELIVERY,137,2026-08-15T06:00:00Z
MOV-0002665,STR-002,SKU-402,SALE,-21,2026-08-15T15:08:00Z
MOV-0002666,STR-002,SKU-402,SALE,-23,2026-08-16T16:39:00Z
MOV-0002667,STR-002,SKU-402,SALE,-17,2026-08-17T16:14:00Z
MOV-0002668,STR-002,SKU-402,SALE,-21,2026-08-18T17:11:00Z
MOV-0002669,STR-002,SKU-402,SALE,-18,2026-08-19T07:42:00Z
MOV-0002670,STR-002,SKU-402,SALE,-19,2026-08-20T14:12:00Z
MOV-0002671,STR-002,SKU-402,SALE,-18,2026-08-21T14:25:00Z
MOV-0002672,STR-002,SKU-402,DELIVERY,166,2026-08-22T06:41:00Z
MOV-0002673,STR-002,SKU-402,SALE,-21,2026-08-22T18:49:00Z
MOV-0002674,STR-002,SKU-402,SALE,-26,2026-08-23T11:16:00Z
MOV-0002675,STR-002,SKU-402,SALE,-17,2026-08-24T17:55:00Z
MOV-0002676,STR-002,SKU-402,SALE,-26,2026-08-25T08:25:00Z
MOV-0002677,STR-002,SKU-402,SALE,-23,2026-08-26T16:22:00Z
MOV-0002678,STR-002,SKU-402,SALE,-23,2026-08-27T12:49:00Z
MOV-0002679,STR-002,SKU-402,SALE,-30,2026-08-28T17:33:00Z
MOV-0002680,STR-002,SKU-402,DELIVERY,103,2026-08-29T06:03:00Z
MOV-0002681,STR-002,SKU-402,SALE,-31,2026-08-29T08:56:00Z
MOV-0002682,STR-002,SKU-402,SALE,-25,2026-08-30T14:21:00Z
MOV-0002683,STR-002,SKU-402,SALE,-23,2026-08-31T14:17:00Z
MOV-0002684,STR-002,SKU-402,SALE,-24,2026-09-01T17:11:00Z
MOV-0002685,STR-002,SKU-403,SALE,-26,2026-07-06T18:49:00Z
MOV-0002686,STR-002,SKU-403,SALE,-30,2026-07-07T11:27:00Z
MOV-0002687,STR-002,SKU-403,SALE,-27,2026-07-08T13:22:00Z
MOV-0002688,STR-002,SKU-403,DELIVERY,222,2026-07-09T06:43:00Z
MOV-0002689,STR-002,SKU-403,SALE,-34,2026-07-09T09:51:00Z
MOV-0002690,STR-002,SKU-403,SALE,-40,2026-07-10T08:30:00Z
MOV-0002691,STR-002,SKU-403,SALE,-34,2026-07-11T17:33:00Z
MOV-0002692,STR-002,SKU-403,SALE,-41,2026-07-12T16:48:00Z
MOV-0002693,STR-002,SKU-403,SALE,-22,2026-07-13T11:35:00Z
MOV-0002694,STR-002,SKU-403,SALE,-24,2026-07-14T13:06:00Z
MOV-0002695,STR-002,SKU-403,SALE,-27,2026-07-15T10:38:00Z
MOV-0002696,STR-002,SKU-403,DELIVERY,229,2026-07-16T06:47:00Z
MOV-0002697,STR-002,SKU-403,SALE,-26,2026-07-16T15:58:00Z
MOV-0002698,STR-002,SKU-403,SALE,-40,2026-07-17T09:32:00Z
MOV-0002699,STR-002,SKU-403,SALE,-41,2026-07-18T12:24:00Z
MOV-0002700,STR-002,SKU-403,SALE,-38,2026-07-19T17:57:00Z
MOV-0002701,STR-002,SKU-403,SALE,-20,2026-07-20T12:31:00Z
MOV-0002702,STR-002,SKU-403,SALE,-32,2026-07-21T17:32:00Z
MOV-0002703,STR-002,SKU-403,SALE,-32,2026-07-22T10:41:00Z
MOV-0002704,STR-002,SKU-403,DELIVERY,197,2026-07-23T06:06:00Z
MOV-0002705,STR-002,SKU-403,SALE,-27,2026-07-23T13:13:00Z
MOV-0002706,STR-002,SKU-403,SALE,-31,2026-07-24T17:06:00Z
MOV-0002707,STR-002,SKU-403,SALE,-29,2026-07-25T11:03:00Z
MOV-0002708,STR-002,SKU-403,SALE,-37,2026-07-26T07:01:00Z
MOV-0002709,STR-002,SKU-403,SALE,-21,2026-07-27T17:19:00Z
MOV-0002710,STR-002,SKU-403,SALE,-21,2026-07-28T15:37:00Z
MOV-0002711,STR-002,SKU-403,SALE,-31,2026-07-29T12:57:00Z
MOV-0002712,STR-002,SKU-403,DELIVERY,208,2026-07-30T06:56:00Z
MOV-0002713,STR-002,SKU-403,SALE,-23,2026-07-30T08:40:00Z
MOV-0002714,STR-002,SKU-403,SALE,-35,2026-07-31T07:51:00Z
MOV-0002715,STR-002,SKU-403,SALE,-34,2026-08-01T07:26:00Z
MOV-0002716,STR-002,SKU-403,SALE,-30,2026-08-02T15:25:00Z
MOV-0002717,STR-002,SKU-403,SALE,-29,2026-08-03T12:30:00Z
MOV-0002718,STR-002,SKU-403,SALE,-29,2026-08-04T14:20:00Z
MOV-0002719,STR-002,SKU-403,SALE,-28,2026-08-05T13:48:00Z
MOV-0002720,STR-002,SKU-403,DELIVERY,202,2026-08-06T06:38:00Z
MOV-0002721,STR-002,SKU-403,SALE,-31,2026-08-06T12:14:00Z
MOV-0002722,STR-002,SKU-403,SALE,-30,2026-08-07T12:37:00Z
MOV-0002723,STR-002,SKU-403,SALE,-35,2026-08-08T09:19:00Z
MOV-0002724,STR-002,SKU-403,SALE,-41,2026-08-09T09:01:00Z
MOV-0002725,STR-002,SKU-403,SALE,-21,2026-08-10T18:09:00Z
MOV-0002726,STR-002,SKU-403,SALE,-22,2026-08-11T15:23:00Z
MOV-0002727,STR-002,SKU-403,SALE,-22,2026-08-12T15:36:00Z
MOV-0002728,STR-002,SKU-403,DELIVERY,183,2026-08-13T06:41:00Z
MOV-0002729,STR-002,SKU-403,SALE,-32,2026-08-13T17:01:00Z
MOV-0002730,STR-002,SKU-403,SALE,-25,2026-08-14T15:56:00Z
MOV-0002731,STR-002,SKU-403,SALE,-33,2026-08-15T12:24:00Z
MOV-0002732,STR-002,SKU-403,SALE,-27,2026-08-16T07:56:00Z
MOV-0002733,STR-002,SKU-403,SALE,-20,2026-08-17T13:41:00Z
MOV-0002734,STR-002,SKU-403,SALE,-24,2026-08-18T13:51:00Z
MOV-0002735,STR-002,SKU-403,SALE,-22,2026-08-19T09:56:00Z
MOV-0002736,STR-002,SKU-403,DELIVERY,225,2026-08-20T06:22:00Z
MOV-0002737,STR-002,SKU-403,SALE,-30,2026-08-20T17:49:00Z
MOV-0002738,STR-002,SKU-403,SALE,-30,2026-08-21T14:30:00Z
MOV-0002739,STR-002,SKU-403,SALE,-35,2026-08-22T11:43:00Z
MOV-0002740,STR-002,SKU-403,SALE,-36,2026-08-23T18:31:00Z
MOV-0002741,STR-002,SKU-403,SALE,-28,2026-08-24T17:27:00Z
MOV-0002742,STR-002,SKU-403,SALE,-33,2026-08-25T09:06:00Z
MOV-0002743,STR-002,SKU-403,SALE,-33,2026-08-26T13:30:00Z
MOV-0002744,STR-002,SKU-403,DELIVERY,210,2026-08-27T06:20:00Z
MOV-0002745,STR-002,SKU-403,SALE,-36,2026-08-27T14:18:00Z
MOV-0002746,STR-002,SKU-403,SALE,-33,2026-08-28T18:18:00Z
MOV-0002747,STR-002,SKU-403,SALE,-44,2026-08-29T14:33:00Z
MOV-0002748,STR-002,SKU-403,SALE,-39,2026-08-30T18:39:00Z
MOV-0002749,STR-002,SKU-403,SALE,-22,2026-08-31T16:51:00Z
MOV-0002750,STR-002,SKU-403,SALE,-36,2026-09-01T08:14:00Z
MOV-0002751,STR-002,SKU-501,SALE,-4,2026-07-06T08:10:00Z
MOV-0002752,STR-002,SKU-501,SALE,-6,2026-07-07T18:15:00Z
MOV-0002753,STR-002,SKU-501,SALE,-6,2026-07-08T12:08:00Z
MOV-0002754,STR-002,SKU-501,DELIVERY,46,2026-07-09T06:52:00Z
MOV-0002755,STR-002,SKU-501,SALE,-5,2026-07-09T14:54:00Z
MOV-0002756,STR-002,SKU-501,SALE,-8,2026-07-10T14:52:00Z
MOV-0002757,STR-002,SKU-501,SALE,-8,2026-07-11T09:24:00Z
MOV-0002758,STR-002,SKU-501,SALE,-7,2026-07-12T14:32:00Z
MOV-0002759,STR-002,SKU-501,SALE,-6,2026-07-13T17:03:00Z
MOV-0002760,STR-002,SKU-501,SALE,-5,2026-07-14T10:27:00Z
MOV-0002761,STR-002,SKU-501,SALE,-7,2026-07-15T17:17:00Z
MOV-0002762,STR-002,SKU-501,DELIVERY,43,2026-07-16T06:15:00Z
MOV-0002763,STR-002,SKU-501,SALE,-6,2026-07-16T11:09:00Z
MOV-0002764,STR-002,SKU-501,SALE,-7,2026-07-17T09:34:00Z
MOV-0002765,STR-002,SKU-501,SALE,-9,2026-07-18T16:33:00Z
MOV-0002766,STR-002,SKU-501,SALE,-7,2026-07-19T10:37:00Z
MOV-0002767,STR-002,SKU-501,SALE,-4,2026-07-20T16:21:00Z
MOV-0002768,STR-002,SKU-501,SALE,-5,2026-07-21T09:15:00Z
MOV-0002769,STR-002,SKU-501,SALE,-5,2026-07-22T15:41:00Z
MOV-0002770,STR-002,SKU-501,DELIVERY,39,2026-07-23T06:22:00Z
MOV-0002771,STR-002,SKU-501,SALE,-5,2026-07-23T10:51:00Z
MOV-0002772,STR-002,SKU-501,SALE,-5,2026-07-24T12:19:00Z
MOV-0002773,STR-002,SKU-501,SALE,-6,2026-07-25T07:51:00Z
MOV-0002774,STR-002,SKU-501,SALE,-7,2026-07-26T12:14:00Z
MOV-0002775,STR-002,SKU-501,SALE,-5,2026-07-27T14:55:00Z
MOV-0002776,STR-002,SKU-501,SALE,-4,2026-07-28T12:35:00Z
MOV-0002777,STR-002,SKU-501,SALE,-7,2026-07-29T08:29:00Z
MOV-0002778,STR-002,SKU-501,DELIVERY,45,2026-07-30T06:02:00Z
MOV-0002779,STR-002,SKU-501,SALE,-7,2026-07-30T14:25:00Z
MOV-0002780,STR-002,SKU-501,SALE,-8,2026-07-31T13:45:00Z
MOV-0002781,STR-002,SKU-501,SALE,-8,2026-08-01T16:26:00Z
MOV-0002782,STR-002,SKU-501,SALE,-7,2026-08-02T10:47:00Z
MOV-0002783,STR-002,SKU-501,SALE,-5,2026-08-03T18:53:00Z
MOV-0002784,STR-002,SKU-501,SALE,-6,2026-08-04T08:50:00Z
MOV-0002785,STR-002,SKU-501,SALE,-4,2026-08-05T10:29:00Z
MOV-0002786,STR-002,SKU-501,DELIVERY,38,2026-08-06T06:52:00Z
MOV-0002787,STR-002,SKU-501,SALE,-7,2026-08-06T18:01:00Z
MOV-0002788,STR-002,SKU-501,SALE,-5,2026-08-07T10:30:00Z
MOV-0002789,STR-002,SKU-501,SALE,-7,2026-08-08T15:32:00Z
MOV-0002790,STR-002,SKU-501,SALE,-7,2026-08-09T18:45:00Z
MOV-0002791,STR-002,SKU-501,SALE,-3,2026-08-10T08:10:00Z
MOV-0002792,STR-002,SKU-501,SALE,-5,2026-08-11T11:33:00Z
MOV-0002793,STR-002,SKU-501,SALE,-4,2026-08-12T07:28:00Z
MOV-0002794,STR-002,SKU-501,DELIVERY,35,2026-08-13T06:12:00Z
MOV-0002795,STR-002,SKU-501,SALE,-5,2026-08-13T07:50:00Z
MOV-0002796,STR-002,SKU-501,SALE,-6,2026-08-14T09:35:00Z
MOV-0002797,STR-002,SKU-501,SALE,-7,2026-08-15T08:08:00Z
MOV-0002798,STR-002,SKU-501,SALE,-5,2026-08-16T14:18:00Z
MOV-0002799,STR-002,SKU-501,SALE,-3,2026-08-17T09:00:00Z
MOV-0002800,STR-002,SKU-501,SALE,-4,2026-08-18T11:26:00Z
MOV-0002801,STR-002,SKU-501,SALE,-5,2026-08-19T18:38:00Z
MOV-0002802,STR-002,SKU-501,DELIVERY,34,2026-08-20T06:27:00Z
MOV-0002803,STR-002,SKU-501,SALE,-5,2026-08-20T13:04:00Z
MOV-0002804,STR-002,SKU-501,SALE,-5,2026-08-21T10:32:00Z
MOV-0002805,STR-002,SKU-501,SALE,-6,2026-08-22T08:47:00Z
MOV-0002806,STR-002,SKU-501,SALE,-5,2026-08-23T17:42:00Z
MOV-0002807,STR-002,SKU-501,SALE,-4,2026-08-24T12:14:00Z
MOV-0002808,STR-002,SKU-501,SALE,-4,2026-08-25T12:25:00Z
MOV-0002809,STR-002,SKU-501,SALE,-5,2026-08-26T14:15:00Z
MOV-0002810,STR-002,SKU-501,DELIVERY,30,2026-08-27T06:27:00Z
MOV-0002811,STR-002,SKU-501,SALE,-4,2026-08-27T13:28:00Z
MOV-0002812,STR-002,SKU-501,SALE,-5,2026-08-28T07:04:00Z
MOV-0002813,STR-002,SKU-501,SALE,-5,2026-08-29T18:31:00Z
MOV-0002814,STR-002,SKU-501,SALE,-6,2026-08-30T18:19:00Z
MOV-0002815,STR-002,SKU-501,SALE,-5,2026-08-31T15:36:00Z
MOV-0002816,STR-002,SKU-501,SALE,-5,2026-09-01T09:56:00Z
MOV-0002817,STR-002,SKU-502,SALE,-3,2026-07-06T17:14:00Z
MOV-0002818,STR-002,SKU-502,SALE,-4,2026-07-07T16:53:00Z
MOV-0002819,STR-002,SKU-502,SALE,-4,2026-07-08T07:39:00Z
MOV-0002820,STR-002,SKU-502,SALE,-3,2026-07-09T11:19:00Z
MOV-0002821,STR-002,SKU-502,SALE,-3,2026-07-10T16:32:00Z
MOV-0002822,STR-002,SKU-502,DELIVERY,23,2026-07-11T06:04:00Z
MOV-0002823,STR-002,SKU-502,SALE,-4,2026-07-11T16:36:00Z
MOV-0002824,STR-002,SKU-502,SALE,-4,2026-07-12T14:11:00Z
MOV-0002825,STR-002,SKU-502,SALE,-2,2026-07-13T13:55:00Z
MOV-0002826,STR-002,SKU-502,SALE,-3,2026-07-14T11:03:00Z
MOV-0002827,STR-002,SKU-502,SALE,-3,2026-07-15T14:06:00Z
MOV-0002828,STR-002,SKU-502,SALE,-4,2026-07-16T07:23:00Z
MOV-0002829,STR-002,SKU-502,SALE,-3,2026-07-17T10:22:00Z
MOV-0002830,STR-002,SKU-502,DELIVERY,24,2026-07-18T06:58:00Z
MOV-0002831,STR-002,SKU-502,SALE,-3,2026-07-18T15:50:00Z
MOV-0002832,STR-002,SKU-502,SALE,-4,2026-07-19T18:06:00Z
MOV-0002833,STR-002,SKU-502,SALE,-3,2026-07-20T15:04:00Z
MOV-0002834,STR-002,SKU-502,SALE,-3,2026-07-21T08:15:00Z
MOV-0002835,STR-002,SKU-502,SALE,-4,2026-07-22T14:16:00Z
MOV-0002836,STR-002,SKU-502,SALE,-3,2026-07-23T14:48:00Z
MOV-0002837,STR-002,SKU-502,SALE,-4,2026-07-24T18:10:00Z
MOV-0002838,STR-002,SKU-502,DELIVERY,21,2026-07-25T06:05:00Z
MOV-0002839,STR-002,SKU-502,SALE,-4,2026-07-25T10:50:00Z
MOV-0002840,STR-002,SKU-502,SALE,-4,2026-07-26T13:25:00Z
MOV-0002841,STR-002,SKU-502,SALE,-2,2026-07-27T07:41:00Z
MOV-0002842,STR-002,SKU-502,SALE,-2,2026-07-28T14:27:00Z
MOV-0002843,STR-002,SKU-502,SALE,-3,2026-07-29T13:25:00Z
MOV-0002844,STR-002,SKU-502,SALE,-3,2026-07-30T08:25:00Z
MOV-0002845,STR-002,SKU-502,SALE,-3,2026-07-31T12:40:00Z
MOV-0002846,STR-002,SKU-502,DELIVERY,24,2026-08-01T06:04:00Z
MOV-0002847,STR-002,SKU-502,SALE,-3,2026-08-01T18:11:00Z
MOV-0002848,STR-002,SKU-502,SALE,-3,2026-08-02T16:55:00Z
MOV-0002849,STR-002,SKU-502,SALE,-3,2026-08-03T08:30:00Z
MOV-0002850,STR-002,SKU-502,SALE,-3,2026-08-04T10:02:00Z
MOV-0002851,STR-002,SKU-502,SALE,-4,2026-08-05T10:31:00Z
MOV-0002852,STR-002,SKU-502,SALE,-4,2026-08-06T17:11:00Z
MOV-0002853,STR-002,SKU-502,SALE,-4,2026-08-07T11:30:00Z
MOV-0002854,STR-002,SKU-502,DELIVERY,21,2026-08-08T06:05:00Z
MOV-0002855,STR-002,SKU-502,SALE,-4,2026-08-08T09:12:00Z
MOV-0002856,STR-002,SKU-502,SALE,-3,2026-08-09T15:53:00Z
MOV-0002857,STR-002,SKU-502,SALE,-3,2026-08-10T17:09:00Z
MOV-0002858,STR-002,SKU-502,SALE,-3,2026-08-11T10:23:00Z
MOV-0002859,STR-002,SKU-502,SALE,-2,2026-08-12T17:41:00Z
MOV-0002860,STR-002,SKU-502,SALE,-3,2026-08-13T17:00:00Z
MOV-0002861,STR-002,SKU-502,SALE,-3,2026-08-14T12:00:00Z
MOV-0002862,STR-002,SKU-502,DELIVERY,17,2026-08-15T06:14:00Z
MOV-0002863,STR-002,SKU-502,SALE,-3,2026-08-15T08:55:00Z
MOV-0002864,STR-002,SKU-502,SALE,-3,2026-08-16T16:36:00Z
MOV-0002865,STR-002,SKU-502,SALE,-2,2026-08-17T12:42:00Z
MOV-0002866,STR-002,SKU-502,SALE,-2,2026-08-18T10:18:00Z
MOV-0002867,STR-002,SKU-502,SALE,-2,2026-08-19T16:34:00Z
MOV-0002868,STR-002,SKU-502,SALE,-2,2026-08-20T17:48:00Z
MOV-0002869,STR-002,SKU-502,SALE,-3,2026-08-21T07:08:00Z
MOV-0002870,STR-002,SKU-502,DELIVERY,24,2026-08-22T06:40:00Z
MOV-0002871,STR-002,SKU-502,SALE,-3,2026-08-22T10:05:00Z
MOV-0002872,STR-002,SKU-502,SALE,-3,2026-08-23T14:57:00Z
MOV-0002873,STR-002,SKU-502,SALE,-3,2026-08-24T07:42:00Z
MOV-0002874,STR-002,SKU-502,SALE,-3,2026-08-25T18:21:00Z
MOV-0002875,STR-002,SKU-502,SALE,-3,2026-08-26T13:34:00Z
MOV-0002876,STR-002,SKU-502,ADJUSTMENT,-2,2026-08-27T12:16:00Z
MOV-0002877,STR-002,SKU-502,SALE,-3,2026-08-27T16:34:00Z
MOV-0002878,STR-002,SKU-502,SALE,-4,2026-08-28T16:54:00Z
MOV-0002879,STR-002,SKU-502,DELIVERY,14,2026-08-29T06:04:00Z
MOV-0002880,STR-002,SKU-502,SALE,-5,2026-08-29T18:11:00Z
MOV-0002881,STR-002,SKU-502,SALE,-4,2026-08-30T17:31:00Z
MOV-0002882,STR-002,SKU-502,SALE,-3,2026-08-31T13:01:00Z
MOV-0002883,STR-002,SKU-502,SALE,-2,2026-09-01T07:19:00Z
MOV-0002884,STR-002,SKU-503,SALE,-2,2026-07-06T07:40:00Z
MOV-0002885,STR-002,SKU-503,DELIVERY,26,2026-07-07T06:06:00Z
MOV-0002886,STR-002,SKU-503,SALE,-3,2026-07-07T15:49:00Z
MOV-0002887,STR-002,SKU-503,SALE,-3,2026-07-08T13:12:00Z
MOV-0002888,STR-002,SKU-503,SALE,-4,2026-07-09T17:46:00Z
MOV-0002889,STR-002,SKU-503,SALE,-4,2026-07-10T14:27:00Z
MOV-0002890,STR-002,SKU-503,SALE,-4,2026-07-11T18:26:00Z
MOV-0002891,STR-002,SKU-503,SALE,-5,2026-07-12T18:58:00Z
MOV-0002892,STR-002,SKU-503,SALE,-3,2026-07-13T09:09:00Z
MOV-0002893,STR-002,SKU-503,DELIVERY,26,2026-07-14T06:29:00Z
MOV-0002894,STR-002,SKU-503,SALE,-4,2026-07-14T16:26:00Z
MOV-0002895,STR-002,SKU-503,SALE,-3,2026-07-15T14:00:00Z
MOV-0002896,STR-002,SKU-503,SALE,-3,2026-07-16T17:06:00Z
MOV-0002897,STR-002,SKU-503,SALE,-5,2026-07-17T08:07:00Z
MOV-0002898,STR-002,SKU-503,SALE,-4,2026-07-18T13:35:00Z
MOV-0002899,STR-002,SKU-503,SALE,-4,2026-07-19T13:50:00Z
MOV-0002900,STR-002,SKU-503,SALE,-3,2026-07-20T14:26:00Z
MOV-0002901,STR-002,SKU-503,DELIVERY,29,2026-07-21T06:27:00Z
MOV-0002902,STR-002,SKU-503,SALE,-4,2026-07-21T18:41:00Z
MOV-0002903,STR-002,SKU-503,SALE,-4,2026-07-22T12:25:00Z
MOV-0002904,STR-002,SKU-503,SALE,-4,2026-07-23T10:09:00Z
MOV-0002905,STR-002,SKU-503,SALE,-4,2026-07-24T10:12:00Z
MOV-0002906,STR-002,SKU-503,SALE,-6,2026-07-25T16:56:00Z
MOV-0002907,STR-002,SKU-503,SALE,-4,2026-07-26T12:57:00Z
MOV-0002908,STR-002,SKU-503,SALE,-3,2026-07-27T16:15:00Z
MOV-0002909,STR-002,SKU-503,DELIVERY,31,2026-07-28T06:02:00Z
MOV-0002910,STR-002,SKU-503,SALE,-4,2026-07-28T11:47:00Z
MOV-0002911,STR-002,SKU-503,SALE,-3,2026-07-29T08:19:00Z
MOV-0002912,STR-002,SKU-503,SALE,-5,2026-07-30T07:25:00Z
MOV-0002913,STR-002,SKU-503,SALE,-5,2026-07-31T16:19:00Z
MOV-0002914,STR-002,SKU-503,SALE,-6,2026-08-01T17:40:00Z
MOV-0002915,STR-002,SKU-503,SALE,-5,2026-08-02T18:19:00Z
MOV-0002916,STR-002,SKU-503,SALE,-3,2026-08-03T18:33:00Z
MOV-0002917,STR-002,SKU-503,DELIVERY,30,2026-08-04T06:52:00Z
MOV-0002918,STR-002,SKU-503,SALE,-4,2026-08-04T14:32:00Z
MOV-0002919,STR-002,SKU-503,SALE,-4,2026-08-05T13:46:00Z
MOV-0002920,STR-002,SKU-503,SALE,-4,2026-08-06T16:03:00Z
MOV-0002921,STR-002,SKU-503,SALE,-5,2026-08-07T07:35:00Z
MOV-0002922,STR-002,SKU-503,SALE,-5,2026-08-08T18:22:00Z
MOV-0002923,STR-002,SKU-503,SALE,-5,2026-08-09T17:15:00Z
MOV-0002924,STR-002,SKU-503,SALE,-3,2026-08-10T14:09:00Z
MOV-0002925,STR-002,SKU-503,DELIVERY,30,2026-08-11T06:29:00Z
MOV-0002926,STR-002,SKU-503,SALE,-4,2026-08-11T08:24:00Z
MOV-0002927,STR-002,SKU-503,SALE,-4,2026-08-12T16:19:00Z
MOV-0002928,STR-002,SKU-503,SALE,-4,2026-08-13T07:07:00Z
MOV-0002929,STR-002,SKU-503,SALE,-5,2026-08-14T13:31:00Z
MOV-0002930,STR-002,SKU-503,SALE,-5,2026-08-15T16:48:00Z
MOV-0002931,STR-002,SKU-503,SALE,-5,2026-08-16T07:12:00Z
MOV-0002932,STR-002,SKU-503,SALE,-3,2026-08-17T12:33:00Z
MOV-0002933,STR-002,SKU-503,DELIVERY,30,2026-08-18T06:56:00Z
MOV-0002934,STR-002,SKU-503,SALE,-4,2026-08-18T09:52:00Z
MOV-0002935,STR-002,SKU-503,SALE,-4,2026-08-19T10:43:00Z
MOV-0002936,STR-002,SKU-503,SALE,-4,2026-08-20T10:12:00Z
MOV-0002937,STR-002,SKU-503,SALE,-4,2026-08-21T18:38:00Z
MOV-0002938,STR-002,SKU-503,SALE,-5,2026-08-22T10:51:00Z
MOV-0002939,STR-002,SKU-503,SALE,-5,2026-08-23T11:53:00Z
MOV-0002940,STR-002,SKU-503,SALE,-4,2026-08-24T09:26:00Z
MOV-0002941,STR-002,SKU-503,DELIVERY,32,2026-08-25T06:04:00Z
MOV-0002942,STR-002,SKU-503,SALE,-4,2026-08-25T09:14:00Z
MOV-0002943,STR-002,SKU-503,SALE,-4,2026-08-26T11:01:00Z
MOV-0002944,STR-002,SKU-503,SALE,-4,2026-08-27T17:35:00Z
MOV-0002945,STR-002,SKU-503,SALE,-6,2026-08-28T18:16:00Z
MOV-0002946,STR-002,SKU-503,SALE,-5,2026-08-29T07:33:00Z
MOV-0002947,STR-002,SKU-503,SALE,-6,2026-08-30T15:35:00Z
MOV-0002948,STR-002,SKU-503,SALE,-3,2026-08-31T16:23:00Z
MOV-0002949,STR-002,SKU-503,DELIVERY,4,2026-09-01T06:46:00Z
MOV-0002950,STR-002,SKU-503,SALE,-4,2026-09-01T07:52:00Z
MOV-0002951,STR-002,SKU-504,SALE,-2,2026-07-06T07:49:00Z
MOV-0002952,STR-002,SKU-504,SALE,-2,2026-07-07T13:08:00Z
MOV-0002953,STR-002,SKU-504,SALE,-2,2026-07-08T13:37:00Z
MOV-0002954,STR-002,SKU-504,SALE,-3,2026-07-09T11:08:00Z
MOV-0002955,STR-002,SKU-504,SALE,-3,2026-07-10T12:11:00Z
MOV-0002956,STR-002,SKU-504,DELIVERY,15,2026-07-11T06:00:00Z
MOV-0002957,STR-002,SKU-504,SALE,-4,2026-07-11T17:44:00Z
MOV-0002958,STR-002,SKU-504,SALE,-4,2026-07-12T17:16:00Z
MOV-0002959,STR-002,SKU-504,SALE,-2,2026-07-13T17:48:00Z
MOV-0002960,STR-002,SKU-504,SALE,-2,2026-07-14T14:32:00Z
MOV-0002961,STR-002,SKU-504,SALE,-2,2026-07-15T11:02:00Z
MOV-0002962,STR-002,SKU-504,SALE,-2,2026-07-16T07:44:00Z
MOV-0002963,STR-002,SKU-504,ADJUSTMENT,3,2026-07-16T12:18:00Z
MOV-0002964,STR-002,SKU-504,SALE,-2,2026-07-17T15:05:00Z
MOV-0002965,STR-002,SKU-504,DELIVERY,20,2026-07-18T06:10:00Z
MOV-0002966,STR-002,SKU-504,SALE,-3,2026-07-18T11:00:00Z
MOV-0002967,STR-002,SKU-504,SALE,-3,2026-07-19T13:29:00Z
MOV-0002968,STR-002,SKU-504,SALE,-2,2026-07-20T16:49:00Z
MOV-0002969,STR-002,SKU-504,SALE,-3,2026-07-21T13:38:00Z
MOV-0002970,STR-002,SKU-504,SALE,-2,2026-07-22T16:00:00Z
MOV-0002971,STR-002,SKU-504,SALE,-3,2026-07-23T10:53:00Z
MOV-0002972,STR-002,SKU-504,SALE,-4,2026-07-24T07:44:00Z
MOV-0002973,STR-002,SKU-504,DELIVERY,18,2026-07-25T06:30:00Z
MOV-0002974,STR-002,SKU-504,SALE,-3,2026-07-25T14:25:00Z
MOV-0002975,STR-002,SKU-504,SALE,-3,2026-07-26T09:58:00Z
MOV-0002976,STR-002,SKU-504,SALE,-2,2026-07-27T10:03:00Z
MOV-0002977,STR-002,SKU-504,SALE,-3,2026-07-28T17:53:00Z
MOV-0002978,STR-002,SKU-504,SALE,-3,2026-07-29T12:28:00Z
MOV-0002979,STR-002,SKU-504,SALE,-2,2026-07-30T12:16:00Z
MOV-0002980,STR-002,SKU-504,SALE,-2,2026-07-31T14:47:00Z
MOV-0002981,STR-002,SKU-504,DELIVERY,20,2026-08-01T06:52:00Z
MOV-0002982,STR-002,SKU-504,SALE,-4,2026-08-01T08:26:00Z
MOV-0002983,STR-002,SKU-504,SALE,-3,2026-08-02T17:47:00Z
MOV-0002984,STR-002,SKU-504,SALE,-2,2026-08-03T18:43:00Z
MOV-0002985,STR-002,SKU-504,SALE,-2,2026-08-04T17:39:00Z
MOV-0002986,STR-002,SKU-504,SALE,-3,2026-08-05T13:13:00Z
MOV-0002987,STR-002,SKU-504,SALE,-3,2026-08-06T07:52:00Z
MOV-0002988,STR-002,SKU-504,SALE,-3,2026-08-07T15:31:00Z
MOV-0002989,STR-002,SKU-504,DELIVERY,19,2026-08-08T06:22:00Z
MOV-0002990,STR-002,SKU-504,SALE,-3,2026-08-08T14:58:00Z
MOV-0002991,STR-002,SKU-504,SALE,-3,2026-08-09T14:20:00Z
MOV-0002992,STR-002,SKU-504,SALE,-3,2026-08-10T16:31:00Z
MOV-0002993,STR-002,SKU-504,SALE,-2,2026-08-11T09:21:00Z
MOV-0002994,STR-002,SKU-504,SALE,-2,2026-08-12T16:56:00Z
MOV-0002995,STR-002,SKU-504,SALE,-3,2026-08-13T17:45:00Z
MOV-0002996,STR-002,SKU-504,SALE,-3,2026-08-14T12:19:00Z
MOV-0002997,STR-002,SKU-504,DELIVERY,16,2026-08-15T06:10:00Z
MOV-0002998,STR-002,SKU-504,SALE,-4,2026-08-15T14:39:00Z
MOV-0002999,STR-002,SKU-504,SALE,-3,2026-08-16T17:49:00Z
MOV-0003000,STR-002,SKU-504,SALE,-1,2026-08-17T15:47:00Z
MOV-0003001,STR-002,SKU-504,SALE,-2,2026-08-18T14:03:00Z
MOV-0003002,STR-002,SKU-504,SALE,-2,2026-08-19T15:10:00Z
MOV-0003003,STR-002,SKU-504,SALE,-2,2026-08-20T08:11:00Z
MOV-0003004,STR-002,SKU-504,SALE,-2,2026-08-21T18:42:00Z
MOV-0003005,STR-002,SKU-504,DELIVERY,16,2026-08-22T06:52:00Z
MOV-0003006,STR-002,SKU-504,SALE,-3,2026-08-22T14:04:00Z
MOV-0003007,STR-002,SKU-504,SALE,-2,2026-08-23T16:58:00Z
MOV-0003008,STR-002,SKU-504,SALE,-2,2026-08-24T12:36:00Z
MOV-0003009,STR-002,SKU-504,SALE,-2,2026-08-25T14:16:00Z
MOV-0003010,STR-002,SKU-504,SALE,-2,2026-08-26T13:30:00Z
MOV-0003011,STR-002,SKU-504,SALE,-2,2026-08-27T10:16:00Z
MOV-0003012,STR-002,SKU-504,SALE,-3,2026-08-28T09:13:00Z
MOV-0003013,STR-002,SKU-504,DELIVERY,8,2026-08-29T06:26:00Z
MOV-0003014,STR-002,SKU-504,SALE,-2,2026-08-29T11:05:00Z
MOV-0003015,STR-002,SKU-504,SALE,-2,2026-08-30T12:07:00Z
MOV-0003016,STR-002,SKU-504,SALE,-2,2026-08-31T18:35:00Z
MOV-0003017,STR-002,SKU-504,SALE,-2,2026-09-01T07:00:00Z
MOV-0003018,STR-002,SKU-601,DELIVERY,166,2026-07-06T06:40:00Z
MOV-0003019,STR-002,SKU-601,SALE,-20,2026-07-06T14:16:00Z
MOV-0003020,STR-002,SKU-601,SALE,-22,2026-07-07T10:05:00Z
MOV-0003021,STR-002,SKU-601,SALE,-19,2026-07-08T10:22:00Z
MOV-0003022,STR-002,SKU-601,SALE,-21,2026-07-09T18:05:00Z
MOV-0003023,STR-002,SKU-601,SALE,-24,2026-07-10T10:42:00Z
MOV-0003024,STR-002,SKU-601,WASTE,-1,2026-07-10T21:45:00Z
MOV-0003025,STR-002,SKU-601,SALE,-25,2026-07-11T13:06:00Z
MOV-0003026,STR-002,SKU-601,WASTE,-3,2026-07-11T21:23:00Z
MOV-0003027,STR-002,SKU-601,SALE,-31,2026-07-12T17:58:00Z
MOV-0003028,STR-002,SKU-601,DELIVERY,178,2026-07-13T06:21:00Z
MOV-0003029,STR-002,SKU-601,SALE,-19,2026-07-13T17:15:00Z
MOV-0003030,STR-002,SKU-601,WASTE,-5,2026-07-13T21:42:00Z
MOV-0003031,STR-002,SKU-601,SALE,-24,2026-07-14T07:26:00Z
MOV-0003032,STR-002,SKU-601,SALE,-27,2026-07-15T17:57:00Z
MOV-0003033,STR-002,SKU-601,SALE,-23,2026-07-16T10:07:00Z
MOV-0003034,STR-002,SKU-601,SALE,-26,2026-07-17T12:06:00Z
MOV-0003035,STR-002,SKU-601,SALE,-28,2026-07-18T16:19:00Z
MOV-0003036,STR-002,SKU-601,SALE,-26,2026-07-19T10:55:00Z
MOV-0003037,STR-002,SKU-601,DELIVERY,201,2026-07-20T06:35:00Z
MOV-0003038,STR-002,SKU-601,SALE,-23,2026-07-20T17:41:00Z
MOV-0003039,STR-002,SKU-601,SALE,-29,2026-07-21T08:28:00Z
MOV-0003040,STR-002,SKU-601,WASTE,-3,2026-07-21T21:13:00Z
MOV-0003041,STR-002,SKU-601,SALE,-26,2026-07-22T17:54:00Z
MOV-0003042,STR-002,SKU-601,WASTE,-3,2026-07-22T21:25:00Z
MOV-0003043,STR-002,SKU-601,SALE,-30,2026-07-23T15:39:00Z
MOV-0003044,STR-002,SKU-601,SALE,-25,2026-07-24T07:27:00Z
MOV-0003045,STR-002,SKU-601,SALE,-35,2026-07-25T09:40:00Z
MOV-0003046,STR-002,SKU-601,SALE,-27,2026-07-26T14:02:00Z
MOV-0003047,STR-002,SKU-601,DELIVERY,188,2026-07-27T06:09:00Z
MOV-0003048,STR-002,SKU-601,SALE,-21,2026-07-27T13:24:00Z
MOV-0003049,STR-002,SKU-601,SALE,-21,2026-07-28T11:07:00Z
MOV-0003050,STR-002,SKU-601,SALE,-29,2026-07-29T09:04:00Z
MOV-0003051,STR-002,SKU-601,SALE,-24,2026-07-30T07:16:00Z
MOV-0003052,STR-002,SKU-601,SALE,-29,2026-07-31T15:17:00Z
MOV-0003053,STR-002,SKU-601,SALE,-39,2026-08-01T07:47:00Z
MOV-0003054,STR-002,SKU-601,SALE,-25,2026-08-02T08:07:00Z
MOV-0003055,STR-002,SKU-601,DELIVERY,219,2026-08-03T06:00:00Z
MOV-0003056,STR-002,SKU-601,SALE,-21,2026-08-03T14:42:00Z
MOV-0003057,STR-002,SKU-601,SALE,-24,2026-08-04T18:53:00Z
MOV-0003058,STR-002,SKU-601,WASTE,-3,2026-08-04T21:19:00Z
MOV-0003059,STR-002,SKU-601,SALE,-32,2026-08-05T10:10:00Z
MOV-0003060,STR-002,SKU-601,SALE,-26,2026-08-06T13:43:00Z
MOV-0003061,STR-002,SKU-601,SALE,-37,2026-08-07T08:58:00Z
MOV-0003062,STR-002,SKU-601,WASTE,-2,2026-08-07T21:38:00Z
MOV-0003063,STR-002,SKU-601,SALE,-43,2026-08-08T08:20:00Z
MOV-0003064,STR-002,SKU-601,WASTE,-2,2026-08-08T21:33:00Z
MOV-0003065,STR-002,SKU-601,SALE,-29,2026-08-09T15:18:00Z
MOV-0003066,STR-002,SKU-601,DELIVERY,181,2026-08-10T06:34:00Z
MOV-0003067,STR-002,SKU-601,SALE,-19,2026-08-10T17:43:00Z
MOV-0003068,STR-002,SKU-601,WASTE,-5,2026-08-10T21:52:00Z
MOV-0003069,STR-002,SKU-601,SALE,-22,2026-08-11T16:02:00Z
MOV-0003070,STR-002,SKU-601,SALE,-21,2026-08-12T08:07:00Z
MOV-0003071,STR-002,SKU-601,WASTE,-5,2026-08-12T21:25:00Z
MOV-0003072,STR-002,SKU-601,SALE,-22,2026-08-13T14:34:00Z
MOV-0003073,STR-002,SKU-601,WASTE,-4,2026-08-13T21:48:00Z
MOV-0003074,STR-002,SKU-601,SALE,-27,2026-08-14T10:39:00Z
MOV-0003075,STR-002,SKU-601,WASTE,-3,2026-08-14T21:17:00Z
MOV-0003076,STR-002,SKU-601,SALE,-30,2026-08-15T12:31:00Z
MOV-0003077,STR-002,SKU-601,SALE,-23,2026-08-16T16:30:00Z
MOV-0003078,STR-002,SKU-601,DELIVERY,220,2026-08-17T06:30:00Z
MOV-0003079,STR-002,SKU-601,SALE,-20,2026-08-17T10:33:00Z
MOV-0003080,STR-002,SKU-601,SALE,-31,2026-08-18T09:14:00Z
MOV-0003081,STR-002,SKU-601,SALE,-25,2026-08-19T13:05:00Z
MOV-0003082,STR-002,SKU-601,SALE,-36,2026-08-20T10:23:00Z
MOV-0003083,STR-002,SKU-601,SALE,-30,2026-08-21T08:11:00Z
MOV-0003084,STR-002,SKU-601,SALE,-39,2026-08-22T13:02:00Z
MOV-0003085,STR-002,SKU-601,SALE,-38,2026-08-23T12:06:00Z
MOV-0003086,STR-002,SKU-601,WASTE,-1,2026-08-23T21:44:00Z
MOV-0003087,STR-002,SKU-601,DELIVERY,214,2026-08-24T06:10:00Z
MOV-0003088,STR-002,SKU-601,SALE,-27,2026-08-24T10:17:00Z
MOV-0003089,STR-002,SKU-601,SALE,-24,2026-08-25T11:45:00Z
MOV-0003090,STR-002,SKU-601,WASTE,-1,2026-08-25T21:18:00Z
MOV-0003091,STR-002,SKU-601,SALE,-27,2026-08-26T07:29:00Z
MOV-0003092,STR-002,SKU-601,SALE,-35,2026-08-27T13:09:00Z
MOV-0003093,STR-002,SKU-601,SALE,-35,2026-08-28T12:35:00Z
MOV-0003094,STR-002,SKU-601,SALE,-36,2026-08-29T16:54:00Z
MOV-0003095,STR-002,SKU-601,SALE,-29,2026-08-30T15:54:00Z
MOV-0003096,STR-002,SKU-601,DELIVERY,56,2026-08-31T06:06:00Z
MOV-0003097,STR-002,SKU-601,SALE,-25,2026-08-31T18:31:00Z
MOV-0003098,STR-002,SKU-601,WASTE,-2,2026-08-31T21:23:00Z
MOV-0003099,STR-002,SKU-601,SALE,-29,2026-09-01T07:52:00Z
MOV-0003100,STR-002,SKU-602,SALE,-21,2026-07-06T18:52:00Z
MOV-0003101,STR-002,SKU-602,WASTE,-2,2026-07-06T21:23:00Z
MOV-0003102,STR-002,SKU-602,SALE,-28,2026-07-07T17:13:00Z
MOV-0003103,STR-002,SKU-602,DELIVERY,182,2026-07-08T06:03:00Z
MOV-0003104,STR-002,SKU-602,SALE,-29,2026-07-08T12:06:00Z
MOV-0003105,STR-002,SKU-602,SALE,-23,2026-07-09T11:39:00Z
MOV-0003106,STR-002,SKU-602,SALE,-27,2026-07-10T11:47:00Z
MOV-0003107,STR-002,SKU-602,SALE,-36,2026-07-11T15:22:00Z
MOV-0003108,STR-002,SKU-602,SALE,-28,2026-07-12T12:13:00Z
MOV-0003109,STR-002,SKU-602,SALE,-20,2026-07-13T15:08:00Z
MOV-0003110,STR-002,SKU-602,SALE,-18,2026-07-14T14:40:00Z
MOV-0003111,STR-002,SKU-602,WASTE,-1,2026-07-14T21:28:00Z
MOV-0003112,STR-002,SKU-602,DELIVERY,167,2026-07-15T06:29:00Z
MOV-0003113,STR-002,SKU-602,SALE,-24,2026-07-15T14:09:00Z
MOV-0003114,STR-002,SKU-602,SALE,-25,2026-07-16T15:40:00Z
MOV-0003115,STR-002,SKU-602,WASTE,-3,2026-07-16T21:00:00Z
MOV-0003116,STR-002,SKU-602,SALE,-28,2026-07-17T12:10:00Z
MOV-0003117,STR-002,SKU-602,SALE,-27,2026-07-18T09:03:00Z
MOV-0003118,STR-002,SKU-602,SALE,-30,2026-07-19T10:19:00Z
MOV-0003119,STR-002,SKU-602,SALE,-14,2026-07-20T13:12:00Z
MOV-0003120,STR-002,SKU-602,SALE,-16,2026-07-21T16:43:00Z
MOV-0003121,STR-002,SKU-602,DELIVERY,146,2026-07-22T06:57:00Z
MOV-0003122,STR-002,SKU-602,SALE,-18,2026-07-22T15:03:00Z
MOV-0003123,STR-002,SKU-602,SALE,-20,2026-07-23T07:49:00Z
MOV-0003124,STR-002,SKU-602,SALE,-23,2026-07-24T16:27:00Z
MOV-0003125,STR-002,SKU-602,SALE,-22,2026-07-25T15:15:00Z
MOV-0003126,STR-002,SKU-602,SALE,-23,2026-07-26T12:21:00Z
MOV-0003127,STR-002,SKU-602,SALE,-19,2026-07-27T14:29:00Z
MOV-0003128,STR-002,SKU-602,SALE,-21,2026-07-28T12:15:00Z
MOV-0003129,STR-002,SKU-602,DELIVERY,161,2026-07-29T06:36:00Z
MOV-0003130,STR-002,SKU-602,SALE,-20,2026-07-29T14:26:00Z
MOV-0003131,STR-002,SKU-602,SALE,-21,2026-07-30T12:58:00Z
MOV-0003132,STR-002,SKU-602,SALE,-24,2026-07-31T15:42:00Z
MOV-0003133,STR-002,SKU-602,WASTE,-4,2026-07-31T21:33:00Z
MOV-0003134,STR-002,SKU-602,SALE,-24,2026-08-01T10:56:00Z
MOV-0003135,STR-002,SKU-602,SALE,-26,2026-08-02T15:56:00Z
MOV-0003136,STR-002,SKU-602,WASTE,-4,2026-08-02T21:55:00Z
MOV-0003137,STR-002,SKU-602,SALE,-17,2026-08-03T09:18:00Z
MOV-0003138,STR-002,SKU-602,SALE,-20,2026-08-04T17:08:00Z
MOV-0003139,STR-002,SKU-602,WASTE,-1,2026-08-04T21:50:00Z
MOV-0003140,STR-002,SKU-602,DELIVERY,139,2026-08-05T06:44:00Z
MOV-0003141,STR-002,SKU-602,SALE,-22,2026-08-05T13:56:00Z
MOV-0003142,STR-002,SKU-602,SALE,-21,2026-08-06T16:42:00Z
MOV-0003143,STR-002,SKU-602,SALE,-19,2026-08-07T16:43:00Z
MOV-0003144,STR-002,SKU-602,SALE,-22,2026-08-08T08:06:00Z
MOV-0003145,STR-002,SKU-602,SALE,-20,2026-08-09T14:58:00Z
MOV-0003146,STR-002,SKU-602,SALE,-16,2026-08-10T14:52:00Z
MOV-0003147,STR-002,SKU-602,WASTE,-4,2026-08-10T21:49:00Z
MOV-0003148,STR-002,SKU-602,SALE,-15,2026-08-11T15:13:00Z
MOV-0003149,STR-002,SKU-602,DELIVERY,142,2026-08-12T06:04:00Z
MOV-0003150,STR-002,SKU-602,SALE,-17,2026-08-12T11:10:00Z
MOV-0003151,STR-002,SKU-602,SALE,-21,2026-08-13T15:12:00Z
MOV-0003152,STR-002,SKU-602,SALE,-22,2026-08-14T11:07:00Z
MOV-0003153,STR-002,SKU-602,SALE,-24,2026-08-15T09:19:00Z
MOV-0003154,STR-002,SKU-602,SALE,-19,2026-08-16T16:49:00Z
MOV-0003155,STR-002,SKU-602,SALE,-16,2026-08-17T18:26:00Z
MOV-0003156,STR-002,SKU-602,SALE,-20,2026-08-18T10:47:00Z
MOV-0003157,STR-002,SKU-602,WASTE,-3,2026-08-18T21:19:00Z
MOV-0003158,STR-002,SKU-602,DELIVERY,163,2026-08-19T06:21:00Z
MOV-0003159,STR-002,SKU-602,SALE,-25,2026-08-19T12:53:00Z
MOV-0003160,STR-002,SKU-602,SALE,-21,2026-08-20T17:51:00Z
MOV-0003161,STR-002,SKU-602,SALE,-20,2026-08-21T10:48:00Z
MOV-0003162,STR-002,SKU-602,SALE,-27,2026-08-22T11:14:00Z
MOV-0003163,STR-002,SKU-602,SALE,-29,2026-08-23T14:30:00Z
MOV-0003164,STR-002,SKU-602,WASTE,-3,2026-08-23T21:53:00Z
MOV-0003165,STR-002,SKU-602,SALE,-15,2026-08-24T09:20:00Z
MOV-0003166,STR-002,SKU-602,SALE,-20,2026-08-25T18:10:00Z
MOV-0003167,STR-002,SKU-602,WASTE,-3,2026-08-25T21:24:00Z
MOV-0003168,STR-002,SKU-602,DELIVERY,151,2026-08-26T06:15:00Z
MOV-0003169,STR-002,SKU-602,SALE,-17,2026-08-26T12:40:00Z
MOV-0003170,STR-002,SKU-602,WASTE,-2,2026-08-26T21:40:00Z
MOV-0003171,STR-002,SKU-602,SALE,-17,2026-08-27T12:58:00Z
MOV-0003172,STR-002,SKU-602,SALE,-22,2026-08-28T12:12:00Z
MOV-0003173,STR-002,SKU-602,SALE,-27,2026-08-29T17:32:00Z
MOV-0003174,STR-002,SKU-602,SALE,-20,2026-08-30T11:01:00Z
MOV-0003175,STR-002,SKU-602,SALE,-19,2026-08-31T17:32:00Z
MOV-0003176,STR-002,SKU-602,WASTE,-2,2026-08-31T21:22:00Z
MOV-0003177,STR-002,SKU-602,SALE,-25,2026-09-01T15:19:00Z
MOV-0003178,STR-002,SKU-603,SALE,-21,2026-07-06T07:02:00Z
MOV-0003179,STR-002,SKU-603,SALE,-19,2026-07-07T11:57:00Z
MOV-0003180,STR-002,SKU-603,DELIVERY,183,2026-07-08T06:48:00Z
MOV-0003181,STR-002,SKU-603,SALE,-25,2026-07-08T10:22:00Z
MOV-0003182,STR-002,SKU-603,SALE,-19,2026-07-09T07:29:00Z
MOV-0003183,STR-002,SKU-603,SALE,-29,2026-07-10T11:47:00Z
MOV-0003184,STR-002,SKU-603,SALE,-29,2026-07-11T07:39:00Z
MOV-0003185,STR-002,SKU-603,SALE,-26,2026-07-12T17:19:00Z
MOV-0003186,STR-002,SKU-603,SALE,-26,2026-07-13T14:07:00Z
MOV-0003187,STR-002,SKU-603,SALE,-26,2026-07-14T11:45:00Z
MOV-0003188,STR-002,SKU-603,WASTE,-3,2026-07-14T21:02:00Z
MOV-0003189,STR-002,SKU-603,DELIVERY,199,2026-07-15T06:56:00Z
MOV-0003190,STR-002,SKU-603,SALE,-25,2026-07-15T08:46:00Z
MOV-0003191,STR-002,SKU-603,SALE,-31,2026-07-16T13:35:00Z
MOV-0003192,STR-002,SKU-603,SALE,-28,2026-07-17T09:39:00Z
MOV-0003193,STR-002,SKU-603,SALE,-28,2026-07-18T13:08:00Z
MOV-0003194,STR-002,SKU-603,SALE,-36,2026-07-19T08:21:00Z
MOV-0003195,STR-002,SKU-603,SALE,-24,2026-07-20T09:31:00Z
MOV-0003196,STR-002,SKU-603,ADJUSTMENT,-1,2026-07-21T12:03:00Z
MOV-0003197,STR-002,SKU-603,SALE,-26,2026-07-21T15:41:00Z
MOV-0003198,STR-002,SKU-603,DELIVERY,195,2026-07-22T06:07:00Z
MOV-0003199,STR-002,SKU-603,SALE,-25,2026-07-22T11:24:00Z
MOV-0003200,STR-002,SKU-603,SALE,-22,2026-07-23T08:19:00Z
MOV-0003201,STR-002,SKU-603,SALE,-28,2026-07-24T14:16:00Z
MOV-0003202,STR-002,SKU-603,SALE,-33,2026-07-25T11:54:00Z
MOV-0003203,STR-002,SKU-603,WASTE,-2,2026-07-25T21:38:00Z
MOV-0003204,STR-002,SKU-603,SALE,-26,2026-07-26T08:08:00Z
MOV-0003205,STR-002,SKU-603,SALE,-30,2026-07-27T14:41:00Z
MOV-0003206,STR-002,SKU-603,WASTE,-4,2026-07-27T21:30:00Z
MOV-0003207,STR-002,SKU-603,SALE,-25,2026-07-28T12:17:00Z
MOV-0003208,STR-002,SKU-603,DELIVERY,209,2026-07-29T06:19:00Z
MOV-0003209,STR-002,SKU-603,SALE,-32,2026-07-29T12:41:00Z
MOV-0003210,STR-002,SKU-603,SALE,-36,2026-07-30T07:33:00Z
MOV-0003211,STR-002,SKU-603,WASTE,-1,2026-07-30T21:46:00Z
MOV-0003212,STR-002,SKU-603,SALE,-30,2026-07-31T18:48:00Z
MOV-0003213,STR-002,SKU-603,SALE,-35,2026-08-01T17:44:00Z
MOV-0003214,STR-002,SKU-603,SALE,-34,2026-08-02T16:51:00Z
MOV-0003215,STR-002,SKU-603,SALE,-20,2026-08-03T18:45:00Z
MOV-0003216,STR-002,SKU-603,SALE,-21,2026-08-04T16:05:00Z
MOV-0003217,STR-002,SKU-603,DELIVERY,206,2026-08-05T06:24:00Z
MOV-0003218,STR-002,SKU-603,SALE,-26,2026-08-05T17:27:00Z
MOV-0003219,STR-002,SKU-603,WASTE,-5,2026-08-05T21:10:00Z
MOV-0003220,STR-002,SKU-603,SALE,-29,2026-08-06T13:06:00Z
MOV-0003221,STR-002,SKU-603,SALE,-25,2026-08-07T16:08:00Z
MOV-0003222,STR-002,SKU-603,WASTE,-1,2026-08-07T21:33:00Z
MOV-0003223,STR-002,SKU-603,SALE,-36,2026-08-08T07:53:00Z
MOV-0003224,STR-002,SKU-603,SALE,-32,2026-08-09T17:52:00Z
MOV-0003225,STR-002,SKU-603,SALE,-26,2026-08-10T08:26:00Z
MOV-0003226,STR-002,SKU-603,SALE,-26,2026-08-11T14:40:00Z
MOV-0003227,STR-002,SKU-603,DELIVERY,194,2026-08-12T06:21:00Z
MOV-0003228,STR-002,SKU-603,SALE,-22,2026-08-12T16:28:00Z
MOV-0003229,STR-002,SKU-603,SALE,-26,2026-08-13T17:28:00Z
MOV-0003230,STR-002,SKU-603,WASTE,-3,2026-08-13T21:51:00Z
MOV-0003231,STR-002,SKU-603,SALE,-23,2026-08-14T15:13:00Z
MOV-0003232,STR-002,SKU-603,SALE,-38,2026-08-15T09:20:00Z
MOV-0003233,STR-002,SKU-603,SALE,-25,2026-08-16T10:45:00Z
MOV-0003234,STR-002,SKU-603,SALE,-27,2026-08-17T07:17:00Z
MOV-0003235,STR-002,SKU-603,SALE,-30,2026-08-18T15:40:00Z
MOV-0003236,STR-002,SKU-603,DELIVERY,242,2026-08-19T06:55:00Z
MOV-0003237,STR-002,SKU-603,SALE,-30,2026-08-19T17:10:00Z
MOV-0003238,STR-002,SKU-603,WASTE,-5,2026-08-19T21:46:00Z
MOV-0003239,STR-002,SKU-603,SALE,-37,2026-08-20T12:33:00Z
MOV-0003240,STR-002,SKU-603,SALE,-41,2026-08-21T07:41:00Z
MOV-0003241,STR-002,SKU-603,SALE,-36,2026-08-22T12:29:00Z
MOV-0003242,STR-002,SKU-603,SALE,-37,2026-08-23T13:18:00Z
MOV-0003243,STR-002,SKU-603,SALE,-25,2026-08-24T11:22:00Z
MOV-0003244,STR-002,SKU-603,SALE,-27,2026-08-25T08:42:00Z
MOV-0003245,STR-002,SKU-603,WASTE,-4,2026-08-25T21:15:00Z
MOV-0003246,STR-002,SKU-603,DELIVERY,219,2026-08-26T06:17:00Z
MOV-0003247,STR-002,SKU-603,SALE,-26,2026-08-26T12:07:00Z
MOV-0003248,STR-002,SKU-603,SALE,-37,2026-08-27T09:58:00Z
MOV-0003249,STR-002,SKU-603,SALE,-28,2026-08-28T11:38:00Z
MOV-0003250,STR-002,SKU-603,WASTE,-2,2026-08-28T21:00:00Z
MOV-0003251,STR-002,SKU-603,SALE,-34,2026-08-29T12:23:00Z
MOV-0003252,STR-002,SKU-603,SALE,-34,2026-08-30T18:17:00Z
MOV-0003253,STR-002,SKU-603,SALE,-29,2026-08-31T09:44:00Z
MOV-0003254,STR-002,SKU-603,WASTE,-2,2026-08-31T21:22:00Z
MOV-0003255,STR-002,SKU-603,SALE,-27,2026-09-01T07:53:00Z
MOV-0003256,STR-002,SKU-604,SALE,-17,2026-07-06T08:14:00Z
MOV-0003257,STR-002,SKU-604,WASTE,-2,2026-07-06T21:57:00Z
MOV-0003258,STR-002,SKU-604,SALE,-21,2026-07-07T10:00:00Z
MOV-0003259,STR-002,SKU-604,SALE,-20,2026-07-08T15:58:00Z
MOV-0003260,STR-002,SKU-604,DELIVERY,161,2026-07-09T06:26:00Z
MOV-0003261,STR-002,SKU-604,SALE,-21,2026-07-09T11:13:00Z
MOV-0003262,STR-002,SKU-604,SALE,-25,2026-07-10T17:57:00Z
MOV-0003263,STR-002,SKU-604,SALE,-23,2026-07-11T07:50:00Z
MOV-0003264,STR-002,SKU-604,SALE,-24,2026-07-12T17:00:00Z
MOV-0003265,STR-002,SKU-604,SALE,-21,2026-07-13T18:31:00Z
MOV-0003266,STR-002,SKU-604,SALE,-24,2026-07-14T15:38:00Z
MOV-0003267,STR-002,SKU-604,SALE,-23,2026-07-15T09:22:00Z
MOV-0003268,STR-002,SKU-604,DELIVERY,164,2026-07-16T06:06:00Z
MOV-0003269,STR-002,SKU-604,SALE,-27,2026-07-16T07:18:00Z
MOV-0003270,STR-002,SKU-604,SALE,-26,2026-07-17T08:51:00Z
MOV-0003271,STR-002,SKU-604,SALE,-27,2026-07-18T18:29:00Z
MOV-0003272,STR-002,SKU-604,SALE,-31,2026-07-19T17:41:00Z
MOV-0003273,STR-002,SKU-604,SALE,-19,2026-07-20T12:09:00Z
MOV-0003274,STR-002,SKU-604,SALE,-16,2026-07-21T16:53:00Z
MOV-0003275,STR-002,SKU-604,SALE,-18,2026-07-22T14:55:00Z
MOV-0003276,STR-002,SKU-604,DELIVERY,170,2026-07-23T06:50:00Z
MOV-0003277,STR-002,SKU-604,SALE,-24,2026-07-23T18:14:00Z
MOV-0003278,STR-002,SKU-604,WASTE,-3,2026-07-23T21:35:00Z
MOV-0003279,STR-002,SKU-604,SALE,-22,2026-07-24T14:07:00Z
MOV-0003280,STR-002,SKU-604,SALE,-25,2026-07-25T07:01:00Z
MOV-0003281,STR-002,SKU-604,SALE,-20,2026-07-26T10:00:00Z
MOV-0003282,STR-002,SKU-604,SALE,-24,2026-07-27T09:45:00Z
MOV-0003283,STR-002,SKU-604,SALE,-22,2026-07-28T11:55:00Z
MOV-0003284,STR-002,SKU-604,SALE,-30,2026-07-29T09:42:00Z
MOV-0003285,STR-002,SKU-604,DELIVERY,199,2026-07-30T06:34:00Z
MOV-0003286,STR-002,SKU-604,SALE,-30,2026-07-30T10:09:00Z
MOV-0003287,STR-002,SKU-604,SALE,-26,2026-07-31T14:14:00Z
MOV-0003288,STR-002,SKU-604,SALE,-38,2026-08-01T14:52:00Z
MOV-0003289,STR-002,SKU-604,WASTE,-1,2026-08-01T21:06:00Z
MOV-0003290,STR-002,SKU-604,SALE,-26,2026-08-02T11:03:00Z
MOV-0003291,STR-002,SKU-604,WASTE,-5,2026-08-02T21:28:00Z
MOV-0003292,STR-002,SKU-604,SALE,-24,2026-08-03T10:57:00Z
MOV-0003293,STR-002,SKU-604,SALE,-23,2026-08-04T17:40:00Z
MOV-0003294,STR-002,SKU-604,SALE,-25,2026-08-05T10:34:00Z
MOV-0003295,STR-002,SKU-604,WASTE,-1,2026-08-05T21:31:00Z
MOV-0003296,STR-002,SKU-604,DELIVERY,189,2026-08-06T06:45:00Z
MOV-0003297,STR-002,SKU-604,SALE,-23,2026-08-06T09:14:00Z
MOV-0003298,STR-002,SKU-604,SALE,-33,2026-08-07T17:13:00Z
MOV-0003299,STR-002,SKU-604,WASTE,-3,2026-08-07T21:24:00Z
MOV-0003300,STR-002,SKU-604,SALE,-34,2026-08-08T10:25:00Z
MOV-0003301,STR-002,SKU-604,SALE,-25,2026-08-09T18:10:00Z
MOV-0003302,STR-002,SKU-604,SALE,-17,2026-08-10T15:18:00Z
MOV-0003303,STR-002,SKU-604,WASTE,-3,2026-08-10T21:35:00Z
MOV-0003304,STR-002,SKU-604,SALE,-20,2026-08-11T17:13:00Z
MOV-0003305,STR-002,SKU-604,WASTE,-3,2026-08-11T21:47:00Z
MOV-0003306,STR-002,SKU-604,SALE,-24,2026-08-12T13:30:00Z
MOV-0003307,STR-002,SKU-604,WASTE,-4,2026-08-12T21:46:00Z
MOV-0003308,STR-002,SKU-604,DELIVERY,182,2026-08-13T06:45:00Z
MOV-0003309,STR-002,SKU-604,SALE,-22,2026-08-13T14:33:00Z
MOV-0003310,STR-002,SKU-604,SALE,-33,2026-08-14T13:35:00Z
MOV-0003311,STR-002,SKU-604,SALE,-30,2026-08-15T17:53:00Z
MOV-0003312,STR-002,SKU-604,SALE,-30,2026-08-16T14:07:00Z
MOV-0003313,STR-002,SKU-604,WASTE,-1,2026-08-16T21:47:00Z
MOV-0003314,STR-002,SKU-604,SALE,-17,2026-08-17T13:04:00Z
MOV-0003315,STR-002,SKU-604,SALE,-22,2026-08-18T13:06:00Z
MOV-0003316,STR-002,SKU-604,SALE,-27,2026-08-19T17:55:00Z
MOV-0003317,STR-002,SKU-604,DELIVERY,188,2026-08-20T06:41:00Z
MOV-0003318,STR-002,SKU-604,SALE,-29,2026-08-20T07:54:00Z
MOV-0003319,STR-002,SKU-604,SALE,-26,2026-08-21T14:01:00Z
MOV-0003320,STR-002,SKU-604,WASTE,-2,2026-08-21T21:34:00Z
MOV-0003321,STR-002,SKU-604,SALE,-33,2026-08-22T17:01:00Z
MOV-0003322,STR-002,SKU-604,SALE,-26,2026-08-23T08:21:00Z
MOV-0003323,STR-002,SKU-604,SALE,-19,2026-08-24T16:58:00Z
MOV-0003324,STR-002,SKU-604,SALE,-25,2026-08-25T12:46:00Z
MOV-0003325,STR-002,SKU-604,WASTE,-2,2026-08-25T21:11:00Z
MOV-0003326,STR-002,SKU-604,SALE,-26,2026-08-26T16:16:00Z
MOV-0003327,STR-002,SKU-604,DELIVERY,153,2026-08-27T06:34:00Z
MOV-0003328,STR-002,SKU-604,SALE,-27,2026-08-27T16:30:00Z
MOV-0003329,STR-002,SKU-604,SALE,-27,2026-08-28T13:04:00Z
MOV-0003330,STR-002,SKU-604,WASTE,-2,2026-08-28T21:47:00Z
MOV-0003331,STR-002,SKU-604,SALE,-35,2026-08-29T07:34:00Z
MOV-0003332,STR-002,SKU-604,SALE,-23,2026-08-30T15:27:00Z
MOV-0003333,STR-002,SKU-604,SALE,-20,2026-08-31T09:22:00Z
MOV-0003334,STR-002,SKU-604,SALE,-19,2026-09-01T07:19:00Z
MOV-0003335,STR-002,SKU-701,SALE,-1,2026-07-06T12:14:00Z
MOV-0003336,STR-002,SKU-701,SALE,-1,2026-07-09T12:46:00Z
MOV-0003337,STR-002,SKU-701,DELIVERY,5,2026-07-11T06:53:00Z
MOV-0003338,STR-002,SKU-701,SALE,-1,2026-07-11T18:05:00Z
MOV-0003339,STR-002,SKU-701,SALE,-1,2026-07-12T16:36:00Z
MOV-0003340,STR-002,SKU-701,SALE,-1,2026-07-15T07:51:00Z
MOV-0003341,STR-002,SKU-701,SALE,-1,2026-07-16T16:36:00Z
MOV-0003342,STR-002,SKU-701,SALE,-1,2026-07-17T15:26:00Z
MOV-0003343,STR-002,SKU-701,DELIVERY,4,2026-07-18T06:26:00Z
MOV-0003344,STR-002,SKU-701,SALE,-1,2026-07-18T10:06:00Z
MOV-0003345,STR-002,SKU-701,SALE,-1,2026-07-19T17:36:00Z
MOV-0003346,STR-002,SKU-701,SALE,-1,2026-07-22T18:29:00Z
MOV-0003347,STR-002,SKU-701,SALE,-1,2026-07-24T11:37:00Z
MOV-0003348,STR-002,SKU-701,DELIVERY,3,2026-07-25T06:46:00Z
MOV-0003349,STR-002,SKU-701,SALE,-1,2026-07-25T11:30:00Z
MOV-0003350,STR-002,SKU-701,SALE,-1,2026-07-26T17:13:00Z
MOV-0003351,STR-002,SKU-701,SALE,-1,2026-07-29T12:28:00Z
MOV-0003352,STR-002,SKU-701,DELIVERY,3,2026-08-01T06:35:00Z
MOV-0003353,STR-002,SKU-701,SALE,-1,2026-08-01T16:41:00Z
MOV-0003354,STR-002,SKU-701,SALE,-1,2026-08-02T16:32:00Z
MOV-0003355,STR-002,SKU-701,SALE,-1,2026-08-07T11:15:00Z
MOV-0003356,STR-002,SKU-701,DELIVERY,5,2026-08-08T06:17:00Z
MOV-0003357,STR-002,SKU-701,SALE,-1,2026-08-08T13:11:00Z
MOV-0003358,STR-002,SKU-701,SALE,-1,2026-08-09T09:24:00Z
MOV-0003359,STR-002,SKU-701,SALE,-1,2026-08-11T17:57:00Z
MOV-0003360,STR-002,SKU-701,SALE,-1,2026-08-13T13:14:00Z
MOV-0003361,STR-002,SKU-701,SALE,-1,2026-08-14T10:47:00Z
MOV-0003362,STR-002,SKU-701,DELIVERY,4,2026-08-15T06:48:00Z
MOV-0003363,STR-002,SKU-701,SALE,-1,2026-08-15T14:46:00Z
MOV-0003364,STR-002,SKU-701,SALE,-1,2026-08-19T15:07:00Z
MOV-0003365,STR-002,SKU-701,SALE,-1,2026-08-20T08:56:00Z
MOV-0003366,STR-002,SKU-701,SALE,-1,2026-08-21T12:58:00Z
MOV-0003367,STR-002,SKU-701,DELIVERY,4,2026-08-22T06:10:00Z
MOV-0003368,STR-002,SKU-701,SALE,-1,2026-08-22T08:08:00Z
MOV-0003369,STR-002,SKU-701,SALE,-1,2026-08-23T13:55:00Z
MOV-0003370,STR-002,SKU-701,SALE,-1,2026-08-26T17:19:00Z
MOV-0003371,STR-002,SKU-701,SALE,-1,2026-08-28T10:04:00Z
MOV-0003372,STR-002,SKU-701,DELIVERY,2,2026-08-29T06:34:00Z
MOV-0003373,STR-002,SKU-701,SALE,-1,2026-08-29T14:51:00Z
MOV-0003374,STR-002,SKU-701,SALE,-1,2026-08-30T18:33:00Z
MOV-0003375,STR-003,SKU-101,SALE,-27,2026-07-06T13:06:00Z
MOV-0003376,STR-003,SKU-101,SALE,-30,2026-07-07T11:04:00Z
MOV-0003377,STR-003,SKU-101,SALE,-31,2026-07-08T11:19:00Z
MOV-0003378,STR-003,SKU-101,SALE,-27,2026-07-09T07:09:00Z
MOV-0003379,STR-003,SKU-101,SALE,-41,2026-07-10T11:48:00Z
MOV-0003380,STR-003,SKU-101,SALE,-39,2026-07-11T17:05:00Z
MOV-0003381,STR-003,SKU-101,DELIVERY,232,2026-07-12T06:31:00Z
MOV-0003382,STR-003,SKU-101,SALE,-30,2026-07-12T14:01:00Z
MOV-0003383,STR-003,SKU-101,SALE,-30,2026-07-13T08:13:00Z
MOV-0003384,STR-003,SKU-101,SALE,-31,2026-07-14T11:06:00Z
MOV-0003385,STR-003,SKU-101,SALE,-32,2026-07-15T15:24:00Z
MOV-0003386,STR-003,SKU-101,SALE,-39,2026-07-16T07:07:00Z
MOV-0003387,STR-003,SKU-101,SALE,-33,2026-07-17T09:45:00Z
MOV-0003388,STR-003,SKU-101,SALE,-37,2026-07-18T16:44:00Z
MOV-0003389,STR-003,SKU-101,DELIVERY,279,2026-07-19T06:11:00Z
MOV-0003390,STR-003,SKU-101,SALE,-38,2026-07-19T07:58:00Z
MOV-0003391,STR-003,SKU-101,SALE,-29,2026-07-20T07:25:00Z
MOV-0003392,STR-003,SKU-101,SALE,-41,2026-07-21T14:31:00Z
MOV-0003393,STR-003,SKU-101,SALE,-44,2026-07-22T14:06:00Z
MOV-0003394,STR-003,SKU-101,SALE,-37,2026-07-23T11:07:00Z
MOV-0003395,STR-003,SKU-101,SALE,-38,2026-07-24T07:55:00Z
MOV-0003396,STR-003,SKU-101,SALE,-52,2026-07-25T11:26:00Z
MOV-0003397,STR-003,SKU-101,DELIVERY,303,2026-07-26T06:33:00Z
MOV-0003398,STR-003,SKU-101,SALE,-51,2026-07-26T16:28:00Z
MOV-0003399,STR-003,SKU-101,SALE,-29,2026-07-27T07:34:00Z
MOV-0003400,STR-003,SKU-101,SALE,-39,2026-07-28T11:23:00Z
MOV-0003401,STR-003,SKU-101,SALE,-42,2026-07-29T17:51:00Z
MOV-0003402,STR-003,SKU-101,SALE,-35,2026-07-30T07:21:00Z
MOV-0003403,STR-003,SKU-101,SALE,-46,2026-07-31T13:32:00Z
MOV-0003404,STR-003,SKU-101,SALE,-61,2026-08-01T12:03:00Z
MOV-0003405,STR-003,SKU-101,DELIVERY,215,2026-08-02T06:47:00Z
MOV-0003406,STR-003,SKU-101,SALE,-40,2026-08-02T15:33:00Z
MOV-0003407,STR-003,SKU-101,SALE,-23,2026-08-03T18:41:00Z
MOV-0003408,STR-003,SKU-101,SALE,-33,2026-08-04T14:52:00Z
MOV-0003409,STR-003,SKU-101,SALE,-29,2026-08-05T12:22:00Z
MOV-0003410,STR-003,SKU-101,SALE,-31,2026-08-06T08:37:00Z
MOV-0003411,STR-003,SKU-101,SALE,-28,2026-08-07T16:17:00Z
MOV-0003412,STR-003,SKU-101,SALE,-31,2026-08-08T14:47:00Z
MOV-0003413,STR-003,SKU-101,DELIVERY,226,2026-08-09T06:08:00Z
MOV-0003414,STR-003,SKU-101,SALE,-33,2026-08-09T09:24:00Z
MOV-0003415,STR-003,SKU-101,SALE,-29,2026-08-10T07:40:00Z
MOV-0003416,STR-003,SKU-101,SALE,-29,2026-08-11T14:38:00Z
MOV-0003417,STR-003,SKU-101,SALE,-27,2026-08-12T17:29:00Z
MOV-0003418,STR-003,SKU-101,SALE,-32,2026-08-13T18:43:00Z
MOV-0003419,STR-003,SKU-101,SALE,-34,2026-08-14T09:30:00Z
MOV-0003420,STR-003,SKU-101,SALE,-42,2026-08-15T09:01:00Z
MOV-0003421,STR-003,SKU-101,DELIVERY,244,2026-08-16T06:31:00Z
MOV-0003422,STR-003,SKU-101,SALE,-29,2026-08-16T08:00:00Z
MOV-0003423,STR-003,SKU-101,SALE,-23,2026-08-17T13:22:00Z
MOV-0003424,STR-003,SKU-101,SALE,-30,2026-08-18T12:15:00Z
MOV-0003425,STR-003,SKU-101,SALE,-33,2026-08-19T12:42:00Z
MOV-0003426,STR-003,SKU-101,SALE,-40,2026-08-20T09:10:00Z
MOV-0003427,STR-003,SKU-101,SALE,-46,2026-08-21T13:12:00Z
MOV-0003428,STR-003,SKU-101,SALE,-43,2026-08-22T15:53:00Z
MOV-0003429,STR-003,SKU-101,DELIVERY,256,2026-08-23T06:03:00Z
MOV-0003430,STR-003,SKU-101,SALE,-45,2026-08-23T18:10:00Z
MOV-0003431,STR-003,SKU-101,SALE,-28,2026-08-24T14:25:00Z
MOV-0003432,STR-003,SKU-101,SALE,-34,2026-08-25T16:09:00Z
MOV-0003433,STR-003,SKU-101,SALE,-37,2026-08-26T10:47:00Z
MOV-0003434,STR-003,SKU-101,SALE,-29,2026-08-27T15:26:00Z
MOV-0003435,STR-003,SKU-101,SALE,-35,2026-08-28T15:27:00Z
MOV-0003436,STR-003,SKU-101,SALE,-48,2026-08-29T11:17:00Z
MOV-0003437,STR-003,SKU-101,DELIVERY,101,2026-08-30T06:57:00Z
MOV-0003438,STR-003,SKU-101,SALE,-45,2026-08-30T16:15:00Z
MOV-0003439,STR-003,SKU-101,SALE,-25,2026-08-31T11:31:00Z
MOV-0003440,STR-003,SKU-101,SALE,-31,2026-09-01T08:48:00Z
MOV-0003441,STR-003,SKU-102,SALE,-36,2026-07-06T15:43:00Z
MOV-0003442,STR-003,SKU-102,SALE,-35,2026-07-07T15:51:00Z
MOV-0003443,STR-003,SKU-102,SALE,-45,2026-07-08T13:50:00Z
MOV-0003444,STR-003,SKU-102,SALE,-38,2026-07-09T07:42:00Z
MOV-0003445,STR-003,SKU-102,DELIVERY,323,2026-07-10T06:11:00Z
MOV-0003446,STR-003,SKU-102,SALE,-46,2026-07-10T11:04:00Z
MOV-0003447,STR-003,SKU-102,SALE,-63,2026-07-11T17:55:00Z
MOV-0003448,STR-003,SKU-102,SALE,-41,2026-07-12T08:11:00Z
MOV-0003449,STR-003,SKU-102,SALE,-33,2026-07-13T07:12:00Z
MOV-0003450,STR-003,SKU-102,SALE,-40,2026-07-14T14:20:00Z
MOV-0003451,STR-003,SKU-102,SALE,-43,2026-07-15T10:25:00Z
MOV-0003452,STR-003,SKU-102,SALE,-57,2026-07-16T07:05:00Z
MOV-0003453,STR-003,SKU-102,DELIVERY,294,2026-07-17T06:41:00Z
MOV-0003454,STR-003,SKU-102,SALE,-57,2026-07-17T08:28:00Z
MOV-0003455,STR-003,SKU-102,SALE,-53,2026-07-18T08:08:00Z
MOV-0003456,STR-003,SKU-102,SALE,-61,2026-07-19T08:14:00Z
MOV-0003457,STR-003,SKU-102,SALE,-27,2026-07-20T16:36:00Z
MOV-0003458,STR-003,SKU-102,SALE,-25,2026-07-21T11:51:00Z
MOV-0003459,STR-003,SKU-102,SALE,-38,2026-07-22T11:26:00Z
MOV-0003460,STR-003,SKU-102,SALE,-33,2026-07-23T11:32:00Z
MOV-0003461,STR-003,SKU-102,DELIVERY,243,2026-07-24T06:46:00Z
MOV-0003462,STR-003,SKU-102,SALE,-41,2026-07-24T17:16:00Z
MOV-0003463,STR-003,SKU-102,SALE,-37,2026-07-25T12:10:00Z
MOV-0003464,STR-003,SKU-102,SALE,-34,2026-07-26T16:56:00Z
MOV-0003465,STR-003,SKU-102,SALE,-32,2026-07-27T13:23:00Z
MOV-0003466,STR-003,SKU-102,SALE,-28,2026-07-28T14:29:00Z
MOV-0003467,STR-003,SKU-102,SALE,-38,2026-07-29T16:06:00Z
MOV-0003468,STR-003,SKU-102,SALE,-33,2026-07-30T11:49:00Z
MOV-0003469,STR-003,SKU-102,DELIVERY,280,2026-07-31T06:50:00Z
MOV-0003470,STR-003,SKU-102,SALE,-33,2026-07-31T12:08:00Z
MOV-0003471,STR-003,SKU-102,SALE,-46,2026-08-01T18:24:00Z
MOV-0003472,STR-003,SKU-102,SALE,-41,2026-08-02T12:36:00Z
MOV-0003473,STR-003,SKU-102,SALE,-32,2026-08-03T16:23:00Z
MOV-0003474,STR-003,SKU-102,SALE,-33,2026-08-04T12:56:00Z
MOV-0003475,STR-003,SKU-102,SALE,-44,2026-08-05T18:50:00Z
MOV-0003476,STR-003,SKU-102,SALE,-51,2026-08-06T13:36:00Z
MOV-0003477,STR-003,SKU-102,DELIVERY,298,2026-08-07T06:06:00Z
MOV-0003478,STR-003,SKU-102,SALE,-48,2026-08-07T18:11:00Z
MOV-0003479,STR-003,SKU-102,SALE,-62,2026-08-08T18:16:00Z
MOV-0003480,STR-003,SKU-102,SALE,-51,2026-08-09T12:52:00Z
MOV-0003481,STR-003,SKU-102,SALE,-33,2026-08-10T12:15:00Z
MOV-0003482,STR-003,SKU-102,SALE,-31,2026-08-11T17:10:00Z
MOV-0003483,STR-003,SKU-102,SALE,-31,2026-08-12T17:17:00Z
MOV-0003484,STR-003,SKU-102,SALE,-42,2026-08-13T11:38:00Z
MOV-0003485,STR-003,SKU-102,DELIVERY,312,2026-08-14T06:39:00Z
MOV-0003486,STR-003,SKU-102,SALE,-50,2026-08-14T10:36:00Z
MOV-0003487,STR-003,SKU-102,SALE,-58,2026-08-15T17:03:00Z
MOV-0003488,STR-003,SKU-102,SALE,-41,2026-08-16T14:01:00Z
MOV-0003489,STR-003,SKU-102,SALE,-32,2026-08-17T12:08:00Z
MOV-0003490,STR-003,SKU-102,SALE,-38,2026-08-18T12:33:00Z
MOV-0003491,STR-003,SKU-102,SALE,-42,2026-08-19T07:03:00Z
MOV-0003492,STR-003,SKU-102,SALE,-51,2026-08-20T16:46:00Z
MOV-0003493,STR-003,SKU-102,DELIVERY,303,2026-08-21T06:10:00Z
MOV-0003494,STR-003,SKU-102,SALE,-55,2026-08-21T14:26:00Z
MOV-0003495,STR-003,SKU-102,SALE,-48,2026-08-22T11:25:00Z
MOV-0003496,STR-003,SKU-102,SALE,-55,2026-08-23T13:05:00Z
MOV-0003497,STR-003,SKU-102,SALE,-31,2026-08-24T17:12:00Z
MOV-0003498,STR-003,SKU-102,SALE,-38,2026-08-25T17:02:00Z
MOV-0003499,STR-003,SKU-102,SALE,-39,2026-08-26T11:22:00Z
MOV-0003500,STR-003,SKU-102,SALE,-37,2026-08-27T07:44:00Z
MOV-0003501,STR-003,SKU-102,DELIVERY,206,2026-08-28T06:25:00Z
MOV-0003502,STR-003,SKU-102,SALE,-42,2026-08-28T18:06:00Z
MOV-0003503,STR-003,SKU-102,SALE,-50,2026-08-29T14:32:00Z
MOV-0003504,STR-003,SKU-102,SALE,-48,2026-08-30T15:43:00Z
MOV-0003505,STR-003,SKU-102,SALE,-32,2026-08-31T07:36:00Z
MOV-0003506,STR-003,SKU-102,SALE,-34,2026-09-01T11:28:00Z
MOV-0003507,STR-003,SKU-103,SALE,-26,2026-07-06T15:32:00Z
MOV-0003508,STR-003,SKU-103,SALE,-28,2026-07-07T13:35:00Z
MOV-0003509,STR-003,SKU-103,SALE,-28,2026-07-08T12:00:00Z
MOV-0003510,STR-003,SKU-103,SALE,-38,2026-07-09T07:17:00Z
MOV-0003511,STR-003,SKU-103,SALE,-36,2026-07-10T11:00:00Z
MOV-0003512,STR-003,SKU-103,SALE,-46,2026-07-11T09:21:00Z
MOV-0003513,STR-003,SKU-103,DELIVERY,298,2026-07-12T06:50:00Z
MOV-0003514,STR-003,SKU-103,SALE,-45,2026-07-12T11:54:00Z
MOV-0003515,STR-003,SKU-103,SALE,-32,2026-07-13T11:13:00Z
MOV-0003516,STR-003,SKU-103,SALE,-30,2026-07-14T10:24:00Z
MOV-0003517,STR-003,SKU-103,SALE,-44,2026-07-15T08:09:00Z
MOV-0003518,STR-003,SKU-103,SALE,-45,2026-07-16T07:18:00Z
MOV-0003519,STR-003,SKU-103,SALE,-47,2026-07-17T17:46:00Z
MOV-0003520,STR-003,SKU-103,SALE,-55,2026-07-18T13:38:00Z
MOV-0003521,STR-003,SKU-103,DELIVERY,314,2026-07-19T06:47:00Z
MOV-0003522,STR-003,SKU-103,SALE,-43,2026-07-19T10:26:00Z
MOV-0003523,STR-003,SKU-103,SALE,-36,2026-07-20T15:14:00Z
MOV-0003524,STR-003,SKU-103,SALE,-41,2026-07-21T13:23:00Z
MOV-0003525,STR-003,SKU-103,SALE,-44,2026-07-22T12:39:00Z
MOV-0003526,STR-003,SKU-103,SALE,-43,2026-07-23T08:26:00Z
MOV-0003527,STR-003,SKU-103,SALE,-47,2026-07-24T10:32:00Z
MOV-0003528,STR-003,SKU-103,SALE,-60,2026-07-25T11:47:00Z
MOV-0003529,STR-003,SKU-103,DELIVERY,302,2026-07-26T06:04:00Z
MOV-0003530,STR-003,SKU-103,SALE,-40,2026-07-26T08:46:00Z
MOV-0003531,STR-003,SKU-103,SALE,-38,2026-07-27T15:16:00Z
MOV-0003532,STR-003,SKU-103,SALE,-39,2026-07-28T09:39:00Z
MOV-0003533,STR-003,SKU-103,SALE,-36,2026-07-29T11:41:00Z
MOV-0003534,STR-003,SKU-103,SALE,-51,2026-07-30T11:44:00Z
MOV-0003535,STR-003,SKU-103,SALE,-46,2026-07-31T10:23:00Z
MOV-0003536,STR-003,SKU-103,SALE,-52,2026-08-01T18:57:00Z
MOV-0003537,STR-003,SKU-103,DELIVERY,318,2026-08-02T06:25:00Z
MOV-0003538,STR-003,SKU-103,SALE,-47,2026-08-02T09:11:00Z
MOV-0003539,STR-003,SKU-103,SALE,-34,2026-08-03T15:27:00Z
MOV-0003540,STR-003,SKU-103,SALE,-36,2026-08-04T07:17:00Z
MOV-0003541,STR-003,SKU-103,SALE,-45,2026-08-05T10:02:00Z
MOV-0003542,STR-003,SKU-103,SALE,-51,2026-08-06T12:12:00Z
MOV-0003543,STR-003,SKU-103,SALE,-49,2026-08-07T18:47:00Z
MOV-0003544,STR-003,SKU-103,SALE,-56,2026-08-08T15:23:00Z
MOV-0003545,STR-003,SKU-103,DELIVERY,224,2026-08-09T06:08:00Z
MOV-0003546,STR-003,SKU-103,SALE,-43,2026-08-09T10:45:00Z
MOV-0003547,STR-003,SKU-103,SALE,-22,2026-08-10T17:35:00Z
MOV-0003548,STR-003,SKU-103,SALE,-28,2026-08-11T17:49:00Z
MOV-0003549,STR-003,SKU-103,SALE,-27,2026-08-12T12:21:00Z
MOV-0003550,STR-003,SKU-103,SALE,-26,2026-08-13T09:28:00Z
MOV-0003551,STR-003,SKU-103,SALE,-39,2026-08-14T09:35:00Z
MOV-0003552,STR-003,SKU-103,SALE,-39,2026-08-15T15:49:00Z
MOV-0003553,STR-003,SKU-103,DELIVERY,308,2026-08-16T06:15:00Z
MOV-0003554,STR-003,SKU-103,SALE,-41,2026-08-16T09:15:00Z
MOV-0003555,STR-003,SKU-103,SALE,-34,2026-08-17T18:42:00Z
MOV-0003556,STR-003,SKU-103,SALE,-39,2026-08-18T12:17:00Z
MOV-0003557,STR-003,SKU-103,SALE,-38,2026-08-19T11:50:00Z
MOV-0003558,STR-003,SKU-103,SALE,-41,2026-08-20T14:04:00Z
MOV-0003559,STR-003,SKU-103,SALE,-53,2026-08-21T08:49:00Z
MOV-0003560,STR-003,SKU-103,SALE,-62,2026-08-22T12:54:00Z
MOV-0003561,STR-003,SKU-103,DELIVERY,285,2026-08-23T06:22:00Z
MOV-0003562,STR-003,SKU-103,SALE,-45,2026-08-23T13:44:00Z
MOV-0003563,STR-003,SKU-103,SALE,-33,2026-08-24T14:28:00Z
MOV-0003564,STR-003,SKU-103,SALE,-32,2026-08-25T09:00:00Z
MOV-0003565,STR-003,SKU-103,SALE,-34,2026-08-26T10:27:00Z
MOV-0003566,STR-003,SKU-103,SALE,-35,2026-08-27T15:40:00Z
MOV-0003567,STR-003,SKU-103,SALE,-51,2026-08-28T18:47:00Z
MOV-0003568,STR-003,SKU-103,SALE,-55,2026-08-29T18:15:00Z
MOV-0003569,STR-003,SKU-103,DELIVERY,100,2026-08-30T06:05:00Z
MOV-0003570,STR-003,SKU-103,SALE,-43,2026-08-30T17:36:00Z
MOV-0003571,STR-003,SKU-103,SALE,-24,2026-08-31T16:55:00Z
MOV-0003572,STR-003,SKU-103,SALE,-33,2026-09-01T17:03:00Z
MOV-0003573,STR-003,SKU-104,SALE,-17,2026-07-06T07:21:00Z
MOV-0003574,STR-003,SKU-104,DELIVERY,171,2026-07-07T06:10:00Z
MOV-0003575,STR-003,SKU-104,SALE,-21,2026-07-07T15:28:00Z
MOV-0003576,STR-003,SKU-104,SALE,-26,2026-07-08T13:00:00Z
MOV-0003577,STR-003,SKU-104,SALE,-26,2026-07-09T11:49:00Z
MOV-0003578,STR-003,SKU-104,SALE,-27,2026-07-10T07:28:00Z
MOV-0003579,STR-003,SKU-104,SALE,-26,2026-07-11T09:33:00Z
MOV-0003580,STR-003,SKU-104,SALE,-27,2026-07-12T11:16:00Z
MOV-0003581,STR-003,SKU-104,SALE,-18,2026-07-13T15:55:00Z
MOV-0003582,STR-003,SKU-104,DELIVERY,159,2026-07-14T06:47:00Z
MOV-0003583,STR-003,SKU-104,SALE,-20,2026-07-14T15:50:00Z
MOV-0003584,STR-003,SKU-104,SALE,-23,2026-07-15T13:21:00Z
MOV-0003585,STR-003,SKU-104,SALE,-24,2026-07-16T16:28:00Z
MOV-0003586,STR-003,SKU-104,SALE,-24,2026-07-17T07:30:00Z
MOV-0003587,STR-003,SKU-104,SALE,-21,2026-07-18T08:28:00Z
MOV-0003588,STR-003,SKU-104,SALE,-23,2026-07-19T16:06:00Z
MOV-0003589,STR-003,SKU-104,SALE,-24,2026-07-20T10:39:00Z
MOV-0003590,STR-003,SKU-104,DELIVERY,180,2026-07-21T06:47:00Z
MOV-0003591,STR-003,SKU-104,SALE,-19,2026-07-21T14:29:00Z
MOV-0003592,STR-003,SKU-104,SALE,-26,2026-07-22T13:16:00Z
MOV-0003593,STR-003,SKU-104,SALE,-25,2026-07-23T12:27:00Z
MOV-0003594,STR-003,SKU-104,SALE,-28,2026-07-24T15:23:00Z
MOV-0003595,STR-003,SKU-104,SALE,-29,2026-07-25T07:46:00Z
MOV-0003596,STR-003,SKU-104,SALE,-32,2026-07-26T10:07:00Z
MOV-0003597,STR-003,SKU-104,SALE,-21,2026-07-27T09:05:00Z
MOV-0003598,STR-003,SKU-104,DELIVERY,161,2026-07-28T06:05:00Z
MOV-0003599,STR-003,SKU-104,SALE,-18,2026-07-28T17:47:00Z
MOV-0003600,STR-003,SKU-104,SALE,-18,2026-07-29T17:50:00Z
MOV-0003601,STR-003,SKU-104,SALE,-26,2026-07-30T07:33:00Z
MOV-0003602,STR-003,SKU-104,SALE,-29,2026-07-31T13:04:00Z
MOV-0003603,STR-003,SKU-104,SALE,-23,2026-08-01T18:42:00Z
MOV-0003604,STR-003,SKU-104,SALE,-27,2026-08-02T11:46:00Z
MOV-0003605,STR-003,SKU-104,SALE,-20,2026-08-03T13:54:00Z
MOV-0003606,STR-003,SKU-104,DELIVERY,170,2026-08-04T06:14:00Z
MOV-0003607,STR-003,SKU-104,SALE,-22,2026-08-04T15:10:00Z
MOV-0003608,STR-003,SKU-104,SALE,-22,2026-08-05T12:38:00Z
MOV-0003609,STR-003,SKU-104,SALE,-21,2026-08-06T15:06:00Z
MOV-0003610,STR-003,SKU-104,SALE,-22,2026-08-07T13:17:00Z
MOV-0003611,STR-003,SKU-104,SALE,-30,2026-08-08T10:03:00Z
MOV-0003612,STR-003,SKU-104,SALE,-29,2026-08-09T11:56:00Z
MOV-0003613,STR-003,SKU-104,SALE,-24,2026-08-10T07:40:00Z
MOV-0003614,STR-003,SKU-104,DELIVERY,172,2026-08-11T06:06:00Z
MOV-0003615,STR-003,SKU-104,SALE,-27,2026-08-11T12:31:00Z
MOV-0003616,STR-003,SKU-104,SALE,-22,2026-08-12T11:52:00Z
MOV-0003617,STR-003,SKU-104,SALE,-23,2026-08-13T15:49:00Z
MOV-0003618,STR-003,SKU-104,SALE,-30,2026-08-14T15:58:00Z
MOV-0003619,STR-003,SKU-104,SALE,-26,2026-08-15T13:31:00Z
MOV-0003620,STR-003,SKU-104,SALE,-28,2026-08-16T09:23:00Z
MOV-0003621,STR-003,SKU-104,SALE,-16,2026-08-17T17:15:00Z
MOV-0003622,STR-003,SKU-104,DELIVERY,165,2026-08-18T06:42:00Z
MOV-0003623,STR-003,SKU-104,SALE,-24,2026-08-18T08:11:00Z
MOV-0003624,STR-003,SKU-104,SALE,-18,2026-08-19T13:58:00Z
MOV-0003625,STR-003,SKU-104,SALE,-20,2026-08-20T16:04:00Z
MOV-0003626,STR-003,SKU-104,SALE,-25,2026-08-21T11:03:00Z
MOV-0003627,STR-003,SKU-104,SALE,-34,2026-08-22T13:01:00Z
MOV-0003628,STR-003,SKU-104,SALE,-29,2026-08-23T14:18:00Z
MOV-0003629,STR-003,SKU-104,SALE,-15,2026-08-24T11:24:00Z
MOV-0003630,STR-003,SKU-104,DELIVERY,161,2026-08-25T06:33:00Z
MOV-0003631,STR-003,SKU-104,SALE,-22,2026-08-25T14:40:00Z
MOV-0003632,STR-003,SKU-104,SALE,-23,2026-08-26T09:26:00Z
MOV-0003633,STR-003,SKU-104,SALE,-21,2026-08-27T14:58:00Z
MOV-0003634,STR-003,SKU-104,SALE,-23,2026-08-28T15:11:00Z
MOV-0003635,STR-003,SKU-104,SALE,-30,2026-08-29T18:49:00Z
MOV-0003636,STR-003,SKU-104,SALE,-24,2026-08-30T09:46:00Z
MOV-0003637,STR-003,SKU-104,SALE,-18,2026-08-31T14:32:00Z
MOV-0003638,STR-003,SKU-104,DELIVERY,22,2026-09-01T06:03:00Z
MOV-0003639,STR-003,SKU-104,SALE,-22,2026-09-01T12:37:00Z
MOV-0003640,STR-003,SKU-105,SALE,-13,2026-07-06T08:03:00Z
MOV-0003641,STR-003,SKU-105,SALE,-18,2026-07-07T13:52:00Z
MOV-0003642,STR-003,SKU-105,SALE,-18,2026-07-08T11:15:00Z
MOV-0003643,STR-003,SKU-105,SALE,-16,2026-07-09T14:40:00Z
MOV-0003644,STR-003,SKU-105,SALE,-24,2026-07-10T16:45:00Z
MOV-0003645,STR-003,SKU-105,DELIVERY,153,2026-07-11T06:45:00Z
MOV-0003646,STR-003,SKU-105,SALE,-26,2026-07-11T18:23:00Z
MOV-0003647,STR-003,SKU-105,SALE,-20,2026-07-12T15:31:00Z
MOV-0003648,STR-003,SKU-105,SALE,-17,2026-07-13T17:04:00Z
MOV-0003649,STR-003,SKU-105,SALE,-22,2026-07-14T17:55:00Z
MOV-0003650,STR-003,SKU-105,SALE,-22,2026-07-15T14:40:00Z
MOV-0003651,STR-003,SKU-105,SALE,-18,2026-07-16T11:06:00Z
MOV-0003652,STR-003,SKU-105,SALE,-28,2026-07-17T12:03:00Z
MOV-0003653,STR-003,SKU-105,DELIVERY,132,2026-07-18T06:14:00Z
MOV-0003654,STR-003,SKU-105,SALE,-31,2026-07-18T18:21:00Z
MOV-0003655,STR-003,SKU-105,SALE,-25,2026-07-19T11:40:00Z
MOV-0003656,STR-003,SKU-105,SALE,-14,2026-07-20T13:26:00Z
MOV-0003657,STR-003,SKU-105,SALE,-14,2026-07-21T13:29:00Z
MOV-0003658,STR-003,SKU-105,SALE,-15,2026-07-22T18:09:00Z
MOV-0003659,STR-003,SKU-105,SALE,-18,2026-07-23T16:07:00Z
MOV-0003660,STR-003,SKU-105,SALE,-15,2026-07-24T09:53:00Z
MOV-0003661,STR-003,SKU-105,DELIVERY,131,2026-07-25T06:16:00Z
MOV-0003662,STR-003,SKU-105,SALE,-21,2026-07-25T08:49:00Z
MOV-0003663,STR-003,SKU-105,SALE,-17,2026-07-26T13:52:00Z
MOV-0003664,STR-003,SKU-105,SALE,-13,2026-07-27T15:14:00Z
MOV-0003665,STR-003,SKU-105,SALE,-21,2026-07-28T14:26:00Z
MOV-0003666,STR-003,SKU-105,SALE,-19,2026-07-29T15:39:00Z
MOV-0003667,STR-003,SKU-105,SALE,-18,2026-07-30T18:09:00Z
MOV-0003668,STR-003,SKU-105,SALE,-22,2026-07-31T16:35:00Z
MOV-0003669,STR-003,SKU-105,DELIVERY,139,2026-08-01T06:17:00Z
MOV-0003670,STR-003,SKU-105,SALE,-28,2026-08-01T18:16:00Z
MOV-0003671,STR-003,SKU-105,SALE,-19,2026-08-02T11:00:00Z
MOV-0003672,STR-003,SKU-105,SALE,-17,2026-08-03T18:58:00Z
MOV-0003673,STR-003,SKU-105,SALE,-19,2026-08-04T07:02:00Z
MOV-0003674,STR-003,SKU-105,SALE,-20,2026-08-05T11:26:00Z
MOV-0003675,STR-003,SKU-105,SALE,-18,2026-08-06T08:19:00Z
MOV-0003676,STR-003,SKU-105,SALE,-18,2026-08-07T13:24:00Z
MOV-0003677,STR-003,SKU-105,DELIVERY,119,2026-08-08T06:43:00Z
MOV-0003678,STR-003,SKU-105,SALE,-23,2026-08-08T10:05:00Z
MOV-0003679,STR-003,SKU-105,SALE,-23,2026-08-09T16:07:00Z
MOV-0003680,STR-003,SKU-105,SALE,-12,2026-08-10T12:57:00Z
MOV-0003681,STR-003,SKU-105,SALE,-13,2026-08-11T16:04:00Z
MOV-0003682,STR-003,SKU-105,SALE,-16,2026-08-12T08:49:00Z
MOV-0003683,STR-003,SKU-105,SALE,-14,2026-08-13T12:32:00Z
MOV-0003684,STR-003,SKU-105,SALE,-18,2026-08-14T13:23:00Z
MOV-0003685,STR-003,SKU-105,DELIVERY,123,2026-08-15T06:22:00Z
MOV-0003686,STR-003,SKU-105,SALE,-18,2026-08-15T12:50:00Z
MOV-0003687,STR-003,SKU-105,SALE,-20,2026-08-16T07:26:00Z
MOV-0003688,STR-003,SKU-105,SALE,-15,2026-08-17T09:07:00Z
MOV-0003689,STR-003,SKU-105,SALE,-15,2026-08-18T17:35:00Z
MOV-0003690,STR-003,SKU-105,SALE,-16,2026-08-19T10:40:00Z
MOV-0003691,STR-003,SKU-105,SALE,-19,2026-08-20T12:49:00Z
MOV-0003692,STR-003,SKU-105,SALE,-17,2026-08-21T09:39:00Z
MOV-0003693,STR-003,SKU-105,ADJUSTMENT,-3,2026-08-21T12:26:00Z
MOV-0003694,STR-003,SKU-105,DELIVERY,147,2026-08-22T06:12:00Z
MOV-0003695,STR-003,SKU-105,SALE,-17,2026-08-22T16:40:00Z
MOV-0003696,STR-003,SKU-105,SALE,-21,2026-08-23T09:44:00Z
MOV-0003697,STR-003,SKU-105,SALE,-21,2026-08-24T18:09:00Z
MOV-0003698,STR-003,SKU-105,SALE,-21,2026-08-25T09:54:00Z
MOV-0003699,STR-003,SKU-105,SALE,-24,2026-08-26T12:21:00Z
MOV-0003700,STR-003,SKU-105,SALE,-21,2026-08-27T08:04:00Z
MOV-0003701,STR-003,SKU-105,SALE,-22,2026-08-28T07:33:00Z
MOV-0003702,STR-003,SKU-105,DELIVERY,75,2026-08-29T06:27:00Z
MOV-0003703,STR-003,SKU-105,SALE,-27,2026-08-29T10:42:00Z
MOV-0003704,STR-003,SKU-105,SALE,-21,2026-08-30T12:53:00Z
MOV-0003705,STR-003,SKU-105,SALE,-13,2026-08-31T15:17:00Z
MOV-0003706,STR-003,SKU-105,SALE,-14,2026-09-01T09:29:00Z
MOV-0003707,STR-003,SKU-201,SALE,-33,2026-07-06T12:24:00Z
MOV-0003708,STR-003,SKU-201,SALE,-29,2026-07-07T18:45:00Z
MOV-0003709,STR-003,SKU-201,DELIVERY,259,2026-07-08T06:52:00Z
MOV-0003710,STR-003,SKU-201,SALE,-38,2026-07-08T07:47:00Z
MOV-0003711,STR-003,SKU-201,SALE,-35,2026-07-09T15:38:00Z
MOV-0003712,STR-003,SKU-201,SALE,-48,2026-07-10T15:25:00Z
MOV-0003713,STR-003,SKU-201,SALE,-46,2026-07-11T09:06:00Z
MOV-0003714,STR-003,SKU-201,SALE,-46,2026-07-12T14:44:00Z
MOV-0003715,STR-003,SKU-201,SALE,-22,2026-07-13T11:39:00Z
MOV-0003716,STR-003,SKU-201,SALE,-24,2026-07-14T15:54:00Z
MOV-0003717,STR-003,SKU-201,DELIVERY,239,2026-07-15T06:43:00Z
MOV-0003718,STR-003,SKU-201,SALE,-31,2026-07-15T07:20:00Z
MOV-0003719,STR-003,SKU-201,SALE,-37,2026-07-16T18:17:00Z
MOV-0003720,STR-003,SKU-201,SALE,-43,2026-07-17T12:32:00Z
MOV-0003721,STR-003,SKU-201,SALE,-34,2026-07-18T12:41:00Z
MOV-0003722,STR-003,SKU-201,SALE,-35,2026-07-19T11:51:00Z
MOV-0003723,STR-003,SKU-201,SALE,-27,2026-07-20T18:35:00Z
MOV-0003724,STR-003,SKU-201,SALE,-32,2026-07-21T07:03:00Z
MOV-0003725,STR-003,SKU-201,DELIVERY,212,2026-07-22T06:20:00Z
MOV-0003726,STR-003,SKU-201,SALE,-24,2026-07-22T13:03:00Z
MOV-0003727,STR-003,SKU-201,SALE,-35,2026-07-23T12:39:00Z
MOV-0003728,STR-003,SKU-201,SALE,-31,2026-07-24T08:38:00Z
MOV-0003729,STR-003,SKU-201,SALE,-36,2026-07-25T12:38:00Z
MOV-0003730,STR-003,SKU-201,SALE,-39,2026-07-26T12:49:00Z
MOV-0003731,STR-003,SKU-201,SALE,-19,2026-07-27T10:22:00Z
MOV-0003732,STR-003,SKU-201,SALE,-28,2026-07-28T18:14:00Z
MOV-0003733,STR-003,SKU-201,DELIVERY,200,2026-07-29T06:14:00Z
MOV-0003734,STR-003,SKU-201,SALE,-27,2026-07-29T18:46:00Z
MOV-0003735,STR-003,SKU-201,SALE,-24,2026-07-30T09:29:00Z
MOV-0003736,STR-003,SKU-201,SALE,-34,2026-07-31T07:32:00Z
MOV-0003737,STR-003,SKU-201,SALE,-40,2026-08-01T11:21:00Z
MOV-0003738,STR-003,SKU-201,SALE,-27,2026-08-02T07:34:00Z
MOV-0003739,STR-003,SKU-201,SALE,-23,2026-08-03T17:54:00Z
MOV-0003740,STR-003,SKU-201,SALE,-25,2026-08-04T13:26:00Z
MOV-0003741,STR-003,SKU-201,DELIVERY,219,2026-08-05T06:05:00Z
MOV-0003742,STR-003,SKU-201,SALE,-26,2026-08-05T16:33:00Z
MOV-0003743,STR-003,SKU-201,SALE,-33,2026-08-06T18:35:00Z
MOV-0003744,STR-003,SKU-201,SALE,-27,2026-08-07T14:57:00Z
MOV-0003745,STR-003,SKU-201,SALE,-40,2026-08-08T18:25:00Z
MOV-0003746,STR-003,SKU-201,SALE,-33,2026-08-09T13:10:00Z
MOV-0003747,STR-003,SKU-201,SALE,-28,2026-08-10T12:23:00Z
MOV-0003748,STR-003,SKU-201,SALE,-32,2026-08-11T17:38:00Z
MOV-0003749,STR-003,SKU-201,DELIVERY,224,2026-08-12T06:50:00Z
MOV-0003750,STR-003,SKU-201,SALE,-34,2026-08-12T17:08:00Z
MOV-0003751,STR-003,SKU-201,SALE,-37,2026-08-13T07:45:00Z
MOV-0003752,STR-003,SKU-201,SALE,-30,2026-08-14T15:26:00Z
MOV-0003753,STR-003,SKU-201,SALE,-39,2026-08-15T16:41:00Z
MOV-0003754,STR-003,SKU-201,SALE,-36,2026-08-16T08:49:00Z
MOV-0003755,STR-003,SKU-201,SALE,-25,2026-08-17T13:54:00Z
MOV-0003756,STR-003,SKU-201,SALE,-23,2026-08-18T09:09:00Z
MOV-0003757,STR-003,SKU-201,DELIVERY,210,2026-08-19T06:48:00Z
MOV-0003758,STR-003,SKU-201,SALE,-32,2026-08-19T12:33:00Z
MOV-0003759,STR-003,SKU-201,SALE,-24,2026-08-20T13:00:00Z
MOV-0003760,STR-003,SKU-201,SALE,-37,2026-08-21T08:27:00Z
MOV-0003761,STR-003,SKU-201,SALE,-38,2026-08-22T08:16:00Z
MOV-0003762,STR-003,SKU-201,SALE,-34,2026-08-23T16:54:00Z
MOV-0003763,STR-003,SKU-201,SALE,-22,2026-08-24T07:08:00Z
MOV-0003764,STR-003,SKU-201,SALE,-23,2026-08-25T12:29:00Z
MOV-0003765,STR-003,SKU-201,DELIVERY,218,2026-08-26T06:32:00Z
MOV-0003766,STR-003,SKU-201,SALE,-31,2026-08-26T18:19:00Z
MOV-0003767,STR-003,SKU-201,SALE,-32,2026-08-27T17:42:00Z
MOV-0003768,STR-003,SKU-201,SALE,-34,2026-08-28T11:16:00Z
MOV-0003769,STR-003,SKU-201,SALE,-39,2026-08-29T17:07:00Z
MOV-0003770,STR-003,SKU-201,SALE,-28,2026-08-30T17:40:00Z
MOV-0003771,STR-003,SKU-201,SALE,-27,2026-08-31T18:48:00Z
MOV-0003772,STR-003,SKU-201,SALE,-27,2026-09-01T07:26:00Z
MOV-0003773,STR-003,SKU-202,SALE,-29,2026-07-06T16:07:00Z
MOV-0003774,STR-003,SKU-202,SALE,-28,2026-07-07T16:39:00Z
MOV-0003775,STR-003,SKU-202,DELIVERY,242,2026-07-08T06:42:00Z
MOV-0003776,STR-003,SKU-202,SALE,-38,2026-07-08T16:55:00Z
MOV-0003777,STR-003,SKU-202,SALE,-32,2026-07-09T12:55:00Z
MOV-0003778,STR-003,SKU-202,SALE,-45,2026-07-10T11:16:00Z
MOV-0003779,STR-003,SKU-202,SALE,-37,2026-07-11T11:40:00Z
MOV-0003780,STR-003,SKU-202,SALE,-32,2026-07-12T12:03:00Z
MOV-0003781,STR-003,SKU-202,SALE,-29,2026-07-13T13:44:00Z
MOV-0003782,STR-003,SKU-202,SALE,-29,2026-07-14T08:46:00Z
MOV-0003783,STR-003,SKU-202,DELIVERY,239,2026-07-15T06:09:00Z
MOV-0003784,STR-003,SKU-202,SALE,-35,2026-07-15T17:51:00Z
MOV-0003785,STR-003,SKU-202,SALE,-37,2026-07-16T08:10:00Z
MOV-0003786,STR-003,SKU-202,SALE,-30,2026-07-17T15:13:00Z
MOV-0003787,STR-003,SKU-202,SALE,-46,2026-07-18T15:43:00Z
MOV-0003788,STR-003,SKU-202,SALE,-37,2026-07-19T11:16:00Z
MOV-0003789,STR-003,SKU-202,SALE,-24,2026-07-20T07:52:00Z
MOV-0003790,STR-003,SKU-202,SALE,-30,2026-07-21T08:46:00Z
MOV-0003791,STR-003,SKU-202,DELIVERY,212,2026-07-22T06:27:00Z
MOV-0003792,STR-003,SKU-202,SALE,-31,2026-07-22T09:46:00Z
MOV-0003793,STR-003,SKU-202,SALE,-25,2026-07-23T13:35:00Z
MOV-0003794,STR-003,SKU-202,SALE,-34,2026-07-24T14:35:00Z
MOV-0003795,STR-003,SKU-202,SALE,-35,2026-07-25T09:41:00Z
MOV-0003796,STR-003,SKU-202,SALE,-33,2026-07-26T17:28:00Z
MOV-0003797,STR-003,SKU-202,SALE,-26,2026-07-27T09:52:00Z
MOV-0003798,STR-003,SKU-202,SALE,-28,2026-07-28T15:32:00Z
MOV-0003799,STR-003,SKU-202,DELIVERY,220,2026-07-29T06:30:00Z
MOV-0003800,STR-003,SKU-202,SALE,-30,2026-07-29T17:30:00Z
MOV-0003801,STR-003,SKU-202,SALE,-30,2026-07-30T12:21:00Z
MOV-0003802,STR-003,SKU-202,SALE,-29,2026-07-31T11:22:00Z
MOV-0003803,STR-003,SKU-202,SALE,-40,2026-08-01T15:38:00Z
MOV-0003804,STR-003,SKU-202,SALE,-42,2026-08-02T15:52:00Z
MOV-0003805,STR-003,SKU-202,SALE,-19,2026-08-03T07:28:00Z
MOV-0003806,STR-003,SKU-202,SALE,-30,2026-08-04T13:53:00Z
MOV-0003807,STR-003,SKU-202,DELIVERY,195,2026-08-05T06:18:00Z
MOV-0003808,STR-003,SKU-202,SALE,-27,2026-08-05T16:22:00Z
MOV-0003809,STR-003,SKU-202,SALE,-31,2026-08-06T11:10:00Z
MOV-0003810,STR-003,SKU-202,SALE,-25,2026-08-07T11:46:00Z
MOV-0003811,STR-003,SKU-202,SALE,-32,2026-08-08T08:13:00Z
MOV-0003812,STR-003,SKU-202,SALE,-29,2026-08-09T16:50:00Z
MOV-0003813,STR-003,SKU-202,SALE,-21,2026-08-10T09:08:00Z
MOV-0003814,STR-003,SKU-202,SALE,-30,2026-08-11T09:12:00Z
MOV-0003815,STR-003,SKU-202,DELIVERY,220,2026-08-12T06:01:00Z
MOV-0003816,STR-003,SKU-202,SALE,-30,2026-08-12T18:43:00Z
MOV-0003817,STR-003,SKU-202,SALE,-33,2026-08-13T14:46:00Z
MOV-0003818,STR-003,SKU-202,SALE,-37,2026-08-14T07:20:00Z
MOV-0003819,STR-003,SKU-202,SALE,-41,2026-08-15T18:23:00Z
MOV-0003820,STR-003,SKU-202,SALE,-33,2026-08-16T18:06:00Z
MOV-0003821,STR-003,SKU-202,SALE,-24,2026-08-17T11:53:00Z
MOV-0003822,STR-003,SKU-202,SALE,-22,2026-08-18T13:45:00Z
MOV-0003823,STR-003,SKU-202,DELIVERY,175,2026-08-19T06:57:00Z
MOV-0003824,STR-003,SKU-202,SALE,-20,2026-08-19T14:36:00Z
MOV-0003825,STR-003,SKU-202,SALE,-21,2026-08-20T14:47:00Z
MOV-0003826,STR-003,SKU-202,SALE,-31,2026-08-21T16:36:00Z
MOV-0003827,STR-003,SKU-202,SALE,-31,2026-08-22T11:53:00Z
MOV-0003828,STR-003,SKU-202,SALE,-25,2026-08-23T16:55:00Z
MOV-0003829,STR-003,SKU-202,SALE,-22,2026-08-24T18:36:00Z
MOV-0003830,STR-003,SKU-202,SALE,-25,2026-08-25T08:51:00Z
MOV-0003831,STR-003,SKU-202,DELIVERY,214,2026-08-26T06:31:00Z
MOV-0003832,STR-003,SKU-202,SALE,-33,2026-08-26T15:19:00Z
MOV-0003833,STR-003,SKU-202,SALE,-26,2026-08-27T18:25:00Z
MOV-0003834,STR-003,SKU-202,SALE,-31,2026-08-28T17:29:00Z
MOV-0003835,STR-003,SKU-202,SALE,-45,2026-08-29T07:41:00Z
MOV-0003836,STR-003,SKU-202,ADJUSTMENT,-1,2026-08-29T12:05:00Z
MOV-0003837,STR-003,SKU-202,SALE,-38,2026-08-30T09:12:00Z
MOV-0003838,STR-003,SKU-202,SALE,-16,2026-08-31T08:45:00Z
MOV-0003839,STR-003,SKU-202,SALE,-24,2026-09-01T16:13:00Z
MOV-0003840,STR-003,SKU-203,SALE,-32,2026-07-06T15:55:00Z
MOV-0003841,STR-003,SKU-203,SALE,-52,2026-07-07T15:23:00Z
MOV-0003842,STR-003,SKU-203,SALE,-48,2026-07-08T07:49:00Z
MOV-0003843,STR-003,SKU-203,SALE,-55,2026-07-09T11:16:00Z
MOV-0003844,STR-003,SKU-203,SALE,-44,2026-07-10T17:47:00Z
MOV-0003845,STR-003,SKU-203,SALE,-64,2026-07-11T16:58:00Z
MOV-0003846,STR-003,SKU-203,DELIVERY,364,2026-07-12T06:40:00Z
MOV-0003847,STR-003,SKU-203,SALE,-59,2026-07-12T17:25:00Z
MOV-0003848,STR-003,SKU-203,SALE,-38,2026-07-13T10:33:00Z
MOV-0003849,STR-003,SKU-203,SALE,-50,2026-07-14T10:40:00Z
MOV-0003850,STR-003,SKU-203,SALE,-52,2026-07-15T08:06:00Z
MOV-0003851,STR-003,SKU-203,SALE,-46,2026-07-16T11:27:00Z
MOV-0003852,STR-003,SKU-203,SALE,-60,2026-07-17T14:22:00Z
MOV-0003853,STR-003,SKU-203,SALE,-59,2026-07-18T16:08:00Z
MOV-0003854,STR-003,SKU-203,DELIVERY,311,2026-07-19T06:22:00Z
MOV-0003855,STR-003,SKU-203,SALE,-53,2026-07-19T18:40:00Z
MOV-0003856,STR-003,SKU-203,SALE,-36,2026-07-20T15:49:00Z
MOV-0003857,STR-003,SKU-203,SALE,-36,2026-07-21T07:37:00Z
MOV-0003858,STR-003,SKU-203,SALE,-40,2026-07-22T18:25:00Z
MOV-0003859,STR-003,SKU-203,SALE,-38,2026-07-23T11:11:00Z
MOV-0003860,STR-003,SKU-203,SALE,-49,2026-07-24T10:19:00Z
MOV-0003861,STR-003,SKU-203,SALE,-59,2026-07-25T07:04:00Z
MOV-0003862,STR-003,SKU-203,DELIVERY,280,2026-07-26T06:22:00Z
MOV-0003863,STR-003,SKU-203,SALE,-40,2026-07-26T12:19:00Z
MOV-0003864,STR-003,SKU-203,SALE,-36,2026-07-27T18:01:00Z
MOV-0003865,STR-003,SKU-203,SALE,-37,2026-07-28T08:32:00Z
MOV-0003866,STR-003,SKU-203,SALE,-42,2026-07-29T12:46:00Z
MOV-0003867,STR-003,SKU-203,SALE,-44,2026-07-30T09:37:00Z
MOV-0003868,STR-003,SKU-203,SALE,-39,2026-07-31T08:20:00Z
MOV-0003869,STR-003,SKU-203,SALE,-42,2026-08-01T10:30:00Z
MOV-0003870,STR-003,SKU-203,DELIVERY,304,2026-08-02T06:21:00Z
MOV-0003871,STR-003,SKU-203,SALE,-46,2026-08-02T09:41:00Z
MOV-0003872,STR-003,SKU-203,SALE,-41,2026-08-03T16:44:00Z
MOV-0003873,STR-003,SKU-203,SALE,-32,2026-08-04T10:38:00Z
MOV-0003874,STR-003,SKU-203,SALE,-46,2026-08-05T16:20:00Z
MOV-0003875,STR-003,SKU-203,SALE,-42,2026-08-06T15:21:00Z
MOV-0003876,STR-003,SKU-203,SALE,-45,2026-08-07T10:44:00Z
MOV-0003877,STR-003,SKU-203,SALE,-52,2026-08-08T17:39:00Z
MOV-0003878,STR-003,SKU-203,DELIVERY,295,2026-08-09T06:52:00Z
MOV-0003879,STR-003,SKU-203,SALE,-53,2026-08-09T07:25:00Z
MOV-0003880,STR-003,SKU-203,SALE,-35,2026-08-10T10:22:00Z
MOV-0003881,STR-003,SKU-203,SALE,-32,2026-08-11T17:18:00Z
MOV-0003882,STR-003,SKU-203,SALE,-43,2026-08-12T09:31:00Z
MOV-0003883,STR-003,SKU-203,SALE,-34,2026-08-13T16:04:00Z
MOV-0003884,STR-003,SKU-203,SALE,-48,2026-08-14T09:23:00Z
MOV-0003885,STR-003,SKU-203,SALE,-50,2026-08-15T17:27:00Z
MOV-0003886,STR-003,SKU-203,DELIVERY,344,2026-08-16T06:47:00Z
MOV-0003887,STR-003,SKU-203,SALE,-51,2026-08-16T09:49:00Z
MOV-0003888,STR-003,SKU-203,SALE,-40,2026-08-17T15:00:00Z
MOV-0003889,STR-003,SKU-203,SALE,-44,2026-08-18T09:42:00Z
MOV-0003890,STR-003,SKU-203,SALE,-51,2026-08-19T08:43:00Z
MOV-0003891,STR-003,SKU-203,SALE,-51,2026-08-20T10:02:00Z
MOV-0003892,STR-003,SKU-203,SALE,-45,2026-08-21T11:14:00Z
MOV-0003893,STR-003,SKU-203,SALE,-62,2026-08-22T13:50:00Z
MOV-0003894,STR-003,SKU-203,DELIVERY,280,2026-08-23T06:53:00Z
MOV-0003895,STR-003,SKU-203,SALE,-47,2026-08-23T14:35:00Z
MOV-0003896,STR-003,SKU-203,SALE,-29,2026-08-24T07:06:00Z
MOV-0003897,STR-003,SKU-203,SALE,-35,2026-08-25T17:29:00Z
MOV-0003898,STR-003,SKU-203,SALE,-39,2026-08-26T08:11:00Z
MOV-0003899,STR-003,SKU-203,SALE,-38,2026-08-27T18:21:00Z
MOV-0003900,STR-003,SKU-203,SALE,-35,2026-08-28T07:44:00Z
MOV-0003901,STR-003,SKU-203,SALE,-57,2026-08-29T14:49:00Z
MOV-0003902,STR-003,SKU-203,DELIVERY,115,2026-08-30T06:47:00Z
MOV-0003903,STR-003,SKU-203,SALE,-37,2026-08-30T17:06:00Z
MOV-0003904,STR-003,SKU-203,SALE,-38,2026-08-31T08:45:00Z
MOV-0003905,STR-003,SKU-203,SALE,-40,2026-09-01T08:15:00Z
MOV-0003906,STR-003,SKU-204,DELIVERY,101,2026-07-06T06:58:00Z
MOV-0003907,STR-003,SKU-204,SALE,-12,2026-07-06T18:03:00Z
MOV-0003908,STR-003,SKU-204,SALE,-13,2026-07-07T12:06:00Z
MOV-0003909,STR-003,SKU-204,SALE,-12,2026-07-08T10:29:00Z
MOV-0003910,STR-003,SKU-204,SALE,-15,2026-07-09T14:18:00Z
MOV-0003911,STR-003,SKU-204,SALE,-16,2026-07-10T12:45:00Z
MOV-0003912,STR-003,SKU-204,SALE,-16,2026-07-11T09:46:00Z
MOV-0003913,STR-003,SKU-204,SALE,-17,2026-07-12T07:16:00Z
MOV-0003914,STR-003,SKU-204,DELIVERY,119,2026-07-13T06:08:00Z
MOV-0003915,STR-003,SKU-204,SALE,-13,2026-07-13T17:30:00Z
MOV-0003916,STR-003,SKU-204,SALE,-12,2026-07-14T09:44:00Z
MOV-0003917,STR-003,SKU-204,SALE,-14,2026-07-15T17:42:00Z
MOV-0003918,STR-003,SKU-204,SALE,-19,2026-07-16T15:21:00Z
MOV-0003919,STR-003,SKU-204,SALE,-17,2026-07-17T16:09:00Z
MOV-0003920,STR-003,SKU-204,SALE,-24,2026-07-18T16:09:00Z
MOV-0003921,STR-003,SKU-204,SALE,-20,2026-07-19T17:47:00Z
MOV-0003922,STR-003,SKU-204,DELIVERY,98,2026-07-20T06:56:00Z
MOV-0003923,STR-003,SKU-204,SALE,-9,2026-07-20T15:43:00Z
MOV-0003924,STR-003,SKU-204,SALE,-11,2026-07-21T13:39:00Z
MOV-0003925,STR-003,SKU-204,SALE,-11,2026-07-22T11:44:00Z
MOV-0003926,STR-003,SKU-204,SALE,-14,2026-07-23T12:57:00Z
MOV-0003927,STR-003,SKU-204,SALE,-16,2026-07-24T18:42:00Z
MOV-0003928,STR-003,SKU-204,SALE,-19,2026-07-25T11:22:00Z
MOV-0003929,STR-003,SKU-204,SALE,-18,2026-07-26T17:03:00Z
MOV-0003930,STR-003,SKU-204,DELIVERY,111,2026-07-27T06:31:00Z
MOV-0003931,STR-003,SKU-204,SALE,-12,2026-07-27T17:05:00Z
MOV-0003932,STR-003,SKU-204,SALE,-14,2026-07-28T13:00:00Z
MOV-0003933,STR-003,SKU-204,SALE,-18,2026-07-29T15:52:00Z
MOV-0003934,STR-003,SKU-204,SALE,-17,2026-07-30T17:45:00Z
MOV-0003935,STR-003,SKU-204,SALE,-18,2026-07-31T12:04:00Z
MOV-0003936,STR-003,SKU-204,SALE,-17,2026-08-01T12:12:00Z
MOV-0003937,STR-003,SKU-204,SALE,-15,2026-08-02T16:22:00Z
MOV-0003938,STR-003,SKU-204,DELIVERY,114,2026-08-03T06:33:00Z
MOV-0003939,STR-003,SKU-204,SALE,-13,2026-08-03T14:02:00Z
MOV-0003940,STR-003,SKU-204,SALE,-15,2026-08-04T07:48:00Z
MOV-0003941,STR-003,SKU-204,SALE,-14,2026-08-05T15:39:00Z
MOV-0003942,STR-003,SKU-204,SALE,-19,2026-08-06T09:15:00Z
MOV-0003943,STR-003,SKU-204,SALE,-18,2026-08-07T16:03:00Z
MOV-0003944,STR-003,SKU-204,SALE,-20,2026-08-08T11:55:00Z
MOV-0003945,STR-003,SKU-204,SALE,-15,2026-08-09T13:39:00Z
MOV-0003946,STR-003,SKU-204,DELIVERY,99,2026-08-10T06:25:00Z
MOV-0003947,STR-003,SKU-204,SALE,-10,2026-08-10T11:20:00Z
MOV-0003948,STR-003,SKU-204,SALE,-14,2026-08-11T13:42:00Z
MOV-0003949,STR-003,SKU-204,SALE,-14,2026-08-12T08:43:00Z
MOV-0003950,STR-003,SKU-204,SALE,-15,2026-08-13T09:41:00Z
MOV-0003951,STR-003,SKU-204,SALE,-17,2026-08-14T10:18:00Z
MOV-0003952,STR-003,SKU-204,SALE,-14,2026-08-15T16:51:00Z
MOV-0003953,STR-003,SKU-204,SALE,-15,2026-08-16T07:09:00Z
MOV-0003954,STR-003,SKU-204,DELIVERY,124,2026-08-17T06:57:00Z
MOV-0003955,STR-003,SKU-204,SALE,-14,2026-08-17T08:40:00Z
MOV-0003956,STR-003,SKU-204,SALE,-18,2026-08-18T08:12:00Z
MOV-0003957,STR-003,SKU-204,SALE,-18,2026-08-19T07:46:00Z
MOV-0003958,STR-003,SKU-204,SALE,-16,2026-08-20T08:41:00Z
MOV-0003959,STR-003,SKU-204,SALE,-18,2026-08-21T09:25:00Z
MOV-0003960,STR-003,SKU-204,SALE,-22,2026-08-22T10:39:00Z
MOV-0003961,STR-003,SKU-204,SALE,-18,2026-08-23T09:08:00Z
MOV-0003962,STR-003,SKU-204,DELIVERY,112,2026-08-24T06:23:00Z
MOV-0003963,STR-003,SKU-204,SALE,-10,2026-08-24T11:38:00Z
MOV-0003964,STR-003,SKU-204,SALE,-15,2026-08-25T13:25:00Z
MOV-0003965,STR-003,SKU-204,SALE,-14,2026-08-26T10:22:00Z
MOV-0003966,STR-003,SKU-204,SALE,-17,2026-08-27T14:09:00Z
MOV-0003967,STR-003,SKU-204,SALE,-16,2026-08-28T10:01:00Z
MOV-0003968,STR-003,SKU-204,SALE,-20,2026-08-29T15:21:00Z
MOV-0003969,STR-003,SKU-204,SALE,-20,2026-08-30T09:04:00Z
MOV-0003970,STR-003,SKU-204,DELIVERY,26,2026-08-31T06:52:00Z
MOV-0003971,STR-003,SKU-204,SALE,-13,2026-08-31T07:13:00Z
MOV-0003972,STR-003,SKU-204,SALE,-13,2026-09-01T07:12:00Z
MOV-0003973,STR-003,SKU-301,SALE,-34,2026-07-06T16:53:00Z
MOV-0003974,STR-003,SKU-301,SALE,-39,2026-07-07T13:23:00Z
MOV-0003975,STR-003,SKU-301,SALE,-30,2026-07-08T07:05:00Z
MOV-0003976,STR-003,SKU-301,SALE,-38,2026-07-09T09:10:00Z
MOV-0003977,STR-003,SKU-301,SALE,-41,2026-07-10T13:11:00Z
MOV-0003978,STR-003,SKU-301,SALE,-40,2026-07-11T11:51:00Z
MOV-0003979,STR-003,SKU-301,DELIVERY,306,2026-07-12T06:25:00Z
MOV-0003980,STR-003,SKU-301,SALE,-48,2026-07-12T10:14:00Z
MOV-0003981,STR-003,SKU-301,SALE,-38,2026-07-13T08:37:00Z
MOV-0003982,STR-003,SKU-301,SALE,-40,2026-07-14T13:35:00Z
MOV-0003983,STR-003,SKU-301,SALE,-35,2026-07-15T09:18:00Z
MOV-0003984,STR-003,SKU-301,SALE,-45,2026-07-16T10:35:00Z
MOV-0003985,STR-003,SKU-301,SALE,-41,2026-07-17T15:51:00Z
MOV-0003986,STR-003,SKU-301,SALE,-59,2026-07-18T11:01:00Z
MOV-0003987,STR-003,SKU-301,DELIVERY,291,2026-07-19T06:58:00Z
MOV-0003988,STR-003,SKU-301,SALE,-50,2026-07-19T07:10:00Z
MOV-0003989,STR-003,SKU-301,SALE,-28,2026-07-20T13:33:00Z
MOV-0003990,STR-003,SKU-301,SALE,-34,2026-07-21T16:48:00Z
MOV-0003991,STR-003,SKU-301,SALE,-46,2026-07-22T12:17:00Z
MOV-0003992,STR-003,SKU-301,SALE,-39,2026-07-23T17:50:00Z
MOV-0003993,STR-003,SKU-301,SALE,-50,2026-07-24T18:29:00Z
MOV-0003994,STR-003,SKU-301,SALE,-44,2026-07-25T10:38:00Z
MOV-0003995,STR-003,SKU-301,DELIVERY,338,2026-07-26T06:50:00Z
MOV-0003996,STR-003,SKU-301,SALE,-45,2026-07-26T15:06:00Z
MOV-0003997,STR-003,SKU-301,SALE,-45,2026-07-27T07:10:00Z
MOV-0003998,STR-003,SKU-301,SALE,-38,2026-07-28T13:29:00Z
MOV-0003999,STR-003,SKU-301,SALE,-43,2026-07-29T11:57:00Z
MOV-0004000,STR-003,SKU-301,SALE,-50,2026-07-30T14:08:00Z
MOV-0004001,STR-003,SKU-301,SALE,-52,2026-07-31T10:48:00Z
MOV-0004002,STR-003,SKU-301,SALE,-65,2026-08-01T14:54:00Z
MOV-0004003,STR-003,SKU-301,DELIVERY,362,2026-08-02T06:29:00Z
MOV-0004004,STR-003,SKU-301,SALE,-50,2026-08-02T10:53:00Z
MOV-0004005,STR-003,SKU-301,SALE,-41,2026-08-03T17:30:00Z
MOV-0004006,STR-003,SKU-301,SALE,-44,2026-08-04T09:26:00Z
MOV-0004007,STR-003,SKU-301,SALE,-49,2026-08-05T09:25:00Z
MOV-0004008,STR-003,SKU-301,SALE,-61,2026-08-06T07:02:00Z
MOV-0004009,STR-003,SKU-301,SALE,-65,2026-08-07T07:41:00Z
MOV-0004010,STR-003,SKU-301,SALE,-52,2026-08-08T10:14:00Z
MOV-0004011,STR-003,SKU-301,DELIVERY,350,2026-08-09T06:03:00Z
MOV-0004012,STR-003,SKU-301,SALE,-65,2026-08-09T07:26:00Z
MOV-0004013,STR-003,SKU-301,SALE,-41,2026-08-10T08:00:00Z
MOV-0004014,STR-003,SKU-301,SALE,-46,2026-08-11T17:16:00Z
MOV-0004015,STR-003,SKU-301,SALE,-43,2026-08-12T15:15:00Z
MOV-0004016,STR-003,SKU-301,SALE,-37,2026-08-13T18:03:00Z
MOV-0004017,STR-003,SKU-301,SALE,-54,2026-08-14T18:55:00Z
MOV-0004018,STR-003,SKU-301,SALE,-64,2026-08-15T15:30:00Z
MOV-0004019,STR-003,SKU-301,DELIVERY,322,2026-08-16T06:45:00Z
MOV-0004020,STR-003,SKU-301,SALE,-48,2026-08-16T12:49:00Z
MOV-0004021,STR-003,SKU-301,SALE,-36,2026-08-17T09:03:00Z
MOV-0004022,STR-003,SKU-301,SALE,-46,2026-08-18T09:23:00Z
MOV-0004023,STR-003,SKU-301,SALE,-46,2026-08-19T11:23:00Z
MOV-0004024,STR-003,SKU-301,SALE,-51,2026-08-20T09:16:00Z
MOV-0004025,STR-003,SKU-301,SALE,-40,2026-08-21T18:02:00Z
MOV-0004026,STR-003,SKU-301,SALE,-55,2026-08-22T09:36:00Z
MOV-0004027,STR-003,SKU-301,DELIVERY,337,2026-08-23T06:01:00Z
MOV-0004028,STR-003,SKU-301,SALE,-52,2026-08-23T08:47:00Z
MOV-0004029,STR-003,SKU-301,SALE,-35,2026-08-24T12:12:00Z
MOV-0004030,STR-003,SKU-301,SALE,-47,2026-08-25T14:07:00Z
MOV-0004031,STR-003,SKU-301,SALE,-42,2026-08-26T17:43:00Z
MOV-0004032,STR-003,SKU-301,SALE,-49,2026-08-27T17:31:00Z
MOV-0004033,STR-003,SKU-301,SALE,-46,2026-08-28T09:38:00Z
MOV-0004034,STR-003,SKU-301,SALE,-66,2026-08-29T07:57:00Z
MOV-0004035,STR-003,SKU-301,DELIVERY,157,2026-08-30T06:40:00Z
MOV-0004036,STR-003,SKU-301,SALE,-51,2026-08-30T18:30:00Z
MOV-0004037,STR-003,SKU-301,SALE,-55,2026-08-31T09:58:00Z
MOV-0004038,STR-003,SKU-301,SALE,-51,2026-09-01T16:28:00Z
MOV-0004039,STR-003,SKU-302,SALE,-31,2026-07-06T11:56:00Z
MOV-0004040,STR-003,SKU-302,SALE,-31,2026-07-07T09:30:00Z
MOV-0004041,STR-003,SKU-302,SALE,-33,2026-07-08T15:31:00Z
MOV-0004042,STR-003,SKU-302,SALE,-41,2026-07-09T18:36:00Z
MOV-0004043,STR-003,SKU-302,SALE,-51,2026-07-10T18:39:00Z
MOV-0004044,STR-003,SKU-302,SALE,-50,2026-07-11T18:56:00Z
MOV-0004045,STR-003,SKU-302,DELIVERY,205,2026-07-12T06:35:00Z
MOV-0004046,STR-003,SKU-302,SALE,-41,2026-07-12T13:32:00Z
MOV-0004047,STR-003,SKU-302,SALE,-19,2026-07-13T12:58:00Z
MOV-0004048,STR-003,SKU-302,SALE,-27,2026-07-14T13:46:00Z
MOV-0004049,STR-003,SKU-302,SALE,-25,2026-07-15T16:51:00Z
MOV-0004050,STR-003,SKU-302,SALE,-29,2026-07-16T10:19:00Z
MOV-0004051,STR-003,SKU-302,SALE,-25,2026-07-17T08:54:00Z
MOV-0004052,STR-003,SKU-302,SALE,-39,2026-07-18T12:27:00Z
MOV-0004053,STR-003,SKU-302,DELIVERY,245,2026-07-19T06:41:00Z
MOV-0004054,STR-003,SKU-302,SALE,-34,2026-07-19T10:20:00Z
MOV-0004055,STR-003,SKU-302,SALE,-26,2026-07-20T09:08:00Z
MOV-0004056,STR-003,SKU-302,SALE,-35,2026-07-21T11:27:00Z
MOV-0004057,STR-003,SKU-302,SALE,-37,2026-07-22T13:45:00Z
MOV-0004058,STR-003,SKU-302,SALE,-33,2026-07-23T16:54:00Z
MOV-0004059,STR-003,SKU-302,SALE,-41,2026-07-24T08:07:00Z
MOV-0004060,STR-003,SKU-302,SALE,-39,2026-07-25T18:41:00Z
MOV-0004061,STR-003,SKU-302,DELIVERY,270,2026-07-26T06:55:00Z
MOV-0004062,STR-003,SKU-302,SALE,-38,2026-07-26T18:32:00Z
MOV-0004063,STR-003,SKU-302,SALE,-36,2026-07-27T11:41:00Z
MOV-0004064,STR-003,SKU-302,SALE,-28,2026-07-28T18:13:00Z
MOV-0004065,STR-003,SKU-302,SALE,-43,2026-07-29T12:01:00Z
MOV-0004066,STR-003,SKU-302,SALE,-32,2026-07-30T07:12:00Z
MOV-0004067,STR-003,SKU-302,SALE,-38,2026-07-31T18:12:00Z
MOV-0004068,STR-003,SKU-302,SALE,-55,2026-08-01T11:15:00Z
MOV-0004069,STR-003,SKU-302,DELIVERY,251,2026-08-02T06:51:00Z
MOV-0004070,STR-003,SKU-302,SALE,-43,2026-08-02T15:28:00Z
MOV-0004071,STR-003,SKU-302,SALE,-28,2026-08-03T13:19:00Z
MOV-0004072,STR-003,SKU-302,SALE,-31,2026-08-04T09:41:00Z
MOV-0004073,STR-003,SKU-302,SALE,-31,2026-08-05T15:36:00Z
MOV-0004074,STR-003,SKU-302,SALE,-38,2026-08-06T11:12:00Z
MOV-0004075,STR-003,SKU-302,SALE,-42,2026-08-07T10:52:00Z
MOV-0004076,STR-003,SKU-302,SALE,-38,2026-08-08T10:24:00Z
MOV-0004077,STR-003,SKU-302,DELIVERY,239,2026-08-09T06:25:00Z
MOV-0004078,STR-003,SKU-302,SALE,-43,2026-08-09T12:44:00Z
MOV-0004079,STR-003,SKU-302,SALE,-23,2026-08-10T11:40:00Z
MOV-0004080,STR-003,SKU-302,SALE,-23,2026-08-11T11:26:00Z
MOV-0004081,STR-003,SKU-302,SALE,-36,2026-08-12T07:14:00Z
MOV-0004082,STR-003,SKU-302,SALE,-30,2026-08-13T11:50:00Z
MOV-0004083,STR-003,SKU-302,ADJUSTMENT,-2,2026-08-13T12:01:00Z
MOV-0004084,STR-003,SKU-302,SALE,-37,2026-08-14T16:24:00Z
MOV-0004085,STR-003,SKU-302,SALE,-45,2026-08-15T14:17:00Z
MOV-0004086,STR-003,SKU-302,DELIVERY,240,2026-08-16T06:23:00Z
MOV-0004087,STR-003,SKU-302,SALE,-38,2026-08-16T17:45:00Z
MOV-0004088,STR-003,SKU-302,SALE,-30,2026-08-17T17:44:00Z
MOV-0004089,STR-003,SKU-302,SALE,-34,2026-08-18T17:55:00Z
MOV-0004090,STR-003,SKU-302,SALE,-30,2026-08-19T14:48:00Z
MOV-0004091,STR-003,SKU-302,SALE,-34,2026-08-20T18:08:00Z
MOV-0004092,STR-003,SKU-302,SALE,-34,2026-08-21T07:04:00Z
MOV-0004093,STR-003,SKU-302,SALE,-40,2026-08-22T08:45:00Z
MOV-0004094,STR-003,SKU-302,DELIVERY,215,2026-08-23T06:06:00Z
MOV-0004095,STR-003,SKU-302,SALE,-44,2026-08-23T09:18:00Z
MOV-0004096,STR-003,SKU-302,SALE,-26,2026-08-24T07:05:00Z
MOV-0004097,STR-003,SKU-302,SALE,-23,2026-08-25T09:49:00Z
MOV-0004098,STR-003,SKU-302,SALE,-30,2026-08-26T12:42:00Z
MOV-0004099,STR-003,SKU-302,SALE,-32,2026-08-27T13:08:00Z
MOV-0004100,STR-003,SKU-302,SALE,-28,2026-08-28T17:14:00Z
MOV-0004101,STR-003,SKU-302,SALE,-32,2026-08-29T11:45:00Z
MOV-0004102,STR-003,SKU-302,DELIVERY,81,2026-08-30T06:38:00Z
MOV-0004103,STR-003,SKU-302,SALE,-30,2026-08-30T09:30:00Z
MOV-0004104,STR-003,SKU-302,SALE,-26,2026-08-31T16:05:00Z
MOV-0004105,STR-003,SKU-302,SALE,-25,2026-09-01T17:39:00Z
MOV-0004106,STR-003,SKU-303,DELIVERY,193,2026-07-06T06:15:00Z
MOV-0004107,STR-003,SKU-303,SALE,-20,2026-07-06T10:52:00Z
MOV-0004108,STR-003,SKU-303,SALE,-24,2026-07-07T08:50:00Z
MOV-0004109,STR-003,SKU-303,SALE,-32,2026-07-08T14:10:00Z
MOV-0004110,STR-003,SKU-303,SALE,-26,2026-07-09T09:46:00Z
MOV-0004111,STR-003,SKU-303,SALE,-31,2026-07-10T16:19:00Z
MOV-0004112,STR-003,SKU-303,SALE,-29,2026-07-11T09:00:00Z
MOV-0004113,STR-003,SKU-303,SALE,-31,2026-07-12T18:21:00Z
MOV-0004114,STR-003,SKU-303,DELIVERY,197,2026-07-13T06:07:00Z
MOV-0004115,STR-003,SKU-303,SALE,-25,2026-07-13T15:08:00Z
MOV-0004116,STR-003,SKU-303,SALE,-24,2026-07-14T08:51:00Z
MOV-0004117,STR-003,SKU-303,SALE,-27,2026-07-15T10:35:00Z
MOV-0004118,STR-003,SKU-303,SALE,-23,2026-07-16T08:01:00Z
MOV-0004119,STR-003,SKU-303,SALE,-29,2026-07-17T09:54:00Z
MOV-0004120,STR-003,SKU-303,SALE,-40,2026-07-18T09:16:00Z
MOV-0004121,STR-003,SKU-303,SALE,-29,2026-07-19T13:32:00Z
MOV-0004122,STR-003,SKU-303,DELIVERY,239,2026-07-20T06:23:00Z
MOV-0004123,STR-003,SKU-303,SALE,-22,2026-07-20T12:58:00Z
MOV-0004124,STR-003,SKU-303,SALE,-36,2026-07-21T18:34:00Z
MOV-0004125,STR-003,SKU-303,SALE,-32,2026-07-22T13:28:00Z
MOV-0004126,STR-003,SKU-303,SALE,-35,2026-07-23T15:56:00Z
MOV-0004127,STR-003,SKU-303,SALE,-33,2026-07-24T17:53:00Z
MOV-0004128,STR-003,SKU-303,SALE,-43,2026-07-25T09:35:00Z
MOV-0004129,STR-003,SKU-303,SALE,-38,2026-07-26T11:04:00Z
MOV-0004130,STR-003,SKU-303,DELIVERY,217,2026-07-27T06:05:00Z
MOV-0004131,STR-003,SKU-303,SALE,-30,2026-07-27T13:36:00Z
MOV-0004132,STR-003,SKU-303,SALE,-28,2026-07-28T17:32:00Z
MOV-0004133,STR-003,SKU-303,SALE,-25,2026-07-29T12:04:00Z
MOV-0004134,STR-003,SKU-303,SALE,-35,2026-07-30T07:39:00Z
MOV-0004135,STR-003,SKU-303,SALE,-34,2026-07-31T15:41:00Z
MOV-0004136,STR-003,SKU-303,SALE,-36,2026-08-01T10:31:00Z
MOV-0004137,STR-003,SKU-303,SALE,-29,2026-08-02T07:30:00Z
MOV-0004138,STR-003,SKU-303,DELIVERY,192,2026-08-03T06:17:00Z
MOV-0004139,STR-003,SKU-303,SALE,-21,2026-08-03T08:42:00Z
MOV-0004140,STR-003,SKU-303,SALE,-23,2026-08-04T08:33:00Z
MOV-0004141,STR-003,SKU-303,SALE,-25,2026-08-05T16:03:00Z
MOV-0004142,STR-003,SKU-303,SALE,-29,2026-08-06T18:13:00Z
MOV-0004143,STR-003,SKU-303,SALE,-25,2026-08-07T08:58:00Z
MOV-0004144,STR-003,SKU-303,SALE,-34,2026-08-08T09:49:00Z
MOV-0004145,STR-003,SKU-303,SALE,-35,2026-08-09T12:22:00Z
MOV-0004146,STR-003,SKU-303,DELIVERY,258,2026-08-10T06:27:00Z
MOV-0004147,STR-003,SKU-303,SALE,-24,2026-08-10T10:08:00Z
MOV-0004148,STR-003,SKU-303,SALE,-30,2026-08-11T10:11:00Z
MOV-0004149,STR-003,SKU-303,SALE,-34,2026-08-12T14:27:00Z
MOV-0004150,STR-003,SKU-303,SALE,-31,2026-08-13T15:38:00Z
MOV-0004151,STR-003,SKU-303,SALE,-42,2026-08-14T14:57:00Z
MOV-0004152,STR-003,SKU-303,SALE,-52,2026-08-15T13:14:00Z
MOV-0004153,STR-003,SKU-303,SALE,-45,2026-08-16T11:27:00Z
MOV-0004154,STR-003,SKU-303,DELIVERY,237,2026-08-17T06:46:00Z
MOV-0004155,STR-003,SKU-303,SALE,-25,2026-08-17T11:28:00Z
MOV-0004156,STR-003,SKU-303,SALE,-35,2026-08-18T09:48:00Z
MOV-0004157,STR-003,SKU-303,SALE,-36,2026-08-19T16:53:00Z
MOV-0004158,STR-003,SKU-303,SALE,-30,2026-08-20T15:54:00Z
MOV-0004159,STR-003,SKU-303,SALE,-36,2026-08-21T07:48:00Z
MOV-0004160,STR-003,SKU-303,SALE,-38,2026-08-22T07:20:00Z
MOV-0004161,STR-003,SKU-303,SALE,-37,2026-08-23T12:26:00Z
MOV-0004162,STR-003,SKU-303,DELIVERY,253,2026-08-24T06:42:00Z
MOV-0004163,STR-003,SKU-303,SALE,-31,2026-08-24T18:01:00Z
MOV-0004164,STR-003,SKU-303,SALE,-34,2026-08-25T16:15:00Z
MOV-0004165,STR-003,SKU-303,SALE,-32,2026-08-26T10:21:00Z
MOV-0004166,STR-003,SKU-303,SALE,-34,2026-08-27T15:33:00Z
MOV-0004167,STR-003,SKU-303,SALE,-40,2026-08-28T15:18:00Z
MOV-0004168,STR-003,SKU-303,SALE,-43,2026-08-29T17:05:00Z
MOV-0004169,STR-003,SKU-303,SALE,-39,2026-08-30T11:16:00Z
MOV-0004170,STR-003,SKU-303,DELIVERY,61,2026-08-31T06:00:00Z
MOV-0004171,STR-003,SKU-303,SALE,-27,2026-08-31T12:19:00Z
MOV-0004172,STR-003,SKU-303,SALE,-34,2026-09-01T15:05:00Z
MOV-0004173,STR-003,SKU-304,SALE,-39,2026-07-06T13:12:00Z
MOV-0004174,STR-003,SKU-304,DELIVERY,291,2026-07-07T06:37:00Z
MOV-0004175,STR-003,SKU-304,SALE,-30,2026-07-07T17:03:00Z
MOV-0004176,STR-003,SKU-304,SALE,-38,2026-07-08T07:15:00Z
MOV-0004177,STR-003,SKU-304,SALE,-35,2026-07-09T09:06:00Z
MOV-0004178,STR-003,SKU-304,SALE,-50,2026-07-10T14:00:00Z
MOV-0004179,STR-003,SKU-304,SALE,-56,2026-07-11T15:27:00Z
MOV-0004180,STR-003,SKU-304,SALE,-52,2026-07-12T13:50:00Z
MOV-0004181,STR-003,SKU-304,SALE,-30,2026-07-13T11:06:00Z
MOV-0004182,STR-003,SKU-304,DELIVERY,239,2026-07-14T06:25:00Z
MOV-0004183,STR-003,SKU-304,SALE,-24,2026-07-14T18:23:00Z
MOV-0004184,STR-003,SKU-304,SALE,-28,2026-07-15T12:12:00Z
MOV-0004185,STR-003,SKU-304,SALE,-35,2026-07-16T15:11:00Z
MOV-0004186,STR-003,SKU-304,SALE,-39,2026-07-17T11:37:00Z
MOV-0004187,STR-003,SKU-304,SALE,-44,2026-07-18T10:17:00Z
MOV-0004188,STR-003,SKU-304,SALE,-33,2026-07-19T17:21:00Z
MOV-0004189,STR-003,SKU-304,SALE,-36,2026-07-20T17:52:00Z
MOV-0004190,STR-003,SKU-304,DELIVERY,313,2026-07-21T06:18:00Z
MOV-0004191,STR-003,SKU-304,SALE,-39,2026-07-21T08:20:00Z
MOV-0004192,STR-003,SKU-304,SALE,-47,2026-07-22T09:06:00Z
MOV-0004193,STR-003,SKU-304,SALE,-47,2026-07-23T13:28:00Z
MOV-0004194,STR-003,SKU-304,SALE,-50,2026-07-24T17:42:00Z
MOV-0004195,STR-003,SKU-304,SALE,-47,2026-07-25T15:18:00Z
MOV-0004196,STR-003,SKU-304,SALE,-54,2026-07-26T07:25:00Z
MOV-0004197,STR-003,SKU-304,SALE,-29,2026-07-27T18:06:00Z
MOV-0004198,STR-003,SKU-304,DELIVERY,242,2026-07-28T06:43:00Z
MOV-0004199,STR-003,SKU-304,SALE,-27,2026-07-28T15:04:00Z
MOV-0004200,STR-003,SKU-304,SALE,-30,2026-07-29T14:23:00Z
MOV-0004201,STR-003,SKU-304,SALE,-40,2026-07-30T08:24:00Z
MOV-0004202,STR-003,SKU-304,SALE,-43,2026-07-31T08:07:00Z
MOV-0004203,STR-003,SKU-304,SALE,-36,2026-08-01T18:49:00Z
MOV-0004204,STR-003,SKU-304,SALE,-33,2026-08-02T12:21:00Z
MOV-0004205,STR-003,SKU-304,SALE,-33,2026-08-03T09:02:00Z
MOV-0004206,STR-003,SKU-304,DELIVERY,246,2026-08-04T06:42:00Z
MOV-0004207,STR-003,SKU-304,SALE,-29,2026-08-04T13:07:00Z
MOV-0004208,STR-003,SKU-304,SALE,-35,2026-08-05T09:41:00Z
MOV-0004209,STR-003,SKU-304,SALE,-33,2026-08-06T10:58:00Z
MOV-0004210,STR-003,SKU-304,SALE,-37,2026-08-07T12:18:00Z
MOV-0004211,STR-003,SKU-304,SALE,-42,2026-08-08T14:06:00Z
MOV-0004212,STR-003,SKU-304,SALE,-42,2026-08-09T09:12:00Z
MOV-0004213,STR-003,SKU-304,SALE,-28,2026-08-10T08:19:00Z
MOV-0004214,STR-003,SKU-304,DELIVERY,272,2026-08-11T06:29:00Z
MOV-0004215,STR-003,SKU-304,SALE,-29,2026-08-11T09:22:00Z
MOV-0004216,STR-003,SKU-304,SALE,-32,2026-08-12T07:22:00Z
MOV-0004217,STR-003,SKU-304,SALE,-44,2026-08-13T12:43:00Z
MOV-0004218,STR-003,SKU-304,SALE,-33,2026-08-14T13:16:00Z
MOV-0004219,STR-003,SKU-304,SALE,-53,2026-08-15T18:12:00Z
MOV-0004220,STR-003,SKU-304,SALE,-49,2026-08-16T14:32:00Z
MOV-0004221,STR-003,SKU-304,SALE,-32,2026-08-17T14:24:00Z
MOV-0004222,STR-003,SKU-304,DELIVERY,261,2026-08-18T06:47:00Z
MOV-0004223,STR-003,SKU-304,SALE,-37,2026-08-18T13:57:00Z
MOV-0004224,STR-003,SKU-304,SALE,-33,2026-08-19T09:20:00Z
MOV-0004225,STR-003,SKU-304,SALE,-29,2026-08-20T08:16:00Z
MOV-0004226,STR-003,SKU-304,SALE,-42,2026-08-21T11:17:00Z
MOV-0004227,STR-003,SKU-304,SALE,-40,2026-08-22T13:06:00Z
MOV-0004228,STR-003,SKU-304,SALE,-45,2026-08-23T07:00:00Z
MOV-0004229,STR-003,SKU-304,SALE,-35,2026-08-24T10:40:00Z
MOV-0004230,STR-003,SKU-304,DELIVERY,300,2026-08-25T06:35:00Z
MOV-0004231,STR-003,SKU-304,SALE,-37,2026-08-25T11:05:00Z
MOV-0004232,STR-003,SKU-304,SALE,-34,2026-08-26T17:26:00Z
MOV-0004233,STR-003,SKU-304,SALE,-46,2026-08-27T10:49:00Z
MOV-0004234,STR-003,SKU-304,SALE,-54,2026-08-28T11:55:00Z
MOV-0004235,STR-003,SKU-304,SALE,-51,2026-08-29T16:38:00Z
MOV-0004236,STR-003,SKU-304,SALE,-51,2026-08-30T15:03:00Z
MOV-0004237,STR-003,SKU-304,SALE,-27,2026-08-31T10:17:00Z
MOV-0004238,STR-003,SKU-304,DELIVERY,32,2026-09-01T06:11:00Z
MOV-0004239,STR-003,SKU-304,SALE,-32,2026-09-01T10:50:00Z
MOV-0004240,STR-003,SKU-401,SALE,-16,2026-07-06T17:19:00Z
MOV-0004241,STR-003,SKU-401,SALE,-19,2026-07-07T11:13:00Z
MOV-0004242,STR-003,SKU-401,DELIVERY,185,2026-07-08T06:24:00Z
MOV-0004243,STR-003,SKU-401,SALE,-24,2026-07-08T12:40:00Z
MOV-0004244,STR-003,SKU-401,SALE,-27,2026-07-09T13:16:00Z
MOV-0004245,STR-003,SKU-401,SALE,-21,2026-07-10T12:20:00Z
MOV-0004246,STR-003,SKU-401,SALE,-31,2026-07-11T13:45:00Z
MOV-0004247,STR-003,SKU-401,SALE,-32,2026-07-12T15:03:00Z
MOV-0004248,STR-003,SKU-401,SALE,-28,2026-07-13T09:56:00Z
MOV-0004249,STR-003,SKU-401,SALE,-22,2026-07-14T07:23:00Z
MOV-0004250,STR-003,SKU-401,DELIVERY,201,2026-07-15T06:09:00Z
MOV-0004251,STR-003,SKU-401,SALE,-23,2026-07-15T17:30:00Z
MOV-0004252,STR-003,SKU-401,SALE,-30,2026-07-16T16:10:00Z
MOV-0004253,STR-003,SKU-401,SALE,-30,2026-07-17T12:47:00Z
MOV-0004254,STR-003,SKU-401,SALE,-33,2026-07-18T14:42:00Z
MOV-0004255,STR-003,SKU-401,SALE,-38,2026-07-19T17:31:00Z
MOV-0004256,STR-003,SKU-401,SALE,-25,2026-07-20T16:50:00Z
MOV-0004257,STR-003,SKU-401,SALE,-22,2026-07-21T14:25:00Z
MOV-0004258,STR-003,SKU-401,DELIVERY,233,2026-07-22T06:38:00Z
MOV-0004259,STR-003,SKU-401,SALE,-31,2026-07-22T14:05:00Z
MOV-0004260,STR-003,SKU-401,SALE,-32,2026-07-23T09:01:00Z
MOV-0004261,STR-003,SKU-401,SALE,-40,2026-07-24T09:58:00Z
MOV-0004262,STR-003,SKU-401,SALE,-44,2026-07-25T12:49:00Z
MOV-0004263,STR-003,SKU-401,SALE,-36,2026-07-26T12:13:00Z
MOV-0004264,STR-003,SKU-401,SALE,-26,2026-07-27T10:29:00Z
MOV-0004265,STR-003,SKU-401,SALE,-24,2026-07-28T17:44:00Z
MOV-0004266,STR-003,SKU-401,DELIVERY,202,2026-07-29T06:09:00Z
MOV-0004267,STR-003,SKU-401,SALE,-27,2026-07-29T11:05:00Z
MOV-0004268,STR-003,SKU-401,SALE,-32,2026-07-30T09:10:00Z
MOV-0004269,STR-003,SKU-401,SALE,-33,2026-07-31T18:00:00Z
MOV-0004270,STR-003,SKU-401,SALE,-38,2026-08-01T13:22:00Z
MOV-0004271,STR-003,SKU-401,SALE,-30,2026-08-02T12:08:00Z
MOV-0004272,STR-003,SKU-401,SALE,-20,2026-08-03T13:28:00Z
MOV-0004273,STR-003,SKU-401,SALE,-22,2026-08-04T11:28:00Z
MOV-0004274,STR-003,SKU-401,DELIVERY,174,2026-08-05T06:25:00Z
MOV-0004275,STR-003,SKU-401,SALE,-24,2026-08-05T13:08:00Z
MOV-0004276,STR-003,SKU-401,SALE,-23,2026-08-06T12:23:00Z
MOV-0004277,STR-003,SKU-401,SALE,-21,2026-08-07T12:34:00Z
MOV-0004278,STR-003,SKU-401,SALE,-32,2026-08-08T18:33:00Z
MOV-0004279,STR-003,SKU-401,SALE,-22,2026-08-09T09:43:00Z
MOV-0004280,STR-003,SKU-401,SALE,-25,2026-08-10T11:16:00Z
MOV-0004281,STR-003,SKU-401,SALE,-27,2026-08-11T18:01:00Z
MOV-0004282,STR-003,SKU-401,DELIVERY,499,2026-08-12T06:53:00Z
MOV-0004283,STR-003,SKU-401,SALE,-25,2026-08-12T13:01:00Z
MOV-0004284,STR-003,SKU-401,SALE,-33,2026-08-13T14:25:00Z
MOV-0004285,STR-003,SKU-401,SALE,-36,2026-08-14T10:43:00Z
MOV-0004286,STR-003,SKU-401,SALE,-41,2026-08-15T12:13:00Z
MOV-0004287,STR-003,SKU-401,SALE,-29,2026-08-16T13:54:00Z
MOV-0004288,STR-003,SKU-401,SALE,-21,2026-08-17T17:41:00Z
MOV-0004289,STR-003,SKU-401,SALE,-32,2026-08-18T15:25:00Z
MOV-0004290,STR-003,SKU-401,SALE,-27,2026-08-19T08:11:00Z
MOV-0004291,STR-003,SKU-401,SALE,-35,2026-08-20T13:46:00Z
MOV-0004292,STR-003,SKU-401,SALE,-27,2026-08-21T18:10:00Z
MOV-0004293,STR-003,SKU-401,SALE,-37,2026-08-22T13:27:00Z
MOV-0004294,STR-003,SKU-401,SALE,-27,2026-08-23T13:16:00Z
MOV-0004295,STR-003,SKU-401,SALE,-22,2026-08-24T13:58:00Z
MOV-0004296,STR-003,SKU-401,SALE,-16,2026-08-25T15:46:00Z
MOV-0004297,STR-003,SKU-401,SALE,-26,2026-08-26T09:05:00Z
MOV-0004298,STR-003,SKU-401,SALE,-21,2026-08-27T14:55:00Z
MOV-0004299,STR-003,SKU-401,SALE,-27,2026-08-28T09:42:00Z
MOV-0004300,STR-003,SKU-401,SALE,-24,2026-08-29T09:13:00Z
MOV-0004301,STR-003,SKU-401,SALE,-21,2026-08-30T13:27:00Z
MOV-0004302,STR-003,SKU-401,SALE,-25,2026-08-31T08:13:00Z
MOV-0004303,STR-003,SKU-401,SALE,-23,2026-09-01T12:52:00Z
MOV-0004304,STR-003,SKU-402,SALE,-13,2026-07-06T15:10:00Z
MOV-0004305,STR-003,SKU-402,SALE,-18,2026-07-07T18:39:00Z
MOV-0004306,STR-003,SKU-402,SALE,-15,2026-07-08T15:42:00Z
MOV-0004307,STR-003,SKU-402,DELIVERY,132,2026-07-09T06:25:00Z
MOV-0004308,STR-003,SKU-402,SALE,-18,2026-07-09T10:45:00Z
MOV-0004309,STR-003,SKU-402,SALE,-23,2026-07-10T10:40:00Z
MOV-0004310,STR-003,SKU-402,SALE,-23,2026-07-11T16:39:00Z
MOV-0004311,STR-003,SKU-402,SALE,-19,2026-07-12T09:16:00Z
MOV-0004312,STR-003,SKU-402,SALE,-16,2026-07-13T18:12:00Z
MOV-0004313,STR-003,SKU-402,SALE,-18,2026-07-14T11:42:00Z
MOV-0004314,STR-003,SKU-402,SALE,-15,2026-07-15T18:33:00Z
MOV-0004315,STR-003,SKU-402,DELIVERY,132,2026-07-16T06:31:00Z
MOV-0004316,STR-003,SKU-402,SALE,-20,2026-07-16T13:33:00Z
MOV-0004317,STR-003,SKU-402,SALE,-20,2026-07-17T18:14:00Z
MOV-0004318,STR-003,SKU-402,SALE,-26,2026-07-18T08:46:00Z
MOV-0004319,STR-003,SKU-402,SALE,-24,2026-07-19T18:14:00Z
MOV-0004320,STR-003,SKU-402,SALE,-14,2026-07-20T08:30:00Z
MOV-0004321,STR-003,SKU-402,SALE,-14,2026-07-21T08:29:00Z
MOV-0004322,STR-003,SKU-402,SALE,-14,2026-07-22T09:30:00Z
MOV-0004323,STR-003,SKU-402,DELIVERY,136,2026-07-23T06:19:00Z
MOV-0004324,STR-003,SKU-402,SALE,-18,2026-07-23T12:01:00Z
MOV-0004325,STR-003,SKU-402,SALE,-19,2026-07-24T08:55:00Z
MOV-0004326,STR-003,SKU-402,SALE,-26,2026-07-25T15:24:00Z
MOV-0004327,STR-003,SKU-402,SALE,-19,2026-07-26T17:20:00Z
MOV-0004328,STR-003,SKU-402,SALE,-17,2026-07-27T11:04:00Z
MOV-0004329,STR-003,SKU-402,SALE,-19,2026-07-28T08:46:00Z
MOV-0004330,STR-003,SKU-402,SALE,-18,2026-07-29T08:52:00Z
MOV-0004331,STR-003,SKU-402,DELIVERY,130,2026-07-30T06:32:00Z
MOV-0004332,STR-003,SKU-402,SALE,-21,2026-07-30T07:14:00Z
MOV-0004333,STR-003,SKU-402,SALE,-19,2026-07-31T10:14:00Z
MOV-0004334,STR-003,SKU-402,SALE,-22,2026-08-01T13:43:00Z
MOV-0004335,STR-003,SKU-402,SALE,-25,2026-08-02T15:26:00Z
MOV-0004336,STR-003,SKU-402,SALE,-13,2026-08-03T08:22:00Z
MOV-0004337,STR-003,SKU-402,SALE,-13,2026-08-04T08:35:00Z
MOV-0004338,STR-003,SKU-402,SALE,-17,2026-08-05T13:37:00Z
MOV-0004339,STR-003,SKU-402,DELIVERY,112,2026-08-06T06:46:00Z
MOV-0004340,STR-003,SKU-402,SALE,-19,2026-08-06T13:33:00Z
MOV-0004341,STR-003,SKU-402,SALE,-18,2026-08-07T13:29:00Z
MOV-0004342,STR-003,SKU-402,SALE,-21,2026-08-08T13:49:00Z
MOV-0004343,STR-003,SKU-402,SALE,-20,2026-08-09T14:42:00Z
MOV-0004344,STR-003,SKU-402,SALE,-10,2026-08-10T12:26:00Z
MOV-0004345,STR-003,SKU-402,SALE,-11,2026-08-11T07:20:00Z
MOV-0004346,STR-003,SKU-402,SALE,-13,2026-08-12T17:21:00Z
MOV-0004347,STR-003,SKU-402,DELIVERY,108,2026-08-13T06:40:00Z
MOV-0004348,STR-003,SKU-402,SALE,-14,2026-08-13T12:14:00Z
MOV-0004349,STR-003,SKU-402,SALE,-17,2026-08-14T16:27:00Z
MOV-0004350,STR-003,SKU-402,SALE,-15,2026-08-15T10:32:00Z
MOV-0004351,STR-003,SKU-402,SALE,-17,2026-08-16T16:33:00Z
MOV-0004352,STR-003,SKU-402,SALE,-12,2026-08-17T18:47:00Z
MOV-0004353,STR-003,SKU-402,SALE,-17,2026-08-18T14:32:00Z
MOV-0004354,STR-003,SKU-402,SALE,-16,2026-08-19T11:58:00Z
MOV-0004355,STR-003,SKU-402,DELIVERY,111,2026-08-20T06:09:00Z
MOV-0004356,STR-003,SKU-402,SALE,-16,2026-08-20T09:25:00Z
MOV-0004357,STR-003,SKU-402,SALE,-17,2026-08-21T14:30:00Z
MOV-0004358,STR-003,SKU-402,SALE,-17,2026-08-22T11:47:00Z
MOV-0004359,STR-003,SKU-402,SALE,-15,2026-08-23T17:09:00Z
MOV-0004360,STR-003,SKU-402,SALE,-13,2026-08-24T17:29:00Z
MOV-0004361,STR-003,SKU-402,SALE,-14,2026-08-25T17:16:00Z
MOV-0004362,STR-003,SKU-402,SALE,-19,2026-08-26T13:06:00Z
MOV-0004363,STR-003,SKU-402,DELIVERY,110,2026-08-27T06:06:00Z
MOV-0004364,STR-003,SKU-402,SALE,-20,2026-08-27T14:53:00Z
MOV-0004365,STR-003,SKU-402,SALE,-21,2026-08-28T15:14:00Z
MOV-0004366,STR-003,SKU-402,SALE,-23,2026-08-29T12:22:00Z
MOV-0004367,STR-003,SKU-402,SALE,-24,2026-08-30T13:54:00Z
MOV-0004368,STR-003,SKU-402,SALE,-11,2026-08-31T08:32:00Z
MOV-0004369,STR-003,SKU-402,SALE,-11,2026-09-01T14:53:00Z
MOV-0004370,STR-003,SKU-403,SALE,-20,2026-07-06T14:12:00Z
MOV-0004371,STR-003,SKU-403,SALE,-22,2026-07-07T15:54:00Z
MOV-0004372,STR-003,SKU-403,SALE,-22,2026-07-08T08:44:00Z
MOV-0004373,STR-003,SKU-403,DELIVERY,150,2026-07-09T06:18:00Z
MOV-0004374,STR-003,SKU-403,SALE,-25,2026-07-09T09:50:00Z
MOV-0004375,STR-003,SKU-403,SALE,-21,2026-07-10T08:08:00Z
MOV-0004376,STR-003,SKU-403,SALE,-28,2026-07-11T09:50:00Z
MOV-0004377,STR-003,SKU-403,SALE,-23,2026-07-12T13:33:00Z
MOV-0004378,STR-003,SKU-403,SALE,-15,2026-07-13T17:16:00Z
MOV-0004379,STR-003,SKU-403,SALE,-17,2026-07-14T14:16:00Z
MOV-0004380,STR-003,SKU-403,SALE,-21,2026-07-15T07:38:00Z
MOV-0004381,STR-003,SKU-403,DELIVERY,156,2026-07-16T06:16:00Z
MOV-0004382,STR-003,SKU-403,SALE,-21,2026-07-16T14:09:00Z
MOV-0004383,STR-003,SKU-403,SALE,-20,2026-07-17T15:35:00Z
MOV-0004384,STR-003,SKU-403,SALE,-28,2026-07-18T14:47:00Z
MOV-0004385,STR-003,SKU-403,SALE,-31,2026-07-19T10:20:00Z
MOV-0004386,STR-003,SKU-403,SALE,-18,2026-07-20T15:33:00Z
MOV-0004387,STR-003,SKU-403,SALE,-20,2026-07-21T12:22:00Z
MOV-0004388,STR-003,SKU-403,SALE,-18,2026-07-22T09:34:00Z
MOV-0004389,STR-003,SKU-403,DELIVERY,158,2026-07-23T06:21:00Z
MOV-0004390,STR-003,SKU-403,SALE,-22,2026-07-23T17:17:00Z
MOV-0004391,STR-003,SKU-403,SALE,-22,2026-07-24T10:36:00Z
MOV-0004392,STR-003,SKU-403,SALE,-21,2026-07-25T12:07:00Z
MOV-0004393,STR-003,SKU-403,SALE,-27,2026-07-26T14:57:00Z
MOV-0004394,STR-003,SKU-403,SALE,-18,2026-07-27T18:32:00Z
MOV-0004395,STR-003,SKU-403,SALE,-24,2026-07-28T12:50:00Z
MOV-0004396,STR-003,SKU-403,SALE,-24,2026-07-29T18:55:00Z
MOV-0004397,STR-003,SKU-403,DELIVERY,165,2026-07-30T06:36:00Z
MOV-0004398,STR-003,SKU-403,SALE,-24,2026-07-30T15:36:00Z
MOV-0004399,STR-003,SKU-403,SALE,-24,2026-07-31T16:14:00Z
MOV-0004400,STR-003,SKU-403,SALE,-26,2026-08-01T15:18:00Z
MOV-0004401,STR-003,SKU-403,SALE,-32,2026-08-02T08:53:00Z
MOV-0004402,STR-003,SKU-403,SALE,-18,2026-08-03T14:54:00Z
MOV-0004403,STR-003,SKU-403,SALE,-19,2026-08-04T17:15:00Z
MOV-0004404,STR-003,SKU-403,SALE,-22,2026-08-05T10:19:00Z
MOV-0004405,STR-003,SKU-403,DELIVERY,174,2026-08-06T06:57:00Z
MOV-0004406,STR-003,SKU-403,SALE,-24,2026-08-06T10:27:00Z
MOV-0004407,STR-003,SKU-403,SALE,-28,2026-08-07T08:18:00Z
MOV-0004408,STR-003,SKU-403,SALE,-28,2026-08-08T14:08:00Z
MOV-0004409,STR-003,SKU-403,SALE,-35,2026-08-09T07:33:00Z
MOV-0004410,STR-003,SKU-403,SALE,-17,2026-08-10T16:03:00Z
MOV-0004411,STR-003,SKU-403,SALE,-21,2026-08-11T12:46:00Z
MOV-0004412,STR-003,SKU-403,SALE,-21,2026-08-12T08:48:00Z
MOV-0004413,STR-003,SKU-403,DELIVERY,144,2026-08-13T06:03:00Z
MOV-0004414,STR-003,SKU-403,SALE,-20,2026-08-13T15:34:00Z
MOV-0004415,STR-003,SKU-403,SALE,-26,2026-08-14T11:47:00Z
MOV-0004416,STR-003,SKU-403,SALE,-24,2026-08-15T09:09:00Z
MOV-0004417,STR-003,SKU-403,SALE,-31,2026-08-16T15:26:00Z
MOV-0004418,STR-003,SKU-403,SALE,-14,2026-08-17T08:26:00Z
MOV-0004419,STR-003,SKU-403,SALE,-15,2026-08-18T17:10:00Z
MOV-0004420,STR-003,SKU-403,SALE,-14,2026-08-19T17:37:00Z
MOV-0004421,STR-003,SKU-403,DELIVERY,150,2026-08-20T06:45:00Z
MOV-0004422,STR-003,SKU-403,SALE,-14,2026-08-20T13:21:00Z
MOV-0004423,STR-003,SKU-403,SALE,-22,2026-08-21T11:54:00Z
MOV-0004424,STR-003,SKU-403,SALE,-20,2026-08-22T11:34:00Z
MOV-0004425,STR-003,SKU-403,SALE,-22,2026-08-23T15:45:00Z
MOV-0004426,STR-003,SKU-403,SALE,-21,2026-08-24T07:27:00Z
MOV-0004427,STR-003,SKU-403,SALE,-25,2026-08-25T11:31:00Z
MOV-0004428,STR-003,SKU-403,SALE,-26,2026-08-26T07:51:00Z
MOV-0004429,STR-003,SKU-403,DELIVERY,142,2026-08-27T06:46:00Z
MOV-0004430,STR-003,SKU-403,SALE,-25,2026-08-27T15:52:00Z
MOV-0004431,STR-003,SKU-403,SALE,-24,2026-08-28T16:58:00Z
MOV-0004432,STR-003,SKU-403,SALE,-27,2026-08-29T18:34:00Z
MOV-0004433,STR-003,SKU-403,SALE,-28,2026-08-30T13:44:00Z
MOV-0004434,STR-003,SKU-403,SALE,-16,2026-08-31T14:58:00Z
MOV-0004435,STR-003,SKU-403,SALE,-22,2026-09-01T09:27:00Z
MOV-0004436,STR-003,SKU-501,SALE,-2,2026-07-06T11:53:00Z
MOV-0004437,STR-003,SKU-501,SALE,-3,2026-07-07T11:31:00Z
MOV-0004438,STR-003,SKU-501,SALE,-4,2026-07-08T11:46:00Z
MOV-0004439,STR-003,SKU-501,SALE,-3,2026-07-09T13:07:00Z
MOV-0004440,STR-003,SKU-501,SALE,-4,2026-07-10T10:13:00Z
MOV-0004441,STR-003,SKU-501,SALE,-4,2026-07-11T16:15:00Z
MOV-0004442,STR-003,SKU-501,DELIVERY,30,2026-07-12T06:55:00Z
MOV-0004443,STR-003,SKU-501,SALE,-3,2026-07-12T08:23:00Z
MOV-0004444,STR-003,SKU-501,SALE,-3,2026-07-13T12:44:00Z
MOV-0004445,STR-003,SKU-501,SALE,-4,2026-07-14T10:15:00Z
MOV-0004446,STR-003,SKU-501,SALE,-4,2026-07-15T09:02:00Z
MOV-0004447,STR-003,SKU-501,SALE,-4,2026-07-16T11:46:00Z
MOV-0004448,STR-003,SKU-501,SALE,-5,2026-07-17T08:21:00Z
MOV-0004449,STR-003,SKU-501,SALE,-7,2026-07-18T18:28:00Z
MOV-0004450,STR-003,SKU-501,DELIVERY,32,2026-07-19T06:12:00Z
MOV-0004451,STR-003,SKU-501,SALE,-6,2026-07-19T17:56:00Z
MOV-0004452,STR-003,SKU-501,SALE,-4,2026-07-20T13:43:00Z
MOV-0004453,STR-003,SKU-501,SALE,-4,2026-07-21T12:10:00Z
MOV-0004454,STR-003,SKU-501,SALE,-4,2026-07-22T13:09:00Z
MOV-0004455,STR-003,SKU-501,SALE,-4,2026-07-23T14:51:00Z
MOV-0004456,STR-003,SKU-501,SALE,-4,2026-07-24T15:06:00Z
MOV-0004457,STR-003,SKU-501,SALE,-6,2026-07-25T07:52:00Z
MOV-0004458,STR-003,SKU-501,DELIVERY,27,2026-07-26T06:12:00Z
MOV-0004459,STR-003,SKU-501,SALE,-4,2026-07-26T09:55:00Z
MOV-0004460,STR-003,SKU-501,SALE,-3,2026-07-27T11:30:00Z
MOV-0004461,STR-003,SKU-501,SALE,-3,2026-07-28T17:02:00Z
MOV-0004462,STR-003,SKU-501,SALE,-4,2026-07-29T17:18:00Z
MOV-0004463,STR-003,SKU-501,SALE,-4,2026-07-30T16:12:00Z
MOV-0004464,STR-003,SKU-501,SALE,-4,2026-07-31T11:20:00Z
MOV-0004465,STR-003,SKU-501,SALE,-5,2026-08-01T12:57:00Z
MOV-0004466,STR-003,SKU-501,DELIVERY,25,2026-08-02T06:42:00Z
MOV-0004467,STR-003,SKU-501,SALE,-5,2026-08-02T16:48:00Z
MOV-0004468,STR-003,SKU-501,SALE,-3,2026-08-03T08:00:00Z
MOV-0004469,STR-003,SKU-501,SALE,-3,2026-08-04T13:52:00Z
MOV-0004470,STR-003,SKU-501,SALE,-3,2026-08-05T07:07:00Z
MOV-0004471,STR-003,SKU-501,SALE,-3,2026-08-06T16:02:00Z
MOV-0004472,STR-003,SKU-501,SALE,-4,2026-08-07T14:40:00Z
MOV-0004473,STR-003,SKU-501,SALE,-4,2026-08-08T07:58:00Z
MOV-0004474,STR-003,SKU-501,DELIVERY,25,2026-08-09T06:57:00Z
MOV-0004475,STR-003,SKU-501,SALE,-5,2026-08-09T16:31:00Z
MOV-0004476,STR-003,SKU-501,SALE,-3,2026-08-10T12:17:00Z
MOV-0004477,STR-003,SKU-501,SALE,-3,2026-08-11T11:20:00Z
MOV-0004478,STR-003,SKU-501,SALE,-3,2026-08-12T07:42:00Z
MOV-0004479,STR-003,SKU-501,SALE,-4,2026-08-13T18:01:00Z
MOV-0004480,STR-003,SKU-501,SALE,-4,2026-08-14T15:35:00Z
MOV-0004481,STR-003,SKU-501,SALE,-3,2026-08-15T17:55:00Z
MOV-0004482,STR-003,SKU-501,DELIVERY,31,2026-08-16T06:42:00Z
MOV-0004483,STR-003,SKU-501,SALE,-4,2026-08-16T07:53:00Z
MOV-0004484,STR-003,SKU-501,SALE,-3,2026-08-17T14:58:00Z
MOV-0004485,STR-003,SKU-501,SALE,-4,2026-08-18T10:13:00Z
MOV-0004486,STR-003,SKU-501,SALE,-4,2026-08-19T11:57:00Z
MOV-0004487,STR-003,SKU-501,SALE,-5,2026-08-20T09:50:00Z
MOV-0004488,STR-003,SKU-501,SALE,-5,2026-08-21T11:39:00Z
MOV-0004489,STR-003,SKU-501,SALE,-6,2026-08-22T09:24:00Z
MOV-0004490,STR-003,SKU-501,DELIVERY,34,2026-08-23T06:32:00Z
MOV-0004491,STR-003,SKU-501,SALE,-6,2026-08-23T13:55:00Z
MOV-0004492,STR-003,SKU-501,SALE,-5,2026-08-24T12:54:00Z
MOV-0004493,STR-003,SKU-501,SALE,-4,2026-08-25T16:16:00Z
MOV-0004494,STR-003,SKU-501,SALE,-5,2026-08-26T07:23:00Z
MOV-0004495,STR-003,SKU-501,SALE,-5,2026-08-27T12:33:00Z
MOV-0004496,STR-003,SKU-501,SALE,-4,2026-08-28T08:34:00Z
MOV-0004497,STR-003,SKU-501,SALE,-5,2026-08-29T10:55:00Z
MOV-0004498,STR-003,SKU-501,DELIVERY,13,2026-08-30T06:16:00Z
MOV-0004499,STR-003,SKU-501,SALE,-5,2026-08-30T10:03:00Z
MOV-0004500,STR-003,SKU-501,SALE,-4,2026-08-31T09:31:00Z
MOV-0004501,STR-003,SKU-501,SALE,-4,2026-09-01T13:39:00Z
MOV-0004502,STR-003,SKU-502,SALE,-2,2026-07-06T17:53:00Z
MOV-0004503,STR-003,SKU-502,SALE,-2,2026-07-07T08:25:00Z
MOV-0004504,STR-003,SKU-502,DELIVERY,11,2026-07-08T06:30:00Z
MOV-0004505,STR-003,SKU-502,SALE,-2,2026-07-08T14:31:00Z
MOV-0004506,STR-003,SKU-502,SALE,-2,2026-07-09T16:17:00Z
MOV-0004507,STR-003,SKU-502,SALE,-2,2026-07-10T08:41:00Z
MOV-0004508,STR-003,SKU-502,ADJUSTMENT,4,2026-07-11T12:02:00Z
MOV-0004509,STR-003,SKU-502,SALE,-3,2026-07-11T12:41:00Z
MOV-0004510,STR-003,SKU-502,SALE,-2,2026-07-12T12:16:00Z
MOV-0004511,STR-003,SKU-502,SALE,-2,2026-07-13T14:35:00Z
MOV-0004512,STR-003,SKU-502,SALE,-2,2026-07-14T13:40:00Z
MOV-0004513,STR-003,SKU-502,DELIVERY,15,2026-07-15T06:30:00Z
MOV-0004514,STR-003,SKU-502,SALE,-1,2026-07-15T08:46:00Z
MOV-0004515,STR-003,SKU-502,SALE,-2,2026-07-16T14:32:00Z
MOV-0004516,STR-003,SKU-502,SALE,-3,2026-07-17T16:56:00Z
MOV-0004517,STR-003,SKU-502,SALE,-3,2026-07-18T11:44:00Z
MOV-0004518,STR-003,SKU-502,SALE,-3,2026-07-19T16:02:00Z
MOV-0004519,STR-003,SKU-502,SALE,-1,2026-07-20T12:31:00Z
MOV-0004520,STR-003,SKU-502,SALE,-2,2026-07-21T10:56:00Z
MOV-0004521,STR-003,SKU-502,DELIVERY,16,2026-07-22T06:10:00Z
MOV-0004522,STR-003,SKU-502,SALE,-2,2026-07-22T10:08:00Z
MOV-0004523,STR-003,SKU-502,SALE,-2,2026-07-23T11:18:00Z
MOV-0004524,STR-003,SKU-502,SALE,-2,2026-07-24T13:41:00Z
MOV-0004525,STR-003,SKU-502,SALE,-3,2026-07-25T09:22:00Z
MOV-0004526,STR-003,SKU-502,SALE,-3,2026-07-26T17:39:00Z
MOV-0004527,STR-003,SKU-502,SALE,-2,2026-07-27T12:04:00Z
MOV-0004528,STR-003,SKU-502,SALE,-2,2026-07-28T09:11:00Z
MOV-0004529,STR-003,SKU-502,DELIVERY,15,2026-07-29T06:00:00Z
MOV-0004530,STR-003,SKU-502,SALE,-2,2026-07-29T13:31:00Z
MOV-0004531,STR-003,SKU-502,SALE,-2,2026-07-30T13:45:00Z
MOV-0004532,STR-003,SKU-502,SALE,-2,2026-07-31T17:18:00Z
MOV-0004533,STR-003,SKU-502,SALE,-3,2026-08-01T11:01:00Z
MOV-0004534,STR-003,SKU-502,SALE,-2,2026-08-02T09:47:00Z
MOV-0004535,STR-003,SKU-502,SALE,-2,2026-08-03T18:05:00Z
MOV-0004536,STR-003,SKU-502,SALE,-2,2026-08-04T16:39:00Z
MOV-0004537,STR-003,SKU-502,DELIVERY,13,2026-08-05T06:39:00Z
MOV-0004538,STR-003,SKU-502,SALE,-3,2026-08-05T09:26:00Z
MOV-0004539,STR-003,SKU-502,SALE,-2,2026-08-06T12:32:00Z
MOV-0004540,STR-003,SKU-502,SALE,-3,2026-08-07T09:53:00Z
MOV-0004541,STR-003,SKU-502,SALE,-3,2026-08-08T08:46:00Z
MOV-0004542,STR-003,SKU-502,ADJUSTMENT,4,2026-08-08T12:08:00Z
MOV-0004543,STR-003,SKU-502,SALE,-2,2026-08-09T15:19:00Z
MOV-0004544,STR-003,SKU-502,SALE,-2,2026-08-10T14:05:00Z
MOV-0004545,STR-003,SKU-502,SALE,-2,2026-08-11T11:47:00Z
MOV-0004546,STR-003,SKU-502,DELIVERY,15,2026-08-12T06:51:00Z
MOV-0004547,STR-003,SKU-502,SALE,-2,2026-08-12T08:55:00Z
MOV-0004548,STR-003,SKU-502,SALE,-2,2026-08-13T08:37:00Z
MOV-0004549,STR-003,SKU-502,SALE,-3,2026-08-14T15:18:00Z
MOV-0004550,STR-003,SKU-502,SALE,-3,2026-08-15T07:06:00Z
MOV-0004551,STR-003,SKU-502,SALE,-2,2026-08-16T08:09:00Z
MOV-0004552,STR-003,SKU-502,SALE,-1,2026-08-17T17:30:00Z
MOV-0004553,STR-003,SKU-502,SALE,-2,2026-08-18T18:32:00Z
MOV-0004554,STR-003,SKU-502,DELIVERY,14,2026-08-19T06:04:00Z
MOV-0004555,STR-003,SKU-502,SALE,-2,2026-08-19T17:11:00Z
MOV-0004556,STR-003,SKU-502,SALE,-2,2026-08-20T11:37:00Z
MOV-0004557,STR-003,SKU-502,SALE,-2,2026-08-21T12:04:00Z
MOV-0004558,STR-003,SKU-502,SALE,-2,2026-08-22T11:09:00Z
MOV-0004559,STR-003,SKU-502,SALE,-2,2026-08-23T08:26:00Z
MOV-0004560,STR-003,SKU-502,SALE,-2,2026-08-24T11:03:00Z
MOV-0004561,STR-003,SKU-502,SALE,-2,2026-08-25T18:48:00Z
MOV-0004562,STR-003,SKU-502,DELIVERY,16,2026-08-26T06:55:00Z
MOV-0004563,STR-003,SKU-502,SALE,-2,2026-08-26T07:38:00Z
MOV-0004564,STR-003,SKU-502,SALE,-2,2026-08-27T11:50:00Z
MOV-0004565,STR-003,SKU-502,SALE,-2,2026-08-28T13:14:00Z
MOV-0004566,STR-003,SKU-502,SALE,-3,2026-08-29T10:05:00Z
MOV-0004567,STR-003,SKU-502,SALE,-3,2026-08-30T18:34:00Z
MOV-0004568,STR-003,SKU-502,SALE,-2,2026-08-31T08:00:00Z
MOV-0004569,STR-003,SKU-502,SALE,-2,2026-09-01T18:58:00Z
MOV-0004570,STR-003,SKU-503,SALE,-3,2026-07-06T08:38:00Z
MOV-0004571,STR-003,SKU-503,SALE,-2,2026-07-07T11:12:00Z
MOV-0004572,STR-003,SKU-503,DELIVERY,20,2026-07-08T06:47:00Z
MOV-0004573,STR-003,SKU-503,SALE,-3,2026-07-08T07:28:00Z
MOV-0004574,STR-003,SKU-503,SALE,-2,2026-07-09T11:09:00Z
MOV-0004575,STR-003,SKU-503,SALE,-3,2026-07-10T11:28:00Z
MOV-0004576,STR-003,SKU-503,SALE,-3,2026-07-11T07:25:00Z
MOV-0004577,STR-003,SKU-503,SALE,-3,2026-07-12T18:54:00Z
MOV-0004578,STR-003,SKU-503,SALE,-3,2026-07-13T09:27:00Z
MOV-0004579,STR-003,SKU-503,SALE,-3,2026-07-14T12:06:00Z
MOV-0004580,STR-003,SKU-503,DELIVERY,24,2026-07-15T06:57:00Z
MOV-0004581,STR-003,SKU-503,SALE,-3,2026-07-15T17:48:00Z
MOV-0004582,STR-003,SKU-503,SALE,-4,2026-07-16T11:03:00Z
MOV-0004583,STR-003,SKU-503,SALE,-4,2026-07-17T15:12:00Z
MOV-0004584,STR-003,SKU-503,SALE,-4,2026-07-18T07:35:00Z
MOV-0004585,STR-003,SKU-503,SALE,-4,2026-07-19T11:30:00Z
MOV-0004586,STR-003,SKU-503,SALE,-2,2026-07-20T13:43:00Z
MOV-0004587,STR-003,SKU-503,SALE,-3,2026-07-21T10:52:00Z
MOV-0004588,STR-003,SKU-503,DELIVERY,23,2026-07-22T06:14:00Z
MOV-0004589,STR-003,SKU-503,SALE,-3,2026-07-22T16:19:00Z
MOV-0004590,STR-003,SKU-503,SALE,-3,2026-07-23T12:28:00Z
MOV-0004591,STR-003,SKU-503,SALE,-3,2026-07-24T13:38:00Z
MOV-0004592,STR-003,SKU-503,SALE,-4,2026-07-25T18:31:00Z
MOV-0004593,STR-003,SKU-503,SALE,-4,2026-07-26T18:31:00Z
MOV-0004594,STR-003,SKU-503,SALE,-3,2026-07-27T16:53:00Z
MOV-0004595,STR-003,SKU-503,SALE,-3,2026-07-28T14:43:00Z
MOV-0004596,STR-003,SKU-503,DELIVERY,18,2026-07-29T06:15:00Z
MOV-0004597,STR-003,SKU-503,SALE,-2,2026-07-29T14:54:00Z
MOV-0004598,STR-003,SKU-503,SALE,-3,2026-07-30T18:17:00Z
MOV-0004599,STR-003,SKU-503,SALE,-3,2026-07-31T16:19:00Z
MOV-0004600,STR-003,SKU-503,SALE,-3,2026-08-01T10:38:00Z
MOV-0004601,STR-003,SKU-503,SALE,-3,2026-08-02T11:05:00Z
MOV-0004602,STR-003,SKU-503,SALE,-2,2026-08-03T09:57:00Z
MOV-0004603,STR-003,SKU-503,SALE,-2,2026-08-04T09:24:00Z
MOV-0004604,STR-003,SKU-503,DELIVERY,19,2026-08-05T06:04:00Z
MOV-0004605,STR-003,SKU-503,SALE,-3,2026-08-05T14:28:00Z
MOV-0004606,STR-003,SKU-503,SALE,-3,2026-08-06T18:14:00Z
MOV-0004607,STR-003,SKU-503,SALE,-2,2026-08-07T14:35:00Z
MOV-0004608,STR-003,SKU-503,SALE,-4,2026-08-08T18:04:00Z
MOV-0004609,STR-003,SKU-503,SALE,-3,2026-08-09T14:40:00Z
MOV-0004610,STR-003,SKU-503,SALE,-2,2026-08-10T14:16:00Z
MOV-0004611,STR-003,SKU-503,SALE,-2,2026-08-11T09:50:00Z
MOV-0004612,STR-003,SKU-503,DELIVERY,22,2026-08-12T06:07:00Z
MOV-0004613,STR-003,SKU-503,SALE,-3,2026-08-12T13:45:00Z
MOV-0004614,STR-003,SKU-503,SALE,-3,2026-08-13T15:16:00Z
MOV-0004615,STR-003,SKU-503,SALE,-4,2026-08-14T15:48:00Z
MOV-0004616,STR-003,SKU-503,SALE,-3,2026-08-15T09:33:00Z
MOV-0004617,STR-003,SKU-503,SALE,-3,2026-08-16T07:10:00Z
MOV-0004618,STR-003,SKU-503,SALE,-3,2026-08-17T11:40:00Z
MOV-0004619,STR-003,SKU-503,SALE,-3,2026-08-18T15:09:00Z
MOV-0004620,STR-003,SKU-503,DELIVERY,23,2026-08-19T06:11:00Z
MOV-0004621,STR-003,SKU-503,SALE,-3,2026-08-19T10:14:00Z
MOV-0004622,STR-003,SKU-503,SALE,-4,2026-08-20T16:37:00Z
MOV-0004623,STR-003,SKU-503,SALE,-4,2026-08-21T16:09:00Z
MOV-0004624,STR-003,SKU-503,SALE,-5,2026-08-22T18:18:00Z
MOV-0004625,STR-003,SKU-503,SALE,-3,2026-08-23T12:12:00Z
MOV-0004626,STR-003,SKU-503,SALE,-2,2026-08-24T07:01:00Z
MOV-0004627,STR-003,SKU-503,SALE,-2,2026-08-25T12:04:00Z
MOV-0004628,STR-003,SKU-503,DELIVERY,20,2026-08-26T06:10:00Z
MOV-0004629,STR-003,SKU-503,SALE,-2,2026-08-26T16:07:00Z
MOV-0004630,STR-003,SKU-503,SALE,-3,2026-08-27T08:36:00Z
MOV-0004631,STR-003,SKU-503,SALE,-3,2026-08-28T11:32:00Z
MOV-0004632,STR-003,SKU-503,SALE,-3,2026-08-29T13:25:00Z
MOV-0004633,STR-003,SKU-503,SALE,-3,2026-08-30T08:49:00Z
MOV-0004634,STR-003,SKU-503,SALE,-3,2026-08-31T18:16:00Z
MOV-0004635,STR-003,SKU-503,SALE,-3,2026-09-01T12:09:00Z
MOV-0004636,STR-003,SKU-504,SALE,-1,2026-07-06T08:18:00Z
MOV-0004637,STR-003,SKU-504,DELIVERY,12,2026-07-07T06:07:00Z
MOV-0004638,STR-003,SKU-504,SALE,-2,2026-07-07T18:50:00Z
MOV-0004639,STR-003,SKU-504,SALE,-1,2026-07-08T10:25:00Z
MOV-0004640,STR-003,SKU-504,SALE,-2,2026-07-09T09:33:00Z
MOV-0004641,STR-003,SKU-504,SALE,-1,2026-07-10T08:28:00Z
MOV-0004642,STR-003,SKU-504,SALE,-2,2026-07-11T11:03:00Z
MOV-0004643,STR-003,SKU-504,SALE,-2,2026-07-12T13:39:00Z
MOV-0004644,STR-003,SKU-504,SALE,-2,2026-07-13T11:12:00Z
MOV-0004645,STR-003,SKU-504,DELIVERY,12,2026-07-14T06:55:00Z
MOV-0004646,STR-003,SKU-504,SALE,-2,2026-07-14T18:56:00Z
MOV-0004647,STR-003,SKU-504,SALE,-1,2026-07-15T14:33:00Z
MOV-0004648,STR-003,SKU-504,SALE,-2,2026-07-16T15:33:00Z
MOV-0004649,STR-003,SKU-504,SALE,-2,2026-07-17T13:52:00Z
MOV-0004650,STR-003,SKU-504,SALE,-2,2026-07-18T09:48:00Z
MOV-0004651,STR-003,SKU-504,SALE,-2,2026-07-19T16:36:00Z
MOV-0004652,STR-003,SKU-504,SALE,-1,2026-07-20T13:42:00Z
MOV-0004653,STR-003,SKU-504,DELIVERY,13,2026-07-21T06:58:00Z
MOV-0004654,STR-003,SKU-504,SALE,-1,2026-07-21T12:48:00Z
MOV-0004655,STR-003,SKU-504,SALE,-2,2026-07-22T13:13:00Z
MOV-0004656,STR-003,SKU-504,SALE,-2,2026-07-23T16:00:00Z
MOV-0004657,STR-003,SKU-504,SALE,-2,2026-07-24T08:48:00Z
MOV-0004658,STR-003,SKU-504,SALE,-2,2026-07-25T10:02:00Z
MOV-0004659,STR-003,SKU-504,SALE,-2,2026-07-26T11:28:00Z
MOV-0004660,STR-003,SKU-504,SALE,-2,2026-07-27T15:32:00Z
MOV-0004661,STR-003,SKU-504,DELIVERY,13,2026-07-28T06:48:00Z
MOV-0004662,STR-003,SKU-504,SALE,-1,2026-07-28T17:31:00Z
MOV-0004663,STR-003,SKU-504,SALE,-2,2026-07-29T14:07:00Z
MOV-0004664,STR-003,SKU-504,SALE,-2,2026-07-30T07:24:00Z
MOV-0004665,STR-003,SKU-504,SALE,-2,2026-07-31T16:20:00Z
MOV-0004666,STR-003,SKU-504,SALE,-3,2026-08-01T16:40:00Z
MOV-0004667,STR-003,SKU-504,SALE,-2,2026-08-02T10:06:00Z
MOV-0004668,STR-003,SKU-504,SALE,-1,2026-08-03T11:40:00Z
MOV-0004669,STR-003,SKU-504,DELIVERY,11,2026-08-04T06:34:00Z
MOV-0004670,STR-003,SKU-504,SALE,-1,2026-08-04T07:03:00Z
MOV-0004671,STR-003,SKU-504,SALE,-2,2026-08-05T12:51:00Z
MOV-0004672,STR-003,SKU-504,SALE,-2,2026-08-06T08:00:00Z
MOV-0004673,STR-003,SKU-504,SALE,-1,2026-08-07T11:47:00Z
MOV-0004674,STR-003,SKU-504,SALE,-2,2026-08-08T12:21:00Z
MOV-0004675,STR-003,SKU-504,SALE,-2,2026-08-09T15:21:00Z
MOV-0004676,STR-003,SKU-504,SALE,-1,2026-08-10T12:34:00Z
MOV-0004677,STR-003,SKU-504,DELIVERY,14,2026-08-11T06:55:00Z
MOV-0004678,STR-003,SKU-504,SALE,-2,2026-08-11T08:55:00Z
MOV-0004679,STR-003,SKU-504,SALE,-1,2026-08-12T15:28:00Z
MOV-0004680,STR-003,SKU-504,SALE,-2,2026-08-13T07:47:00Z
MOV-0004681,STR-003,SKU-504,SALE,-3,2026-08-14T17:11:00Z
MOV-0004682,STR-003,SKU-504,SALE,-3,2026-08-15T13:02:00Z
MOV-0004683,STR-003,SKU-504,SALE,-2,2026-08-16T18:21:00Z
MOV-0004684,STR-003,SKU-504,SALE,-1,2026-08-17T15:44:00Z
MOV-0004685,STR-003,SKU-504,DELIVERY,12,2026-08-18T06:52:00Z
MOV-0004686,STR-003,SKU-504,SALE,-1,2026-08-18T07:54:00Z
MOV-0004687,STR-003,SKU-504,SALE,-2,2026-08-19T15:12:00Z
MOV-0004688,STR-003,SKU-504,SALE,-2,2026-08-20T07:24:00Z
MOV-0004689,STR-003,SKU-504,SALE,-2,2026-08-21T10:04:00Z
MOV-0004690,STR-003,SKU-504,SALE,-2,2026-08-22T16:28:00Z
MOV-0004691,STR-003,SKU-504,SALE,-2,2026-08-23T08:09:00Z
MOV-0004692,STR-003,SKU-504,SALE,-1,2026-08-24T18:14:00Z
MOV-0004693,STR-003,SKU-504,DELIVERY,11,2026-08-25T06:52:00Z
MOV-0004694,STR-003,SKU-504,SALE,-1,2026-08-25T18:40:00Z
MOV-0004695,STR-003,SKU-504,SALE,-1,2026-08-26T14:41:00Z
MOV-0004696,STR-003,SKU-504,SALE,-1,2026-08-27T08:15:00Z
MOV-0004697,STR-003,SKU-504,SALE,-2,2026-08-28T15:18:00Z
MOV-0004698,STR-003,SKU-504,SALE,-2,2026-08-29T14:20:00Z
MOV-0004699,STR-003,SKU-504,SALE,-2,2026-08-30T15:12:00Z
MOV-0004700,STR-003,SKU-504,SALE,-2,2026-08-31T12:04:00Z
MOV-0004701,STR-003,SKU-504,DELIVERY,2,2026-09-01T06:42:00Z
MOV-0004702,STR-003,SKU-504,SALE,-2,2026-09-01T13:19:00Z
MOV-0004703,STR-003,SKU-601,SALE,-11,2026-07-06T15:48:00Z
MOV-0004704,STR-003,SKU-601,SALE,-15,2026-07-07T09:26:00Z
MOV-0004705,STR-003,SKU-601,WASTE,-1,2026-07-07T21:16:00Z
MOV-0004706,STR-003,SKU-601,SALE,-14,2026-07-08T14:57:00Z
MOV-0004707,STR-003,SKU-601,WASTE,-2,2026-07-08T21:20:00Z
MOV-0004708,STR-003,SKU-601,DELIVERY,130,2026-07-09T06:51:00Z
MOV-0004709,STR-003,SKU-601,SALE,-14,2026-07-09T11:54:00Z
MOV-0004710,STR-003,SKU-601,WASTE,-4,2026-07-09T21:36:00Z
MOV-0004711,STR-003,SKU-601,SALE,-16,2026-07-10T14:12:00Z
MOV-0004712,STR-003,SKU-601,SALE,-21,2026-07-11T10:23:00Z
MOV-0004713,STR-003,SKU-601,WASTE,-4,2026-07-11T21:05:00Z
MOV-0004714,STR-003,SKU-601,ADJUSTMENT,1,2026-07-12T12:10:00Z
MOV-0004715,STR-003,SKU-601,SALE,-17,2026-07-12T17:22:00Z
MOV-0004716,STR-003,SKU-601,SALE,-17,2026-07-13T17:55:00Z
MOV-0004717,STR-003,SKU-601,SALE,-17,2026-07-14T12:25:00Z
MOV-0004718,STR-003,SKU-601,SALE,-21,2026-07-15T09:44:00Z
MOV-0004719,STR-003,SKU-601,DELIVERY,129,2026-07-16T06:15:00Z
MOV-0004720,STR-003,SKU-601,SALE,-17,2026-07-16T07:08:00Z
MOV-0004721,STR-003,SKU-601,SALE,-23,2026-07-17T11:34:00Z
MOV-0004722,STR-003,SKU-601,SALE,-21,2026-07-18T10:30:00Z
MOV-0004723,STR-003,SKU-601,SALE,-19,2026-07-19T16:06:00Z
MOV-0004724,STR-003,SKU-601,WASTE,-5,2026-07-19T21:27:00Z
MOV-0004725,STR-003,SKU-601,SALE,-16,2026-07-20T14:54:00Z
MOV-0004726,STR-003,SKU-601,SALE,-13,2026-07-21T15:49:00Z
MOV-0004727,STR-003,SKU-601,SALE,-15,2026-07-22T10:56:00Z
MOV-0004728,STR-003,SKU-601,DELIVERY,126,2026-07-23T06:57:00Z
MOV-0004729,STR-003,SKU-601,SALE,-17,2026-07-23T07:37:00Z
MOV-0004730,STR-003,SKU-601,SALE,-20,2026-07-24T12:50:00Z
MOV-0004731,STR-003,SKU-601,SALE,-25,2026-07-25T13:52:00Z
MOV-0004732,STR-003,SKU-601,SALE,-18,2026-07-26T16:53:00Z
MOV-0004733,STR-003,SKU-601,WASTE,-3,2026-07-26T21:48:00Z
MOV-0004734,STR-003,SKU-601,SALE,-15,2026-07-27T12:07:00Z
MOV-0004735,STR-003,SKU-601,SALE,-12,2026-07-28T16:23:00Z
MOV-0004736,STR-003,SKU-601,WASTE,-1,2026-07-28T21:42:00Z
MOV-0004737,STR-003,SKU-601,SALE,-15,2026-07-29T07:13:00Z
MOV-0004738,STR-003,SKU-601,DELIVERY,127,2026-07-30T06:52:00Z
MOV-0004739,STR-003,SKU-601,SALE,-14,2026-07-30T13:37:00Z
MOV-0004740,STR-003,SKU-601,SALE,-18,2026-07-31T07:20:00Z
MOV-0004741,STR-003,SKU-601,SALE,-22,2026-08-01T08:49:00Z
MOV-0004742,STR-003,SKU-601,SALE,-19,2026-08-02T18:52:00Z
MOV-0004743,STR-003,SKU-601,WASTE,-3,2026-08-02T21:48:00Z
MOV-0004744,STR-003,SKU-601,SALE,-11,2026-08-03T10:43:00Z
MOV-0004745,STR-003,SKU-601,WASTE,-1,2026-08-03T21:07:00Z
MOV-0004746,STR-003,SKU-601,SALE,-15,2026-08-04T08:12:00Z
MOV-0004747,STR-003,SKU-601,WASTE,-3,2026-08-04T21:57:00Z
MOV-0004748,STR-003,SKU-601,SALE,-16,2026-08-05T15:11:00Z
MOV-0004749,STR-003,SKU-601,WASTE,-5,2026-08-05T21:01:00Z
MOV-0004750,STR-003,SKU-601,DELIVERY,139,2026-08-06T06:23:00Z
MOV-0004751,STR-003,SKU-601,SALE,-14,2026-08-06T13:47:00Z
MOV-0004752,STR-003,SKU-601,SALE,-17,2026-08-07T10:57:00Z
MOV-0004753,STR-003,SKU-601,WASTE,-5,2026-08-07T21:19:00Z
MOV-0004754,STR-003,SKU-601,SALE,-22,2026-08-08T12:20:00Z
MOV-0004755,STR-003,SKU-601,SALE,-20,2026-08-09T08:34:00Z
MOV-0004756,STR-003,SKU-601,SALE,-20,2026-08-10T18:47:00Z
MOV-0004757,STR-003,SKU-601,WASTE,-3,2026-08-10T21:44:00Z
MOV-0004758,STR-003,SKU-601,SALE,-16,2026-08-11T08:54:00Z
MOV-0004759,STR-003,SKU-601,WASTE,-3,2026-08-11T21:57:00Z
MOV-0004760,STR-003,SKU-601,SALE,-19,2026-08-12T14:39:00Z
MOV-0004761,STR-003,SKU-601,DELIVERY,160,2026-08-13T06:56:00Z
MOV-0004762,STR-003,SKU-601,SALE,-19,2026-08-13T18:53:00Z
MOV-0004763,STR-003,SKU-601,SALE,-25,2026-08-14T18:44:00Z
MOV-0004764,STR-003,SKU-601,WASTE,-5,2026-08-14T21:29:00Z
MOV-0004765,STR-003,SKU-601,SALE,-27,2026-08-15T10:31:00Z
MOV-0004766,STR-003,SKU-601,SALE,-22,2026-08-16T17:43:00Z
MOV-0004767,STR-003,SKU-601,WASTE,-4,2026-08-16T21:50:00Z
MOV-0004768,STR-003,SKU-601,SALE,-20,2026-08-17T14:40:00Z
MOV-0004769,STR-003,SKU-601,WASTE,-2,2026-08-17T21:04:00Z
MOV-0004770,STR-003,SKU-601,SALE,-19,2026-08-18T16:14:00Z
MOV-0004771,STR-003,SKU-601,SALE,-17,2026-08-19T12:47:00Z
MOV-0004772,STR-003,SKU-601,DELIVERY,145,2026-08-20T06:18:00Z
MOV-0004773,STR-003,SKU-601,SALE,-20,2026-08-20T17:14:00Z
MOV-0004774,STR-003,SKU-601,SALE,-21,2026-08-21T14:56:00Z
MOV-0004775,STR-003,SKU-601,SALE,-27,2026-08-22T13:13:00Z
MOV-0004776,STR-003,SKU-601,WASTE,-2,2026-08-22T21:04:00Z
MOV-0004777,STR-003,SKU-601,SALE,-29,2026-08-23T14:50:00Z
MOV-0004778,STR-003,SKU-601,SALE,-12,2026-08-24T13:53:00Z
MOV-0004779,STR-003,SKU-601,SALE,-15,2026-08-25T09:16:00Z
MOV-0004780,STR-003,SKU-601,SALE,-16,2026-08-26T17:15:00Z
MOV-0004781,STR-003,SKU-601,WASTE,-3,2026-08-26T21:25:00Z
MOV-0004782,STR-003,SKU-601,DELIVERY,119,2026-08-27T06:45:00Z
MOV-0004783,STR-003,SKU-601,SALE,-21,2026-08-27T11:13:00Z
MOV-0004784,STR-003,SKU-601,SALE,-19,2026-08-28T15:07:00Z
MOV-0004785,STR-003,SKU-601,SALE,-24,2026-08-29T15:15:00Z
MOV-0004786,STR-003,SKU-601,SALE,-19,2026-08-30T13:28:00Z
MOV-0004787,STR-003,SKU-601,SALE,-13,2026-08-31T14:37:00Z
MOV-0004788,STR-003,SKU-601,WASTE,-5,2026-08-31T21:37:00Z
MOV-0004789,STR-003,SKU-601,SALE,-16,2026-09-01T18:46:00Z
MOV-0004790,STR-003,SKU-601,WASTE,-2,2026-09-01T21:16:00Z
MOV-0004791,STR-003,SKU-602,DELIVERY,122,2026-07-06T06:01:00Z
MOV-0004792,STR-003,SKU-602,SALE,-13,2026-07-06T15:31:00Z
MOV-0004793,STR-003,SKU-602,WASTE,-1,2026-07-06T21:48:00Z
MOV-0004794,STR-003,SKU-602,SALE,-18,2026-07-07T13:12:00Z
MOV-0004795,STR-003,SKU-602,WASTE,-3,2026-07-07T21:57:00Z
MOV-0004796,STR-003,SKU-602,SALE,-18,2026-07-08T15:51:00Z
MOV-0004797,STR-003,SKU-602,SALE,-14,2026-07-09T09:29:00Z
MOV-0004798,STR-003,SKU-602,SALE,-20,2026-07-10T18:07:00Z
MOV-0004799,STR-003,SKU-602,SALE,-18,2026-07-11T16:01:00Z
MOV-0004800,STR-003,SKU-602,SALE,-17,2026-07-12T12:24:00Z
MOV-0004801,STR-003,SKU-602,DELIVERY,109,2026-07-13T06:28:00Z
MOV-0004802,STR-003,SKU-602,SALE,-13,2026-07-13T11:02:00Z
MOV-0004803,STR-003,SKU-602,WASTE,-5,2026-07-13T21:25:00Z
MOV-0004804,STR-003,SKU-602,SALE,-15,2026-07-14T11:13:00Z
MOV-0004805,STR-003,SKU-602,SALE,-13,2026-07-15T10:56:00Z
MOV-0004806,STR-003,SKU-602,SALE,-15,2026-07-16T08:10:00Z
MOV-0004807,STR-003,SKU-602,WASTE,-2,2026-07-16T21:47:00Z
MOV-0004808,STR-003,SKU-602,SALE,-13,2026-07-17T14:33:00Z
MOV-0004809,STR-003,SKU-602,SALE,-18,2026-07-18T09:16:00Z
MOV-0004810,STR-003,SKU-602,SALE,-15,2026-07-19T17:05:00Z
MOV-0004811,STR-003,SKU-602,DELIVERY,107,2026-07-20T06:11:00Z
MOV-0004812,STR-003,SKU-602,SALE,-12,2026-07-20T12:45:00Z
MOV-0004813,STR-003,SKU-602,SALE,-12,2026-07-21T10:11:00Z
MOV-0004814,STR-003,SKU-602,SALE,-16,2026-07-22T13:57:00Z
MOV-0004815,STR-003,SKU-602,SALE,-14,2026-07-23T17:24:00Z
MOV-0004816,STR-003,SKU-602,SALE,-19,2026-07-24T14:50:00Z
MOV-0004817,STR-003,SKU-602,SALE,-20,2026-07-25T13:38:00Z
MOV-0004818,STR-003,SKU-602,SALE,-14,2026-07-26T16:51:00Z
MOV-0004819,STR-003,SKU-602,DELIVERY,111,2026-07-27T06:31:00Z
MOV-0004820,STR-003,SKU-602,SALE,-14,2026-07-27T15:38:00Z
MOV-0004821,STR-003,SKU-602,SALE,-13,2026-07-28T12:01:00Z
MOV-0004822,STR-003,SKU-602,SALE,-16,2026-07-29T07:32:00Z
MOV-0004823,STR-003,SKU-602,SALE,-16,2026-07-30T15:26:00Z
MOV-0004824,STR-003,SKU-602,SALE,-14,2026-07-31T18:04:00Z
MOV-0004825,STR-003,SKU-602,SALE,-16,2026-08-01T18:51:00Z
MOV-0004826,STR-003,SKU-602,SALE,-19,2026-08-02T17:33:00Z
MOV-0004827,STR-003,SKU-602,WASTE,-3,2026-08-02T21:50:00Z
MOV-0004828,STR-003,SKU-602,DELIVERY,142,2026-08-03T06:21:00Z
MOV-0004829,STR-003,SKU-602,SALE,-14,2026-08-03T17:50:00Z
MOV-0004830,STR-003,SKU-602,SALE,-18,2026-08-04T18:09:00Z
MOV-0004831,STR-003,SKU-602,SALE,-19,2026-08-05T07:24:00Z
MOV-0004832,STR-003,SKU-602,WASTE,-2,2026-08-05T21:12:00Z
MOV-0004833,STR-003,SKU-602,SALE,-20,2026-08-06T12:49:00Z
MOV-0004834,STR-003,SKU-602,SALE,-22,2026-08-07T08:50:00Z
MOV-0004835,STR-003,SKU-602,SALE,-25,2026-08-08T18:45:00Z
MOV-0004836,STR-003,SKU-602,SALE,-22,2026-08-09T08:06:00Z
MOV-0004837,STR-003,SKU-602,DELIVERY,143,2026-08-10T06:01:00Z
MOV-0004838,STR-003,SKU-602,SALE,-17,2026-08-10T15:47:00Z
MOV-0004839,STR-003,SKU-602,SALE,-19,2026-08-11T13:29:00Z
MOV-0004840,STR-003,SKU-602,SALE,-17,2026-08-12T08:40:00Z
MOV-0004841,STR-003,SKU-602,SALE,-23,2026-08-13T11:03:00Z
MOV-0004842,STR-003,SKU-602,SALE,-21,2026-08-14T17:18:00Z
MOV-0004843,STR-003,SKU-602,SALE,-23,2026-08-15T14:42:00Z
MOV-0004844,STR-003,SKU-602,SALE,-23,2026-08-16T16:07:00Z
MOV-0004845,STR-003,SKU-602,DELIVERY,121,2026-08-17T06:53:00Z
MOV-0004846,STR-003,SKU-602,SALE,-15,2026-08-17T07:52:00Z
MOV-0004847,STR-003,SKU-602,SALE,-15,2026-08-18T17:47:00Z
MOV-0004848,STR-003,SKU-602,SALE,-13,2026-08-19T15:45:00Z
MOV-0004849,STR-003,SKU-602,SALE,-20,2026-08-20T12:51:00Z
MOV-0004850,STR-003,SKU-602,SALE,-16,2026-08-21T17:18:00Z
MOV-0004851,STR-003,SKU-602,SALE,-24,2026-08-22T18:57:00Z
MOV-0004852,STR-003,SKU-602,SALE,-18,2026-08-23T14:35:00Z
MOV-0004853,STR-003,SKU-602,DELIVERY,104,2026-08-24T06:42:00Z
MOV-0004854,STR-003,SKU-602,SALE,-11,2026-08-24T14:41:00Z
MOV-0004855,STR-003,SKU-602,SALE,-12,2026-08-25T11:41:00Z
MOV-0004856,STR-003,SKU-602,SALE,-14,2026-08-26T15:25:00Z
MOV-0004857,STR-003,SKU-602,SALE,-15,2026-08-27T16:47:00Z
MOV-0004858,STR-003,SKU-602,SALE,-14,2026-08-28T18:40:00Z
MOV-0004859,STR-003,SKU-602,SALE,-16,2026-08-29T18:15:00Z
MOV-0004860,STR-003,SKU-602,SALE,-20,2026-08-30T14:54:00Z
MOV-0004861,STR-003,SKU-602,WASTE,-2,2026-08-30T21:07:00Z
MOV-0004862,STR-003,SKU-602,DELIVERY,25,2026-08-31T06:53:00Z
MOV-0004863,STR-003,SKU-602,SALE,-11,2026-08-31T10:39:00Z
MOV-0004864,STR-003,SKU-602,SALE,-14,2026-09-01T12:35:00Z
MOV-0004865,STR-003,SKU-603,SALE,-16,2026-07-06T17:39:00Z
MOV-0004866,STR-003,SKU-603,SALE,-17,2026-07-07T18:25:00Z
MOV-0004867,STR-003,SKU-603,SALE,-14,2026-07-08T13:05:00Z
MOV-0004868,STR-003,SKU-603,WASTE,-3,2026-07-08T21:21:00Z
MOV-0004869,STR-003,SKU-603,SALE,-16,2026-07-09T15:49:00Z
MOV-0004870,STR-003,SKU-603,DELIVERY,123,2026-07-10T06:31:00Z
MOV-0004871,STR-003,SKU-603,SALE,-21,2026-07-10T14:09:00Z
MOV-0004872,STR-003,SKU-603,SALE,-18,2026-07-11T12:14:00Z
MOV-0004873,STR-003,SKU-603,SALE,-22,2026-07-12T12:53:00Z
MOV-0004874,STR-003,SKU-603,SALE,-17,2026-07-13T10:47:00Z
MOV-0004875,STR-003,SKU-603,SALE,-14,2026-07-14T15:55:00Z
MOV-0004876,STR-003,SKU-603,SALE,-14,2026-07-15T10:08:00Z
MOV-0004877,STR-003,SKU-603,SALE,-17,2026-07-16T13:03:00Z
MOV-0004878,STR-003,SKU-603,DELIVERY,147,2026-07-17T06:35:00Z
MOV-0004879,STR-003,SKU-603,SALE,-21,2026-07-17T15:40:00Z
MOV-0004880,STR-003,SKU-603,WASTE,-5,2026-07-17T21:20:00Z
MOV-0004881,STR-003,SKU-603,SALE,-19,2026-07-18T12:35:00Z
MOV-0004882,STR-003,SKU-603,SALE,-20,2026-07-19T16:26:00Z
MOV-0004883,STR-003,SKU-603,WASTE,-1,2026-07-19T21:58:00Z
MOV-0004884,STR-003,SKU-603,SALE,-22,2026-07-20T14:26:00Z
MOV-0004885,STR-003,SKU-603,SALE,-19,2026-07-21T16:32:00Z
MOV-0004886,STR-003,SKU-603,SALE,-20,2026-07-22T15:54:00Z
MOV-0004887,STR-003,SKU-603,SALE,-20,2026-07-23T14:50:00Z
MOV-0004888,STR-003,SKU-603,DELIVERY,162,2026-07-24T06:18:00Z
MOV-0004889,STR-003,SKU-603,SALE,-24,2026-07-24T08:52:00Z
MOV-0004890,STR-003,SKU-603,SALE,-30,2026-07-25T18:23:00Z
MOV-0004891,STR-003,SKU-603,SALE,-22,2026-07-26T08:39:00Z
MOV-0004892,STR-003,SKU-603,SALE,-17,2026-07-27T17:47:00Z
MOV-0004893,STR-003,SKU-603,SALE,-22,2026-07-28T18:53:00Z
MOV-0004894,STR-003,SKU-603,SALE,-19,2026-07-29T13:23:00Z
MOV-0004895,STR-003,SKU-603,SALE,-28,2026-07-30T11:13:00Z
MOV-0004896,STR-003,SKU-603,DELIVERY,149,2026-07-31T06:22:00Z
MOV-0004897,STR-003,SKU-603,SALE,-23,2026-07-31T14:54:00Z
MOV-0004898,STR-003,SKU-603,SALE,-27,2026-08-01T13:34:00Z
MOV-0004899,STR-003,SKU-603,SALE,-24,2026-08-02T12:13:00Z
MOV-0004900,STR-003,SKU-603,SALE,-15,2026-08-03T15:27:00Z
MOV-0004901,STR-003,SKU-603,SALE,-21,2026-08-04T18:45:00Z
MOV-0004902,STR-003,SKU-603,WASTE,-1,2026-08-04T21:35:00Z
MOV-0004903,STR-003,SKU-603,SALE,-21,2026-08-05T12:45:00Z
MOV-0004904,STR-003,SKU-603,SALE,-17,2026-08-06T09:47:00Z
MOV-0004905,STR-003,SKU-603,DELIVERY,133,2026-08-07T06:46:00Z
MOV-0004906,STR-003,SKU-603,SALE,-18,2026-08-07T10:32:00Z
MOV-0004907,STR-003,SKU-603,SALE,-23,2026-08-08T17:20:00Z
MOV-0004908,STR-003,SKU-603,SALE,-20,2026-08-09T15:33:00Z
MOV-0004909,STR-003,SKU-603,SALE,-14,2026-08-10T12:36:00Z
MOV-0004910,STR-003,SKU-603,WASTE,-3,2026-08-10T21:27:00Z
MOV-0004911,STR-003,SKU-603,SALE,-15,2026-08-11T14:55:00Z
MOV-0004912,STR-003,SKU-603,SALE,-21,2026-08-12T15:14:00Z
MOV-0004913,STR-003,SKU-603,SALE,-19,2026-08-13T16:39:00Z
MOV-0004914,STR-003,SKU-603,DELIVERY,168,2026-08-14T06:42:00Z
MOV-0004915,STR-003,SKU-603,SALE,-20,2026-08-14T08:45:00Z
MOV-0004916,STR-003,SKU-603,WASTE,-1,2026-08-14T21:38:00Z
MOV-0004917,STR-003,SKU-603,SALE,-24,2026-08-15T17:13:00Z
MOV-0004918,STR-003,SKU-603,SALE,-19,2026-08-16T14:35:00Z
MOV-0004919,STR-003,SKU-603,WASTE,-1,2026-08-16T21:02:00Z
MOV-0004920,STR-003,SKU-603,SALE,-24,2026-08-17T08:39:00Z
MOV-0004921,STR-003,SKU-603,SALE,-22,2026-08-18T10:03:00Z
MOV-0004922,STR-003,SKU-603,SALE,-29,2026-08-19T15:03:00Z
MOV-0004923,STR-003,SKU-603,SALE,-26,2026-08-20T09:52:00Z
MOV-0004924,STR-003,SKU-603,WASTE,-2,2026-08-20T21:40:00Z
MOV-0004925,STR-003,SKU-603,DELIVERY,164,2026-08-21T06:40:00Z
MOV-0004926,STR-003,SKU-603,SALE,-23,2026-08-21T07:20:00Z
MOV-0004927,STR-003,SKU-603,SALE,-27,2026-08-22T17:09:00Z
MOV-0004928,STR-003,SKU-603,WASTE,-1,2026-08-22T21:19:00Z
MOV-0004929,STR-003,SKU-603,SALE,-29,2026-08-23T10:08:00Z
MOV-0004930,STR-003,SKU-603,ADJUSTMENT,2,2026-08-23T12:40:00Z
MOV-0004931,STR-003,SKU-603,SALE,-20,2026-08-24T17:38:00Z
MOV-0004932,STR-003,SKU-603,SALE,-20,2026-08-25T16:03:00Z
MOV-0004933,STR-003,SKU-603,WASTE,-2,2026-08-25T21:04:00Z
MOV-0004934,STR-003,SKU-603,SALE,-18,2026-08-26T18:50:00Z
MOV-0004935,STR-003,SKU-603,SALE,-26,2026-08-27T08:51:00Z
MOV-0004936,STR-003,SKU-603,DELIVERY,130,2026-08-28T06:28:00Z
MOV-0004937,STR-003,SKU-603,SALE,-29,2026-08-28T09:10:00Z
MOV-0004938,STR-003,SKU-603,WASTE,-1,2026-08-28T21:40:00Z
MOV-0004939,STR-003,SKU-603,SALE,-28,2026-08-29T12:34:00Z
MOV-0004940,STR-003,SKU-603,WASTE,-4,2026-08-29T21:10:00Z
MOV-0004941,STR-003,SKU-603,SALE,-29,2026-08-30T16:19:00Z
MOV-0004942,STR-003,SKU-603,SALE,-21,2026-08-31T12:43:00Z
MOV-0004943,STR-003,SKU-603,SALE,-18,2026-09-01T07:34:00Z
MOV-0004944,STR-003,SKU-604,SALE,-10,2026-07-06T08:30:00Z
MOV-0004945,STR-003,SKU-604,SALE,-12,2026-07-07T15:49:00Z
MOV-0004946,STR-003,SKU-604,SALE,-15,2026-07-08T14:01:00Z
MOV-0004947,STR-003,SKU-604,SALE,-13,2026-07-09T08:09:00Z
MOV-0004948,STR-003,SKU-604,SALE,-19,2026-07-10T13:17:00Z
MOV-0004949,STR-003,SKU-604,SALE,-15,2026-07-11T09:36:00Z
MOV-0004950,STR-003,SKU-604,DELIVERY,108,2026-07-12T06:18:00Z
MOV-0004951,STR-003,SKU-604,SALE,-15,2026-07-12T13:38:00Z
MOV-0004952,STR-003,SKU-604,SALE,-10,2026-07-13T16:12:00Z
MOV-0004953,STR-003,SKU-604,SALE,-15,2026-07-14T17:49:00Z
MOV-0004954,STR-003,SKU-604,SALE,-17,2026-07-15T11:36:00Z
MOV-0004955,STR-003,SKU-604,SALE,-16,2026-07-16T09:21:00Z
MOV-0004956,STR-003,SKU-604,SALE,-16,2026-07-17T16:45:00Z
MOV-0004957,STR-003,SKU-604,SALE,-19,2026-07-18T14:08:00Z
MOV-0004958,STR-003,SKU-604,DELIVERY,128,2026-07-19T06:38:00Z
MOV-0004959,STR-003,SKU-604,SALE,-20,2026-07-19T10:39:00Z
MOV-0004960,STR-003,SKU-604,WASTE,-5,2026-07-19T21:23:00Z
MOV-0004961,STR-003,SKU-604,SALE,-11,2026-07-20T11:12:00Z
MOV-0004962,STR-003,SKU-604,SALE,-13,2026-07-21T11:43:00Z
MOV-0004963,STR-003,SKU-604,WASTE,-3,2026-07-21T21:25:00Z
MOV-0004964,STR-003,SKU-604,SALE,-15,2026-07-22T09:51:00Z
MOV-0004965,STR-003,SKU-604,SALE,-18,2026-07-23T08:39:00Z
MOV-0004966,STR-003,SKU-604,WASTE,-4,2026-07-23T21:43:00Z
MOV-0004967,STR-003,SKU-604,SALE,-18,2026-07-24T13:27:00Z
MOV-0004968,STR-003,SKU-604,SALE,-21,2026-07-25T14:06:00Z
MOV-0004969,STR-003,SKU-604,DELIVERY,122,2026-07-26T06:54:00Z
MOV-0004970,STR-003,SKU-604,SALE,-17,2026-07-26T10:17:00Z
MOV-0004971,STR-003,SKU-604,SALE,-16,2026-07-27T08:00:00Z
MOV-0004972,STR-003,SKU-604,SALE,-15,2026-07-28T09:43:00Z
MOV-0004973,STR-003,SKU-604,WASTE,-3,2026-07-28T21:36:00Z
MOV-0004974,STR-003,SKU-604,SALE,-18,2026-07-29T09:54:00Z
MOV-0004975,STR-003,SKU-604,SALE,-16,2026-07-30T16:10:00Z
MOV-0004976,STR-003,SKU-604,SALE,-18,2026-07-31T18:45:00Z
MOV-0004977,STR-003,SKU-604,SALE,-19,2026-08-01T07:24:00Z
MOV-0004978,STR-003,SKU-604,DELIVERY,131,2026-08-02T06:15:00Z
MOV-0004979,STR-003,SKU-604,SALE,-22,2026-08-02T15:56:00Z
MOV-0004980,STR-003,SKU-604,SALE,-13,2026-08-03T17:57:00Z
MOV-0004981,STR-003,SKU-604,WASTE,-5,2026-08-03T21:30:00Z
MOV-0004982,STR-003,SKU-604,SALE,-16,2026-08-04T17:24:00Z
MOV-0004983,STR-003,SKU-604,WASTE,-1,2026-08-04T21:04:00Z
MOV-0004984,STR-003,SKU-604,SALE,-14,2026-08-05T13:53:00Z
MOV-0004985,STR-003,SKU-604,SALE,-19,2026-08-06T13:03:00Z
MOV-0004986,STR-003,SKU-604,SALE,-21,2026-08-07T07:13:00Z
MOV-0004987,STR-003,SKU-604,SALE,-20,2026-08-08T17:41:00Z
MOV-0004988,STR-003,SKU-604,DELIVERY,129,2026-08-09T06:43:00Z
MOV-0004989,STR-003,SKU-604,SALE,-20,2026-08-09T07:38:00Z
MOV-0004990,STR-003,SKU-604,SALE,-10,2026-08-10T15:36:00Z
MOV-0004991,STR-003,SKU-604,SALE,-16,2026-08-11T12:41:00Z
MOV-0004992,STR-003,SKU-604,WASTE,-5,2026-08-11T21:08:00Z
MOV-0004993,STR-003,SKU-604,SALE,-17,2026-08-12T08:00:00Z
MOV-0004994,STR-003,SKU-604,WASTE,-3,2026-08-12T21:05:00Z
MOV-0004995,STR-003,SKU-604,SALE,-16,2026-08-13T14:03:00Z
MOV-0004996,STR-003,SKU-604,SALE,-16,2026-08-14T07:49:00Z
MOV-0004997,STR-003,SKU-604,SALE,-21,2026-08-15T11:45:00Z
MOV-0004998,STR-003,SKU-604,WASTE,-5,2026-08-15T21:56:00Z
MOV-0004999,STR-003,SKU-604,DELIVERY,119,2026-08-16T06:18:00Z
MOV-0005000,STR-003,SKU-604,SALE,-19,2026-08-16T12:09:00Z
MOV-0005001,STR-003,SKU-604,SALE,-13,2026-08-17T14:07:00Z
MOV-0005002,STR-003,SKU-604,SALE,-18,2026-08-18T15:17:00Z
MOV-0005003,STR-003,SKU-604,SALE,-13,2026-08-19T17:20:00Z
MOV-0005004,STR-003,SKU-604,SALE,-18,2026-08-20T12:15:00Z
MOV-0005005,STR-003,SKU-604,SALE,-17,2026-08-21T07:11:00Z
MOV-0005006,STR-003,SKU-604,SALE,-21,2026-08-22T09:02:00Z
MOV-0005007,STR-003,SKU-604,DELIVERY,119,2026-08-23T06:23:00Z
MOV-0005008,STR-003,SKU-604,SALE,-21,2026-08-23T18:06:00Z
MOV-0005009,STR-003,SKU-604,SALE,-12,2026-08-24T11:22:00Z
MOV-0005010,STR-003,SKU-604,SALE,-15,2026-08-25T18:29:00Z
MOV-0005011,STR-003,SKU-604,SALE,-13,2026-08-26T18:25:00Z
MOV-0005012,STR-003,SKU-604,SALE,-17,2026-08-27T13:22:00Z
MOV-0005013,STR-003,SKU-604,SALE,-15,2026-08-28T09:38:00Z
MOV-0005014,STR-003,SKU-604,WASTE,-4,2026-08-28T21:44:00Z
MOV-0005015,STR-003,SKU-604,SALE,-22,2026-08-29T18:33:00Z
MOV-0005016,STR-003,SKU-604,DELIVERY,53,2026-08-30T06:23:00Z
MOV-0005017,STR-003,SKU-604,SALE,-18,2026-08-30T07:52:00Z
MOV-0005018,STR-003,SKU-604,WASTE,-3,2026-08-30T21:32:00Z
MOV-0005019,STR-003,SKU-604,SALE,-17,2026-08-31T15:14:00Z
MOV-0005020,STR-003,SKU-604,SALE,-15,2026-09-01T17:55:00Z
MOV-0005021,STR-003,SKU-701,ADJUSTMENT,-3,2026-07-09T12:46:00Z
MOV-0005022,STR-003,SKU-701,SALE,-1,2026-07-10T18:37:00Z
MOV-0005023,STR-003,SKU-701,SALE,-1,2026-07-11T16:16:00Z
MOV-0005024,STR-003,SKU-701,DELIVERY,2,2026-07-12T06:49:00Z
MOV-0005025,STR-003,SKU-701,SALE,-1,2026-07-12T18:24:00Z
MOV-0005026,STR-003,SKU-701,SALE,-1,2026-07-16T15:34:00Z
MOV-0005027,STR-003,SKU-701,ADJUSTMENT,4,2026-07-17T12:41:00Z
MOV-0005028,STR-003,SKU-701,SALE,-1,2026-07-18T11:00:00Z
MOV-0005029,STR-003,SKU-701,SALE,-1,2026-07-19T16:01:00Z
MOV-0005030,STR-003,SKU-701,SALE,-1,2026-07-23T09:28:00Z
MOV-0005031,STR-003,SKU-701,SALE,-1,2026-07-25T15:48:00Z
MOV-0005032,STR-003,SKU-701,DELIVERY,3,2026-07-26T06:00:00Z
MOV-0005033,STR-003,SKU-701,SALE,-1,2026-07-26T09:20:00Z
MOV-0005034,STR-003,SKU-701,SALE,-1,2026-07-31T07:07:00Z
MOV-0005035,STR-003,SKU-701,SALE,-1,2026-08-01T17:28:00Z
MOV-0005036,STR-003,SKU-701,DELIVERY,3,2026-08-02T06:51:00Z
MOV-0005037,STR-003,SKU-701,SALE,-1,2026-08-02T13:46:00Z
MOV-0005038,STR-003,SKU-701,SALE,-1,2026-08-07T07:42:00Z
MOV-0005039,STR-003,SKU-701,SALE,-1,2026-08-08T11:54:00Z
MOV-0005040,STR-003,SKU-701,DELIVERY,4,2026-08-09T06:53:00Z
MOV-0005041,STR-003,SKU-701,SALE,-1,2026-08-09T15:58:00Z
MOV-0005042,STR-003,SKU-701,SALE,-1,2026-08-12T14:10:00Z
MOV-0005043,STR-003,SKU-701,SALE,-1,2026-08-14T08:43:00Z
MOV-0005044,STR-003,SKU-701,SALE,-1,2026-08-15T15:25:00Z
MOV-0005045,STR-003,SKU-701,DELIVERY,2,2026-08-16T06:52:00Z
MOV-0005046,STR-003,SKU-701,SALE,-1,2026-08-21T07:20:00Z
MOV-0005047,STR-003,SKU-701,SALE,-1,2026-08-22T18:37:00Z
MOV-0005048,STR-003,SKU-701,DELIVERY,2,2026-08-23T06:51:00Z
MOV-0005049,STR-003,SKU-701,SALE,-1,2026-08-23T13:15:00Z
MOV-0005050,STR-003,SKU-701,SALE,-1,2026-08-28T14:08:00Z
MOV-0005051,STR-003,SKU-701,DELIVERY,1,2026-08-30T06:35:00Z
MOV-0005052,STR-003,SKU-701,SALE,-1,2026-08-30T07:48:00Z
MOV-0005053,STR-004,SKU-101,SALE,-27,2026-07-06T10:11:00Z
MOV-0005054,STR-004,SKU-101,SALE,-33,2026-07-07T14:21:00Z
MOV-0005055,STR-004,SKU-101,SALE,-40,2026-07-08T14:29:00Z
MOV-0005056,STR-004,SKU-101,SALE,-34,2026-07-09T09:03:00Z
MOV-0005057,STR-004,SKU-101,SALE,-45,2026-07-10T15:26:00Z
MOV-0005058,STR-004,SKU-101,SALE,-47,2026-07-11T18:54:00Z
MOV-0005059,STR-004,SKU-101,DELIVERY,216,2026-07-12T06:39:00Z
MOV-0005060,STR-004,SKU-101,SALE,-36,2026-07-12T18:44:00Z
MOV-0005061,STR-004,SKU-101,SALE,-20,2026-07-13T16:04:00Z
MOV-0005062,STR-004,SKU-101,SALE,-28,2026-07-14T12:22:00Z
MOV-0005063,STR-004,SKU-101,SALE,-29,2026-07-15T16:22:00Z
MOV-0005064,STR-004,SKU-101,SALE,-28,2026-07-16T16:36:00Z
MOV-0005065,STR-004,SKU-101,SALE,-38,2026-07-17T12:15:00Z
MOV-0005066,STR-004,SKU-101,SALE,-37,2026-07-18T14:37:00Z
MOV-0005067,STR-004,SKU-101,DELIVERY,215,2026-07-19T06:18:00Z
MOV-0005068,STR-004,SKU-101,SALE,-39,2026-07-19T17:34:00Z
MOV-0005069,STR-004,SKU-101,SALE,-25,2026-07-20T11:02:00Z
MOV-0005070,STR-004,SKU-101,ADJUSTMENT,4,2026-07-20T12:22:00Z
MOV-0005071,STR-004,SKU-101,SALE,-29,2026-07-21T08:08:00Z
MOV-0005072,STR-004,SKU-101,SALE,-23,2026-07-22T16:01:00Z
MOV-0005073,STR-004,SKU-101,SALE,-33,2026-07-23T08:52:00Z
MOV-0005074,STR-004,SKU-101,SALE,-31,2026-07-24T09:38:00Z
MOV-0005075,STR-004,SKU-101,SALE,-39,2026-07-25T08:18:00Z
MOV-0005076,STR-004,SKU-101,DELIVERY,214,2026-07-26T06:10:00Z
MOV-0005077,STR-004,SKU-101,SALE,-34,2026-07-26T07:13:00Z
MOV-0005078,STR-004,SKU-101,SALE,-21,2026-07-27T07:48:00Z
MOV-0005079,STR-004,SKU-101,SALE,-33,2026-07-28T15:39:00Z
MOV-0005080,STR-004,SKU-101,SALE,-25,2026-07-29T09:53:00Z
MOV-0005081,STR-004,SKU-101,SALE,-37,2026-07-30T11:12:00Z
MOV-0005082,STR-004,SKU-101,SALE,-32,2026-07-31T14:03:00Z
MOV-0005083,STR-004,SKU-101,SALE,-32,2026-08-01T07:32:00Z
MOV-0005084,STR-004,SKU-101,DELIVERY,247,2026-08-02T06:12:00Z
MOV-0005085,STR-004,SKU-101,SALE,-41,2026-08-02T08:02:00Z
MOV-0005086,STR-004,SKU-101,SALE,-31,2026-08-03T10:20:00Z
MOV-0005087,STR-004,SKU-101,SALE,-32,2026-08-04T11:54:00Z
MOV-0005088,STR-004,SKU-101,SALE,-34,2026-08-05T17:47:00Z
MOV-0005089,STR-004,SKU-101,SALE,-31,2026-08-06T17:35:00Z
MOV-0005090,STR-004,SKU-101,SALE,-36,2026-08-07T09:19:00Z
MOV-0005091,STR-004,SKU-101,SALE,-42,2026-08-08T10:01:00Z
MOV-0005092,STR-004,SKU-101,DELIVERY,251,2026-08-09T06:25:00Z
MOV-0005093,STR-004,SKU-101,SALE,-47,2026-08-09T10:28:00Z
MOV-0005094,STR-004,SKU-101,SALE,-31,2026-08-10T09:26:00Z
MOV-0005095,STR-004,SKU-101,SALE,-32,2026-08-11T08:07:00Z
MOV-0005096,STR-004,SKU-101,SALE,-36,2026-08-12T16:57:00Z
MOV-0005097,STR-004,SKU-101,SALE,-36,2026-08-13T13:05:00Z
MOV-0005098,STR-004,SKU-101,SALE,-37,2026-08-14T15:55:00Z
MOV-0005099,STR-004,SKU-101,SALE,-32,2026-08-15T07:21:00Z
MOV-0005100,STR-004,SKU-101,DELIVERY,233,2026-08-16T06:43:00Z
MOV-0005101,STR-004,SKU-101,SALE,-35,2026-08-16T12:06:00Z
MOV-0005102,STR-004,SKU-101,SALE,-30,2026-08-17T13:46:00Z
MOV-0005103,STR-004,SKU-101,SALE,-27,2026-08-18T10:30:00Z
MOV-0005104,STR-004,SKU-101,SALE,-28,2026-08-19T14:02:00Z
MOV-0005105,STR-004,SKU-101,SALE,-31,2026-08-20T14:31:00Z
MOV-0005106,STR-004,SKU-101,SALE,-36,2026-08-21T12:45:00Z
MOV-0005107,STR-004,SKU-101,SALE,-46,2026-08-22T12:39:00Z
MOV-0005108,STR-004,SKU-101,DELIVERY,259,2026-08-23T06:49:00Z
MOV-0005109,STR-004,SKU-101,SALE,-40,2026-08-23T13:54:00Z
MOV-0005110,STR-004,SKU-101,SALE,-30,2026-08-24T18:38:00Z
MOV-0005111,STR-004,SKU-101,SALE,-29,2026-08-25T18:18:00Z
MOV-0005112,STR-004,SKU-101,SALE,-32,2026-08-26T10:45:00Z
MOV-0005113,STR-004,SKU-101,SALE,-38,2026-08-27T18:32:00Z
MOV-0005114,STR-004,SKU-101,SALE,-38,2026-08-28T12:33:00Z
MOV-0005115,STR-004,SKU-101,SALE,-52,2026-08-29T18:41:00Z
MOV-0005116,STR-004,SKU-101,DELIVERY,91,2026-08-30T06:14:00Z
MOV-0005117,STR-004,SKU-101,SALE,-42,2026-08-30T08:58:00Z
MOV-0005118,STR-004,SKU-101,SALE,-25,2026-08-31T18:13:00Z
MOV-0005119,STR-004,SKU-101,SALE,-24,2026-09-01T11:03:00Z
MOV-0005120,STR-004,SKU-102,SALE,-31,2026-07-06T09:44:00Z
MOV-0005121,STR-004,SKU-102,DELIVERY,274,2026-07-07T06:46:00Z
MOV-0005122,STR-004,SKU-102,SALE,-33,2026-07-07T07:23:00Z
MOV-0005123,STR-004,SKU-102,SALE,-38,2026-07-08T11:12:00Z
MOV-0005124,STR-004,SKU-102,SALE,-38,2026-07-09T07:31:00Z
MOV-0005125,STR-004,SKU-102,SALE,-38,2026-07-10T10:20:00Z
MOV-0005126,STR-004,SKU-102,SALE,-43,2026-07-11T12:24:00Z
MOV-0005127,STR-004,SKU-102,SALE,-52,2026-07-12T14:26:00Z
MOV-0005128,STR-004,SKU-102,SALE,-32,2026-07-13T13:08:00Z
MOV-0005129,STR-004,SKU-102,DELIVERY,266,2026-07-14T06:20:00Z
MOV-0005130,STR-004,SKU-102,SALE,-37,2026-07-14T13:34:00Z
MOV-0005131,STR-004,SKU-102,SALE,-28,2026-07-15T10:29:00Z
MOV-0005132,STR-004,SKU-102,SALE,-40,2026-07-16T17:11:00Z
MOV-0005133,STR-004,SKU-102,SALE,-42,2026-07-17T17:44:00Z
MOV-0005134,STR-004,SKU-102,SALE,-42,2026-07-18T11:43:00Z
MOV-0005135,STR-004,SKU-102,SALE,-43,2026-07-19T10:13:00Z
MOV-0005136,STR-004,SKU-102,SALE,-34,2026-07-20T11:30:00Z
MOV-0005137,STR-004,SKU-102,DELIVERY,244,2026-07-21T06:41:00Z
MOV-0005138,STR-004,SKU-102,SALE,-29,2026-07-21T15:32:00Z
MOV-0005139,STR-004,SKU-102,SALE,-39,2026-07-22T12:38:00Z
MOV-0005140,STR-004,SKU-102,SALE,-33,2026-07-23T16:23:00Z
MOV-0005141,STR-004,SKU-102,SALE,-40,2026-07-24T08:38:00Z
MOV-0005142,STR-004,SKU-102,SALE,-41,2026-07-25T17:34:00Z
MOV-0005143,STR-004,SKU-102,SALE,-35,2026-07-26T09:06:00Z
MOV-0005144,STR-004,SKU-102,SALE,-27,2026-07-27T11:35:00Z
MOV-0005145,STR-004,SKU-102,DELIVERY,221,2026-07-28T06:18:00Z
MOV-0005146,STR-004,SKU-102,SALE,-23,2026-07-28T08:54:00Z
MOV-0005147,STR-004,SKU-102,SALE,-33,2026-07-29T13:51:00Z
MOV-0005148,STR-004,SKU-102,SALE,-32,2026-07-30T08:28:00Z
MOV-0005149,STR-004,SKU-102,SALE,-38,2026-07-31T09:53:00Z
MOV-0005150,STR-004,SKU-102,SALE,-34,2026-08-01T08:24:00Z
MOV-0005151,STR-004,SKU-102,SALE,-31,2026-08-02T08:20:00Z
MOV-0005152,STR-004,SKU-102,SALE,-30,2026-08-03T13:58:00Z
MOV-0005153,STR-004,SKU-102,DELIVERY,237,2026-08-04T06:39:00Z
MOV-0005154,STR-004,SKU-102,SALE,-30,2026-08-04T18:17:00Z
MOV-0005155,STR-004,SKU-102,SALE,-28,2026-08-05T09:10:00Z
MOV-0005156,STR-004,SKU-102,SALE,-40,2026-08-06T17:56:00Z
MOV-0005157,STR-004,SKU-102,SALE,-38,2026-08-07T15:25:00Z
MOV-0005158,STR-004,SKU-102,SALE,-38,2026-08-08T14:41:00Z
MOV-0005159,STR-004,SKU-102,SALE,-38,2026-08-09T10:54:00Z
MOV-0005160,STR-004,SKU-102,SALE,-25,2026-08-10T09:21:00Z
MOV-0005161,STR-004,SKU-102,DELIVERY,209,2026-08-11T06:15:00Z
MOV-0005162,STR-004,SKU-102,SALE,-24,2026-08-11T09:17:00Z
MOV-0005163,STR-004,SKU-102,SALE,-24,2026-08-12T13:48:00Z
MOV-0005164,STR-004,SKU-102,SALE,-34,2026-08-13T16:24:00Z
MOV-0005165,STR-004,SKU-102,SALE,-28,2026-08-14T10:06:00Z
MOV-0005166,STR-004,SKU-102,SALE,-42,2026-08-15T18:35:00Z
MOV-0005167,STR-004,SKU-102,SALE,-32,2026-08-16T15:23:00Z
MOV-0005168,STR-004,SKU-102,SALE,-25,2026-08-17T12:24:00Z
MOV-0005169,STR-004,SKU-102,DELIVERY,220,2026-08-18T06:36:00Z
MOV-0005170,STR-004,SKU-102,SALE,-31,2026-08-18T13:50:00Z
MOV-0005171,STR-004,SKU-102,SALE,-25,2026-08-19T15:18:00Z
MOV-0005172,STR-004,SKU-102,SALE,-25,2026-08-20T10:53:00Z
MOV-0005173,STR-004,SKU-102,SALE,-35,2026-08-21T15:37:00Z
MOV-0005174,STR-004,SKU-102,SALE,-42,2026-08-22T07:53:00Z
MOV-0005175,STR-004,SKU-102,SALE,-33,2026-08-23T08:56:00Z
MOV-0005176,STR-004,SKU-102,SALE,-29,2026-08-24T12:37:00Z
MOV-0005177,STR-004,SKU-102,DELIVERY,289,2026-08-25T06:23:00Z
MOV-0005178,STR-004,SKU-102,SALE,-37,2026-08-25T17:32:00Z
MOV-0005179,STR-004,SKU-102,SALE,-39,2026-08-26T10:48:00Z
MOV-0005180,STR-004,SKU-102,SALE,-41,2026-08-27T13:55:00Z
MOV-0005181,STR-004,SKU-102,SALE,-43,2026-08-28T09:55:00Z
MOV-0005182,STR-004,SKU-102,SALE,-56,2026-08-29T18:34:00Z
MOV-0005183,STR-004,SKU-102,SALE,-45,2026-08-30T16:55:00Z
MOV-0005184,STR-004,SKU-102,SALE,-28,2026-08-31T12:18:00Z
MOV-0005185,STR-004,SKU-102,DELIVERY,42,2026-09-01T06:47:00Z
MOV-0005186,STR-004,SKU-102,SALE,-42,2026-09-01T08:13:00Z
MOV-0005187,STR-004,SKU-103,SALE,-24,2026-07-06T17:57:00Z
MOV-0005188,STR-004,SKU-103,SALE,-26,2026-07-07T10:06:00Z
MOV-0005189,STR-004,SKU-103,SALE,-29,2026-07-08T12:51:00Z
MOV-0005190,STR-004,SKU-103,SALE,-32,2026-07-09T17:31:00Z
MOV-0005191,STR-004,SKU-103,SALE,-35,2026-07-10T18:49:00Z
MOV-0005192,STR-004,SKU-103,SALE,-37,2026-07-11T12:42:00Z
MOV-0005193,STR-004,SKU-103,DELIVERY,224,2026-07-12T06:43:00Z
MOV-0005194,STR-004,SKU-103,SALE,-32,2026-07-12T09:27:00Z
MOV-0005195,STR-004,SKU-103,SALE,-22,2026-07-13T18:49:00Z
MOV-0005196,STR-004,SKU-103,SALE,-25,2026-07-14T18:53:00Z
MOV-0005197,STR-004,SKU-103,SALE,-34,2026-07-15T10:40:00Z
MOV-0005198,STR-004,SKU-103,SALE,-37,2026-07-16T07:22:00Z
MOV-0005199,STR-004,SKU-103,SALE,-30,2026-07-17T15:18:00Z
MOV-0005200,STR-004,SKU-103,SALE,-44,2026-07-18T18:52:00Z
MOV-0005201,STR-004,SKU-103,DELIVERY,232,2026-07-19T06:37:00Z
MOV-0005202,STR-004,SKU-103,SALE,-33,2026-07-19T15:37:00Z
MOV-0005203,STR-004,SKU-103,SALE,-24,2026-07-20T14:48:00Z
MOV-0005204,STR-004,SKU-103,SALE,-29,2026-07-21T07:32:00Z
MOV-0005205,STR-004,SKU-103,SALE,-32,2026-07-22T18:44:00Z
MOV-0005206,STR-004,SKU-103,SALE,-30,2026-07-23T14:13:00Z
MOV-0005207,STR-004,SKU-103,SALE,-41,2026-07-24T11:12:00Z
MOV-0005208,STR-004,SKU-103,SALE,-43,2026-07-25T11:29:00Z
MOV-0005209,STR-004,SKU-103,DELIVERY,217,2026-07-26T06:30:00Z
MOV-0005210,STR-004,SKU-103,SALE,-44,2026-07-26T07:36:00Z
MOV-0005211,STR-004,SKU-103,SALE,-24,2026-07-27T09:26:00Z
MOV-0005212,STR-004,SKU-103,SALE,-26,2026-07-28T17:06:00Z
MOV-0005213,STR-004,SKU-103,SALE,-24,2026-07-29T12:04:00Z
MOV-0005214,STR-004,SKU-103,SALE,-29,2026-07-30T12:47:00Z
MOV-0005215,STR-004,SKU-103,SALE,-32,2026-07-31T16:34:00Z
MOV-0005216,STR-004,SKU-103,SALE,-38,2026-08-01T17:14:00Z
MOV-0005217,STR-004,SKU-103,DELIVERY,262,2026-08-02T06:33:00Z
MOV-0005218,STR-004,SKU-103,SALE,-26,2026-08-02T15:14:00Z
MOV-0005219,STR-004,SKU-103,SALE,-36,2026-08-03T12:29:00Z
MOV-0005220,STR-004,SKU-103,SALE,-41,2026-08-04T14:10:00Z
MOV-0005221,STR-004,SKU-103,SALE,-37,2026-08-05T08:16:00Z
MOV-0005222,STR-004,SKU-103,SALE,-34,2026-08-06T11:24:00Z
MOV-0005223,STR-004,SKU-103,SALE,-46,2026-08-07T12:10:00Z
MOV-0005224,STR-004,SKU-103,SALE,-42,2026-08-08T16:34:00Z
MOV-0005225,STR-004,SKU-103,DELIVERY,231,2026-08-09T06:01:00Z
MOV-0005226,STR-004,SKU-103,SALE,-55,2026-08-09T11:20:00Z
MOV-0005227,STR-004,SKU-103,SALE,-23,2026-08-10T08:30:00Z
MOV-0005228,STR-004,SKU-103,SALE,-24,2026-08-11T13:58:00Z
MOV-0005229,STR-004,SKU-103,SALE,-32,2026-08-12T10:48:00Z
MOV-0005230,STR-004,SKU-103,SALE,-32,2026-08-13T12:10:00Z
MOV-0005231,STR-004,SKU-103,SALE,-33,2026-08-14T16:28:00Z
MOV-0005232,STR-004,SKU-103,SALE,-32,2026-08-15T10:16:00Z
MOV-0005233,STR-004,SKU-103,DELIVERY,249,2026-08-16T06:16:00Z
MOV-0005234,STR-004,SKU-103,SALE,-38,2026-08-16T11:41:00Z
MOV-0005235,STR-004,SKU-103,SALE,-34,2026-08-17T13:58:00Z
MOV-0005236,STR-004,SKU-103,SALE,-27,2026-08-18T09:40:00Z
MOV-0005237,STR-004,SKU-103,SALE,-39,2026-08-19T12:00:00Z
MOV-0005238,STR-004,SKU-103,SALE,-32,2026-08-20T12:57:00Z
MOV-0005239,STR-004,SKU-103,SALE,-42,2026-08-21T18:58:00Z
MOV-0005240,STR-004,SKU-103,SALE,-37,2026-08-22T08:23:00Z
MOV-0005241,STR-004,SKU-103,DELIVERY,268,2026-08-23T06:42:00Z
MOV-0005242,STR-004,SKU-103,SALE,-37,2026-08-23T12:01:00Z
MOV-0005243,STR-004,SKU-103,SALE,-33,2026-08-24T17:35:00Z
MOV-0005244,STR-004,SKU-103,SALE,-32,2026-08-25T18:47:00Z
MOV-0005245,STR-004,SKU-103,SALE,-40,2026-08-26T17:02:00Z
MOV-0005246,STR-004,SKU-103,SALE,-37,2026-08-27T13:21:00Z
MOV-0005247,STR-004,SKU-103,SALE,-42,2026-08-28T17:19:00Z
MOV-0005248,STR-004,SKU-103,SALE,-47,2026-08-29T10:47:00Z
MOV-0005249,STR-004,SKU-103,DELIVERY,109,2026-08-30T06:20:00Z
MOV-0005250,STR-004,SKU-103,SALE,-48,2026-08-30T14:49:00Z
MOV-0005251,STR-004,SKU-103,SALE,-26,2026-08-31T16:58:00Z
MOV-0005252,STR-004,SKU-103,SALE,-35,2026-09-01T14:26:00Z
MOV-0005253,STR-004,SKU-104,SALE,-19,2026-07-06T15:05:00Z
MOV-0005254,STR-004,SKU-104,SALE,-16,2026-07-07T07:42:00Z
MOV-0005255,STR-004,SKU-104,SALE,-20,2026-07-08T10:43:00Z
MOV-0005256,STR-004,SKU-104,SALE,-21,2026-07-09T14:51:00Z
MOV-0005257,STR-004,SKU-104,DELIVERY,161,2026-07-10T06:27:00Z
MOV-0005258,STR-004,SKU-104,SALE,-25,2026-07-10T09:46:00Z
MOV-0005259,STR-004,SKU-104,SALE,-29,2026-07-11T12:29:00Z
MOV-0005260,STR-004,SKU-104,SALE,-25,2026-07-12T07:31:00Z
MOV-0005261,STR-004,SKU-104,SALE,-19,2026-07-13T07:37:00Z
MOV-0005262,STR-004,SKU-104,SALE,-19,2026-07-14T13:02:00Z
MOV-0005263,STR-004,SKU-104,SALE,-21,2026-07-15T07:33:00Z
MOV-0005264,STR-004,SKU-104,SALE,-23,2026-07-16T17:58:00Z
MOV-0005265,STR-004,SKU-104,DELIVERY,151,2026-07-17T06:41:00Z
MOV-0005266,STR-004,SKU-104,SALE,-27,2026-07-17T15:10:00Z
MOV-0005267,STR-004,SKU-104,SALE,-27,2026-07-18T12:30:00Z
MOV-0005268,STR-004,SKU-104,SALE,-28,2026-07-19T14:18:00Z
MOV-0005269,STR-004,SKU-104,SALE,-15,2026-07-20T18:11:00Z
MOV-0005270,STR-004,SKU-104,SALE,-15,2026-07-21T10:27:00Z
MOV-0005271,STR-004,SKU-104,SALE,-21,2026-07-22T10:02:00Z
MOV-0005272,STR-004,SKU-104,SALE,-18,2026-07-23T09:13:00Z
MOV-0005273,STR-004,SKU-104,DELIVERY,174,2026-07-24T06:39:00Z
MOV-0005274,STR-004,SKU-104,SALE,-27,2026-07-24T15:01:00Z
MOV-0005275,STR-004,SKU-104,SALE,-28,2026-07-25T18:58:00Z
MOV-0005276,STR-004,SKU-104,SALE,-27,2026-07-26T12:57:00Z
MOV-0005277,STR-004,SKU-104,SALE,-23,2026-07-27T16:37:00Z
MOV-0005278,STR-004,SKU-104,SALE,-18,2026-07-28T13:50:00Z
MOV-0005279,STR-004,SKU-104,SALE,-28,2026-07-29T10:17:00Z
MOV-0005280,STR-004,SKU-104,SALE,-23,2026-07-30T14:26:00Z
MOV-0005281,STR-004,SKU-104,DELIVERY,149,2026-07-31T06:58:00Z
MOV-0005282,STR-004,SKU-104,SALE,-26,2026-07-31T11:21:00Z
MOV-0005283,STR-004,SKU-104,SALE,-27,2026-08-01T14:52:00Z
MOV-0005284,STR-004,SKU-104,SALE,-28,2026-08-02T07:40:00Z
MOV-0005285,STR-004,SKU-104,SALE,-17,2026-08-03T10:29:00Z
MOV-0005286,STR-004,SKU-104,SALE,-18,2026-08-04T12:00:00Z
MOV-0005287,STR-004,SKU-104,SALE,-16,2026-08-05T10:00:00Z
MOV-0005288,STR-004,SKU-104,SALE,-17,2026-08-06T12:56:00Z
MOV-0005289,STR-004,SKU-104,DELIVERY,146,2026-08-07T06:14:00Z
MOV-0005290,STR-004,SKU-104,SALE,-27,2026-08-07T16:50:00Z
MOV-0005291,STR-004,SKU-104,SALE,-29,2026-08-08T13:08:00Z
MOV-0005292,STR-004,SKU-104,SALE,-22,2026-08-09T16:18:00Z
MOV-0005293,STR-004,SKU-104,SALE,-14,2026-08-10T09:08:00Z
MOV-0005294,STR-004,SKU-104,SALE,-17,2026-08-11T10:04:00Z
MOV-0005295,STR-004,SKU-104,SALE,-18,2026-08-12T08:03:00Z
MOV-0005296,STR-004,SKU-104,SALE,-19,2026-08-13T07:13:00Z
MOV-0005297,STR-004,SKU-104,DELIVERY,138,2026-08-14T06:16:00Z
MOV-0005298,STR-004,SKU-104,SALE,-22,2026-08-14T15:18:00Z
MOV-0005299,STR-004,SKU-104,SALE,-23,2026-08-15T15:33:00Z
MOV-0005300,STR-004,SKU-104,SALE,-18,2026-08-16T17:34:00Z
MOV-0005301,STR-004,SKU-104,SALE,-16,2026-08-17T08:47:00Z
MOV-0005302,STR-004,SKU-104,SALE,-19,2026-08-18T09:37:00Z
MOV-0005303,STR-004,SKU-104,SALE,-18,2026-08-19T16:25:00Z
MOV-0005304,STR-004,SKU-104,SALE,-22,2026-08-20T18:49:00Z
MOV-0005305,STR-004,SKU-104,DELIVERY,147,2026-08-21T06:04:00Z
MOV-0005306,STR-004,SKU-104,SALE,-20,2026-08-21T08:19:00Z
MOV-0005307,STR-004,SKU-104,SALE,-19,2026-08-22T12:50:00Z
MOV-0005308,STR-004,SKU-104,SALE,-20,2026-08-23T18:31:00Z
MOV-0005309,STR-004,SKU-104,SALE,-22,2026-08-24T08:25:00Z
MOV-0005310,STR-004,SKU-104,SALE,-19,2026-08-25T15:26:00Z
MOV-0005311,STR-004,SKU-104,SALE,-22,2026-08-26T17:08:00Z
MOV-0005312,STR-004,SKU-104,SALE,-25,2026-08-27T11:20:00Z
MOV-0005313,STR-004,SKU-104,DELIVERY,112,2026-08-28T06:41:00Z
MOV-0005314,STR-004,SKU-104,SALE,-25,2026-08-28T14:13:00Z
MOV-0005315,STR-004,SKU-104,SALE,-30,2026-08-29T13:28:00Z
MOV-0005316,STR-004,SKU-104,SALE,-32,2026-08-30T16:34:00Z
MOV-0005317,STR-004,SKU-104,SALE,-12,2026-08-31T07:01:00Z
MOV-0005318,STR-004,SKU-104,SALE,-13,2026-09-01T17:35:00Z
MOV-0005319,STR-004,SKU-105,SALE,-14,2026-07-06T09:11:00Z
MOV-0005320,STR-004,SKU-105,SALE,-18,2026-07-07T15:50:00Z
MOV-0005321,STR-004,SKU-105,SALE,-19,2026-07-08T16:17:00Z
MOV-0005322,STR-004,SKU-105,SALE,-19,2026-07-09T10:19:00Z
MOV-0005323,STR-004,SKU-105,DELIVERY,110,2026-07-10T06:08:00Z
MOV-0005324,STR-004,SKU-105,SALE,-17,2026-07-10T07:45:00Z
MOV-0005325,STR-004,SKU-105,SALE,-23,2026-07-11T15:57:00Z
MOV-0005326,STR-004,SKU-105,SALE,-19,2026-07-12T08:34:00Z
MOV-0005327,STR-004,SKU-105,SALE,-12,2026-07-13T12:57:00Z
MOV-0005328,STR-004,SKU-105,SALE,-12,2026-07-14T08:11:00Z
MOV-0005329,STR-004,SKU-105,SALE,-13,2026-07-15T11:16:00Z
MOV-0005330,STR-004,SKU-105,SALE,-14,2026-07-16T16:28:00Z
MOV-0005331,STR-004,SKU-105,DELIVERY,104,2026-07-17T06:02:00Z
MOV-0005332,STR-004,SKU-105,SALE,-16,2026-07-17T11:29:00Z
MOV-0005333,STR-004,SKU-105,SALE,-19,2026-07-18T15:54:00Z
MOV-0005334,STR-004,SKU-105,SALE,-13,2026-07-19T12:28:00Z
MOV-0005335,STR-004,SKU-105,SALE,-13,2026-07-20T08:39:00Z
MOV-0005336,STR-004,SKU-105,SALE,-15,2026-07-21T07:36:00Z
MOV-0005337,STR-004,SKU-105,SALE,-12,2026-07-22T09:48:00Z
MOV-0005338,STR-004,SKU-105,SALE,-16,2026-07-23T18:50:00Z
MOV-0005339,STR-004,SKU-105,DELIVERY,104,2026-07-24T06:00:00Z
MOV-0005340,STR-004,SKU-105,SALE,-15,2026-07-24T12:31:00Z
MOV-0005341,STR-004,SKU-105,SALE,-15,2026-07-25T10:21:00Z
MOV-0005342,STR-004,SKU-105,SALE,-19,2026-07-26T07:25:00Z
MOV-0005343,STR-004,SKU-105,SALE,-13,2026-07-27T14:15:00Z
MOV-0005344,STR-004,SKU-105,SALE,-14,2026-07-28T07:38:00Z
MOV-0005345,STR-004,SKU-105,SALE,-13,2026-07-29T08:25:00Z
MOV-0005346,STR-004,SKU-105,SALE,-15,2026-07-30T10:52:00Z
MOV-0005347,STR-004,SKU-105,DELIVERY,113,2026-07-31T06:56:00Z
MOV-0005348,STR-004,SKU-105,SALE,-18,2026-07-31T09:37:00Z
MOV-0005349,STR-004,SKU-105,SALE,-19,2026-08-01T12:33:00Z
MOV-0005350,STR-004,SKU-105,SALE,-18,2026-08-02T11:31:00Z
MOV-0005351,STR-004,SKU-105,SALE,-11,2026-08-03T17:47:00Z
MOV-0005352,STR-004,SKU-105,SALE,-16,2026-08-04T07:57:00Z
MOV-0005353,STR-004,SKU-105,SALE,-13,2026-08-05T07:03:00Z
MOV-0005354,STR-004,SKU-105,SALE,-18,2026-08-06T15:13:00Z
MOV-0005355,STR-004,SKU-105,DELIVERY,132,2026-08-07T06:28:00Z
MOV-0005356,STR-004,SKU-105,SALE,-19,2026-08-07T17:46:00Z
MOV-0005357,STR-004,SKU-105,SALE,-20,2026-08-08T07:38:00Z
MOV-0005358,STR-004,SKU-105,SALE,-23,2026-08-09T10:55:00Z
MOV-0005359,STR-004,SKU-105,SALE,-16,2026-08-10T15:45:00Z
MOV-0005360,STR-004,SKU-105,SALE,-21,2026-08-11T09:43:00Z
MOV-0005361,STR-004,SKU-105,SALE,-16,2026-08-12T08:23:00Z
MOV-0005362,STR-004,SKU-105,SALE,-17,2026-08-13T11:28:00Z
MOV-0005363,STR-004,SKU-105,DELIVERY,122,2026-08-14T06:11:00Z
MOV-0005364,STR-004,SKU-105,SALE,-22,2026-08-14T18:45:00Z
MOV-0005365,STR-004,SKU-105,SALE,-23,2026-08-15T18:51:00Z
MOV-0005366,STR-004,SKU-105,SALE,-20,2026-08-16T14:15:00Z
MOV-0005367,STR-004,SKU-105,SALE,-12,2026-08-17T16:55:00Z
MOV-0005368,STR-004,SKU-105,SALE,-13,2026-08-18T16:08:00Z
MOV-0005369,STR-004,SKU-105,SALE,-17,2026-08-19T13:53:00Z
MOV-0005370,STR-004,SKU-105,SALE,-15,2026-08-20T16:53:00Z
MOV-0005371,STR-004,SKU-105,DELIVERY,127,2026-08-21T06:29:00Z
MOV-0005372,STR-004,SKU-105,SALE,-16,2026-08-21T18:04:00Z
MOV-0005373,STR-004,SKU-105,SALE,-21,2026-08-22T09:54:00Z
MOV-0005374,STR-004,SKU-105,SALE,-21,2026-08-23T16:29:00Z
MOV-0005375,STR-004,SKU-105,SALE,-16,2026-08-24T13:34:00Z
MOV-0005376,STR-004,SKU-105,SALE,-17,2026-08-25T15:23:00Z
MOV-0005377,STR-004,SKU-105,SALE,-18,2026-08-26T11:43:00Z
MOV-0005378,STR-004,SKU-105,SALE,-18,2026-08-27T09:22:00Z
MOV-0005379,STR-004,SKU-105,DELIVERY,95,2026-08-28T06:25:00Z
MOV-0005380,STR-004,SKU-105,SALE,-22,2026-08-28T17:36:00Z
MOV-0005381,STR-004,SKU-105,SALE,-23,2026-08-29T07:51:00Z
MOV-0005382,STR-004,SKU-105,SALE,-27,2026-08-30T08:15:00Z
MOV-0005383,STR-004,SKU-105,SALE,-10,2026-08-31T15:55:00Z
MOV-0005384,STR-004,SKU-105,SALE,-13,2026-09-01T18:20:00Z
MOV-0005385,STR-004,SKU-201,SALE,-29,2026-07-06T10:00:00Z
MOV-0005386,STR-004,SKU-201,ADJUSTMENT,-2,2026-07-07T12:45:00Z
MOV-0005387,STR-004,SKU-201,SALE,-29,2026-07-07T16:12:00Z
MOV-0005388,STR-004,SKU-201,DELIVERY,232,2026-07-08T06:33:00Z
MOV-0005389,STR-004,SKU-201,SALE,-33,2026-07-08T07:01:00Z
MOV-0005390,STR-004,SKU-201,SALE,-34,2026-07-09T09:56:00Z
MOV-0005391,STR-004,SKU-201,SALE,-38,2026-07-10T08:37:00Z
MOV-0005392,STR-004,SKU-201,SALE,-34,2026-07-11T12:22:00Z
MOV-0005393,STR-004,SKU-201,SALE,-32,2026-07-12T11:22:00Z
MOV-0005394,STR-004,SKU-201,SALE,-27,2026-07-13T17:14:00Z
MOV-0005395,STR-004,SKU-201,SALE,-34,2026-07-14T12:17:00Z
MOV-0005396,STR-004,SKU-201,DELIVERY,223,2026-07-15T06:01:00Z
MOV-0005397,STR-004,SKU-201,SALE,-31,2026-07-15T15:04:00Z
MOV-0005398,STR-004,SKU-201,SALE,-34,2026-07-16T11:50:00Z
MOV-0005399,STR-004,SKU-201,SALE,-32,2026-07-17T15:54:00Z
MOV-0005400,STR-004,SKU-201,SALE,-39,2026-07-18T09:31:00Z
MOV-0005401,STR-004,SKU-201,SALE,-37,2026-07-19T09:48:00Z
MOV-0005402,STR-004,SKU-201,SALE,-23,2026-07-20T16:28:00Z
MOV-0005403,STR-004,SKU-201,SALE,-27,2026-07-21T07:06:00Z
MOV-0005404,STR-004,SKU-201,DELIVERY,235,2026-07-22T06:05:00Z
MOV-0005405,STR-004,SKU-201,SALE,-27,2026-07-22T07:55:00Z
MOV-0005406,STR-004,SKU-201,SALE,-37,2026-07-23T12:41:00Z
MOV-0005407,STR-004,SKU-201,SALE,-40,2026-07-24T16:02:00Z
MOV-0005408,STR-004,SKU-201,SALE,-44,2026-07-25T17:43:00Z
MOV-0005409,STR-004,SKU-201,SALE,-34,2026-07-26T18:16:00Z
MOV-0005410,STR-004,SKU-201,SALE,-29,2026-07-27T08:19:00Z
MOV-0005411,STR-004,SKU-201,SALE,-24,2026-07-28T13:38:00Z
MOV-0005412,STR-004,SKU-201,DELIVERY,216,2026-07-29T06:34:00Z
MOV-0005413,STR-004,SKU-201,SALE,-30,2026-07-29T07:08:00Z
MOV-0005414,STR-004,SKU-201,SALE,-32,2026-07-30T15:46:00Z
MOV-0005415,STR-004,SKU-201,SALE,-37,2026-07-31T11:15:00Z
MOV-0005416,STR-004,SKU-201,SALE,-39,2026-08-01T08:49:00Z
MOV-0005417,STR-004,SKU-201,ADJUSTMENT,2,2026-08-01T12:23:00Z
MOV-0005418,STR-004,SKU-201,SALE,-35,2026-08-02T12:41:00Z
MOV-0005419,STR-004,SKU-201,SALE,-23,2026-08-03T16:23:00Z
MOV-0005420,STR-004,SKU-201,SALE,-22,2026-08-04T17:50:00Z
MOV-0005421,STR-004,SKU-201,DELIVERY,192,2026-08-05T06:25:00Z
MOV-0005422,STR-004,SKU-201,SALE,-19,2026-08-05T12:31:00Z
MOV-0005423,STR-004,SKU-201,SALE,-29,2026-08-06T18:27:00Z
MOV-0005424,STR-004,SKU-201,SALE,-27,2026-08-07T13:50:00Z
MOV-0005425,STR-004,SKU-201,SALE,-34,2026-08-08T11:31:00Z
MOV-0005426,STR-004,SKU-201,SALE,-25,2026-08-09T16:21:00Z
MOV-0005427,STR-004,SKU-201,SALE,-30,2026-08-10T15:30:00Z
MOV-0005428,STR-004,SKU-201,SALE,-28,2026-08-11T08:01:00Z
MOV-0005429,STR-004,SKU-201,DELIVERY,219,2026-08-12T06:22:00Z
MOV-0005430,STR-004,SKU-201,SALE,-27,2026-08-12T15:31:00Z
MOV-0005431,STR-004,SKU-201,SALE,-35,2026-08-13T07:09:00Z
MOV-0005432,STR-004,SKU-201,SALE,-34,2026-08-14T18:39:00Z
MOV-0005433,STR-004,SKU-201,SALE,-35,2026-08-15T07:34:00Z
MOV-0005434,STR-004,SKU-201,SALE,-37,2026-08-16T11:34:00Z
MOV-0005435,STR-004,SKU-201,SALE,-24,2026-08-17T13:35:00Z
MOV-0005436,STR-004,SKU-201,SALE,-27,2026-08-18T11:57:00Z
MOV-0005437,STR-004,SKU-201,DELIVERY,238,2026-08-19T06:29:00Z
MOV-0005438,STR-004,SKU-201,SALE,-35,2026-08-19T18:13:00Z
MOV-0005439,STR-004,SKU-201,SALE,-38,2026-08-20T12:49:00Z
MOV-0005440,STR-004,SKU-201,SALE,-35,2026-08-21T13:45:00Z
MOV-0005441,STR-004,SKU-201,SALE,-40,2026-08-22T09:24:00Z
MOV-0005442,STR-004,SKU-201,SALE,-35,2026-08-23T16:21:00Z
MOV-0005443,STR-004,SKU-201,SALE,-28,2026-08-24T12:10:00Z
MOV-0005444,STR-004,SKU-201,SALE,-27,2026-08-25T10:44:00Z
MOV-0005445,STR-004,SKU-201,DELIVERY,210,2026-08-26T06:08:00Z
MOV-0005446,STR-004,SKU-201,SALE,-24,2026-08-26T12:04:00Z
MOV-0005447,STR-004,SKU-201,SALE,-30,2026-08-27T10:46:00Z
MOV-0005448,STR-004,SKU-201,SALE,-33,2026-08-28T18:08:00Z
MOV-0005449,STR-004,SKU-201,SALE,-36,2026-08-29T18:18:00Z
MOV-0005450,STR-004,SKU-201,SALE,-31,2026-08-30T17:04:00Z
MOV-0005451,STR-004,SKU-201,SALE,-28,2026-08-31T16:27:00Z
MOV-0005452,STR-004,SKU-201,SALE,-28,2026-09-01T16:55:00Z
MOV-0005453,STR-004,SKU-202,SALE,-21,2026-07-06T07:46:00Z
MOV-0005454,STR-004,SKU-202,SALE,-23,2026-07-07T14:47:00Z
MOV-0005455,STR-004,SKU-202,SALE,-25,2026-07-08T07:09:00Z
MOV-0005456,STR-004,SKU-202,SALE,-24,2026-07-09T10:18:00Z
MOV-0005457,STR-004,SKU-202,DELIVERY,186,2026-07-10T06:45:00Z
MOV-0005458,STR-004,SKU-202,SALE,-29,2026-07-10T09:21:00Z
MOV-0005459,STR-004,SKU-202,SALE,-31,2026-07-11T16:48:00Z
MOV-0005460,STR-004,SKU-202,SALE,-31,2026-07-12T18:27:00Z
MOV-0005461,STR-004,SKU-202,SALE,-23,2026-07-13T09:03:00Z
MOV-0005462,STR-004,SKU-202,SALE,-26,2026-07-14T10:05:00Z
MOV-0005463,STR-004,SKU-202,SALE,-24,2026-07-15T18:32:00Z
MOV-0005464,STR-004,SKU-202,SALE,-22,2026-07-16T11:16:00Z
MOV-0005465,STR-004,SKU-202,DELIVERY,171,2026-07-17T06:20:00Z
MOV-0005466,STR-004,SKU-202,SALE,-25,2026-07-17T10:28:00Z
MOV-0005467,STR-004,SKU-202,SALE,-24,2026-07-18T14:20:00Z
MOV-0005468,STR-004,SKU-202,SALE,-27,2026-07-19T07:37:00Z
MOV-0005469,STR-004,SKU-202,SALE,-22,2026-07-20T08:56:00Z
MOV-0005470,STR-004,SKU-202,SALE,-22,2026-07-21T10:49:00Z
MOV-0005471,STR-004,SKU-202,SALE,-24,2026-07-22T13:38:00Z
MOV-0005472,STR-004,SKU-202,SALE,-27,2026-07-23T18:18:00Z
MOV-0005473,STR-004,SKU-202,DELIVERY,197,2026-07-24T06:16:00Z
MOV-0005474,STR-004,SKU-202,SALE,-38,2026-07-24T15:19:00Z
MOV-0005475,STR-004,SKU-202,SALE,-34,2026-07-25T15:51:00Z
MOV-0005476,STR-004,SKU-202,SALE,-39,2026-07-26T18:08:00Z
MOV-0005477,STR-004,SKU-202,SALE,-23,2026-07-27T18:54:00Z
MOV-0005478,STR-004,SKU-202,SALE,-19,2026-07-28T14:33:00Z
MOV-0005479,STR-004,SKU-202,SALE,-22,2026-07-29T16:11:00Z
MOV-0005480,STR-004,SKU-202,SALE,-22,2026-07-30T14:14:00Z
MOV-0005481,STR-004,SKU-202,DELIVERY,211,2026-07-31T06:37:00Z
MOV-0005482,STR-004,SKU-202,SALE,-27,2026-07-31T18:13:00Z
MOV-0005483,STR-004,SKU-202,SALE,-33,2026-08-01T08:52:00Z
MOV-0005484,STR-004,SKU-202,SALE,-33,2026-08-02T15:43:00Z
MOV-0005485,STR-004,SKU-202,SALE,-23,2026-08-03T12:46:00Z
MOV-0005486,STR-004,SKU-202,SALE,-32,2026-08-04T14:12:00Z
MOV-0005487,STR-004,SKU-202,SALE,-32,2026-08-05T16:20:00Z
MOV-0005488,STR-004,SKU-202,SALE,-31,2026-08-06T17:56:00Z
MOV-0005489,STR-004,SKU-202,DELIVERY,196,2026-08-07T06:37:00Z
MOV-0005490,STR-004,SKU-202,SALE,-37,2026-08-07T12:16:00Z
MOV-0005491,STR-004,SKU-202,SALE,-30,2026-08-08T13:11:00Z
MOV-0005492,STR-004,SKU-202,SALE,-39,2026-08-09T16:38:00Z
MOV-0005493,STR-004,SKU-202,SALE,-21,2026-08-10T09:57:00Z
MOV-0005494,STR-004,SKU-202,SALE,-20,2026-08-11T15:02:00Z
MOV-0005495,STR-004,SKU-202,SALE,-23,2026-08-12T18:16:00Z
MOV-0005496,STR-004,SKU-202,SALE,-26,2026-08-13T17:32:00Z
MOV-0005497,STR-004,SKU-202,DELIVERY,203,2026-08-14T06:11:00Z
MOV-0005498,STR-004,SKU-202,SALE,-26,2026-08-14T10:34:00Z
MOV-0005499,STR-004,SKU-202,SALE,-31,2026-08-15T09:27:00Z
MOV-0005500,STR-004,SKU-202,SALE,-26,2026-08-16T10:51:00Z
MOV-0005501,STR-004,SKU-202,SALE,-28,2026-08-17T08:17:00Z
MOV-0005502,STR-004,SKU-202,SALE,-25,2026-08-18T17:13:00Z
MOV-0005503,STR-004,SKU-202,SALE,-32,2026-08-19T12:12:00Z
MOV-0005504,STR-004,SKU-202,SALE,-35,2026-08-20T08:24:00Z
MOV-0005505,STR-004,SKU-202,DELIVERY,194,2026-08-21T06:22:00Z
MOV-0005506,STR-004,SKU-202,SALE,-28,2026-08-21T10:56:00Z
MOV-0005507,STR-004,SKU-202,SALE,-33,2026-08-22T09:31:00Z
MOV-0005508,STR-004,SKU-202,SALE,-39,2026-08-23T14:42:00Z
MOV-0005509,STR-004,SKU-202,SALE,-22,2026-08-24T12:45:00Z
MOV-0005510,STR-004,SKU-202,SALE,-21,2026-08-25T11:41:00Z
MOV-0005511,STR-004,SKU-202,SALE,-28,2026-08-26T11:13:00Z
MOV-0005512,STR-004,SKU-202,SALE,-23,2026-08-27T16:55:00Z
MOV-0005513,STR-004,SKU-202,DELIVERY,143,2026-08-28T06:16:00Z
MOV-0005514,STR-004,SKU-202,SALE,-28,2026-08-28T17:09:00Z
MOV-0005515,STR-004,SKU-202,SALE,-37,2026-08-29T15:43:00Z
MOV-0005516,STR-004,SKU-202,SALE,-34,2026-08-30T08:57:00Z
MOV-0005517,STR-004,SKU-202,SALE,-20,2026-08-31T17:06:00Z
MOV-0005518,STR-004,SKU-202,SALE,-24,2026-09-01T10:26:00Z
MOV-0005519,STR-004,SKU-203,SALE,-36,2026-07-06T08:43:00Z
MOV-0005520,STR-004,SKU-203,SALE,-37,2026-07-07T09:03:00Z
MOV-0005521,STR-004,SKU-203,DELIVERY,301,2026-07-08T06:26:00Z
MOV-0005522,STR-004,SKU-203,SALE,-39,2026-07-08T16:06:00Z
MOV-0005523,STR-004,SKU-203,SALE,-47,2026-07-09T16:08:00Z
MOV-0005524,STR-004,SKU-203,SALE,-54,2026-07-10T18:31:00Z
MOV-0005525,STR-004,SKU-203,SALE,-60,2026-07-11T10:43:00Z
MOV-0005526,STR-004,SKU-203,SALE,-51,2026-07-12T08:55:00Z
MOV-0005527,STR-004,SKU-203,SALE,-20,2026-07-13T07:43:00Z
MOV-0005528,STR-004,SKU-203,SALE,-30,2026-07-14T09:30:00Z
MOV-0005529,STR-004,SKU-203,DELIVERY,261,2026-07-15T06:04:00Z
MOV-0005530,STR-004,SKU-203,SALE,-34,2026-07-15T14:55:00Z
MOV-0005531,STR-004,SKU-203,SALE,-35,2026-07-16T08:19:00Z
MOV-0005532,STR-004,SKU-203,SALE,-38,2026-07-17T18:35:00Z
MOV-0005533,STR-004,SKU-203,SALE,-45,2026-07-18T10:46:00Z
MOV-0005534,STR-004,SKU-203,SALE,-41,2026-07-19T07:22:00Z
MOV-0005535,STR-004,SKU-203,ADJUSTMENT,2,2026-07-20T12:42:00Z
MOV-0005536,STR-004,SKU-203,SALE,-28,2026-07-20T17:07:00Z
MOV-0005537,STR-004,SKU-203,SALE,-42,2026-07-21T10:43:00Z
MOV-0005538,STR-004,SKU-203,DELIVERY,308,2026-07-22T06:57:00Z
MOV-0005539,STR-004,SKU-203,SALE,-36,2026-07-22T17:23:00Z
MOV-0005540,STR-004,SKU-203,SALE,-45,2026-07-23T07:02:00Z
MOV-0005541,STR-004,SKU-203,SALE,-46,2026-07-24T14:41:00Z
MOV-0005542,STR-004,SKU-203,SALE,-58,2026-07-25T17:34:00Z
MOV-0005543,STR-004,SKU-203,SALE,-52,2026-07-26T11:45:00Z
MOV-0005544,STR-004,SKU-203,SALE,-32,2026-07-27T17:51:00Z
MOV-0005545,STR-004,SKU-203,SALE,-39,2026-07-28T16:34:00Z
MOV-0005546,STR-004,SKU-203,DELIVERY,297,2026-07-29T06:16:00Z
MOV-0005547,STR-004,SKU-203,SALE,-41,2026-07-29T13:26:00Z
MOV-0005548,STR-004,SKU-203,SALE,-45,2026-07-30T18:46:00Z
MOV-0005549,STR-004,SKU-203,SALE,-35,2026-07-31T18:53:00Z
MOV-0005550,STR-004,SKU-203,SALE,-53,2026-08-01T15:02:00Z
MOV-0005551,STR-004,SKU-203,SALE,-50,2026-08-02T14:16:00Z
MOV-0005552,STR-004,SKU-203,SALE,-35,2026-08-03T17:12:00Z
MOV-0005553,STR-004,SKU-203,SALE,-38,2026-08-04T17:12:00Z
MOV-0005554,STR-004,SKU-203,DELIVERY,337,2026-08-05T06:06:00Z
MOV-0005555,STR-004,SKU-203,SALE,-51,2026-08-05T18:30:00Z
MOV-0005556,STR-004,SKU-203,SALE,-51,2026-08-06T14:04:00Z
MOV-0005557,STR-004,SKU-203,SALE,-49,2026-08-07T15:18:00Z
MOV-0005558,STR-004,SKU-203,SALE,-51,2026-08-08T11:00:00Z
MOV-0005559,STR-004,SKU-203,SALE,-58,2026-08-09T11:18:00Z
MOV-0005560,STR-004,SKU-203,SALE,-35,2026-08-10T15:37:00Z
MOV-0005561,STR-004,SKU-203,SALE,-42,2026-08-11T09:03:00Z
MOV-0005562,STR-004,SKU-203,DELIVERY,290,2026-08-12T06:24:00Z
MOV-0005563,STR-004,SKU-203,SALE,-43,2026-08-12T13:26:00Z
MOV-0005564,STR-004,SKU-203,SALE,-34,2026-08-13T12:52:00Z
MOV-0005565,STR-004,SKU-203,SALE,-53,2026-08-14T10:58:00Z
MOV-0005566,STR-004,SKU-203,SALE,-48,2026-08-15T11:28:00Z
MOV-0005567,STR-004,SKU-203,SALE,-45,2026-08-16T14:31:00Z
MOV-0005568,STR-004,SKU-203,SALE,-28,2026-08-17T14:38:00Z
MOV-0005569,STR-004,SKU-203,SALE,-39,2026-08-18T10:26:00Z
MOV-0005570,STR-004,SKU-203,DELIVERY,276,2026-08-19T06:08:00Z
MOV-0005571,STR-004,SKU-203,SALE,-39,2026-08-19T09:41:00Z
MOV-0005572,STR-004,SKU-203,SALE,-41,2026-08-20T15:03:00Z
MOV-0005573,STR-004,SKU-203,SALE,-42,2026-08-21T12:01:00Z
MOV-0005574,STR-004,SKU-203,SALE,-47,2026-08-22T08:24:00Z
MOV-0005575,STR-004,SKU-203,SALE,-53,2026-08-23T10:03:00Z
MOV-0005576,STR-004,SKU-203,SALE,-27,2026-08-24T11:51:00Z
MOV-0005577,STR-004,SKU-203,SALE,-27,2026-08-25T09:00:00Z
MOV-0005578,STR-004,SKU-203,DELIVERY,275,2026-08-26T06:13:00Z
MOV-0005579,STR-004,SKU-203,SALE,-34,2026-08-26T13:44:00Z
MOV-0005580,STR-004,SKU-203,SALE,-34,2026-08-27T09:28:00Z
MOV-0005581,STR-004,SKU-203,SALE,-33,2026-08-28T12:12:00Z
MOV-0005582,STR-004,SKU-203,SALE,-45,2026-08-29T17:36:00Z
MOV-0005583,STR-004,SKU-203,SALE,-44,2026-08-30T15:57:00Z
MOV-0005584,STR-004,SKU-203,SALE,-44,2026-08-31T18:13:00Z
MOV-0005585,STR-004,SKU-203,SALE,-41,2026-09-01T18:45:00Z
MOV-0005586,STR-004,SKU-204,SALE,-16,2026-07-06T07:19:00Z
MOV-0005587,STR-004,SKU-204,SALE,-13,2026-07-07T18:01:00Z
MOV-0005588,STR-004,SKU-204,DELIVERY,108,2026-07-08T06:35:00Z
MOV-0005589,STR-004,SKU-204,SALE,-15,2026-07-08T14:17:00Z
MOV-0005590,STR-004,SKU-204,SALE,-13,2026-07-09T12:15:00Z
MOV-0005591,STR-004,SKU-204,SALE,-18,2026-07-10T17:28:00Z
MOV-0005592,STR-004,SKU-204,SALE,-22,2026-07-11T10:50:00Z
MOV-0005593,STR-004,SKU-204,SALE,-16,2026-07-12T09:39:00Z
MOV-0005594,STR-004,SKU-204,SALE,-13,2026-07-13T14:56:00Z
MOV-0005595,STR-004,SKU-204,SALE,-11,2026-07-14T15:05:00Z
MOV-0005596,STR-004,SKU-204,DELIVERY,103,2026-07-15T06:53:00Z
MOV-0005597,STR-004,SKU-204,SALE,-15,2026-07-15T07:55:00Z
MOV-0005598,STR-004,SKU-204,SALE,-13,2026-07-16T09:22:00Z
MOV-0005599,STR-004,SKU-204,SALE,-17,2026-07-17T10:06:00Z
MOV-0005600,STR-004,SKU-204,SALE,-19,2026-07-18T10:13:00Z
MOV-0005601,STR-004,SKU-204,SALE,-17,2026-07-19T14:42:00Z
MOV-0005602,STR-004,SKU-204,SALE,-11,2026-07-20T07:33:00Z
MOV-0005603,STR-004,SKU-204,SALE,-11,2026-07-21T13:58:00Z
MOV-0005604,STR-004,SKU-204,DELIVERY,87,2026-07-22T06:42:00Z
MOV-0005605,STR-004,SKU-204,SALE,-10,2026-07-22T14:18:00Z
MOV-0005606,STR-004,SKU-204,SALE,-12,2026-07-23T08:39:00Z
MOV-0005607,STR-004,SKU-204,SALE,-15,2026-07-24T10:20:00Z
MOV-0005608,STR-004,SKU-204,SALE,-17,2026-07-25T09:33:00Z
MOV-0005609,STR-004,SKU-204,SALE,-15,2026-07-26T07:15:00Z
MOV-0005610,STR-004,SKU-204,SALE,-9,2026-07-27T11:50:00Z
MOV-0005611,STR-004,SKU-204,SALE,-9,2026-07-28T15:42:00Z
MOV-0005612,STR-004,SKU-204,DELIVERY,87,2026-07-29T06:23:00Z
MOV-0005613,STR-004,SKU-204,SALE,-9,2026-07-29T15:58:00Z
MOV-0005614,STR-004,SKU-204,SALE,-12,2026-07-30T14:27:00Z
MOV-0005615,STR-004,SKU-204,SALE,-11,2026-07-31T10:42:00Z
MOV-0005616,STR-004,SKU-204,SALE,-16,2026-08-01T15:56:00Z
MOV-0005617,STR-004,SKU-204,SALE,-12,2026-08-02T17:41:00Z
MOV-0005618,STR-004,SKU-204,SALE,-14,2026-08-03T13:35:00Z
MOV-0005619,STR-004,SKU-204,SALE,-13,2026-08-04T14:50:00Z
MOV-0005620,STR-004,SKU-204,DELIVERY,113,2026-08-05T06:39:00Z
MOV-0005621,STR-004,SKU-204,SALE,-16,2026-08-05T14:24:00Z
MOV-0005622,STR-004,SKU-204,SALE,-17,2026-08-06T14:34:00Z
MOV-0005623,STR-004,SKU-204,SALE,-19,2026-08-07T17:18:00Z
MOV-0005624,STR-004,SKU-204,SALE,-19,2026-08-08T13:00:00Z
MOV-0005625,STR-004,SKU-204,SALE,-16,2026-08-09T16:45:00Z
MOV-0005626,STR-004,SKU-204,SALE,-10,2026-08-10T13:36:00Z
MOV-0005627,STR-004,SKU-204,SALE,-16,2026-08-11T07:23:00Z
MOV-0005628,STR-004,SKU-204,DELIVERY,117,2026-08-12T06:53:00Z
MOV-0005629,STR-004,SKU-204,SALE,-17,2026-08-12T17:21:00Z
MOV-0005630,STR-004,SKU-204,SALE,-18,2026-08-13T17:14:00Z
MOV-0005631,STR-004,SKU-204,SALE,-19,2026-08-14T15:34:00Z
MOV-0005632,STR-004,SKU-204,SALE,-17,2026-08-15T13:23:00Z
MOV-0005633,STR-004,SKU-204,SALE,-19,2026-08-16T11:30:00Z
MOV-0005634,STR-004,SKU-204,SALE,-11,2026-08-17T10:11:00Z
MOV-0005635,STR-004,SKU-204,ADJUSTMENT,-3,2026-08-18T12:12:00Z
MOV-0005636,STR-004,SKU-204,SALE,-13,2026-08-18T17:14:00Z
MOV-0005637,STR-004,SKU-204,DELIVERY,99,2026-08-19T06:21:00Z
MOV-0005638,STR-004,SKU-204,SALE,-14,2026-08-19T17:55:00Z
MOV-0005639,STR-004,SKU-204,SALE,-15,2026-08-20T15:37:00Z
MOV-0005640,STR-004,SKU-204,SALE,-15,2026-08-21T14:02:00Z
MOV-0005641,STR-004,SKU-204,SALE,-16,2026-08-22T16:49:00Z
MOV-0005642,STR-004,SKU-204,SALE,-13,2026-08-23T13:31:00Z
MOV-0005643,STR-004,SKU-204,SALE,-13,2026-08-24T17:57:00Z
MOV-0005644,STR-004,SKU-204,SALE,-13,2026-08-25T07:07:00Z
MOV-0005645,STR-004,SKU-204,DELIVERY,116,2026-08-26T06:19:00Z
MOV-0005646,STR-004,SKU-204,SALE,-15,2026-08-26T17:42:00Z
MOV-0005647,STR-004,SKU-204,SALE,-19,2026-08-27T16:05:00Z
MOV-0005648,STR-004,SKU-204,SALE,-16,2026-08-28T07:21:00Z
MOV-0005649,STR-004,SKU-204,SALE,-16,2026-08-29T09:52:00Z
MOV-0005650,STR-004,SKU-204,SALE,-20,2026-08-30T11:04:00Z
MOV-0005651,STR-004,SKU-204,SALE,-14,2026-08-31T17:37:00Z
MOV-0005652,STR-004,SKU-204,SALE,-16,2026-09-01T08:38:00Z
MOV-0005653,STR-004,SKU-301,SALE,-28,2026-07-06T12:07:00Z
MOV-0005654,STR-004,SKU-301,SALE,-28,2026-07-07T10:54:00Z
MOV-0005655,STR-004,SKU-301,DELIVERY,260,2026-07-08T06:46:00Z
MOV-0005656,STR-004,SKU-301,SALE,-32,2026-07-08T12:05:00Z
MOV-0005657,STR-004,SKU-301,SALE,-30,2026-07-09T15:48:00Z
MOV-0005658,STR-004,SKU-301,SALE,-32,2026-07-10T16:30:00Z
MOV-0005659,STR-004,SKU-301,SALE,-46,2026-07-11T14:20:00Z
MOV-0005660,STR-004,SKU-301,SALE,-33,2026-07-12T16:42:00Z
MOV-0005661,STR-004,SKU-301,SALE,-40,2026-07-13T18:23:00Z
MOV-0005662,STR-004,SKU-301,SALE,-47,2026-07-14T07:27:00Z
MOV-0005663,STR-004,SKU-301,DELIVERY,325,2026-07-15T06:53:00Z
MOV-0005664,STR-004,SKU-301,SALE,-45,2026-07-15T11:18:00Z
MOV-0005665,STR-004,SKU-301,SALE,-49,2026-07-16T18:07:00Z
MOV-0005666,STR-004,SKU-301,SALE,-49,2026-07-17T18:33:00Z
MOV-0005667,STR-004,SKU-301,SALE,-63,2026-07-18T13:32:00Z
MOV-0005668,STR-004,SKU-301,SALE,-47,2026-07-19T18:20:00Z
MOV-0005669,STR-004,SKU-301,SALE,-30,2026-07-20T10:08:00Z
MOV-0005670,STR-004,SKU-301,SALE,-42,2026-07-21T15:16:00Z
MOV-0005671,STR-004,SKU-301,DELIVERY,333,2026-07-22T06:04:00Z
MOV-0005672,STR-004,SKU-301,SALE,-51,2026-07-22T14:34:00Z
MOV-0005673,STR-004,SKU-301,SALE,-50,2026-07-23T18:06:00Z
MOV-0005674,STR-004,SKU-301,SALE,-41,2026-07-24T15:32:00Z
MOV-0005675,STR-004,SKU-301,SALE,-61,2026-07-25T11:10:00Z
MOV-0005676,STR-004,SKU-301,SALE,-58,2026-07-26T09:09:00Z
MOV-0005677,STR-004,SKU-301,SALE,-39,2026-07-27T10:42:00Z
MOV-0005678,STR-004,SKU-301,SALE,-33,2026-07-28T09:00:00Z
MOV-0005679,STR-004,SKU-301,DELIVERY,283,2026-07-29T06:38:00Z
MOV-0005680,STR-004,SKU-301,SALE,-43,2026-07-29T08:54:00Z
MOV-0005681,STR-004,SKU-301,SALE,-41,2026-07-30T11:37:00Z
MOV-0005682,STR-004,SKU-301,SALE,-49,2026-07-31T16:50:00Z
MOV-0005683,STR-004,SKU-301,SALE,-44,2026-08-01T11:21:00Z
MOV-0005684,STR-004,SKU-301,SALE,-42,2026-08-02T15:41:00Z
MOV-0005685,STR-004,SKU-301,SALE,-30,2026-08-03T14:16:00Z
MOV-0005686,STR-004,SKU-301,SALE,-34,2026-08-04T07:09:00Z
MOV-0005687,STR-004,SKU-301,DELIVERY,265,2026-08-05T06:48:00Z
MOV-0005688,STR-004,SKU-301,SALE,-39,2026-08-05T13:12:00Z
MOV-0005689,STR-004,SKU-301,SALE,-33,2026-08-06T10:12:00Z
MOV-0005690,STR-004,SKU-301,SALE,-39,2026-08-07T13:07:00Z
MOV-0005691,STR-004,SKU-301,SALE,-54,2026-08-08T13:19:00Z
MOV-0005692,STR-004,SKU-301,SALE,-36,2026-08-09T14:43:00Z
MOV-0005693,STR-004,SKU-301,SALE,-27,2026-08-10T15:25:00Z
MOV-0005694,STR-004,SKU-301,SALE,-37,2026-08-11T09:42:00Z
MOV-0005695,STR-004,SKU-301,DELIVERY,288,2026-08-12T06:21:00Z
MOV-0005696,STR-004,SKU-301,SALE,-41,2026-08-12T13:14:00Z
MOV-0005697,STR-004,SKU-301,SALE,-39,2026-08-13T11:25:00Z
MOV-0005698,STR-004,SKU-301,SALE,-38,2026-08-14T16:22:00Z
MOV-0005699,STR-004,SKU-301,SALE,-48,2026-08-15T17:57:00Z
MOV-0005700,STR-004,SKU-301,SALE,-50,2026-08-16T15:37:00Z
MOV-0005701,STR-004,SKU-301,SALE,-31,2026-08-17T11:47:00Z
MOV-0005702,STR-004,SKU-301,SALE,-41,2026-08-18T17:28:00Z
MOV-0005703,STR-004,SKU-301,DELIVERY,304,2026-08-19T06:58:00Z
MOV-0005704,STR-004,SKU-301,SALE,-36,2026-08-19T08:50:00Z
MOV-0005705,STR-004,SKU-301,SALE,-39,2026-08-20T16:24:00Z
MOV-0005706,STR-004,SKU-301,SALE,-57,2026-08-21T12:49:00Z
MOV-0005707,STR-004,SKU-301,SALE,-62,2026-08-22T13:13:00Z
MOV-0005708,STR-004,SKU-301,SALE,-45,2026-08-23T08:11:00Z
MOV-0005709,STR-004,SKU-301,SALE,-29,2026-08-24T07:48:00Z
MOV-0005710,STR-004,SKU-301,SALE,-36,2026-08-25T16:35:00Z
MOV-0005711,STR-004,SKU-301,DELIVERY,287,2026-08-26T06:25:00Z
MOV-0005712,STR-004,SKU-301,SALE,-32,2026-08-26T15:44:00Z
MOV-0005713,STR-004,SKU-301,SALE,-42,2026-08-27T08:23:00Z
MOV-0005714,STR-004,SKU-301,SALE,-42,2026-08-28T10:40:00Z
MOV-0005715,STR-004,SKU-301,SALE,-51,2026-08-29T13:04:00Z
MOV-0005716,STR-004,SKU-301,SALE,-56,2026-08-30T18:14:00Z
MOV-0005717,STR-004,SKU-301,SALE,-32,2026-08-31T15:04:00Z
MOV-0005718,STR-004,SKU-301,SALE,-32,2026-09-01T12:13:00Z
MOV-0005719,STR-004,SKU-302,SALE,-19,2026-07-06T18:32:00Z
MOV-0005720,STR-004,SKU-302,SALE,-21,2026-07-07T09:22:00Z
MOV-0005721,STR-004,SKU-302,DELIVERY,214,2026-07-08T06:02:00Z
MOV-0005722,STR-004,SKU-302,SALE,-26,2026-07-08T08:50:00Z
MOV-0005723,STR-004,SKU-302,SALE,-24,2026-07-09T07:34:00Z
MOV-0005724,STR-004,SKU-302,SALE,-29,2026-07-10T08:03:00Z
MOV-0005725,STR-004,SKU-302,ADJUSTMENT,-3,2026-07-10T12:53:00Z
MOV-0005726,STR-004,SKU-302,SALE,-38,2026-07-11T08:08:00Z
MOV-0005727,STR-004,SKU-302,SALE,-32,2026-07-12T13:08:00Z
MOV-0005728,STR-004,SKU-302,SALE,-29,2026-07-13T09:57:00Z
MOV-0005729,STR-004,SKU-302,SALE,-33,2026-07-14T09:05:00Z
MOV-0005730,STR-004,SKU-302,DELIVERY,235,2026-07-15T06:06:00Z
MOV-0005731,STR-004,SKU-302,SALE,-27,2026-07-15T10:52:00Z
MOV-0005732,STR-004,SKU-302,SALE,-30,2026-07-16T07:12:00Z
MOV-0005733,STR-004,SKU-302,SALE,-38,2026-07-17T16:06:00Z
MOV-0005734,STR-004,SKU-302,SALE,-46,2026-07-18T15:17:00Z
MOV-0005735,STR-004,SKU-302,SALE,-41,2026-07-19T07:46:00Z
MOV-0005736,STR-004,SKU-302,SALE,-27,2026-07-20T17:18:00Z
MOV-0005737,STR-004,SKU-302,SALE,-26,2026-07-21T14:23:00Z
MOV-0005738,STR-004,SKU-302,DELIVERY,230,2026-07-22T06:36:00Z
MOV-0005739,STR-004,SKU-302,SALE,-31,2026-07-22T13:17:00Z
MOV-0005740,STR-004,SKU-302,SALE,-31,2026-07-23T13:56:00Z
MOV-0005741,STR-004,SKU-302,SALE,-38,2026-07-24T08:54:00Z
MOV-0005742,STR-004,SKU-302,SALE,-45,2026-07-25T07:55:00Z
MOV-0005743,STR-004,SKU-302,SALE,-30,2026-07-26T16:37:00Z
MOV-0005744,STR-004,SKU-302,SALE,-25,2026-07-27T14:04:00Z
MOV-0005745,STR-004,SKU-302,SALE,-30,2026-07-28T12:32:00Z
MOV-0005746,STR-004,SKU-302,DELIVERY,246,2026-07-29T06:50:00Z
MOV-0005747,STR-004,SKU-302,SALE,-34,2026-07-29T16:55:00Z
MOV-0005748,STR-004,SKU-302,SALE,-39,2026-07-30T07:00:00Z
MOV-0005749,STR-004,SKU-302,SALE,-36,2026-07-31T12:58:00Z
MOV-0005750,STR-004,SKU-302,SALE,-41,2026-08-01T07:48:00Z
MOV-0005751,STR-004,SKU-302,SALE,-38,2026-08-02T07:34:00Z
MOV-0005752,STR-004,SKU-302,SALE,-31,2026-08-03T13:32:00Z
MOV-0005753,STR-004,SKU-302,SALE,-27,2026-08-04T14:25:00Z
MOV-0005754,STR-004,SKU-302,DELIVERY,238,2026-08-05T06:05:00Z
MOV-0005755,STR-004,SKU-302,SALE,-36,2026-08-05T18:46:00Z
MOV-0005756,STR-004,SKU-302,SALE,-40,2026-08-06T17:22:00Z
MOV-0005757,STR-004,SKU-302,SALE,-32,2026-08-07T07:04:00Z
MOV-0005758,STR-004,SKU-302,SALE,-42,2026-08-08T07:28:00Z
MOV-0005759,STR-004,SKU-302,SALE,-43,2026-08-09T08:35:00Z
MOV-0005760,STR-004,SKU-302,SALE,-23,2026-08-10T13:12:00Z
MOV-0005761,STR-004,SKU-302,SALE,-22,2026-08-11T07:40:00Z
MOV-0005762,STR-004,SKU-302,DELIVERY,193,2026-08-12T06:02:00Z
MOV-0005763,STR-004,SKU-302,SALE,-27,2026-08-12T15:50:00Z
MOV-0005764,STR-004,SKU-302,SALE,-23,2026-08-13T10:38:00Z
MOV-0005765,STR-004,SKU-302,SALE,-31,2026-08-14T10:42:00Z
MOV-0005766,STR-004,SKU-302,SALE,-29,2026-08-15T12:14:00Z
MOV-0005767,STR-004,SKU-302,SALE,-24,2026-08-16T07:52:00Z
MOV-0005768,STR-004,SKU-302,SALE,-30,2026-08-17T14:56:00Z
MOV-0005769,STR-004,SKU-302,SALE,-29,2026-08-18T10:29:00Z
MOV-0005770,STR-004,SKU-302,DELIVERY,252,2026-08-19T06:18:00Z
MOV-0005771,STR-004,SKU-302,SALE,-27,2026-08-19T13:46:00Z
MOV-0005772,STR-004,SKU-302,SALE,-29,2026-08-20T10:07:00Z
MOV-0005773,STR-004,SKU-302,SALE,-37,2026-08-21T12:36:00Z
MOV-0005774,STR-004,SKU-302,SALE,-43,2026-08-22T11:45:00Z
MOV-0005775,STR-004,SKU-302,SALE,-47,2026-08-23T17:29:00Z
MOV-0005776,STR-004,SKU-302,SALE,-33,2026-08-24T18:13:00Z
MOV-0005777,STR-004,SKU-302,SALE,-36,2026-08-25T18:11:00Z
MOV-0005778,STR-004,SKU-302,DELIVERY,239,2026-08-26T06:31:00Z
MOV-0005779,STR-004,SKU-302,SALE,-30,2026-08-26T12:44:00Z
MOV-0005780,STR-004,SKU-302,SALE,-36,2026-08-27T14:12:00Z
MOV-0005781,STR-004,SKU-302,SALE,-40,2026-08-28T10:17:00Z
MOV-0005782,STR-004,SKU-302,SALE,-38,2026-08-29T12:10:00Z
MOV-0005783,STR-004,SKU-302,SALE,-35,2026-08-30T17:45:00Z
MOV-0005784,STR-004,SKU-302,SALE,-27,2026-08-31T18:44:00Z
MOV-0005785,STR-004,SKU-302,SALE,-33,2026-09-01T16:45:00Z
MOV-0005786,STR-004,SKU-303,SALE,-19,2026-07-06T18:05:00Z
MOV-0005787,STR-004,SKU-303,SALE,-19,2026-07-07T07:45:00Z
MOV-0005788,STR-004,SKU-303,SALE,-27,2026-07-08T17:51:00Z
MOV-0005789,STR-004,SKU-303,SALE,-24,2026-07-09T10:30:00Z
MOV-0005790,STR-004,SKU-303,DELIVERY,200,2026-07-10T06:26:00Z
MOV-0005791,STR-004,SKU-303,SALE,-31,2026-07-10T11:44:00Z
MOV-0005792,STR-004,SKU-303,SALE,-32,2026-07-11T15:44:00Z
MOV-0005793,STR-004,SKU-303,SALE,-28,2026-07-12T13:09:00Z
MOV-0005794,STR-004,SKU-303,SALE,-24,2026-07-13T07:13:00Z
MOV-0005795,STR-004,SKU-303,SALE,-24,2026-07-14T11:37:00Z
MOV-0005796,STR-004,SKU-303,SALE,-24,2026-07-15T10:23:00Z
MOV-0005797,STR-004,SKU-303,SALE,-37,2026-07-16T12:39:00Z
MOV-0005798,STR-004,SKU-303,DELIVERY,223,2026-07-17T06:08:00Z
MOV-0005799,STR-004,SKU-303,SALE,-38,2026-07-17T12:39:00Z
MOV-0005800,STR-004,SKU-303,SALE,-34,2026-07-18T07:15:00Z
MOV-0005801,STR-004,SKU-303,SALE,-35,2026-07-19T09:40:00Z
MOV-0005802,STR-004,SKU-303,SALE,-29,2026-07-20T18:36:00Z
MOV-0005803,STR-004,SKU-303,SALE,-23,2026-07-21T11:27:00Z
MOV-0005804,STR-004,SKU-303,SALE,-30,2026-07-22T09:29:00Z
MOV-0005805,STR-004,SKU-303,ADJUSTMENT,-3,2026-07-23T12:26:00Z
MOV-0005806,STR-004,SKU-303,SALE,-31,2026-07-23T12:58:00Z
MOV-0005807,STR-004,SKU-303,DELIVERY,205,2026-07-24T06:43:00Z
MOV-0005808,STR-004,SKU-303,SALE,-30,2026-07-24T08:51:00Z
MOV-0005809,STR-004,SKU-303,SALE,-43,2026-07-25T12:09:00Z
MOV-0005810,STR-004,SKU-303,SALE,-37,2026-07-26T11:26:00Z
MOV-0005811,STR-004,SKU-303,SALE,-19,2026-07-27T18:52:00Z
MOV-0005812,STR-004,SKU-303,SALE,-19,2026-07-28T17:49:00Z
MOV-0005813,STR-004,SKU-303,SALE,-29,2026-07-29T09:54:00Z
MOV-0005814,STR-004,SKU-303,SALE,-28,2026-07-30T15:01:00Z
MOV-0005815,STR-004,SKU-303,DELIVERY,186,2026-07-31T06:58:00Z
MOV-0005816,STR-004,SKU-303,SALE,-34,2026-07-31T09:05:00Z
MOV-0005817,STR-004,SKU-303,SALE,-33,2026-08-01T12:26:00Z
MOV-0005818,STR-004,SKU-303,SALE,-36,2026-08-02T18:15:00Z
MOV-0005819,STR-004,SKU-303,SALE,-18,2026-08-03T07:38:00Z
MOV-0005820,STR-004,SKU-303,SALE,-21,2026-08-04T17:35:00Z
MOV-0005821,STR-004,SKU-303,SALE,-20,2026-08-05T07:03:00Z
MOV-0005822,STR-004,SKU-303,SALE,-24,2026-08-06T16:06:00Z
MOV-0005823,STR-004,SKU-303,DELIVERY,173,2026-08-07T06:41:00Z
MOV-0005824,STR-004,SKU-303,SALE,-23,2026-08-07T09:43:00Z
MOV-0005825,STR-004,SKU-303,SALE,-28,2026-08-08T11:26:00Z
MOV-0005826,STR-004,SKU-303,SALE,-26,2026-08-09T17:55:00Z
MOV-0005827,STR-004,SKU-303,SALE,-18,2026-08-10T18:56:00Z
MOV-0005828,STR-004,SKU-303,SALE,-27,2026-08-11T18:55:00Z
MOV-0005829,STR-004,SKU-303,SALE,-28,2026-08-12T09:44:00Z
MOV-0005830,STR-004,SKU-303,SALE,-23,2026-08-13T09:47:00Z
MOV-0005831,STR-004,SKU-303,DELIVERY,215,2026-08-14T06:16:00Z
MOV-0005832,STR-004,SKU-303,SALE,-27,2026-08-14T15:31:00Z
MOV-0005833,STR-004,SKU-303,SALE,-31,2026-08-15T14:42:00Z
MOV-0005834,STR-004,SKU-303,SALE,-32,2026-08-16T18:55:00Z
MOV-0005835,STR-004,SKU-303,SALE,-21,2026-08-17T13:20:00Z
MOV-0005836,STR-004,SKU-303,SALE,-34,2026-08-18T08:25:00Z
MOV-0005837,STR-004,SKU-303,SALE,-33,2026-08-19T16:09:00Z
MOV-0005838,STR-004,SKU-303,SALE,-37,2026-08-20T13:00:00Z
MOV-0005839,STR-004,SKU-303,DELIVERY,217,2026-08-21T06:55:00Z
MOV-0005840,STR-004,SKU-303,SALE,-31,2026-08-21T08:02:00Z
MOV-0005841,STR-004,SKU-303,SALE,-37,2026-08-22T09:18:00Z
MOV-0005842,STR-004,SKU-303,SALE,-33,2026-08-23T12:39:00Z
MOV-0005843,STR-004,SKU-303,SALE,-25,2026-08-24T14:01:00Z
MOV-0005844,STR-004,SKU-303,SALE,-32,2026-08-25T11:03:00Z
MOV-0005845,STR-004,SKU-303,SALE,-27,2026-08-26T10:06:00Z
MOV-0005846,STR-004,SKU-303,SALE,-32,2026-08-27T11:55:00Z
MOV-0005847,STR-004,SKU-303,DELIVERY,157,2026-08-28T06:46:00Z
MOV-0005848,STR-004,SKU-303,SALE,-38,2026-08-28T15:35:00Z
MOV-0005849,STR-004,SKU-303,SALE,-46,2026-08-29T16:16:00Z
MOV-0005850,STR-004,SKU-303,SALE,-29,2026-08-30T18:46:00Z
MOV-0005851,STR-004,SKU-303,SALE,-23,2026-08-31T17:34:00Z
MOV-0005852,STR-004,SKU-303,SALE,-21,2026-09-01T15:33:00Z
MOV-0005853,STR-004,SKU-304,SALE,-25,2026-07-06T13:36:00Z
MOV-0005854,STR-004,SKU-304,SALE,-30,2026-07-07T09:01:00Z
MOV-0005855,STR-004,SKU-304,SALE,-38,2026-07-08T11:13:00Z
MOV-0005856,STR-004,SKU-304,SALE,-29,2026-07-09T18:18:00Z
MOV-0005857,STR-004,SKU-304,DELIVERY,235,2026-07-10T06:22:00Z
MOV-0005858,STR-004,SKU-304,SALE,-39,2026-07-10T11:57:00Z
MOV-0005859,STR-004,SKU-304,SALE,-35,2026-07-11T07:51:00Z
MOV-0005860,STR-004,SKU-304,SALE,-40,2026-07-12T09:03:00Z
MOV-0005861,STR-004,SKU-304,SALE,-23,2026-07-13T08:26:00Z
MOV-0005862,STR-004,SKU-304,SALE,-36,2026-07-14T18:50:00Z
MOV-0005863,STR-004,SKU-304,SALE,-30,2026-07-15T09:29:00Z
MOV-0005864,STR-004,SKU-304,SALE,-32,2026-07-16T17:32:00Z
MOV-0005865,STR-004,SKU-304,DELIVERY,267,2026-07-17T06:30:00Z
MOV-0005866,STR-004,SKU-304,SALE,-46,2026-07-17T08:03:00Z
MOV-0005867,STR-004,SKU-304,SALE,-42,2026-07-18T14:47:00Z
MOV-0005868,STR-004,SKU-304,SALE,-41,2026-07-19T09:48:00Z
MOV-0005869,STR-004,SKU-304,SALE,-29,2026-07-20T08:42:00Z
MOV-0005870,STR-004,SKU-304,SALE,-33,2026-07-21T10:50:00Z
MOV-0005871,STR-004,SKU-304,SALE,-34,2026-07-22T10:08:00Z
MOV-0005872,STR-004,SKU-304,SALE,-42,2026-07-23T16:30:00Z
MOV-0005873,STR-004,SKU-304,DELIVERY,240,2026-07-24T06:55:00Z
MOV-0005874,STR-004,SKU-304,SALE,-31,2026-07-24T18:19:00Z
MOV-0005875,STR-004,SKU-304,SALE,-39,2026-07-25T12:54:00Z
MOV-0005876,STR-004,SKU-304,SALE,-40,2026-07-26T12:42:00Z
MOV-0005877,STR-004,SKU-304,SALE,-31,2026-07-27T12:58:00Z
MOV-0005878,STR-004,SKU-304,SALE,-35,2026-07-28T14:31:00Z
MOV-0005879,STR-004,SKU-304,SALE,-35,2026-07-29T18:49:00Z
MOV-0005880,STR-004,SKU-304,SALE,-29,2026-07-30T07:48:00Z
MOV-0005881,STR-004,SKU-304,DELIVERY,272,2026-07-31T06:13:00Z
MOV-0005882,STR-004,SKU-304,SALE,-36,2026-07-31T08:02:00Z
MOV-0005883,STR-004,SKU-304,SALE,-46,2026-08-01T12:24:00Z
MOV-0005884,STR-004,SKU-304,SALE,-46,2026-08-02T14:56:00Z
MOV-0005885,STR-004,SKU-304,SALE,-34,2026-08-03T09:13:00Z
MOV-0005886,STR-004,SKU-304,SALE,-38,2026-08-04T12:03:00Z
MOV-0005887,STR-004,SKU-304,SALE,-34,2026-08-05T14:02:00Z
MOV-0005888,STR-004,SKU-304,SALE,-38,2026-08-06T18:36:00Z
MOV-0005889,STR-004,SKU-304,DELIVERY,249,2026-08-07T06:28:00Z
MOV-0005890,STR-004,SKU-304,SALE,-35,2026-08-07T09:31:00Z
MOV-0005891,STR-004,SKU-304,SALE,-59,2026-08-08T14:44:00Z
MOV-0005892,STR-004,SKU-304,SALE,-47,2026-08-09T14:48:00Z
MOV-0005893,STR-004,SKU-304,SALE,-21,2026-08-10T07:47:00Z
MOV-0005894,STR-004,SKU-304,SALE,-32,2026-08-11T13:22:00Z
MOV-0005895,STR-004,SKU-304,SALE,-30,2026-08-12T12:34:00Z
MOV-0005896,STR-004,SKU-304,SALE,-25,2026-08-13T16:28:00Z
MOV-0005897,STR-004,SKU-304,DELIVERY,239,2026-08-14T06:08:00Z
MOV-0005898,STR-004,SKU-304,SALE,-29,2026-08-14T13:34:00Z
MOV-0005899,STR-004,SKU-304,SALE,-37,2026-08-15T11:29:00Z
MOV-0005900,STR-004,SKU-304,SALE,-34,2026-08-16T16:22:00Z
MOV-0005901,STR-004,SKU-304,SALE,-27,2026-08-17T17:48:00Z
MOV-0005902,STR-004,SKU-304,SALE,-37,2026-08-18T16:58:00Z
MOV-0005903,STR-004,SKU-304,SALE,-36,2026-08-19T16:15:00Z
MOV-0005904,STR-004,SKU-304,SALE,-39,2026-08-20T17:21:00Z
MOV-0005905,STR-004,SKU-304,DELIVERY,230,2026-08-21T06:33:00Z
MOV-0005906,STR-004,SKU-304,SALE,-39,2026-08-21T13:47:00Z
MOV-0005907,STR-004,SKU-304,SALE,-35,2026-08-22T13:19:00Z
MOV-0005908,STR-004,SKU-304,SALE,-49,2026-08-23T11:41:00Z
MOV-0005909,STR-004,SKU-304,SALE,-21,2026-08-24T10:10:00Z
MOV-0005910,STR-004,SKU-304,SALE,-29,2026-08-25T08:28:00Z
MOV-0005911,STR-004,SKU-304,SALE,-30,2026-08-26T13:39:00Z
MOV-0005912,STR-004,SKU-304,SALE,-27,2026-08-27T11:18:00Z
MOV-0005913,STR-004,SKU-304,DELIVERY,152,2026-08-28T06:32:00Z
MOV-0005914,STR-004,SKU-304,SALE,-31,2026-08-28T16:55:00Z
MOV-0005915,STR-004,SKU-304,SALE,-39,2026-08-29T14:08:00Z
MOV-0005916,STR-004,SKU-304,SALE,-32,2026-08-30T12:47:00Z
MOV-0005917,STR-004,SKU-304,SALE,-25,2026-08-31T09:49:00Z
MOV-0005918,STR-004,SKU-304,SALE,-25,2026-09-01T18:46:00Z
MOV-0005919,STR-004,SKU-401,SALE,-16,2026-07-06T10:33:00Z
MOV-0005920,STR-004,SKU-401,SALE,-18,2026-07-07T09:32:00Z
MOV-0005921,STR-004,SKU-401,SALE,-23,2026-07-08T12:08:00Z
MOV-0005922,STR-004,SKU-401,SALE,-19,2026-07-09T18:06:00Z
MOV-0005923,STR-004,SKU-401,SALE,-26,2026-07-10T17:27:00Z
MOV-0005924,STR-004,SKU-401,DELIVERY,186,2026-07-11T06:57:00Z
MOV-0005925,STR-004,SKU-401,SALE,-29,2026-07-11T13:57:00Z
MOV-0005926,STR-004,SKU-401,SALE,-28,2026-07-12T12:35:00Z
MOV-0005927,STR-004,SKU-401,SALE,-24,2026-07-13T08:33:00Z
MOV-0005928,STR-004,SKU-401,SALE,-25,2026-07-14T17:46:00Z
MOV-0005929,STR-004,SKU-401,SALE,-21,2026-07-15T14:13:00Z
MOV-0005930,STR-004,SKU-401,SALE,-28,2026-07-16T07:53:00Z
MOV-0005931,STR-004,SKU-401,SALE,-31,2026-07-17T07:37:00Z
MOV-0005932,STR-004,SKU-401,DELIVERY,156,2026-07-18T06:24:00Z
MOV-0005933,STR-004,SKU-401,SALE,-29,2026-07-18T16:54:00Z
MOV-0005934,STR-004,SKU-401,SALE,-24,2026-07-19T18:12:00Z
MOV-0005935,STR-004,SKU-401,SALE,-18,2026-07-20T13:39:00Z
MOV-0005936,STR-004,SKU-401,SALE,-19,2026-07-21T13:55:00Z
MOV-0005937,STR-004,SKU-401,SALE,-16,2026-07-22T10:49:00Z
MOV-0005938,STR-004,SKU-401,SALE,-24,2026-07-23T09:45:00Z
MOV-0005939,STR-004,SKU-401,SALE,-26,2026-07-24T15:06:00Z
MOV-0005940,STR-004,SKU-401,DELIVERY,188,2026-07-25T06:26:00Z
MOV-0005941,STR-004,SKU-401,SALE,-24,2026-07-25T15:39:00Z
MOV-0005942,STR-004,SKU-401,SALE,-24,2026-07-26T12:32:00Z
MOV-0005943,STR-004,SKU-401,SALE,-26,2026-07-27T10:38:00Z
MOV-0005944,STR-004,SKU-401,SALE,-30,2026-07-28T10:38:00Z
MOV-0005945,STR-004,SKU-401,SALE,-26,2026-07-29T14:04:00Z
MOV-0005946,STR-004,SKU-401,SALE,-27,2026-07-30T07:45:00Z
MOV-0005947,STR-004,SKU-401,SALE,-31,2026-07-31T12:15:00Z
MOV-0005948,STR-004,SKU-401,DELIVERY,167,2026-08-01T06:56:00Z
MOV-0005949,STR-004,SKU-401,SALE,-32,2026-08-01T13:47:00Z
MOV-0005950,STR-004,SKU-401,SALE,-32,2026-08-02T08:18:00Z
MOV-0005951,STR-004,SKU-401,SALE,-22,2026-08-03T10:10:00Z
MOV-0005952,STR-004,SKU-401,SALE,-17,2026-08-04T08:38:00Z
MOV-0005953,STR-004,SKU-401,SALE,-20,2026-08-05T09:31:00Z
MOV-0005954,STR-004,SKU-401,SALE,-23,2026-08-06T18:32:00Z
MOV-0005955,STR-004,SKU-401,SALE,-21,2026-08-07T15:52:00Z
MOV-0005956,STR-004,SKU-401,DELIVERY,155,2026-08-08T06:00:00Z
MOV-0005957,STR-004,SKU-401,SALE,-23,2026-08-08T14:24:00Z
MOV-0005958,STR-004,SKU-401,SALE,-21,2026-08-09T08:11:00Z
MOV-0005959,STR-004,SKU-401,SALE,-20,2026-08-10T15:26:00Z
MOV-0005960,STR-004,SKU-401,SALE,-20,2026-08-11T08:52:00Z
MOV-0005961,STR-004,SKU-401,SALE,-25,2026-08-12T12:24:00Z
MOV-0005962,STR-004,SKU-401,SALE,-25,2026-08-13T08:25:00Z
MOV-0005963,STR-004,SKU-401,SALE,-21,2026-08-14T10:03:00Z
MOV-0005964,STR-004,SKU-401,DELIVERY,152,2026-08-15T06:49:00Z
MOV-0005965,STR-004,SKU-401,SALE,-23,2026-08-15T18:13:00Z
MOV-0005966,STR-004,SKU-401,SALE,-24,2026-08-16T09:23:00Z
MOV-0005967,STR-004,SKU-401,SALE,-16,2026-08-17T15:15:00Z
MOV-0005968,STR-004,SKU-401,SALE,-24,2026-08-18T17:27:00Z
MOV-0005969,STR-004,SKU-401,SALE,-18,2026-08-19T17:28:00Z
MOV-0005970,STR-004,SKU-401,SALE,-19,2026-08-20T10:53:00Z
MOV-0005971,STR-004,SKU-401,SALE,-28,2026-08-21T13:22:00Z
MOV-0005972,STR-004,SKU-401,DELIVERY,155,2026-08-22T06:04:00Z
MOV-0005973,STR-004,SKU-401,SALE,-26,2026-08-22T11:01:00Z
MOV-0005974,STR-004,SKU-401,SALE,-25,2026-08-23T11:56:00Z
MOV-0005975,STR-004,SKU-401,SALE,-22,2026-08-24T11:43:00Z
MOV-0005976,STR-004,SKU-401,SALE,-22,2026-08-25T17:10:00Z
MOV-0005977,STR-004,SKU-401,SALE,-20,2026-08-26T15:36:00Z
MOV-0005978,STR-004,SKU-401,SALE,-19,2026-08-27T18:39:00Z
MOV-0005979,STR-004,SKU-401,SALE,-21,2026-08-28T10:08:00Z
MOV-0005980,STR-004,SKU-401,DELIVERY,95,2026-08-29T06:01:00Z
MOV-0005981,STR-004,SKU-401,SALE,-26,2026-08-29T16:03:00Z
MOV-0005982,STR-004,SKU-401,SALE,-26,2026-08-30T08:55:00Z
MOV-0005983,STR-004,SKU-401,ADJUSTMENT,-2,2026-08-31T12:41:00Z
MOV-0005984,STR-004,SKU-401,SALE,-18,2026-08-31T18:21:00Z
MOV-0005985,STR-004,SKU-401,SALE,-23,2026-09-01T11:39:00Z
MOV-0005986,STR-004,SKU-402,SALE,-14,2026-07-06T17:48:00Z
MOV-0005987,STR-004,SKU-402,SALE,-12,2026-07-07T07:04:00Z
MOV-0005988,STR-004,SKU-402,SALE,-13,2026-07-08T11:31:00Z
MOV-0005989,STR-004,SKU-402,SALE,-15,2026-07-09T16:15:00Z
MOV-0005990,STR-004,SKU-402,SALE,-18,2026-07-10T10:57:00Z
MOV-0005991,STR-004,SKU-402,DELIVERY,111,2026-07-11T06:28:00Z
MOV-0005992,STR-004,SKU-402,SALE,-21,2026-07-11T17:12:00Z
MOV-0005993,STR-004,SKU-402,SALE,-17,2026-07-12T07:25:00Z
MOV-0005994,STR-004,SKU-402,SALE,-10,2026-07-13T10:47:00Z
MOV-0005995,STR-004,SKU-402,SALE,-16,2026-07-14T10:57:00Z
MOV-0005996,STR-004,SKU-402,SALE,-13,2026-07-15T13:53:00Z
MOV-0005997,STR-004,SKU-402,SALE,-18,2026-07-16T15:42:00Z
MOV-0005998,STR-004,SKU-402,SALE,-16,2026-07-17T12:10:00Z
MOV-0005999,STR-004,SKU-402,DELIVERY,109,2026-07-18T06:52:00Z
MOV-0006000,STR-004,SKU-402,SALE,-22,2026-07-18T15:45:00Z
MOV-0006001,STR-004,SKU-402,SALE,-19,2026-07-19T14:32:00Z
MOV-0006002,STR-004,SKU-402,SALE,-12,2026-07-20T11:42:00Z
MOV-0006003,STR-004,SKU-402,SALE,-13,2026-07-21T12:05:00Z
MOV-0006004,STR-004,SKU-402,SALE,-12,2026-07-22T16:46:00Z
MOV-0006005,STR-004,SKU-402,SALE,-13,2026-07-23T08:55:00Z
MOV-0006006,STR-004,SKU-402,SALE,-18,2026-07-24T13:56:00Z
MOV-0006007,STR-004,SKU-402,DELIVERY,95,2026-07-25T06:56:00Z
MOV-0006008,STR-004,SKU-402,SALE,-17,2026-07-25T16:52:00Z
MOV-0006009,STR-004,SKU-402,SALE,-16,2026-07-26T15:26:00Z
MOV-0006010,STR-004,SKU-402,SALE,-10,2026-07-27T14:41:00Z
MOV-0006011,STR-004,SKU-402,SALE,-11,2026-07-28T17:04:00Z
MOV-0006012,STR-004,SKU-402,SALE,-13,2026-07-29T14:46:00Z
MOV-0006013,STR-004,SKU-402,SALE,-13,2026-07-30T11:12:00Z
MOV-0006014,STR-004,SKU-402,SALE,-15,2026-07-31T17:40:00Z
MOV-0006015,STR-004,SKU-402,DELIVERY,103,2026-08-01T06:43:00Z
MOV-0006016,STR-004,SKU-402,SALE,-17,2026-08-01T07:55:00Z
MOV-0006017,STR-004,SKU-402,SALE,-12,2026-08-02T16:38:00Z
MOV-0006018,STR-004,SKU-402,SALE,-12,2026-08-03T07:36:00Z
MOV-0006019,STR-004,SKU-402,SALE,-17,2026-08-04T17:32:00Z
MOV-0006020,STR-004,SKU-402,SALE,-16,2026-08-05T10:31:00Z
MOV-0006021,STR-004,SKU-402,SALE,-13,2026-08-06T16:45:00Z
MOV-0006022,STR-004,SKU-402,SALE,-16,2026-08-07T09:56:00Z
MOV-0006023,STR-004,SKU-402,DELIVERY,105,2026-08-08T06:28:00Z
MOV-0006024,STR-004,SKU-402,SALE,-22,2026-08-08T17:56:00Z
MOV-0006025,STR-004,SKU-402,SALE,-19,2026-08-09T17:26:00Z
MOV-0006026,STR-004,SKU-402,SALE,-11,2026-08-10T14:13:00Z
MOV-0006027,STR-004,SKU-402,SALE,-13,2026-08-11T18:08:00Z
MOV-0006028,STR-004,SKU-402,SALE,-14,2026-08-12T14:54:00Z
MOV-0006029,STR-004,SKU-402,SALE,-12,2026-08-13T16:01:00Z
MOV-0006030,STR-004,SKU-402,SALE,-14,2026-08-14T16:19:00Z
MOV-0006031,STR-004,SKU-402,DELIVERY,109,2026-08-15T06:43:00Z
MOV-0006032,STR-004,SKU-402,SALE,-14,2026-08-15T15:03:00Z
MOV-0006033,STR-004,SKU-402,SALE,-17,2026-08-16T10:33:00Z
MOV-0006034,STR-004,SKU-402,SALE,-12,2026-08-17T07:40:00Z
MOV-0006035,STR-004,SKU-402,SALE,-16,2026-08-18T08:38:00Z
MOV-0006036,STR-004,SKU-402,SALE,-17,2026-08-19T13:17:00Z
MOV-0006037,STR-004,SKU-402,SALE,-13,2026-08-20T12:22:00Z
MOV-0006038,STR-004,SKU-402,SALE,-20,2026-08-21T09:13:00Z
MOV-0006039,STR-004,SKU-402,DELIVERY,108,2026-08-22T06:03:00Z
MOV-0006040,STR-004,SKU-402,SALE,-17,2026-08-22T18:39:00Z
MOV-0006041,STR-004,SKU-402,SALE,-18,2026-08-23T08:10:00Z
MOV-0006042,STR-004,SKU-402,SALE,-13,2026-08-24T07:17:00Z
MOV-0006043,STR-004,SKU-402,SALE,-16,2026-08-25T15:25:00Z
MOV-0006044,STR-004,SKU-402,SALE,-14,2026-08-26T12:58:00Z
MOV-0006045,STR-004,SKU-402,SALE,-13,2026-08-27T17:40:00Z
MOV-0006046,STR-004,SKU-402,SALE,-17,2026-08-28T13:38:00Z
MOV-0006047,STR-004,SKU-402,DELIVERY,67,2026-08-29T06:35:00Z
MOV-0006048,STR-004,SKU-402,SALE,-19,2026-08-29T17:32:00Z
MOV-0006049,STR-004,SKU-402,SALE,-16,2026-08-30T09:11:00Z
MOV-0006050,STR-004,SKU-402,SALE,-14,2026-08-31T08:32:00Z
MOV-0006051,STR-004,SKU-402,SALE,-18,2026-09-01T17:27:00Z
MOV-0006052,STR-004,SKU-403,SALE,-12,2026-07-06T07:28:00Z
MOV-0006053,STR-004,SKU-403,SALE,-14,2026-07-07T18:56:00Z
MOV-0006054,STR-004,SKU-403,DELIVERY,117,2026-07-08T06:47:00Z
MOV-0006055,STR-004,SKU-403,SALE,-16,2026-07-08T08:26:00Z
MOV-0006056,STR-004,SKU-403,SALE,-18,2026-07-09T16:12:00Z
MOV-0006057,STR-004,SKU-403,SALE,-17,2026-07-10T14:30:00Z
MOV-0006058,STR-004,SKU-403,SALE,-23,2026-07-11T11:00:00Z
MOV-0006059,STR-004,SKU-403,SALE,-16,2026-07-12T12:22:00Z
MOV-0006060,STR-004,SKU-403,SALE,-15,2026-07-13T08:29:00Z
MOV-0006061,STR-004,SKU-403,SALE,-12,2026-07-14T15:27:00Z
MOV-0006062,STR-004,SKU-403,DELIVERY,120,2026-07-15T06:43:00Z
MOV-0006063,STR-004,SKU-403,SALE,-14,2026-07-15T07:42:00Z
MOV-0006064,STR-004,SKU-403,SALE,-19,2026-07-16T16:46:00Z
MOV-0006065,STR-004,SKU-403,SALE,-19,2026-07-17T12:30:00Z
MOV-0006066,STR-004,SKU-403,SALE,-16,2026-07-18T10:31:00Z
MOV-0006067,STR-004,SKU-403,SALE,-21,2026-07-19T18:27:00Z
MOV-0006068,STR-004,SKU-403,SALE,-14,2026-07-20T14:50:00Z
MOV-0006069,STR-004,SKU-403,SALE,-17,2026-07-21T16:34:00Z
MOV-0006070,STR-004,SKU-403,DELIVERY,142,2026-07-22T06:16:00Z
MOV-0006071,STR-004,SKU-403,SALE,-15,2026-07-22T08:02:00Z
MOV-0006072,STR-004,SKU-403,SALE,-21,2026-07-23T16:44:00Z
MOV-0006073,STR-004,SKU-403,SALE,-21,2026-07-24T11:26:00Z
MOV-0006074,STR-004,SKU-403,SALE,-26,2026-07-25T18:01:00Z
MOV-0006075,STR-004,SKU-403,SALE,-24,2026-07-26T16:03:00Z
MOV-0006076,STR-004,SKU-403,SALE,-17,2026-07-27T18:23:00Z
MOV-0006077,STR-004,SKU-403,SALE,-18,2026-07-28T07:56:00Z
MOV-0006078,STR-004,SKU-403,DELIVERY,167,2026-07-29T06:29:00Z
MOV-0006079,STR-004,SKU-403,SALE,-24,2026-07-29T14:44:00Z
MOV-0006080,STR-004,SKU-403,SALE,-22,2026-07-30T11:36:00Z
MOV-0006081,STR-004,SKU-403,SALE,-27,2026-07-31T11:55:00Z
MOV-0006082,STR-004,SKU-403,SALE,-32,2026-08-01T16:21:00Z
MOV-0006083,STR-004,SKU-403,SALE,-22,2026-08-02T17:52:00Z
MOV-0006084,STR-004,SKU-403,SALE,-21,2026-08-03T18:10:00Z
MOV-0006085,STR-004,SKU-403,SALE,-19,2026-08-04T10:43:00Z
MOV-0006086,STR-004,SKU-403,DELIVERY,153,2026-08-05T06:07:00Z
MOV-0006087,STR-004,SKU-403,SALE,-22,2026-08-05T15:41:00Z
MOV-0006088,STR-004,SKU-403,SALE,-21,2026-08-06T14:57:00Z
MOV-0006089,STR-004,SKU-403,SALE,-23,2026-08-07T14:20:00Z
MOV-0006090,STR-004,SKU-403,SALE,-30,2026-08-08T08:16:00Z
MOV-0006091,STR-004,SKU-403,SALE,-23,2026-08-09T09:53:00Z
MOV-0006092,STR-004,SKU-403,SALE,-17,2026-08-10T14:27:00Z
MOV-0006093,STR-004,SKU-403,SALE,-17,2026-08-11T17:11:00Z
MOV-0006094,STR-004,SKU-403,DELIVERY,131,2026-08-12T06:48:00Z
MOV-0006095,STR-004,SKU-403,SALE,-16,2026-08-12T10:50:00Z
MOV-0006096,STR-004,SKU-403,SALE,-16,2026-08-13T18:48:00Z
MOV-0006097,STR-004,SKU-403,SALE,-24,2026-08-14T13:13:00Z
MOV-0006098,STR-004,SKU-403,SALE,-23,2026-08-15T10:06:00Z
MOV-0006099,STR-004,SKU-403,SALE,-24,2026-08-16T08:03:00Z
MOV-0006100,STR-004,SKU-403,SALE,-13,2026-08-17T15:10:00Z
MOV-0006101,STR-004,SKU-403,SALE,-15,2026-08-18T18:10:00Z
MOV-0006102,STR-004,SKU-403,DELIVERY,146,2026-08-19T06:01:00Z
MOV-0006103,STR-004,SKU-403,SALE,-19,2026-08-19T10:20:00Z
MOV-0006104,STR-004,SKU-403,SALE,-23,2026-08-20T17:13:00Z
MOV-0006105,STR-004,SKU-403,SALE,-25,2026-08-21T13:14:00Z
MOV-0006106,STR-004,SKU-403,SALE,-27,2026-08-22T12:21:00Z
MOV-0006107,STR-004,SKU-403,SALE,-24,2026-08-23T14:43:00Z
MOV-0006108,STR-004,SKU-403,SALE,-13,2026-08-24T15:10:00Z
MOV-0006109,STR-004,SKU-403,SALE,-15,2026-08-25T16:42:00Z
MOV-0006110,STR-004,SKU-403,DELIVERY,124,2026-08-26T06:13:00Z
MOV-0006111,STR-004,SKU-403,SALE,-16,2026-08-26T09:31:00Z
MOV-0006112,STR-004,SKU-403,SALE,-14,2026-08-27T15:45:00Z
MOV-0006113,STR-004,SKU-403,SALE,-19,2026-08-28T17:43:00Z
MOV-0006114,STR-004,SKU-403,SALE,-21,2026-08-29T15:51:00Z
MOV-0006115,STR-004,SKU-403,SALE,-21,2026-08-30T09:03:00Z
MOV-0006116,STR-004,SKU-403,SALE,-16,2026-08-31T10:58:00Z
MOV-0006117,STR-004,SKU-403,SALE,-17,2026-09-01T09:34:00Z
MOV-0006118,STR-004,SKU-501,DELIVERY,26,2026-07-06T06:15:00Z
MOV-0006119,STR-004,SKU-501,SALE,-3,2026-07-06T08:00:00Z
MOV-0006120,STR-004,SKU-501,SALE,-4,2026-07-07T17:15:00Z
MOV-0006121,STR-004,SKU-501,SALE,-3,2026-07-08T13:28:00Z
MOV-0006122,STR-004,SKU-501,SALE,-4,2026-07-09T18:33:00Z
MOV-0006123,STR-004,SKU-501,SALE,-4,2026-07-10T10:08:00Z
MOV-0006124,STR-004,SKU-501,SALE,-4,2026-07-11T10:57:00Z
MOV-0006125,STR-004,SKU-501,SALE,-4,2026-07-12T07:33:00Z
MOV-0006126,STR-004,SKU-501,DELIVERY,31,2026-07-13T06:00:00Z
MOV-0006127,STR-004,SKU-501,SALE,-3,2026-07-13T17:32:00Z
MOV-0006128,STR-004,SKU-501,SALE,-4,2026-07-14T16:00:00Z
MOV-0006129,STR-004,SKU-501,SALE,-4,2026-07-15T13:53:00Z
MOV-0006130,STR-004,SKU-501,SALE,-4,2026-07-16T08:19:00Z
MOV-0006131,STR-004,SKU-501,SALE,-5,2026-07-17T10:01:00Z
MOV-0006132,STR-004,SKU-501,SALE,-6,2026-07-18T14:58:00Z
MOV-0006133,STR-004,SKU-501,SALE,-5,2026-07-19T15:21:00Z
MOV-0006134,STR-004,SKU-501,DELIVERY,23,2026-07-20T06:37:00Z
MOV-0006135,STR-004,SKU-501,SALE,-3,2026-07-20T16:06:00Z
MOV-0006136,STR-004,SKU-501,SALE,-3,2026-07-21T10:49:00Z
MOV-0006137,STR-004,SKU-501,SALE,-4,2026-07-22T13:03:00Z
MOV-0006138,STR-004,SKU-501,SALE,-2,2026-07-23T10:22:00Z
MOV-0006139,STR-004,SKU-501,SALE,-4,2026-07-24T13:08:00Z
MOV-0006140,STR-004,SKU-501,SALE,-4,2026-07-25T08:14:00Z
MOV-0006141,STR-004,SKU-501,SALE,-3,2026-07-26T14:49:00Z
MOV-0006142,STR-004,SKU-501,DELIVERY,26,2026-07-27T06:45:00Z
MOV-0006143,STR-004,SKU-501,SALE,-3,2026-07-27T09:02:00Z
MOV-0006144,STR-004,SKU-501,SALE,-3,2026-07-28T09:15:00Z
MOV-0006145,STR-004,SKU-501,SALE,-3,2026-07-29T08:36:00Z
MOV-0006146,STR-004,SKU-501,SALE,-4,2026-07-30T17:27:00Z
MOV-0006147,STR-004,SKU-501,SALE,-5,2026-07-31T07:36:00Z
MOV-0006148,STR-004,SKU-501,SALE,-5,2026-08-01T09:32:00Z
MOV-0006149,STR-004,SKU-501,SALE,-3,2026-08-02T12:12:00Z
MOV-0006150,STR-004,SKU-501,DELIVERY,27,2026-08-03T06:31:00Z
MOV-0006151,STR-004,SKU-501,SALE,-3,2026-08-03T07:39:00Z
MOV-0006152,STR-004,SKU-501,SALE,-4,2026-08-04T15:31:00Z
MOV-0006153,STR-004,SKU-501,SALE,-3,2026-08-05T13:33:00Z
MOV-0006154,STR-004,SKU-501,SALE,-4,2026-08-06T10:21:00Z
MOV-0006155,STR-004,SKU-501,SALE,-4,2026-08-07T09:46:00Z
MOV-0006156,STR-004,SKU-501,SALE,-5,2026-08-08T17:19:00Z
MOV-0006157,STR-004,SKU-501,SALE,-4,2026-08-09T17:26:00Z
MOV-0006158,STR-004,SKU-501,DELIVERY,25,2026-08-10T06:22:00Z
MOV-0006159,STR-004,SKU-501,SALE,-3,2026-08-10T16:20:00Z
MOV-0006160,STR-004,SKU-501,SALE,-4,2026-08-11T08:53:00Z
MOV-0006161,STR-004,SKU-501,SALE,-4,2026-08-12T10:21:00Z
MOV-0006162,STR-004,SKU-501,SALE,-3,2026-08-13T17:14:00Z
MOV-0006163,STR-004,SKU-501,SALE,-3,2026-08-14T17:43:00Z
MOV-0006164,STR-004,SKU-501,SALE,-4,2026-08-15T14:05:00Z
MOV-0006165,STR-004,SKU-501,SALE,-4,2026-08-16T12:25:00Z
MOV-0006166,STR-004,SKU-501,DELIVERY,26,2026-08-17T06:22:00Z
MOV-0006167,STR-004,SKU-501,SALE,-3,2026-08-17T16:29:00Z
MOV-0006168,STR-004,SKU-501,SALE,-4,2026-08-18T16:26:00Z
MOV-0006169,STR-004,SKU-501,SALE,-3,2026-08-19T10:40:00Z
MOV-0006170,STR-004,SKU-501,SALE,-3,2026-08-20T18:36:00Z
MOV-0006171,STR-004,SKU-501,SALE,-5,2026-08-21T10:38:00Z
MOV-0006172,STR-004,SKU-501,SALE,-4,2026-08-22T07:52:00Z
MOV-0006173,STR-004,SKU-501,SALE,-4,2026-08-23T14:13:00Z
MOV-0006174,STR-004,SKU-501,DELIVERY,29,2026-08-24T06:01:00Z
MOV-0006175,STR-004,SKU-501,SALE,-3,2026-08-24T18:54:00Z
MOV-0006176,STR-004,SKU-501,SALE,-3,2026-08-25T16:39:00Z
MOV-0006177,STR-004,SKU-501,SALE,-4,2026-08-26T13:43:00Z
MOV-0006178,STR-004,SKU-501,SALE,-4,2026-08-27T16:42:00Z
MOV-0006179,STR-004,SKU-501,SALE,-5,2026-08-28T12:41:00Z
MOV-0006180,STR-004,SKU-501,SALE,-5,2026-08-29T11:29:00Z
MOV-0006181,STR-004,SKU-501,SALE,-5,2026-08-30T17:55:00Z
MOV-0006182,STR-004,SKU-501,DELIVERY,6,2026-08-31T06:42:00Z
MOV-0006183,STR-004,SKU-501,SALE,-3,2026-08-31T15:37:00Z
MOV-0006184,STR-004,SKU-501,SALE,-3,2026-09-01T16:01:00Z
MOV-0006185,STR-004,SKU-502,SALE,-1,2026-07-06T10:20:00Z
MOV-0006186,STR-004,SKU-502,DELIVERY,12,2026-07-07T06:38:00Z
MOV-0006187,STR-004,SKU-502,SALE,-1,2026-07-07T10:35:00Z
MOV-0006188,STR-004,SKU-502,SALE,-1,2026-07-08T07:47:00Z
MOV-0006189,STR-004,SKU-502,SALE,-2,2026-07-09T09:20:00Z
MOV-0006190,STR-004,SKU-502,SALE,-2,2026-07-10T16:39:00Z
MOV-0006191,STR-004,SKU-502,SALE,-2,2026-07-11T09:56:00Z
MOV-0006192,STR-004,SKU-502,SALE,-2,2026-07-12T12:08:00Z
MOV-0006193,STR-004,SKU-502,SALE,-2,2026-07-13T10:46:00Z
MOV-0006194,STR-004,SKU-502,DELIVERY,11,2026-07-14T06:06:00Z
MOV-0006195,STR-004,SKU-502,SALE,-2,2026-07-14T18:58:00Z
MOV-0006196,STR-004,SKU-502,ADJUSTMENT,4,2026-07-15T12:25:00Z
MOV-0006197,STR-004,SKU-502,SALE,-2,2026-07-15T16:58:00Z
MOV-0006198,STR-004,SKU-502,SALE,-2,2026-07-16T16:45:00Z
MOV-0006199,STR-004,SKU-502,SALE,-3,2026-07-17T18:47:00Z
MOV-0006200,STR-004,SKU-502,SALE,-2,2026-07-18T12:35:00Z
MOV-0006201,STR-004,SKU-502,SALE,-3,2026-07-19T07:29:00Z
MOV-0006202,STR-004,SKU-502,SALE,-1,2026-07-20T08:22:00Z
MOV-0006203,STR-004,SKU-502,DELIVERY,13,2026-07-21T06:41:00Z
MOV-0006204,STR-004,SKU-502,SALE,-2,2026-07-21T14:58:00Z
MOV-0006205,STR-004,SKU-502,SALE,-2,2026-07-22T15:17:00Z
MOV-0006206,STR-004,SKU-502,SALE,-1,2026-07-23T17:08:00Z
MOV-0006207,STR-004,SKU-502,SALE,-2,2026-07-24T10:32:00Z
MOV-0006208,STR-004,SKU-502,SALE,-2,2026-07-25T08:25:00Z
MOV-0006209,STR-004,SKU-502,SALE,-2,2026-07-26T08:00:00Z
MOV-0006210,STR-004,SKU-502,SALE,-2,2026-07-27T12:56:00Z
MOV-0006211,STR-004,SKU-502,DELIVERY,16,2026-07-28T06:11:00Z
MOV-0006212,STR-004,SKU-502,SALE,-2,2026-07-28T11:52:00Z
MOV-0006213,STR-004,SKU-502,SALE,-2,2026-07-29T11:21:00Z
MOV-0006214,STR-004,SKU-502,SALE,-3,2026-07-30T08:14:00Z
MOV-0006215,STR-004,SKU-502,SALE,-2,2026-07-31T16:40:00Z
MOV-0006216,STR-004,SKU-502,SALE,-3,2026-08-01T16:55:00Z
MOV-0006217,STR-004,SKU-502,SALE,-2,2026-08-02T17:01:00Z
MOV-0006218,STR-004,SKU-502,SALE,-2,2026-08-03T15:27:00Z
MOV-0006219,STR-004,SKU-502,DELIVERY,15,2026-08-04T06:35:00Z
MOV-0006220,STR-004,SKU-502,SALE,-2,2026-08-04T10:19:00Z
MOV-0006221,STR-004,SKU-502,SALE,-3,2026-08-05T08:24:00Z
MOV-0006222,STR-004,SKU-502,SALE,-2,2026-08-06T14:47:00Z
MOV-0006223,STR-004,SKU-502,SALE,-2,2026-08-07T16:33:00Z
MOV-0006224,STR-004,SKU-502,SALE,-2,2026-08-08T09:01:00Z
MOV-0006225,STR-004,SKU-502,SALE,-3,2026-08-09T14:23:00Z
MOV-0006226,STR-004,SKU-502,SALE,-1,2026-08-10T12:26:00Z
MOV-0006227,STR-004,SKU-502,DELIVERY,13,2026-08-11T06:23:00Z
MOV-0006228,STR-004,SKU-502,SALE,-2,2026-08-11T10:00:00Z
MOV-0006229,STR-004,SKU-502,SALE,-1,2026-08-12T14:49:00Z
MOV-0006230,STR-004,SKU-502,SALE,-2,2026-08-13T07:14:00Z
MOV-0006231,STR-004,SKU-502,SALE,-2,2026-08-14T11:43:00Z
MOV-0006232,STR-004,SKU-502,SALE,-2,2026-08-15T09:48:00Z
MOV-0006233,STR-004,SKU-502,SALE,-2,2026-08-16T18:58:00Z
MOV-0006234,STR-004,SKU-502,SALE,-2,2026-08-17T12:31:00Z
MOV-0006235,STR-004,SKU-502,DELIVERY,16,2026-08-18T06:32:00Z
MOV-0006236,STR-004,SKU-502,SALE,-2,2026-08-18T07:11:00Z
MOV-0006237,STR-004,SKU-502,SALE,-2,2026-08-19T09:36:00Z
MOV-0006238,STR-004,SKU-502,SALE,-2,2026-08-20T18:47:00Z
MOV-0006239,STR-004,SKU-502,SALE,-2,2026-08-21T16:28:00Z
MOV-0006240,STR-004,SKU-502,SALE,-3,2026-08-22T15:45:00Z
MOV-0006241,STR-004,SKU-502,SALE,-3,2026-08-23T07:45:00Z
MOV-0006242,STR-004,SKU-502,SALE,-2,2026-08-24T13:46:00Z
MOV-0006243,STR-004,SKU-502,DELIVERY,16,2026-08-25T06:22:00Z
MOV-0006244,STR-004,SKU-502,SALE,-2,2026-08-25T15:01:00Z
MOV-0006245,STR-004,SKU-502,SALE,-2,2026-08-26T13:14:00Z
MOV-0006246,STR-004,SKU-502,SALE,-2,2026-08-27T09:41:00Z
MOV-0006247,STR-004,SKU-502,SALE,-2,2026-08-28T08:04:00Z
MOV-0006248,STR-004,SKU-502,SALE,-3,2026-08-29T07:54:00Z
MOV-0006249,STR-004,SKU-502,SALE,-3,2026-08-30T08:10:00Z
MOV-0006250,STR-004,SKU-502,SALE,-2,2026-08-31T11:43:00Z
MOV-0006251,STR-004,SKU-502,DELIVERY,2,2026-09-01T06:04:00Z
MOV-0006252,STR-004,SKU-502,SALE,-2,2026-09-01T17:39:00Z
MOV-0006253,STR-004,SKU-503,DELIVERY,20,2026-07-06T06:15:00Z
MOV-0006254,STR-004,SKU-503,SALE,-2,2026-07-06T13:47:00Z
MOV-0006255,STR-004,SKU-503,SALE,-2,2026-07-07T07:13:00Z
MOV-0006256,STR-004,SKU-503,SALE,-3,2026-07-08T12:55:00Z
MOV-0006257,STR-004,SKU-503,SALE,-3,2026-07-09T18:18:00Z
MOV-0006258,STR-004,SKU-503,SALE,-3,2026-07-10T13:26:00Z
MOV-0006259,STR-004,SKU-503,SALE,-3,2026-07-11T11:53:00Z
MOV-0006260,STR-004,SKU-503,SALE,-4,2026-07-12T11:18:00Z
MOV-0006261,STR-004,SKU-503,DELIVERY,23,2026-07-13T06:39:00Z
MOV-0006262,STR-004,SKU-503,SALE,-3,2026-07-13T13:30:00Z
MOV-0006263,STR-004,SKU-503,SALE,-3,2026-07-14T12:02:00Z
MOV-0006264,STR-004,SKU-503,SALE,-3,2026-07-15T08:20:00Z
MOV-0006265,STR-004,SKU-503,SALE,-3,2026-07-16T10:51:00Z
MOV-0006266,STR-004,SKU-503,SALE,-4,2026-07-17T08:33:00Z
MOV-0006267,STR-004,SKU-503,SALE,-4,2026-07-18T08:02:00Z
MOV-0006268,STR-004,SKU-503,SALE,-3,2026-07-19T18:29:00Z
MOV-0006269,STR-004,SKU-503,DELIVERY,17,2026-07-20T06:05:00Z
MOV-0006270,STR-004,SKU-503,SALE,-2,2026-07-20T14:18:00Z
MOV-0006271,STR-004,SKU-503,SALE,-2,2026-07-21T07:32:00Z
MOV-0006272,STR-004,SKU-503,SALE,-2,2026-07-22T11:03:00Z
MOV-0006273,STR-004,SKU-503,SALE,-2,2026-07-23T11:35:00Z
MOV-0006274,STR-004,SKU-503,SALE,-3,2026-07-24T15:03:00Z
MOV-0006275,STR-004,SKU-503,SALE,-3,2026-07-25T12:45:00Z
MOV-0006276,STR-004,SKU-503,SALE,-3,2026-07-26T09:49:00Z
MOV-0006277,STR-004,SKU-503,DELIVERY,17,2026-07-27T06:28:00Z
MOV-0006278,STR-004,SKU-503,SALE,-2,2026-07-27T17:57:00Z
MOV-0006279,STR-004,SKU-503,SALE,-2,2026-07-28T10:07:00Z
MOV-0006280,STR-004,SKU-503,SALE,-2,2026-07-29T09:37:00Z
MOV-0006281,STR-004,SKU-503,SALE,-2,2026-07-30T08:21:00Z
MOV-0006282,STR-004,SKU-503,SALE,-3,2026-07-31T13:45:00Z
MOV-0006283,STR-004,SKU-503,SALE,-3,2026-08-01T15:22:00Z
MOV-0006284,STR-004,SKU-503,SALE,-3,2026-08-02T16:58:00Z
MOV-0006285,STR-004,SKU-503,DELIVERY,17,2026-08-03T06:48:00Z
MOV-0006286,STR-004,SKU-503,SALE,-2,2026-08-03T11:04:00Z
MOV-0006287,STR-004,SKU-503,SALE,-3,2026-08-04T16:29:00Z
MOV-0006288,STR-004,SKU-503,SALE,-2,2026-08-05T12:20:00Z
MOV-0006289,STR-004,SKU-503,SALE,-2,2026-08-06T09:53:00Z
MOV-0006290,STR-004,SKU-503,SALE,-2,2026-08-07T18:33:00Z
MOV-0006291,STR-004,SKU-503,SALE,-3,2026-08-08T16:02:00Z
MOV-0006292,STR-004,SKU-503,SALE,-3,2026-08-09T14:48:00Z
MOV-0006293,STR-004,SKU-503,DELIVERY,21,2026-08-10T06:07:00Z
MOV-0006294,STR-004,SKU-503,SALE,-3,2026-08-10T14:05:00Z
MOV-0006295,STR-004,SKU-503,SALE,-3,2026-08-11T16:02:00Z
MOV-0006296,STR-004,SKU-503,SALE,-2,2026-08-12T12:03:00Z
MOV-0006297,STR-004,SKU-503,SALE,-3,2026-08-13T08:09:00Z
MOV-0006298,STR-004,SKU-503,SALE,-3,2026-08-14T16:17:00Z
MOV-0006299,STR-004,SKU-503,SALE,-4,2026-08-15T12:31:00Z
MOV-0006300,STR-004,SKU-503,SALE,-3,2026-08-16T18:08:00Z
MOV-0006301,STR-004,SKU-503,DELIVERY,16,2026-08-17T06:21:00Z
MOV-0006302,STR-004,SKU-503,SALE,-2,2026-08-17T16:44:00Z
MOV-0006303,STR-004,SKU-503,SALE,-2,2026-08-18T18:37:00Z
MOV-0006304,STR-004,SKU-503,SALE,-2,2026-08-19T16:29:00Z
MOV-0006305,STR-004,SKU-503,SALE,-2,2026-08-20T18:42:00Z
MOV-0006306,STR-004,SKU-503,SALE,-3,2026-08-21T09:22:00Z
MOV-0006307,STR-004,SKU-503,SALE,-3,2026-08-22T09:18:00Z
MOV-0006308,STR-004,SKU-503,SALE,-2,2026-08-23T14:56:00Z
MOV-0006309,STR-004,SKU-503,DELIVERY,16,2026-08-24T06:05:00Z
MOV-0006310,STR-004,SKU-503,SALE,-2,2026-08-24T07:07:00Z
MOV-0006311,STR-004,SKU-503,SALE,-2,2026-08-25T15:32:00Z
MOV-0006312,STR-004,SKU-503,SALE,-2,2026-08-26T10:22:00Z
MOV-0006313,STR-004,SKU-503,SALE,-2,2026-08-27T16:27:00Z
MOV-0006314,STR-004,SKU-503,SALE,-3,2026-08-28T09:34:00Z
MOV-0006315,STR-004,SKU-503,SALE,-3,2026-08-29T10:14:00Z
MOV-0006316,STR-004,SKU-503,SALE,-2,2026-08-30T16:31:00Z
MOV-0006317,STR-004,SKU-503,DELIVERY,5,2026-08-31T06:11:00Z
MOV-0006318,STR-004,SKU-503,SALE,-2,2026-08-31T08:40:00Z
MOV-0006319,STR-004,SKU-503,SALE,-3,2026-09-01T10:06:00Z
MOV-0006320,STR-004,SKU-504,DELIVERY,9,2026-07-06T06:03:00Z
MOV-0006321,STR-004,SKU-504,SALE,-1,2026-07-06T08:33:00Z
MOV-0006322,STR-004,SKU-504,SALE,-1,2026-07-07T07:09:00Z
MOV-0006323,STR-004,SKU-504,SALE,-2,2026-07-08T10:58:00Z
MOV-0006324,STR-004,SKU-504,SALE,-1,2026-07-09T18:14:00Z
MOV-0006325,STR-004,SKU-504,SALE,-2,2026-07-10T07:31:00Z
MOV-0006326,STR-004,SKU-504,SALE,-2,2026-07-11T09:37:00Z
MOV-0006327,STR-004,SKU-504,ADJUSTMENT,3,2026-07-12T12:27:00Z
MOV-0006328,STR-004,SKU-504,SALE,-2,2026-07-12T14:19:00Z
MOV-0006329,STR-004,SKU-504,DELIVERY,9,2026-07-13T06:35:00Z
MOV-0006330,STR-004,SKU-504,SALE,-1,2026-07-13T17:18:00Z
MOV-0006331,STR-004,SKU-504,SALE,-1,2026-07-14T07:34:00Z
MOV-0006332,STR-004,SKU-504,SALE,-1,2026-07-15T13:29:00Z
MOV-0006333,STR-004,SKU-504,SALE,-1,2026-07-16T15:21:00Z
MOV-0006334,STR-004,SKU-504,SALE,-2,2026-07-17T11:02:00Z
MOV-0006335,STR-004,SKU-504,SALE,-2,2026-07-18T14:03:00Z
MOV-0006336,STR-004,SKU-504,SALE,-2,2026-07-19T09:17:00Z
MOV-0006337,STR-004,SKU-504,DELIVERY,13,2026-07-20T06:24:00Z
MOV-0006338,STR-004,SKU-504,SALE,-1,2026-07-20T07:57:00Z
MOV-0006339,STR-004,SKU-504,SALE,-2,2026-07-21T13:53:00Z
MOV-0006340,STR-004,SKU-504,SALE,-2,2026-07-22T18:42:00Z
MOV-0006341,STR-004,SKU-504,SALE,-2,2026-07-23T07:08:00Z
MOV-0006342,STR-004,SKU-504,SALE,-2,2026-07-24T17:13:00Z
MOV-0006343,STR-004,SKU-504,SALE,-2,2026-07-25T11:35:00Z
MOV-0006344,STR-004,SKU-504,SALE,-2,2026-07-26T12:49:00Z
MOV-0006345,STR-004,SKU-504,DELIVERY,11,2026-07-27T06:05:00Z
MOV-0006346,STR-004,SKU-504,SALE,-1,2026-07-27T15:39:00Z
MOV-0006347,STR-004,SKU-504,SALE,-1,2026-07-28T18:19:00Z
MOV-0006348,STR-004,SKU-504,SALE,-1,2026-07-29T10:40:00Z
MOV-0006349,STR-004,SKU-504,SALE,-2,2026-07-30T18:27:00Z
MOV-0006350,STR-004,SKU-504,SALE,-2,2026-07-31T18:35:00Z
MOV-0006351,STR-004,SKU-504,SALE,-2,2026-08-01T09:28:00Z
MOV-0006352,STR-004,SKU-504,SALE,-2,2026-08-02T08:53:00Z
MOV-0006353,STR-004,SKU-504,DELIVERY,13,2026-08-03T06:20:00Z
MOV-0006354,STR-004,SKU-504,SALE,-1,2026-08-03T08:58:00Z
MOV-0006355,STR-004,SKU-504,SALE,-2,2026-08-04T08:07:00Z
MOV-0006356,STR-004,SKU-504,SALE,-2,2026-08-05T10:06:00Z
MOV-0006357,STR-004,SKU-504,SALE,-2,2026-08-06T10:16:00Z
MOV-0006358,STR-004,SKU-504,SALE,-2,2026-08-07T10:54:00Z
MOV-0006359,STR-004,SKU-504,SALE,-2,2026-08-08T13:46:00Z
MOV-0006360,STR-004,SKU-504,SALE,-2,2026-08-09T17:55:00Z
MOV-0006361,STR-004,SKU-504,DELIVERY,12,2026-08-10T06:18:00Z
MOV-0006362,STR-004,SKU-504,SALE,-2,2026-08-10T07:27:00Z
MOV-0006363,STR-004,SKU-504,SALE,-2,2026-08-11T15:58:00Z
MOV-0006364,STR-004,SKU-504,SALE,-1,2026-08-12T10:11:00Z
MOV-0006365,STR-004,SKU-504,SALE,-2,2026-08-13T07:41:00Z
MOV-0006366,STR-004,SKU-504,SALE,-1,2026-08-14T14:01:00Z
MOV-0006367,STR-004,SKU-504,SALE,-2,2026-08-15T18:27:00Z
MOV-0006368,STR-004,SKU-504,SALE,-2,2026-08-16T18:30:00Z
MOV-0006369,STR-004,SKU-504,DELIVERY,10,2026-08-17T06:31:00Z
MOV-0006370,STR-004,SKU-504,SALE,-1,2026-08-17T16:12:00Z
MOV-0006371,STR-004,SKU-504,SALE,-1,2026-08-18T15:51:00Z
MOV-0006372,STR-004,SKU-504,SALE,-2,2026-08-19T15:21:00Z
MOV-0006373,STR-004,SKU-504,SALE,-1,2026-08-20T12:37:00Z
MOV-0006374,STR-004,SKU-504,SALE,-2,2026-08-21T07:25:00Z
MOV-0006375,STR-004,SKU-504,SALE,-2,2026-08-22T10:35:00Z
MOV-0006376,STR-004,SKU-504,SALE,-1,2026-08-23T07:11:00Z
MOV-0006377,STR-004,SKU-504,DELIVERY,12,2026-08-24T06:39:00Z
MOV-0006378,STR-004,SKU-504,SALE,-2,2026-08-24T09:34:00Z
MOV-0006379,STR-004,SKU-504,SALE,-1,2026-08-25T07:14:00Z
MOV-0006380,STR-004,SKU-504,SALE,-1,2026-08-26T17:24:00Z
MOV-0006381,STR-004,SKU-504,SALE,-2,2026-08-27T18:35:00Z
MOV-0006382,STR-004,SKU-504,SALE,-2,2026-08-28T15:56:00Z
MOV-0006383,STR-004,SKU-504,SALE,-2,2026-08-29T08:37:00Z
MOV-0006384,STR-004,SKU-504,SALE,-2,2026-08-30T12:11:00Z
MOV-0006385,STR-004,SKU-504,DELIVERY,2,2026-08-31T06:38:00Z
MOV-0006386,STR-004,SKU-504,SALE,-1,2026-08-31T18:25:00Z
MOV-0006387,STR-004,SKU-504,SALE,-1,2026-09-01T12:38:00Z
MOV-0006388,STR-004,SKU-601,SALE,-14,2026-07-06T13:01:00Z
MOV-0006389,STR-004,SKU-601,SALE,-16,2026-07-07T09:47:00Z
MOV-0006390,STR-004,SKU-601,SALE,-20,2026-07-08T11:01:00Z
MOV-0006391,STR-004,SKU-601,SALE,-19,2026-07-09T07:55:00Z
MOV-0006392,STR-004,SKU-601,DELIVERY,138,2026-07-10T06:55:00Z
MOV-0006393,STR-004,SKU-601,SALE,-20,2026-07-10T09:38:00Z
MOV-0006394,STR-004,SKU-601,SALE,-26,2026-07-11T10:20:00Z
MOV-0006395,STR-004,SKU-601,SALE,-19,2026-07-12T16:20:00Z
MOV-0006396,STR-004,SKU-601,SALE,-14,2026-07-13T09:56:00Z
MOV-0006397,STR-004,SKU-601,SALE,-17,2026-07-14T09:15:00Z
MOV-0006398,STR-004,SKU-601,SALE,-20,2026-07-15T09:08:00Z
MOV-0006399,STR-004,SKU-601,WASTE,-3,2026-07-15T21:23:00Z
MOV-0006400,STR-004,SKU-601,SALE,-19,2026-07-16T11:51:00Z
MOV-0006401,STR-004,SKU-601,DELIVERY,140,2026-07-17T06:32:00Z
MOV-0006402,STR-004,SKU-601,SALE,-21,2026-07-17T17:03:00Z
MOV-0006403,STR-004,SKU-601,SALE,-21,2026-07-18T18:09:00Z
MOV-0006404,STR-004,SKU-601,SALE,-17,2026-07-19T13:01:00Z
MOV-0006405,STR-004,SKU-601,SALE,-19,2026-07-20T16:58:00Z
MOV-0006406,STR-004,SKU-601,SALE,-16,2026-07-21T13:22:00Z
MOV-0006407,STR-004,SKU-601,WASTE,-3,2026-07-21T21:30:00Z
MOV-0006408,STR-004,SKU-601,SALE,-20,2026-07-22T16:11:00Z
MOV-0006409,STR-004,SKU-601,SALE,-23,2026-07-23T10:08:00Z
MOV-0006410,STR-004,SKU-601,DELIVERY,147,2026-07-24T06:27:00Z
MOV-0006411,STR-004,SKU-601,SALE,-20,2026-07-24T12:01:00Z
MOV-0006412,STR-004,SKU-601,SALE,-23,2026-07-25T18:35:00Z
MOV-0006413,STR-004,SKU-601,SALE,-23,2026-07-26T11:31:00Z
MOV-0006414,STR-004,SKU-601,SALE,-16,2026-07-27T09:26:00Z
MOV-0006415,STR-004,SKU-601,WASTE,-5,2026-07-27T21:36:00Z
MOV-0006416,STR-004,SKU-601,SALE,-20,2026-07-28T15:28:00Z
MOV-0006417,STR-004,SKU-601,SALE,-20,2026-07-29T08:58:00Z
MOV-0006418,STR-004,SKU-601,SALE,-18,2026-07-30T16:19:00Z
MOV-0006419,STR-004,SKU-601,WASTE,-2,2026-07-30T21:57:00Z
MOV-0006420,STR-004,SKU-601,DELIVERY,121,2026-07-31T06:13:00Z
MOV-0006421,STR-004,SKU-601,SALE,-18,2026-07-31T12:49:00Z
MOV-0006422,STR-004,SKU-601,WASTE,-2,2026-07-31T21:11:00Z
MOV-0006423,STR-004,SKU-601,SALE,-22,2026-08-01T15:55:00Z
MOV-0006424,STR-004,SKU-601,SALE,-22,2026-08-02T09:37:00Z
MOV-0006425,STR-004,SKU-601,SALE,-14,2026-08-03T18:19:00Z
MOV-0006426,STR-004,SKU-601,SALE,-14,2026-08-04T07:06:00Z
MOV-0006427,STR-004,SKU-601,SALE,-14,2026-08-05T13:13:00Z
MOV-0006428,STR-004,SKU-601,SALE,-15,2026-08-06T18:46:00Z
MOV-0006429,STR-004,SKU-601,DELIVERY,132,2026-08-07T06:46:00Z
MOV-0006430,STR-004,SKU-601,SALE,-19,2026-08-07T15:48:00Z
MOV-0006431,STR-004,SKU-601,SALE,-19,2026-08-08T09:10:00Z
MOV-0006432,STR-004,SKU-601,SALE,-19,2026-08-09T08:04:00Z
MOV-0006433,STR-004,SKU-601,SALE,-16,2026-08-10T18:55:00Z
MOV-0006434,STR-004,SKU-601,SALE,-17,2026-08-11T07:46:00Z
MOV-0006435,STR-004,SKU-601,SALE,-19,2026-08-12T15:31:00Z
MOV-0006436,STR-004,SKU-601,SALE,-18,2026-08-13T15:24:00Z
MOV-0006437,STR-004,SKU-601,WASTE,-5,2026-08-13T21:56:00Z
MOV-0006438,STR-004,SKU-601,DELIVERY,132,2026-08-14T06:36:00Z
MOV-0006439,STR-004,SKU-601,SALE,-19,2026-08-14T18:03:00Z
MOV-0006440,STR-004,SKU-601,SALE,-26,2026-08-15T13:42:00Z
MOV-0006441,STR-004,SKU-601,SALE,-23,2026-08-16T09:00:00Z
MOV-0006442,STR-004,SKU-601,WASTE,-4,2026-08-16T21:50:00Z
MOV-0006443,STR-004,SKU-601,SALE,-13,2026-08-17T17:35:00Z
MOV-0006444,STR-004,SKU-601,SALE,-15,2026-08-18T08:32:00Z
MOV-0006445,STR-004,SKU-601,SALE,-18,2026-08-19T12:30:00Z
MOV-0006446,STR-004,SKU-601,SALE,-14,2026-08-20T07:10:00Z
MOV-0006447,STR-004,SKU-601,DELIVERY,133,2026-08-21T06:26:00Z
MOV-0006448,STR-004,SKU-601,SALE,-19,2026-08-21T17:31:00Z
MOV-0006449,STR-004,SKU-601,SALE,-22,2026-08-22T15:37:00Z
MOV-0006450,STR-004,SKU-601,WASTE,-3,2026-08-22T21:01:00Z
MOV-0006451,STR-004,SKU-601,SALE,-22,2026-08-23T13:31:00Z
MOV-0006452,STR-004,SKU-601,SALE,-12,2026-08-24T14:46:00Z
MOV-0006453,STR-004,SKU-601,WASTE,-4,2026-08-24T21:30:00Z
MOV-0006454,STR-004,SKU-601,SALE,-12,2026-08-25T16:21:00Z
MOV-0006455,STR-004,SKU-601,SALE,-17,2026-08-26T18:16:00Z
MOV-0006456,STR-004,SKU-601,WASTE,-4,2026-08-26T21:52:00Z
MOV-0006457,STR-004,SKU-601,SALE,-18,2026-08-27T16:56:00Z
MOV-0006458,STR-004,SKU-601,DELIVERY,86,2026-08-28T06:04:00Z
MOV-0006459,STR-004,SKU-601,SALE,-17,2026-08-28T07:20:00Z
MOV-0006460,STR-004,SKU-601,SALE,-18,2026-08-29T18:36:00Z
MOV-0006461,STR-004,SKU-601,SALE,-19,2026-08-30T13:01:00Z
MOV-0006462,STR-004,SKU-601,SALE,-12,2026-08-31T13:21:00Z
MOV-0006463,STR-004,SKU-601,SALE,-17,2026-09-01T13:10:00Z
MOV-0006464,STR-004,SKU-601,WASTE,-3,2026-09-01T21:51:00Z
MOV-0006465,STR-004,SKU-602,SALE,-11,2026-07-06T14:19:00Z
MOV-0006466,STR-004,SKU-602,SALE,-11,2026-07-07T16:15:00Z
MOV-0006467,STR-004,SKU-602,SALE,-13,2026-07-08T09:01:00Z
MOV-0006468,STR-004,SKU-602,SALE,-17,2026-07-09T17:48:00Z
MOV-0006469,STR-004,SKU-602,SALE,-17,2026-07-10T15:10:00Z
MOV-0006470,STR-004,SKU-602,DELIVERY,109,2026-07-11T06:58:00Z
MOV-0006471,STR-004,SKU-602,SALE,-15,2026-07-11T17:08:00Z
MOV-0006472,STR-004,SKU-602,WASTE,-3,2026-07-11T21:50:00Z
MOV-0006473,STR-004,SKU-602,SALE,-16,2026-07-12T13:49:00Z
MOV-0006474,STR-004,SKU-602,SALE,-11,2026-07-13T17:57:00Z
MOV-0006475,STR-004,SKU-602,SALE,-13,2026-07-14T18:39:00Z
MOV-0006476,STR-004,SKU-602,SALE,-15,2026-07-15T15:58:00Z
MOV-0006477,STR-004,SKU-602,WASTE,-2,2026-07-15T21:06:00Z
MOV-0006478,STR-004,SKU-602,SALE,-12,2026-07-16T10:42:00Z
MOV-0006479,STR-004,SKU-602,WASTE,-2,2026-07-16T21:16:00Z
MOV-0006480,STR-004,SKU-602,SALE,-15,2026-07-17T16:02:00Z
MOV-0006481,STR-004,SKU-602,WASTE,-5,2026-07-17T21:18:00Z
MOV-0006482,STR-004,SKU-602,DELIVERY,93,2026-07-18T06:05:00Z
MOV-0006483,STR-004,SKU-602,SALE,-16,2026-07-18T08:47:00Z
MOV-0006484,STR-004,SKU-602,SALE,-14,2026-07-19T15:40:00Z
MOV-0006485,STR-004,SKU-602,WASTE,-2,2026-07-19T21:43:00Z
MOV-0006486,STR-004,SKU-602,SALE,-10,2026-07-20T09:50:00Z
MOV-0006487,STR-004,SKU-602,ADJUSTMENT,2,2026-07-20T12:23:00Z
MOV-0006488,STR-004,SKU-602,SALE,-10,2026-07-21T17:26:00Z
MOV-0006489,STR-004,SKU-602,SALE,-11,2026-07-22T10:03:00Z
MOV-0006490,STR-004,SKU-602,WASTE,-2,2026-07-22T21:53:00Z
MOV-0006491,STR-004,SKU-602,SALE,-11,2026-07-23T14:20:00Z
MOV-0006492,STR-004,SKU-602,WASTE,-1,2026-07-23T21:18:00Z
MOV-0006493,STR-004,SKU-602,SALE,-14,2026-07-24T17:18:00Z
MOV-0006494,STR-004,SKU-602,WASTE,-4,2026-07-24T21:52:00Z
MOV-0006495,STR-004,SKU-602,DELIVERY,99,2026-07-25T06:55:00Z
MOV-0006496,STR-004,SKU-602,SALE,-18,2026-07-25T13:12:00Z
MOV-0006497,STR-004,SKU-602,SALE,-18,2026-07-26T09:44:00Z
MOV-0006498,STR-004,SKU-602,SALE,-11,2026-07-27T18:48:00Z
MOV-0006499,STR-004,SKU-602,SALE,-13,2026-07-28T18:36:00Z
MOV-0006500,STR-004,SKU-602,SALE,-13,2026-07-29T15:33:00Z
MOV-0006501,STR-004,SKU-602,SALE,-12,2026-07-30T10:28:00Z
MOV-0006502,STR-004,SKU-602,SALE,-14,2026-07-31T17:54:00Z
MOV-0006503,STR-004,SKU-602,DELIVERY,107,2026-08-01T06:03:00Z
MOV-0006504,STR-004,SKU-602,SALE,-13,2026-08-01T13:11:00Z
MOV-0006505,STR-004,SKU-602,SALE,-15,2026-08-02T14:10:00Z
MOV-0006506,STR-004,SKU-602,SALE,-13,2026-08-03T18:27:00Z
MOV-0006507,STR-004,SKU-602,SALE,-16,2026-08-04T15:48:00Z
MOV-0006508,STR-004,SKU-602,SALE,-16,2026-08-05T11:37:00Z
MOV-0006509,STR-004,SKU-602,SALE,-17,2026-08-06T08:41:00Z
MOV-0006510,STR-004,SKU-602,SALE,-17,2026-08-07T14:33:00Z
MOV-0006511,STR-004,SKU-602,DELIVERY,115,2026-08-08T06:07:00Z
MOV-0006512,STR-004,SKU-602,SALE,-20,2026-08-08T18:21:00Z
MOV-0006513,STR-004,SKU-602,SALE,-14,2026-08-09T17:54:00Z
MOV-0006514,STR-004,SKU-602,SALE,-13,2026-08-10T09:54:00Z
MOV-0006515,STR-004,SKU-602,WASTE,-3,2026-08-10T21:06:00Z
MOV-0006516,STR-004,SKU-602,SALE,-14,2026-08-11T12:08:00Z
MOV-0006517,STR-004,SKU-602,SALE,-16,2026-08-12T11:13:00Z
MOV-0006518,STR-004,SKU-602,WASTE,-1,2026-08-12T21:08:00Z
MOV-0006519,STR-004,SKU-602,SALE,-15,2026-08-13T11:03:00Z
MOV-0006520,STR-004,SKU-602,SALE,-19,2026-08-14T15:11:00Z
MOV-0006521,STR-004,SKU-602,DELIVERY,115,2026-08-15T06:56:00Z
MOV-0006522,STR-004,SKU-602,SALE,-26,2026-08-15T18:23:00Z
MOV-0006523,STR-004,SKU-602,WASTE,-5,2026-08-15T21:16:00Z
MOV-0006524,STR-004,SKU-602,SALE,-19,2026-08-16T17:52:00Z
MOV-0006525,STR-004,SKU-602,SALE,-12,2026-08-17T10:42:00Z
MOV-0006526,STR-004,SKU-602,SALE,-13,2026-08-18T07:25:00Z
MOV-0006527,STR-004,SKU-602,SALE,-15,2026-08-19T09:32:00Z
MOV-0006528,STR-004,SKU-602,SALE,-13,2026-08-20T12:10:00Z
MOV-0006529,STR-004,SKU-602,SALE,-12,2026-08-21T08:20:00Z
MOV-0006530,STR-004,SKU-602,DELIVERY,112,2026-08-22T06:53:00Z
MOV-0006531,STR-004,SKU-602,SALE,-14,2026-08-22T07:42:00Z
MOV-0006532,STR-004,SKU-602,WASTE,-5,2026-08-22T21:46:00Z
MOV-0006533,STR-004,SKU-602,SALE,-15,2026-08-23T18:03:00Z
MOV-0006534,STR-004,SKU-602,SALE,-15,2026-08-24T11:53:00Z
MOV-0006535,STR-004,SKU-602,SALE,-16,2026-08-25T12:45:00Z
MOV-0006536,STR-004,SKU-602,SALE,-15,2026-08-26T16:33:00Z
MOV-0006537,STR-004,SKU-602,SALE,-17,2026-08-27T14:31:00Z
MOV-0006538,STR-004,SKU-602,SALE,-15,2026-08-28T12:58:00Z
MOV-0006539,STR-004,SKU-602,DELIVERY,71,2026-08-29T06:22:00Z
MOV-0006540,STR-004,SKU-602,SALE,-22,2026-08-29T15:39:00Z
MOV-0006541,STR-004,SKU-602,SALE,-23,2026-08-30T10:11:00Z
MOV-0006542,STR-004,SKU-602,SALE,-12,2026-08-31T17:19:00Z
MOV-0006543,STR-004,SKU-602,SALE,-13,2026-09-01T16:02:00Z
MOV-0006544,STR-004,SKU-602,WASTE,-1,2026-09-01T21:04:00Z
MOV-0006545,STR-004,SKU-603,SALE,-15,2026-07-06T12:34:00Z
MOV-0006546,STR-004,SKU-603,SALE,-12,2026-07-07T14:38:00Z
MOV-0006547,STR-004,SKU-603,WASTE,-4,2026-07-07T21:21:00Z
MOV-0006548,STR-004,SKU-603,SALE,-18,2026-07-08T08:03:00Z
MOV-0006549,STR-004,SKU-603,SALE,-17,2026-07-09T13:55:00Z
MOV-0006550,STR-004,SKU-603,WASTE,-4,2026-07-09T21:42:00Z
MOV-0006551,STR-004,SKU-603,SALE,-16,2026-07-10T18:52:00Z
MOV-0006552,STR-004,SKU-603,WASTE,-2,2026-07-10T21:29:00Z
MOV-0006553,STR-004,SKU-603,DELIVERY,137,2026-07-11T06:26:00Z
MOV-0006554,STR-004,SKU-603,SALE,-19,2026-07-11T10:32:00Z
MOV-0006555,STR-004,SKU-603,SALE,-18,2026-07-12T13:17:00Z
MOV-0006556,STR-004,SKU-603,SALE,-17,2026-07-13T11:35:00Z
MOV-0006557,STR-004,SKU-603,SALE,-17,2026-07-14T18:08:00Z
MOV-0006558,STR-004,SKU-603,WASTE,-1,2026-07-14T21:52:00Z
MOV-0006559,STR-004,SKU-603,SALE,-20,2026-07-15T11:26:00Z
MOV-0006560,STR-004,SKU-603,SALE,-16,2026-07-16T07:14:00Z
MOV-0006561,STR-004,SKU-603,WASTE,-4,2026-07-16T21:43:00Z
MOV-0006562,STR-004,SKU-603,SALE,-25,2026-07-17T17:30:00Z
MOV-0006563,STR-004,SKU-603,DELIVERY,146,2026-07-18T06:25:00Z
MOV-0006564,STR-004,SKU-603,SALE,-22,2026-07-18T16:57:00Z
MOV-0006565,STR-004,SKU-603,SALE,-24,2026-07-19T11:01:00Z
MOV-0006566,STR-004,SKU-603,ADJUSTMENT,3,2026-07-19T12:26:00Z
MOV-0006567,STR-004,SKU-603,SALE,-15,2026-07-20T17:02:00Z
MOV-0006568,STR-004,SKU-603,SALE,-23,2026-07-21T12:25:00Z
MOV-0006569,STR-004,SKU-603,SALE,-22,2026-07-22T08:08:00Z
MOV-0006570,STR-004,SKU-603,SALE,-21,2026-07-23T07:00:00Z
MOV-0006571,STR-004,SKU-603,WASTE,-1,2026-07-23T21:24:00Z
MOV-0006572,STR-004,SKU-603,SALE,-21,2026-07-24T10:43:00Z
MOV-0006573,STR-004,SKU-603,DELIVERY,145,2026-07-25T06:42:00Z
MOV-0006574,STR-004,SKU-603,SALE,-23,2026-07-25T07:22:00Z
MOV-0006575,STR-004,SKU-603,SALE,-20,2026-07-26T11:27:00Z
MOV-0006576,STR-004,SKU-603,SALE,-18,2026-07-27T14:37:00Z
MOV-0006577,STR-004,SKU-603,SALE,-20,2026-07-28T17:00:00Z
MOV-0006578,STR-004,SKU-603,SALE,-17,2026-07-29T17:58:00Z
MOV-0006579,STR-004,SKU-603,SALE,-22,2026-07-30T10:01:00Z
MOV-0006580,STR-004,SKU-603,WASTE,-1,2026-07-30T21:52:00Z
MOV-0006581,STR-004,SKU-603,SALE,-24,2026-07-31T14:26:00Z
MOV-0006582,STR-004,SKU-603,DELIVERY,163,2026-08-01T06:49:00Z
MOV-0006583,STR-004,SKU-603,SALE,-23,2026-08-01T16:45:00Z
MOV-0006584,STR-004,SKU-603,SALE,-27,2026-08-02T16:43:00Z
MOV-0006585,STR-004,SKU-603,WASTE,-5,2026-08-02T21:40:00Z
MOV-0006586,STR-004,SKU-603,SALE,-16,2026-08-03T15:16:00Z
MOV-0006587,STR-004,SKU-603,SALE,-18,2026-08-04T12:19:00Z
MOV-0006588,STR-004,SKU-603,SALE,-24,2026-08-05T07:53:00Z
MOV-0006589,STR-004,SKU-603,SALE,-21,2026-08-06T15:46:00Z
MOV-0006590,STR-004,SKU-603,SALE,-27,2026-08-07T15:29:00Z
MOV-0006591,STR-004,SKU-603,WASTE,-2,2026-08-07T21:54:00Z
MOV-0006592,STR-004,SKU-603,DELIVERY,143,2026-08-08T06:28:00Z
MOV-0006593,STR-004,SKU-603,SALE,-22,2026-08-08T13:58:00Z
MOV-0006594,STR-004,SKU-603,SALE,-24,2026-08-09T11:42:00Z
MOV-0006595,STR-004,SKU-603,WASTE,-3,2026-08-09T21:58:00Z
MOV-0006596,STR-004,SKU-603,SALE,-13,2026-08-10T07:49:00Z
MOV-0006597,STR-004,SKU-603,WASTE,-2,2026-08-10T21:15:00Z
MOV-0006598,STR-004,SKU-603,SALE,-16,2026-08-11T11:00:00Z
MOV-0006599,STR-004,SKU-603,SALE,-21,2026-08-12T15:31:00Z
MOV-0006600,STR-004,SKU-603,SALE,-24,2026-08-13T15:32:00Z
MOV-0006601,STR-004,SKU-603,SALE,-18,2026-08-14T11:34:00Z
MOV-0006602,STR-004,SKU-603,DELIVERY,135,2026-08-15T06:54:00Z
MOV-0006603,STR-004,SKU-603,SALE,-23,2026-08-15T15:29:00Z
MOV-0006604,STR-004,SKU-603,WASTE,-3,2026-08-15T21:03:00Z
MOV-0006605,STR-004,SKU-603,SALE,-22,2026-08-16T07:39:00Z
MOV-0006606,STR-004,SKU-603,SALE,-13,2026-08-17T15:45:00Z
MOV-0006607,STR-004,SKU-603,SALE,-15,2026-08-18T08:12:00Z
MOV-0006608,STR-004,SKU-603,SALE,-19,2026-08-19T17:31:00Z
MOV-0006609,STR-004,SKU-603,SALE,-19,2026-08-20T11:00:00Z
MOV-0006610,STR-004,SKU-603,SALE,-21,2026-08-21T07:31:00Z
MOV-0006611,STR-004,SKU-603,DELIVERY,147,2026-08-22T06:48:00Z
MOV-0006612,STR-004,SKU-603,SALE,-23,2026-08-22T11:14:00Z
MOV-0006613,STR-004,SKU-603,SALE,-24,2026-08-23T16:40:00Z
MOV-0006614,STR-004,SKU-603,SALE,-16,2026-08-24T09:29:00Z
MOV-0006615,STR-004,SKU-603,SALE,-19,2026-08-25T11:47:00Z
MOV-0006616,STR-004,SKU-603,SALE,-15,2026-08-26T10:27:00Z
MOV-0006617,STR-004,SKU-603,WASTE,-2,2026-08-26T21:09:00Z
MOV-0006618,STR-004,SKU-603,SALE,-19,2026-08-27T14:16:00Z
MOV-0006619,STR-004,SKU-603,WASTE,-2,2026-08-27T21:39:00Z
MOV-0006620,STR-004,SKU-603,SALE,-24,2026-08-28T18:44:00Z
MOV-0006621,STR-004,SKU-603,WASTE,-3,2026-08-28T21:50:00Z
MOV-0006622,STR-004,SKU-603,DELIVERY,81,2026-08-29T06:06:00Z
MOV-0006623,STR-004,SKU-603,SALE,-27,2026-08-29T14:45:00Z
MOV-0006624,STR-004,SKU-603,SALE,-19,2026-08-30T18:06:00Z
MOV-0006625,STR-004,SKU-603,SALE,-16,2026-08-31T12:33:00Z
MOV-0006626,STR-004,SKU-603,WASTE,-5,2026-08-31T21:42:00Z
MOV-0006627,STR-004,SKU-603,SALE,-14,2026-09-01T17:12:00Z
MOV-0006628,STR-004,SKU-604,DELIVERY,117,2026-07-06T06:17:00Z
MOV-0006629,STR-004,SKU-604,SALE,-12,2026-07-06T16:13:00Z
MOV-0006630,STR-004,SKU-604,WASTE,-3,2026-07-06T21:13:00Z
MOV-0006631,STR-004,SKU-604,SALE,-12,2026-07-07T07:48:00Z
MOV-0006632,STR-004,SKU-604,SALE,-14,2026-07-08T17:23:00Z
MOV-0006633,STR-004,SKU-604,SALE,-15,2026-07-09T09:40:00Z
MOV-0006634,STR-004,SKU-604,SALE,-21,2026-07-10T17:54:00Z
MOV-0006635,STR-004,SKU-604,SALE,-23,2026-07-11T13:23:00Z
MOV-0006636,STR-004,SKU-604,SALE,-17,2026-07-12T18:23:00Z
MOV-0006637,STR-004,SKU-604,DELIVERY,137,2026-07-13T06:08:00Z
MOV-0006638,STR-004,SKU-604,SALE,-13,2026-07-13T18:31:00Z
MOV-0006639,STR-004,SKU-604,WASTE,-5,2026-07-13T21:36:00Z
MOV-0006640,STR-004,SKU-604,SALE,-15,2026-07-14T10:20:00Z
MOV-0006641,STR-004,SKU-604,SALE,-18,2026-07-15T13:41:00Z
MOV-0006642,STR-004,SKU-604,SALE,-18,2026-07-16T07:54:00Z
MOV-0006643,STR-004,SKU-604,SALE,-20,2026-07-17T15:45:00Z
MOV-0006644,STR-004,SKU-604,WASTE,-5,2026-07-17T21:51:00Z
MOV-0006645,STR-004,SKU-604,SALE,-20,2026-07-18T15:55:00Z
MOV-0006646,STR-004,SKU-604,SALE,-23,2026-07-19T17:40:00Z
MOV-0006647,STR-004,SKU-604,DELIVERY,101,2026-07-20T06:22:00Z
MOV-0006648,STR-004,SKU-604,SALE,-10,2026-07-20T15:37:00Z
MOV-0006649,STR-004,SKU-604,SALE,-13,2026-07-21T07:21:00Z
MOV-0006650,STR-004,SKU-604,SALE,-10,2026-07-22T13:44:00Z
MOV-0006651,STR-004,SKU-604,SALE,-13,2026-07-23T17:17:00Z
MOV-0006652,STR-004,SKU-604,SALE,-17,2026-07-24T08:32:00Z
MOV-0006653,STR-004,SKU-604,WASTE,-2,2026-07-24T21:15:00Z
MOV-0006654,STR-004,SKU-604,SALE,-18,2026-07-25T15:55:00Z
MOV-0006655,STR-004,SKU-604,SALE,-13,2026-07-26T14:33:00Z
MOV-0006656,STR-004,SKU-604,WASTE,-5,2026-07-26T21:46:00Z
MOV-0006657,STR-004,SKU-604,DELIVERY,106,2026-07-27T06:57:00Z
MOV-0006658,STR-004,SKU-604,SALE,-9,2026-07-27T14:55:00Z
MOV-0006659,STR-004,SKU-604,SALE,-13,2026-07-28T13:11:00Z
MOV-0006660,STR-004,SKU-604,SALE,-16,2026-07-29T12:56:00Z
MOV-0006661,STR-004,SKU-604,SALE,-14,2026-07-30T11:24:00Z
MOV-0006662,STR-004,SKU-604,WASTE,-3,2026-07-30T21:56:00Z
MOV-0006663,STR-004,SKU-604,SALE,-17,2026-07-31T07:38:00Z
MOV-0006664,STR-004,SKU-604,SALE,-16,2026-08-01T08:13:00Z
MOV-0006665,STR-004,SKU-604,WASTE,-4,2026-08-01T21:30:00Z
MOV-0006666,STR-004,SKU-604,SALE,-14,2026-08-02T08:02:00Z
MOV-0006667,STR-004,SKU-604,DELIVERY,138,2026-08-03T06:12:00Z
MOV-0006668,STR-004,SKU-604,SALE,-13,2026-08-03T15:23:00Z
MOV-0006669,STR-004,SKU-604,SALE,-15,2026-08-04T17:50:00Z
MOV-0006670,STR-004,SKU-604,WASTE,-2,2026-08-04T21:44:00Z
MOV-0006671,STR-004,SKU-604,SALE,-20,2026-08-05T08:56:00Z
MOV-0006672,STR-004,SKU-604,SALE,-20,2026-08-06T11:44:00Z
MOV-0006673,STR-004,SKU-604,SALE,-21,2026-08-07T10:41:00Z
MOV-0006674,STR-004,SKU-604,WASTE,-5,2026-08-07T21:03:00Z
MOV-0006675,STR-004,SKU-604,SALE,-23,2026-08-08T08:10:00Z
MOV-0006676,STR-004,SKU-604,WASTE,-1,2026-08-08T21:44:00Z
MOV-0006677,STR-004,SKU-604,SALE,-18,2026-08-09T15:36:00Z
MOV-0006678,STR-004,SKU-604,DELIVERY,106,2026-08-10T06:38:00Z
MOV-0006679,STR-004,SKU-604,SALE,-10,2026-08-10T08:41:00Z
MOV-0006680,STR-004,SKU-604,SALE,-13,2026-08-11T11:52:00Z
MOV-0006681,STR-004,SKU-604,SALE,-15,2026-08-12T09:20:00Z
MOV-0006682,STR-004,SKU-604,SALE,-13,2026-08-13T17:40:00Z
MOV-0006683,STR-004,SKU-604,SALE,-18,2026-08-14T10:06:00Z
MOV-0006684,STR-004,SKU-604,SALE,-17,2026-08-15T07:28:00Z
MOV-0006685,STR-004,SKU-604,WASTE,-4,2026-08-15T21:56:00Z
MOV-0006686,STR-004,SKU-604,SALE,-16,2026-08-16T07:52:00Z
MOV-0006687,STR-004,SKU-604,DELIVERY,134,2026-08-17T06:07:00Z
MOV-0006688,STR-004,SKU-604,SALE,-15,2026-08-17T09:38:00Z
MOV-0006689,STR-004,SKU-604,SALE,-20,2026-08-18T15:58:00Z
MOV-0006690,STR-004,SKU-604,SALE,-17,2026-08-19T12:52:00Z
MOV-0006691,STR-004,SKU-604,SALE,-17,2026-08-20T15:41:00Z
MOV-0006692,STR-004,SKU-604,SALE,-24,2026-08-21T11:00:00Z
MOV-0006693,STR-004,SKU-604,SALE,-19,2026-08-22T08:47:00Z
MOV-0006694,STR-004,SKU-604,SALE,-22,2026-08-23T11:18:00Z
MOV-0006695,STR-004,SKU-604,DELIVERY,97,2026-08-24T06:12:00Z
MOV-0006696,STR-004,SKU-604,SALE,-11,2026-08-24T07:42:00Z
MOV-0006697,STR-004,SKU-604,SALE,-12,2026-08-25T09:08:00Z
MOV-0006698,STR-004,SKU-604,SALE,-13,2026-08-26T08:27:00Z
MOV-0006699,STR-004,SKU-604,SALE,-13,2026-08-27T13:16:00Z
MOV-0006700,STR-004,SKU-604,SALE,-14,2026-08-28T10:31:00Z
MOV-0006701,STR-004,SKU-604,WASTE,-3,2026-08-28T21:17:00Z
MOV-0006702,STR-004,SKU-604,SALE,-17,2026-08-29T11:42:00Z
MOV-0006703,STR-004,SKU-604,SALE,-14,2026-08-30T16:49:00Z
MOV-0006704,STR-004,SKU-604,DELIVERY,28,2026-08-31T06:33:00Z
MOV-0006705,STR-004,SKU-604,SALE,-13,2026-08-31T13:06:00Z
MOV-0006706,STR-004,SKU-604,WASTE,-1,2026-08-31T21:16:00Z
MOV-0006707,STR-004,SKU-604,SALE,-14,2026-09-01T11:35:00Z
MOV-0006708,STR-004,SKU-701,DELIVERY,3,2026-07-09T06:52:00Z
MOV-0006709,STR-004,SKU-701,SALE,-1,2026-07-10T11:30:00Z
MOV-0006710,STR-004,SKU-701,SALE,-1,2026-07-11T13:46:00Z
MOV-0006711,STR-004,SKU-701,SALE,-1,2026-07-12T17:13:00Z
MOV-0006712,STR-004,SKU-701,DELIVERY,2,2026-07-16T06:22:00Z
MOV-0006713,STR-004,SKU-701,SALE,-1,2026-07-18T13:40:00Z
MOV-0006714,STR-004,SKU-701,SALE,-1,2026-07-19T18:37:00Z
MOV-0006715,STR-004,SKU-701,DELIVERY,3,2026-07-23T06:23:00Z
MOV-0006716,STR-004,SKU-701,SALE,-1,2026-07-24T12:03:00Z
MOV-0006717,STR-004,SKU-701,SALE,-1,2026-07-25T14:43:00Z
MOV-0006718,STR-004,SKU-701,SALE,-1,2026-07-26T18:23:00Z
MOV-0006719,STR-004,SKU-701,DELIVERY,3,2026-07-30T06:50:00Z
MOV-0006720,STR-004,SKU-701,SALE,-1,2026-07-30T11:32:00Z
MOV-0006721,STR-004,SKU-701,SALE,-1,2026-07-31T15:52:00Z
MOV-0006722,STR-004,SKU-701,SALE,-1,2026-08-05T17:04:00Z
MOV-0006723,STR-004,SKU-701,DELIVERY,3,2026-08-06T06:02:00Z
MOV-0006724,STR-004,SKU-701,SALE,-1,2026-08-07T13:21:00Z
MOV-0006725,STR-004,SKU-701,SALE,-1,2026-08-08T15:31:00Z
MOV-0006726,STR-004,SKU-701,SALE,-1,2026-08-11T11:12:00Z
MOV-0006727,STR-004,SKU-701,DELIVERY,2,2026-08-13T06:04:00Z
MOV-0006728,STR-004,SKU-701,SALE,-1,2026-08-15T15:24:00Z
MOV-0006729,STR-004,SKU-701,SALE,-1,2026-08-16T15:49:00Z
MOV-0006730,STR-004,SKU-701,DELIVERY,4,2026-08-20T06:40:00Z
MOV-0006731,STR-004,SKU-701,SALE,-1,2026-08-21T11:13:00Z
MOV-0006732,STR-004,SKU-701,SALE,-1,2026-08-22T18:32:00Z
MOV-0006733,STR-004,SKU-701,SALE,-1,2026-08-23T18:15:00Z
MOV-0006734,STR-004,SKU-701,SALE,-1,2026-08-26T17:08:00Z
MOV-0006735,STR-004,SKU-701,DELIVERY,2,2026-08-27T06:30:00Z
MOV-0006736,STR-004,SKU-701,SALE,-1,2026-08-28T11:55:00Z
MOV-0006737,STR-004,SKU-701,SALE,-1,2026-08-29T10:56:00Z
MOV-0006738,STR-005,SKU-101,DELIVERY,293,2026-07-06T06:52:00Z
MOV-0006739,STR-005,SKU-101,SALE,-30,2026-07-06T08:53:00Z
MOV-0006740,STR-005,SKU-101,SALE,-35,2026-07-07T13:30:00Z
MOV-0006741,STR-005,SKU-101,SALE,-45,2026-07-08T12:57:00Z
MOV-0006742,STR-005,SKU-101,SALE,-37,2026-07-09T10:50:00Z
MOV-0006743,STR-005,SKU-101,SALE,-39,2026-07-10T16:46:00Z
MOV-0006744,STR-005,SKU-101,SALE,-63,2026-07-11T14:49:00Z
MOV-0006745,STR-005,SKU-101,SALE,-44,2026-07-12T10:42:00Z
MOV-0006746,STR-005,SKU-101,DELIVERY,298,2026-07-13T06:23:00Z
MOV-0006747,STR-005,SKU-101,SALE,-38,2026-07-13T11:51:00Z
MOV-0006748,STR-005,SKU-101,SALE,-43,2026-07-14T18:24:00Z
MOV-0006749,STR-005,SKU-101,SALE,-35,2026-07-15T12:52:00Z
MOV-0006750,STR-005,SKU-101,SALE,-37,2026-07-16T15:37:00Z
MOV-0006751,STR-005,SKU-101,SALE,-46,2026-07-17T12:52:00Z
MOV-0006752,STR-005,SKU-101,SALE,-56,2026-07-18T10:31:00Z
MOV-0006753,STR-005,SKU-101,SALE,-43,2026-07-19T12:18:00Z
MOV-0006754,STR-005,SKU-101,DELIVERY,342,2026-07-20T06:32:00Z
MOV-0006755,STR-005,SKU-101,SALE,-44,2026-07-20T18:44:00Z
MOV-0006756,STR-005,SKU-101,SALE,-42,2026-07-21T15:37:00Z
MOV-0006757,STR-005,SKU-101,SALE,-48,2026-07-22T07:06:00Z
MOV-0006758,STR-005,SKU-101,SALE,-53,2026-07-23T13:31:00Z
MOV-0006759,STR-005,SKU-101,SALE,-45,2026-07-24T15:39:00Z
MOV-0006760,STR-005,SKU-101,SALE,-50,2026-07-25T14:37:00Z
MOV-0006761,STR-005,SKU-101,SALE,-60,2026-07-26T11:48:00Z
MOV-0006762,STR-005,SKU-101,DELIVERY,237,2026-07-27T06:03:00Z
MOV-0006763,STR-005,SKU-101,SALE,-22,2026-07-27T17:13:00Z
MOV-0006764,STR-005,SKU-101,SALE,-31,2026-07-28T08:44:00Z
MOV-0006765,STR-005,SKU-101,SALE,-24,2026-07-29T17:57:00Z
MOV-0006766,STR-005,SKU-101,SALE,-37,2026-07-30T16:05:00Z
MOV-0006767,STR-005,SKU-101,SALE,-41,2026-07-31T08:35:00Z
MOV-0006768,STR-005,SKU-101,SALE,-41,2026-08-01T17:02:00Z
MOV-0006769,STR-005,SKU-101,SALE,-41,2026-08-02T17:27:00Z
MOV-0006770,STR-005,SKU-101,DELIVERY,249,2026-08-03T06:51:00Z
MOV-0006771,STR-005,SKU-101,SALE,-35,2026-08-03T14:57:00Z
MOV-0006772,STR-005,SKU-101,SALE,-33,2026-08-04T11:33:00Z
MOV-0006773,STR-005,SKU-101,SALE,-29,2026-08-05T13:41:00Z
MOV-0006774,STR-005,SKU-101,SALE,-41,2026-08-06T11:27:00Z
MOV-0006775,STR-005,SKU-101,SALE,-35,2026-08-07T11:53:00Z
MOV-0006776,STR-005,SKU-101,SALE,-39,2026-08-08T15:33:00Z
MOV-0006777,STR-005,SKU-101,SALE,-37,2026-08-09T13:47:00Z
MOV-0006778,STR-005,SKU-101,DELIVERY,311,2026-08-10T06:06:00Z
MOV-0006779,STR-005,SKU-101,SALE,-29,2026-08-10T07:46:00Z
MOV-0006780,STR-005,SKU-101,SALE,-43,2026-08-11T08:36:00Z
MOV-0006781,STR-005,SKU-101,SALE,-40,2026-08-12T18:50:00Z
MOV-0006782,STR-005,SKU-101,ADJUSTMENT,2,2026-08-13T12:19:00Z
MOV-0006783,STR-005,SKU-101,SALE,-42,2026-08-13T17:40:00Z
MOV-0006784,STR-005,SKU-101,SALE,-50,2026-08-14T13:22:00Z
MOV-0006785,STR-005,SKU-101,SALE,-55,2026-08-15T13:41:00Z
MOV-0006786,STR-005,SKU-101,SALE,-54,2026-08-16T08:41:00Z
MOV-0006787,STR-005,SKU-101,DELIVERY,311,2026-08-17T06:24:00Z
MOV-0006788,STR-005,SKU-101,SALE,-33,2026-08-17T11:37:00Z
MOV-0006789,STR-005,SKU-101,SALE,-35,2026-08-18T08:49:00Z
MOV-0006790,STR-005,SKU-101,SALE,-39,2026-08-19T16:35:00Z
MOV-0006791,STR-005,SKU-101,SALE,-57,2026-08-20T10:03:00Z
MOV-0006792,STR-005,SKU-101,SALE,-51,2026-08-21T12:41:00Z
MOV-0006793,STR-005,SKU-101,ADJUSTMENT,2,2026-08-22T12:47:00Z
MOV-0006794,STR-005,SKU-101,SALE,-50,2026-08-22T15:11:00Z
MOV-0006795,STR-005,SKU-101,SALE,-48,2026-08-23T15:06:00Z
MOV-0006796,STR-005,SKU-101,DELIVERY,237,2026-08-24T06:13:00Z
MOV-0006797,STR-005,SKU-101,SALE,-27,2026-08-24T09:44:00Z
MOV-0006798,STR-005,SKU-101,SALE,-33,2026-08-25T18:34:00Z
MOV-0006799,STR-005,SKU-101,SALE,-31,2026-08-26T14:39:00Z
MOV-0006800,STR-005,SKU-101,SALE,-37,2026-08-27T18:46:00Z
MOV-0006801,STR-005,SKU-101,SALE,-39,2026-08-28T08:26:00Z
MOV-0006802,STR-005,SKU-101,SALE,-36,2026-08-29T14:20:00Z
MOV-0006803,STR-005,SKU-101,SALE,-34,2026-08-30T15:47:00Z
MOV-0006804,STR-005,SKU-101,DELIVERY,59,2026-08-31T06:08:00Z
MOV-0006805,STR-005,SKU-101,SALE,-25,2026-08-31T17:51:00Z
MOV-0006806,STR-005,SKU-101,SALE,-34,2026-09-01T14:25:00Z
MOV-0006807,STR-005,SKU-102,SALE,-36,2026-07-06T15:46:00Z
MOV-0006808,STR-005,SKU-102,SALE,-52,2026-07-07T17:52:00Z
MOV-0006809,STR-005,SKU-102,SALE,-49,2026-07-08T14:15:00Z
MOV-0006810,STR-005,SKU-102,SALE,-46,2026-07-09T17:08:00Z
MOV-0006811,STR-005,SKU-102,SALE,-47,2026-07-10T18:11:00Z
MOV-0006812,STR-005,SKU-102,SALE,-69,2026-07-11T14:18:00Z
MOV-0006813,STR-005,SKU-102,DELIVERY,363,2026-07-12T06:14:00Z
MOV-0006814,STR-005,SKU-102,SALE,-59,2026-07-12T14:21:00Z
MOV-0006815,STR-005,SKU-102,SALE,-35,2026-07-13T12:43:00Z
MOV-0006816,STR-005,SKU-102,SALE,-53,2026-07-14T15:20:00Z
MOV-0006817,STR-005,SKU-102,SALE,-51,2026-07-15T08:47:00Z
MOV-0006818,STR-005,SKU-102,SALE,-44,2026-07-16T07:33:00Z
MOV-0006819,STR-005,SKU-102,SALE,-60,2026-07-17T16:53:00Z
MOV-0006820,STR-005,SKU-102,SALE,-61,2026-07-18T15:29:00Z
MOV-0006821,STR-005,SKU-102,DELIVERY,326,2026-07-19T06:26:00Z
MOV-0006822,STR-005,SKU-102,SALE,-51,2026-07-19T16:27:00Z
MOV-0006823,STR-005,SKU-102,SALE,-33,2026-07-20T15:41:00Z
MOV-0006824,STR-005,SKU-102,SALE,-44,2026-07-21T10:50:00Z
MOV-0006825,STR-005,SKU-102,SALE,-45,2026-07-22T12:38:00Z
MOV-0006826,STR-005,SKU-102,SALE,-39,2026-07-23T09:46:00Z
MOV-0006827,STR-005,SKU-102,SALE,-43,2026-07-24T10:16:00Z
MOV-0006828,STR-005,SKU-102,SALE,-71,2026-07-25T15:52:00Z
MOV-0006829,STR-005,SKU-102,DELIVERY,337,2026-07-26T06:26:00Z
MOV-0006830,STR-005,SKU-102,SALE,-55,2026-07-26T14:11:00Z
MOV-0006831,STR-005,SKU-102,SALE,-36,2026-07-27T10:28:00Z
MOV-0006832,STR-005,SKU-102,SALE,-38,2026-07-28T07:20:00Z
MOV-0006833,STR-005,SKU-102,SALE,-46,2026-07-29T08:04:00Z
MOV-0006834,STR-005,SKU-102,SALE,-49,2026-07-30T12:26:00Z
MOV-0006835,STR-005,SKU-102,SALE,-61,2026-07-31T11:47:00Z
MOV-0006836,STR-005,SKU-102,SALE,-52,2026-08-01T09:28:00Z
MOV-0006837,STR-005,SKU-102,DELIVERY,354,2026-08-02T06:46:00Z
MOV-0006838,STR-005,SKU-102,SALE,-60,2026-08-02T15:35:00Z
MOV-0006839,STR-005,SKU-102,SALE,-40,2026-08-03T10:21:00Z
MOV-0006840,STR-005,SKU-102,SALE,-34,2026-08-04T16:37:00Z
MOV-0006841,STR-005,SKU-102,SALE,-51,2026-08-05T10:25:00Z
MOV-0006842,STR-005,SKU-102,SALE,-56,2026-08-06T09:34:00Z
MOV-0006843,STR-005,SKU-102,SALE,-58,2026-08-07T13:06:00Z
MOV-0006844,STR-005,SKU-102,SALE,-55,2026-08-08T07:55:00Z
MOV-0006845,STR-005,SKU-102,DELIVERY,318,2026-08-09T06:17:00Z
MOV-0006846,STR-005,SKU-102,SALE,-59,2026-08-09T10:49:00Z
MOV-0006847,STR-005,SKU-102,SALE,-36,2026-08-10T16:57:00Z
MOV-0006848,STR-005,SKU-102,SALE,-40,2026-08-11T18:39:00Z
MOV-0006849,STR-005,SKU-102,SALE,-33,2026-08-12T08:04:00Z
MOV-0006850,STR-005,SKU-102,SALE,-46,2026-08-13T17:44:00Z
MOV-0006851,STR-005,SKU-102,SALE,-55,2026-08-14T11:12:00Z
MOV-0006852,STR-005,SKU-102,SALE,-49,2026-08-15T09:19:00Z
MOV-0006853,STR-005,SKU-102,DELIVERY,323,2026-08-16T06:58:00Z
MOV-0006854,STR-005,SKU-102,SALE,-46,2026-08-16T10:57:00Z
MOV-0006855,STR-005,SKU-102,SALE,-33,2026-08-17T18:03:00Z
MOV-0006856,STR-005,SKU-102,SALE,-38,2026-08-18T12:56:00Z
MOV-0006857,STR-005,SKU-102,SALE,-54,2026-08-19T15:23:00Z
MOV-0006858,STR-005,SKU-102,SALE,-44,2026-08-20T18:39:00Z
MOV-0006859,STR-005,SKU-102,SALE,-54,2026-08-21T18:35:00Z
MOV-0006860,STR-005,SKU-102,SALE,-54,2026-08-22T09:51:00Z
MOV-0006861,STR-005,SKU-102,DELIVERY,365,2026-08-23T06:47:00Z
MOV-0006862,STR-005,SKU-102,SALE,-66,2026-08-23T15:34:00Z
MOV-0006863,STR-005,SKU-102,SALE,-47,2026-08-24T18:10:00Z
MOV-0006864,STR-005,SKU-102,SALE,-49,2026-08-25T12:43:00Z
MOV-0006865,STR-005,SKU-102,SALE,-51,2026-08-26T16:41:00Z
MOV-0006866,STR-005,SKU-102,SALE,-50,2026-08-27T14:54:00Z
MOV-0006867,STR-005,SKU-102,SALE,-46,2026-08-28T15:56:00Z
MOV-0006868,STR-005,SKU-102,SALE,-56,2026-08-29T10:52:00Z
MOV-0006869,STR-005,SKU-102,DELIVERY,134,2026-08-30T06:25:00Z
MOV-0006870,STR-005,SKU-102,SALE,-66,2026-08-30T08:58:00Z
MOV-0006871,STR-005,SKU-102,SALE,-32,2026-08-31T13:44:00Z
MOV-0006872,STR-005,SKU-102,SALE,-38,2026-09-01T07:50:00Z
MOV-0006873,STR-005,SKU-102,ADJUSTMENT,2,2026-09-01T12:13:00Z
MOV-0006874,STR-005,SKU-103,SALE,-29,2026-07-06T11:10:00Z
MOV-0006875,STR-005,SKU-103,SALE,-36,2026-07-07T07:30:00Z
MOV-0006876,STR-005,SKU-103,DELIVERY,301,2026-07-08T06:02:00Z
MOV-0006877,STR-005,SKU-103,SALE,-30,2026-07-08T15:11:00Z
MOV-0006878,STR-005,SKU-103,SALE,-41,2026-07-09T10:18:00Z
MOV-0006879,STR-005,SKU-103,SALE,-36,2026-07-10T15:56:00Z
MOV-0006880,STR-005,SKU-103,SALE,-53,2026-07-11T07:12:00Z
MOV-0006881,STR-005,SKU-103,SALE,-43,2026-07-12T13:50:00Z
MOV-0006882,STR-005,SKU-103,SALE,-46,2026-07-13T08:38:00Z
MOV-0006883,STR-005,SKU-103,SALE,-52,2026-07-14T13:30:00Z
MOV-0006884,STR-005,SKU-103,DELIVERY,294,2026-07-15T06:49:00Z
MOV-0006885,STR-005,SKU-103,SALE,-39,2026-07-15T18:10:00Z
MOV-0006886,STR-005,SKU-103,SALE,-42,2026-07-16T11:04:00Z
MOV-0006887,STR-005,SKU-103,SALE,-57,2026-07-17T08:51:00Z
MOV-0006888,STR-005,SKU-103,SALE,-48,2026-07-18T11:56:00Z
MOV-0006889,STR-005,SKU-103,SALE,-52,2026-07-19T12:50:00Z
MOV-0006890,STR-005,SKU-103,SALE,-27,2026-07-20T13:52:00Z
MOV-0006891,STR-005,SKU-103,SALE,-29,2026-07-21T16:04:00Z
MOV-0006892,STR-005,SKU-103,DELIVERY,273,2026-07-22T06:09:00Z
MOV-0006893,STR-005,SKU-103,SALE,-34,2026-07-22T09:36:00Z
MOV-0006894,STR-005,SKU-103,SALE,-29,2026-07-23T15:50:00Z
MOV-0006895,STR-005,SKU-103,SALE,-45,2026-07-24T08:55:00Z
MOV-0006896,STR-005,SKU-103,SALE,-49,2026-07-25T17:00:00Z
MOV-0006897,STR-005,SKU-103,SALE,-47,2026-07-26T18:36:00Z
MOV-0006898,STR-005,SKU-103,SALE,-31,2026-07-27T14:52:00Z
MOV-0006899,STR-005,SKU-103,SALE,-38,2026-07-28T14:32:00Z
MOV-0006900,STR-005,SKU-103,DELIVERY,291,2026-07-29T06:49:00Z
MOV-0006901,STR-005,SKU-103,SALE,-42,2026-07-29T17:26:00Z
MOV-0006902,STR-005,SKU-103,SALE,-39,2026-07-30T12:54:00Z
MOV-0006903,STR-005,SKU-103,SALE,-47,2026-07-31T15:19:00Z
MOV-0006904,STR-005,SKU-103,SALE,-42,2026-08-01T08:41:00Z
MOV-0006905,STR-005,SKU-103,SALE,-41,2026-08-02T08:44:00Z
MOV-0006906,STR-005,SKU-103,SALE,-41,2026-08-03T15:34:00Z
MOV-0006907,STR-005,SKU-103,SALE,-39,2026-08-04T16:19:00Z
MOV-0006908,STR-005,SKU-103,DELIVERY,329,2026-08-05T06:39:00Z
MOV-0006909,STR-005,SKU-103,SALE,-51,2026-08-05T10:05:00Z
MOV-0006910,STR-005,SKU-103,SALE,-43,2026-08-06T17:17:00Z
MOV-0006911,STR-005,SKU-103,SALE,-51,2026-08-07T07:31:00Z
MOV-0006912,STR-005,SKU-103,SALE,-49,2026-08-08T17:54:00Z
MOV-0006913,STR-005,SKU-103,SALE,-57,2026-08-09T18:51:00Z
MOV-0006914,STR-005,SKU-103,SALE,-41,2026-08-10T14:19:00Z
MOV-0006915,STR-005,SKU-103,SALE,-37,2026-08-11T12:04:00Z
MOV-0006916,STR-005,SKU-103,DELIVERY,365,2026-08-12T06:05:00Z
MOV-0006917,STR-005,SKU-103,SALE,-41,2026-08-12T08:30:00Z
MOV-0006918,STR-005,SKU-103,SALE,-51,2026-08-13T09:04:00Z
MOV-0006919,STR-005,SKU-103,SALE,-59,2026-08-14T12:06:00Z
MOV-0006920,STR-005,SKU-103,SALE,-63,2026-08-15T08:03:00Z
MOV-0006921,STR-005,SKU-103,SALE,-63,2026-08-16T17:11:00Z
MOV-0006922,STR-005,SKU-103,SALE,-40,2026-08-17T16:11:00Z
MOV-0006923,STR-005,SKU-103,SALE,-48,2026-08-18T17:53:00Z
MOV-0006924,STR-005,SKU-103,DELIVERY,321,2026-08-19T06:36:00Z
MOV-0006925,STR-005,SKU-103,SALE,-42,2026-08-19T12:06:00Z
MOV-0006926,STR-005,SKU-103,SALE,-46,2026-08-20T11:43:00Z
MOV-0006927,STR-005,SKU-103,SALE,-53,2026-08-21T13:17:00Z
MOV-0006928,STR-005,SKU-103,SALE,-49,2026-08-22T16:02:00Z
MOV-0006929,STR-005,SKU-103,SALE,-64,2026-08-23T10:38:00Z
MOV-0006930,STR-005,SKU-103,SALE,-31,2026-08-24T11:03:00Z
MOV-0006931,STR-005,SKU-103,SALE,-36,2026-08-25T15:04:00Z
MOV-0006932,STR-005,SKU-103,DELIVERY,252,2026-08-26T06:53:00Z
MOV-0006933,STR-005,SKU-103,SALE,-37,2026-08-26T12:34:00Z
MOV-0006934,STR-005,SKU-103,SALE,-39,2026-08-27T17:39:00Z
MOV-0006935,STR-005,SKU-103,SALE,-42,2026-08-28T07:14:00Z
MOV-0006936,STR-005,SKU-103,SALE,-43,2026-08-29T16:16:00Z
MOV-0006937,STR-005,SKU-103,SALE,-37,2026-08-30T14:34:00Z
MOV-0006938,STR-005,SKU-103,SALE,-25,2026-08-31T10:21:00Z
MOV-0006939,STR-005,SKU-103,SALE,-29,2026-09-01T11:30:00Z
MOV-0006940,STR-005,SKU-104,SALE,-20,2026-07-06T14:22:00Z
MOV-0006941,STR-005,SKU-104,SALE,-24,2026-07-07T07:14:00Z
MOV-0006942,STR-005,SKU-104,SALE,-27,2026-07-08T13:16:00Z
MOV-0006943,STR-005,SKU-104,SALE,-28,2026-07-09T18:02:00Z
MOV-0006944,STR-005,SKU-104,DELIVERY,193,2026-07-10T06:24:00Z
MOV-0006945,STR-005,SKU-104,SALE,-25,2026-07-10T14:15:00Z
MOV-0006946,STR-005,SKU-104,SALE,-36,2026-07-11T12:36:00Z
MOV-0006947,STR-005,SKU-104,SALE,-30,2026-07-12T18:08:00Z
MOV-0006948,STR-005,SKU-104,SALE,-24,2026-07-13T16:36:00Z
MOV-0006949,STR-005,SKU-104,SALE,-23,2026-07-14T15:49:00Z
MOV-0006950,STR-005,SKU-104,SALE,-23,2026-07-15T07:08:00Z
MOV-0006951,STR-005,SKU-104,SALE,-32,2026-07-16T10:40:00Z
MOV-0006952,STR-005,SKU-104,DELIVERY,196,2026-07-17T06:05:00Z
MOV-0006953,STR-005,SKU-104,SALE,-29,2026-07-17T16:34:00Z
MOV-0006954,STR-005,SKU-104,SALE,-30,2026-07-18T07:37:00Z
MOV-0006955,STR-005,SKU-104,SALE,-29,2026-07-19T14:50:00Z
MOV-0006956,STR-005,SKU-104,SALE,-25,2026-07-20T10:06:00Z
MOV-0006957,STR-005,SKU-104,SALE,-26,2026-07-21T12:58:00Z
MOV-0006958,STR-005,SKU-104,SALE,-24,2026-07-22T13:13:00Z
MOV-0006959,STR-005,SKU-104,SALE,-33,2026-07-23T17:21:00Z
MOV-0006960,STR-005,SKU-104,DELIVERY,214,2026-07-24T06:01:00Z
MOV-0006961,STR-005,SKU-104,SALE,-30,2026-07-24T15:07:00Z
MOV-0006962,STR-005,SKU-104,SALE,-41,2026-07-25T10:27:00Z
MOV-0006963,STR-005,SKU-104,SALE,-36,2026-07-26T16:30:00Z
MOV-0006964,STR-005,SKU-104,SALE,-20,2026-07-27T14:20:00Z
MOV-0006965,STR-005,SKU-104,SALE,-33,2026-07-28T09:28:00Z
MOV-0006966,STR-005,SKU-104,SALE,-24,2026-07-29T17:38:00Z
MOV-0006967,STR-005,SKU-104,SALE,-30,2026-07-30T08:11:00Z
MOV-0006968,STR-005,SKU-104,DELIVERY,210,2026-07-31T06:40:00Z
MOV-0006969,STR-005,SKU-104,SALE,-34,2026-07-31T16:58:00Z
MOV-0006970,STR-005,SKU-104,SALE,-44,2026-08-01T11:29:00Z
MOV-0006971,STR-005,SKU-104,SALE,-28,2026-08-02T14:19:00Z
MOV-0006972,STR-005,SKU-104,SALE,-22,2026-08-03T15:52:00Z
MOV-0006973,STR-005,SKU-104,SALE,-26,2026-08-04T13:31:00Z
MOV-0006974,STR-005,SKU-104,SALE,-26,2026-08-05T10:09:00Z
MOV-0006975,STR-005,SKU-104,SALE,-30,2026-08-06T11:28:00Z
MOV-0006976,STR-005,SKU-104,DELIVERY,201,2026-08-07T06:01:00Z
MOV-0006977,STR-005,SKU-104,SALE,-37,2026-08-07T18:51:00Z
MOV-0006978,STR-005,SKU-104,SALE,-34,2026-08-08T15:50:00Z
MOV-0006979,STR-005,SKU-104,SALE,-29,2026-08-09T15:01:00Z
MOV-0006980,STR-005,SKU-104,SALE,-21,2026-08-10T11:50:00Z
MOV-0006981,STR-005,SKU-104,SALE,-24,2026-08-11T14:03:00Z
MOV-0006982,STR-005,SKU-104,SALE,-23,2026-08-12T16:22:00Z
MOV-0006983,STR-005,SKU-104,SALE,-33,2026-08-13T13:08:00Z
MOV-0006984,STR-005,SKU-104,DELIVERY,212,2026-08-14T06:00:00Z
MOV-0006985,STR-005,SKU-104,SALE,-29,2026-08-14T14:27:00Z
MOV-0006986,STR-005,SKU-104,SALE,-38,2026-08-15T07:43:00Z
MOV-0006987,STR-005,SKU-104,SALE,-30,2026-08-16T08:00:00Z
MOV-0006988,STR-005,SKU-104,SALE,-24,2026-08-17T18:19:00Z
MOV-0006989,STR-005,SKU-104,SALE,-26,2026-08-18T10:20:00Z
MOV-0006990,STR-005,SKU-104,SALE,-29,2026-08-19T11:11:00Z
MOV-0006991,STR-005,SKU-104,SALE,-36,2026-08-20T11:41:00Z
MOV-0006992,STR-005,SKU-104,DELIVERY,210,2026-08-21T06:38:00Z
MOV-0006993,STR-005,SKU-104,SALE,-35,2026-08-21T14:05:00Z
MOV-0006994,STR-005,SKU-104,SALE,-33,2026-08-22T08:46:00Z
MOV-0006995,STR-005,SKU-104,SALE,-38,2026-08-23T16:18:00Z
MOV-0006996,STR-005,SKU-104,SALE,-28,2026-08-24T11:03:00Z
MOV-0006997,STR-005,SKU-104,SALE,-28,2026-08-25T16:44:00Z
MOV-0006998,STR-005,SKU-104,SALE,-24,2026-08-26T12:20:00Z
MOV-0006999,STR-005,SKU-104,SALE,-24,2026-08-27T11:15:00Z
MOV-0007000,STR-005,SKU-104,DELIVERY,154,2026-08-28T06:30:00Z
MOV-0007001,STR-005,SKU-104,SALE,-30,2026-08-28T12:31:00Z
MOV-0007002,STR-005,SKU-104,SALE,-41,2026-08-29T11:06:00Z
MOV-0007003,STR-005,SKU-104,SALE,-35,2026-08-30T10:04:00Z
MOV-0007004,STR-005,SKU-104,SALE,-27,2026-08-31T10:50:00Z
MOV-0007005,STR-005,SKU-104,SALE,-21,2026-09-01T10:04:00Z
MOV-0007006,STR-005,SKU-105,SALE,-19,2026-07-06T16:27:00Z
MOV-0007007,STR-005,SKU-105,SALE,-18,2026-07-07T11:20:00Z
MOV-0007008,STR-005,SKU-105,SALE,-19,2026-07-08T17:25:00Z
MOV-0007009,STR-005,SKU-105,SALE,-26,2026-07-09T18:34:00Z
MOV-0007010,STR-005,SKU-105,SALE,-30,2026-07-10T07:05:00Z
MOV-0007011,STR-005,SKU-105,SALE,-27,2026-07-11T07:48:00Z
MOV-0007012,STR-005,SKU-105,DELIVERY,156,2026-07-12T06:57:00Z
MOV-0007013,STR-005,SKU-105,SALE,-22,2026-07-12T13:28:00Z
MOV-0007014,STR-005,SKU-105,SALE,-20,2026-07-13T13:39:00Z
MOV-0007015,STR-005,SKU-105,SALE,-21,2026-07-14T13:12:00Z
MOV-0007016,STR-005,SKU-105,SALE,-22,2026-07-15T16:03:00Z
MOV-0007017,STR-005,SKU-105,SALE,-21,2026-07-16T17:33:00Z
MOV-0007018,STR-005,SKU-105,SALE,-22,2026-07-17T12:24:00Z
MOV-0007019,STR-005,SKU-105,SALE,-28,2026-07-18T12:18:00Z
MOV-0007020,STR-005,SKU-105,DELIVERY,175,2026-07-19T06:38:00Z
MOV-0007021,STR-005,SKU-105,SALE,-26,2026-07-19T08:36:00Z
MOV-0007022,STR-005,SKU-105,SALE,-18,2026-07-20T17:40:00Z
MOV-0007023,STR-005,SKU-105,SALE,-23,2026-07-21T08:21:00Z
MOV-0007024,STR-005,SKU-105,SALE,-25,2026-07-22T17:42:00Z
MOV-0007025,STR-005,SKU-105,SALE,-25,2026-07-23T18:14:00Z
MOV-0007026,STR-005,SKU-105,SALE,-25,2026-07-24T11:34:00Z
MOV-0007027,STR-005,SKU-105,SALE,-33,2026-07-25T13:09:00Z
MOV-0007028,STR-005,SKU-105,DELIVERY,176,2026-07-26T06:07:00Z
MOV-0007029,STR-005,SKU-105,SALE,-32,2026-07-26T13:27:00Z
MOV-0007030,STR-005,SKU-105,SALE,-21,2026-07-27T17:09:00Z
MOV-0007031,STR-005,SKU-105,SALE,-19,2026-07-28T11:09:00Z
MOV-0007032,STR-005,SKU-105,SALE,-27,2026-07-29T15:54:00Z
MOV-0007033,STR-005,SKU-105,SALE,-26,2026-07-30T10:31:00Z
MOV-0007034,STR-005,SKU-105,SALE,-25,2026-07-31T17:18:00Z
MOV-0007035,STR-005,SKU-105,SALE,-26,2026-08-01T12:05:00Z
MOV-0007036,STR-005,SKU-105,DELIVERY,181,2026-08-02T06:24:00Z
MOV-0007037,STR-005,SKU-105,SALE,-31,2026-08-02T16:53:00Z
MOV-0007038,STR-005,SKU-105,SALE,-22,2026-08-03T14:56:00Z
MOV-0007039,STR-005,SKU-105,SALE,-23,2026-08-04T09:01:00Z
MOV-0007040,STR-005,SKU-105,SALE,-25,2026-08-05T13:44:00Z
MOV-0007041,STR-005,SKU-105,SALE,-22,2026-08-06T18:21:00Z
MOV-0007042,STR-005,SKU-105,SALE,-25,2026-08-07T16:56:00Z
MOV-0007043,STR-005,SKU-105,SALE,-33,2026-08-08T07:37:00Z
MOV-0007044,STR-005,SKU-105,DELIVERY,173,2026-08-09T06:34:00Z
MOV-0007045,STR-005,SKU-105,SALE,-24,2026-08-09T11:13:00Z
MOV-0007046,STR-005,SKU-105,SALE,-17,2026-08-10T10:30:00Z
MOV-0007047,STR-005,SKU-105,SALE,-24,2026-08-11T14:51:00Z
MOV-0007048,STR-005,SKU-105,SALE,-22,2026-08-12T14:01:00Z
MOV-0007049,STR-005,SKU-105,SALE,-27,2026-08-13T15:27:00Z
MOV-0007050,STR-005,SKU-105,SALE,-25,2026-08-14T15:45:00Z
MOV-0007051,STR-005,SKU-105,SALE,-34,2026-08-15T10:23:00Z
MOV-0007052,STR-005,SKU-105,DELIVERY,175,2026-08-16T06:29:00Z
MOV-0007053,STR-005,SKU-105,SALE,-25,2026-08-16T18:36:00Z
MOV-0007054,STR-005,SKU-105,SALE,-18,2026-08-17T08:55:00Z
MOV-0007055,STR-005,SKU-105,SALE,-19,2026-08-18T09:01:00Z
MOV-0007056,STR-005,SKU-105,SALE,-30,2026-08-19T07:42:00Z
MOV-0007057,STR-005,SKU-105,SALE,-30,2026-08-20T18:49:00Z
MOV-0007058,STR-005,SKU-105,SALE,-27,2026-08-21T11:25:00Z
MOV-0007059,STR-005,SKU-105,SALE,-26,2026-08-22T11:32:00Z
MOV-0007060,STR-005,SKU-105,DELIVERY,141,2026-08-23T06:18:00Z
MOV-0007061,STR-005,SKU-105,SALE,-31,2026-08-23T12:35:00Z
MOV-0007062,STR-005,SKU-105,SALE,-14,2026-08-24T10:16:00Z
MOV-0007063,STR-005,SKU-105,SALE,-14,2026-08-25T14:07:00Z
MOV-0007064,STR-005,SKU-105,SALE,-19,2026-08-26T12:22:00Z
MOV-0007065,STR-005,SKU-105,SALE,-22,2026-08-27T13:25:00Z
MOV-0007066,STR-005,SKU-105,SALE,-21,2026-08-28T18:23:00Z
MOV-0007067,STR-005,SKU-105,SALE,-20,2026-08-29T10:17:00Z
MOV-0007068,STR-005,SKU-105,DELIVERY,61,2026-08-30T06:46:00Z
MOV-0007069,STR-005,SKU-105,SALE,-21,2026-08-30T13:57:00Z
MOV-0007070,STR-005,SKU-105,SALE,-18,2026-08-31T14:28:00Z
MOV-0007071,STR-005,SKU-105,SALE,-22,2026-09-01T07:28:00Z
MOV-0007072,STR-005,SKU-201,SALE,-36,2026-07-06T08:19:00Z
MOV-0007073,STR-005,SKU-201,SALE,-27,2026-07-07T17:17:00Z
MOV-0007074,STR-005,SKU-201,SALE,-35,2026-07-08T11:34:00Z
MOV-0007075,STR-005,SKU-201,DELIVERY,259,2026-07-09T06:29:00Z
MOV-0007076,STR-005,SKU-201,SALE,-43,2026-07-09T07:40:00Z
MOV-0007077,STR-005,SKU-201,SALE,-38,2026-07-10T13:21:00Z
MOV-0007078,STR-005,SKU-201,ADJUSTMENT,2,2026-07-11T12:10:00Z
MOV-0007079,STR-005,SKU-201,SALE,-42,2026-07-11T13:06:00Z
MOV-0007080,STR-005,SKU-201,SALE,-45,2026-07-12T16:05:00Z
MOV-0007081,STR-005,SKU-201,SALE,-25,2026-07-13T10:11:00Z
MOV-0007082,STR-005,SKU-201,SALE,-37,2026-07-14T09:06:00Z
MOV-0007083,STR-005,SKU-201,SALE,-31,2026-07-15T13:13:00Z
MOV-0007084,STR-005,SKU-201,DELIVERY,253,2026-07-16T06:45:00Z
MOV-0007085,STR-005,SKU-201,SALE,-31,2026-07-16T10:21:00Z
MOV-0007086,STR-005,SKU-201,SALE,-42,2026-07-17T16:18:00Z
MOV-0007087,STR-005,SKU-201,SALE,-48,2026-07-18T07:33:00Z
MOV-0007088,STR-005,SKU-201,SALE,-48,2026-07-19T10:47:00Z
MOV-0007089,STR-005,SKU-201,SALE,-28,2026-07-20T09:01:00Z
MOV-0007090,STR-005,SKU-201,SALE,-27,2026-07-21T13:50:00Z
MOV-0007091,STR-005,SKU-201,SALE,-29,2026-07-22T16:30:00Z
MOV-0007092,STR-005,SKU-201,DELIVERY,241,2026-07-23T06:51:00Z
MOV-0007093,STR-005,SKU-201,SALE,-36,2026-07-23T16:21:00Z
MOV-0007094,STR-005,SKU-201,SALE,-42,2026-07-24T18:12:00Z
MOV-0007095,STR-005,SKU-201,SALE,-42,2026-07-25T11:47:00Z
MOV-0007096,STR-005,SKU-201,SALE,-40,2026-07-26T15:36:00Z
MOV-0007097,STR-005,SKU-201,SALE,-27,2026-07-27T15:47:00Z
MOV-0007098,STR-005,SKU-201,SALE,-30,2026-07-28T08:16:00Z
MOV-0007099,STR-005,SKU-201,SALE,-24,2026-07-29T17:37:00Z
MOV-0007100,STR-005,SKU-201,DELIVERY,210,2026-07-30T06:36:00Z
MOV-0007101,STR-005,SKU-201,SALE,-31,2026-07-30T14:37:00Z
MOV-0007102,STR-005,SKU-201,SALE,-27,2026-07-31T13:32:00Z
MOV-0007103,STR-005,SKU-201,SALE,-42,2026-08-01T16:50:00Z
MOV-0007104,STR-005,SKU-201,SALE,-29,2026-08-02T10:23:00Z
MOV-0007105,STR-005,SKU-201,SALE,-27,2026-08-03T11:27:00Z
MOV-0007106,STR-005,SKU-201,SALE,-31,2026-08-04T08:58:00Z
MOV-0007107,STR-005,SKU-201,SALE,-23,2026-08-05T07:21:00Z
MOV-0007108,STR-005,SKU-201,DELIVERY,228,2026-08-06T06:58:00Z
MOV-0007109,STR-005,SKU-201,SALE,-29,2026-08-06T16:06:00Z
MOV-0007110,STR-005,SKU-201,SALE,-34,2026-08-07T09:07:00Z
MOV-0007111,STR-005,SKU-201,SALE,-42,2026-08-08T10:56:00Z
MOV-0007112,STR-005,SKU-201,SALE,-34,2026-08-09T14:33:00Z
MOV-0007113,STR-005,SKU-201,SALE,-27,2026-08-10T10:33:00Z
MOV-0007114,STR-005,SKU-201,SALE,-29,2026-08-11T11:20:00Z
MOV-0007115,STR-005,SKU-201,SALE,-33,2026-08-12T13:28:00Z
MOV-0007116,STR-005,SKU-201,DELIVERY,259,2026-08-13T06:24:00Z
MOV-0007117,STR-005,SKU-201,SALE,-41,2026-08-13T13:31:00Z
MOV-0007118,STR-005,SKU-201,SALE,-39,2026-08-14T08:49:00Z
MOV-0007119,STR-005,SKU-201,SALE,-48,2026-08-15T18:40:00Z
MOV-0007120,STR-005,SKU-201,SALE,-38,2026-08-16T11:08:00Z
MOV-0007121,STR-005,SKU-201,SALE,-23,2026-08-17T07:53:00Z
MOV-0007122,STR-005,SKU-201,SALE,-34,2026-08-18T16:52:00Z
MOV-0007123,STR-005,SKU-201,SALE,-36,2026-08-19T13:10:00Z
MOV-0007124,STR-005,SKU-201,DELIVERY,245,2026-08-20T06:05:00Z
MOV-0007125,STR-005,SKU-201,SALE,-36,2026-08-20T10:53:00Z
MOV-0007126,STR-005,SKU-201,SALE,-38,2026-08-21T16:57:00Z
MOV-0007127,STR-005,SKU-201,SALE,-42,2026-08-22T14:46:00Z
MOV-0007128,STR-005,SKU-201,SALE,-37,2026-08-23T16:53:00Z
MOV-0007129,STR-005,SKU-201,SALE,-28,2026-08-24T13:44:00Z
MOV-0007130,STR-005,SKU-201,SALE,-29,2026-08-25T16:37:00Z
MOV-0007131,STR-005,SKU-201,SALE,-35,2026-08-26T11:45:00Z
MOV-0007132,STR-005,SKU-201,DELIVERY,213,2026-08-27T06:47:00Z
MOV-0007133,STR-005,SKU-201,SALE,-33,2026-08-27T08:51:00Z
MOV-0007134,STR-005,SKU-201,SALE,-36,2026-08-28T17:49:00Z
MOV-0007135,STR-005,SKU-201,SALE,-49,2026-08-29T15:44:00Z
MOV-0007136,STR-005,SKU-201,SALE,-31,2026-08-30T15:06:00Z
MOV-0007137,STR-005,SKU-201,SALE,-31,2026-08-31T18:57:00Z
MOV-0007138,STR-005,SKU-201,SALE,-33,2026-09-01T10:43:00Z
MOV-0007139,STR-005,SKU-202,SALE,-30,2026-07-06T11:43:00Z
MOV-0007140,STR-005,SKU-202,SALE,-35,2026-07-07T16:27:00Z
MOV-0007141,STR-005,SKU-202,DELIVERY,239,2026-07-08T06:13:00Z
MOV-0007142,STR-005,SKU-202,SALE,-33,2026-07-08T09:42:00Z
MOV-0007143,STR-005,SKU-202,SALE,-38,2026-07-09T08:03:00Z
MOV-0007144,STR-005,SKU-202,SALE,-36,2026-07-10T17:45:00Z
MOV-0007145,STR-005,SKU-202,SALE,-45,2026-07-11T18:42:00Z
MOV-0007146,STR-005,SKU-202,SALE,-39,2026-07-12T09:57:00Z
MOV-0007147,STR-005,SKU-202,SALE,-22,2026-07-13T16:54:00Z
MOV-0007148,STR-005,SKU-202,SALE,-26,2026-07-14T07:01:00Z
MOV-0007149,STR-005,SKU-202,DELIVERY,205,2026-07-15T06:44:00Z
MOV-0007150,STR-005,SKU-202,SALE,-26,2026-07-15T15:09:00Z
MOV-0007151,STR-005,SKU-202,SALE,-29,2026-07-16T18:11:00Z
MOV-0007152,STR-005,SKU-202,SALE,-35,2026-07-17T12:51:00Z
MOV-0007153,STR-005,SKU-202,SALE,-31,2026-07-18T13:53:00Z
MOV-0007154,STR-005,SKU-202,SALE,-30,2026-07-19T18:25:00Z
MOV-0007155,STR-005,SKU-202,SALE,-24,2026-07-20T08:14:00Z
MOV-0007156,STR-005,SKU-202,SALE,-30,2026-07-21T07:38:00Z
MOV-0007157,STR-005,SKU-202,DELIVERY,240,2026-07-22T06:22:00Z
MOV-0007158,STR-005,SKU-202,SALE,-31,2026-07-22T15:08:00Z
MOV-0007159,STR-005,SKU-202,SALE,-39,2026-07-23T13:25:00Z
MOV-0007160,STR-005,SKU-202,SALE,-43,2026-07-24T12:50:00Z
MOV-0007161,STR-005,SKU-202,SALE,-50,2026-07-25T12:20:00Z
MOV-0007162,STR-005,SKU-202,SALE,-33,2026-07-26T07:31:00Z
MOV-0007163,STR-005,SKU-202,SALE,-19,2026-07-27T16:48:00Z
MOV-0007164,STR-005,SKU-202,SALE,-25,2026-07-28T07:50:00Z
MOV-0007165,STR-005,SKU-202,DELIVERY,209,2026-07-29T06:05:00Z
MOV-0007166,STR-005,SKU-202,SALE,-28,2026-07-29T13:21:00Z
MOV-0007167,STR-005,SKU-202,SALE,-26,2026-07-30T18:05:00Z
MOV-0007168,STR-005,SKU-202,SALE,-24,2026-07-31T08:48:00Z
MOV-0007169,STR-005,SKU-202,SALE,-36,2026-08-01T16:24:00Z
MOV-0007170,STR-005,SKU-202,SALE,-33,2026-08-02T09:19:00Z
MOV-0007171,STR-005,SKU-202,SALE,-27,2026-08-03T08:19:00Z
MOV-0007172,STR-005,SKU-202,SALE,-35,2026-08-04T14:28:00Z
MOV-0007173,STR-005,SKU-202,DELIVERY,224,2026-08-05T06:28:00Z
MOV-0007174,STR-005,SKU-202,SALE,-27,2026-08-05T14:25:00Z
MOV-0007175,STR-005,SKU-202,SALE,-29,2026-08-06T13:21:00Z
MOV-0007176,STR-005,SKU-202,SALE,-37,2026-08-07T17:49:00Z
MOV-0007177,STR-005,SKU-202,SALE,-36,2026-08-08T12:28:00Z
MOV-0007178,STR-005,SKU-202,SALE,-39,2026-08-09T08:33:00Z
MOV-0007179,STR-005,SKU-202,SALE,-24,2026-08-10T16:35:00Z
MOV-0007180,STR-005,SKU-202,SALE,-32,2026-08-11T07:12:00Z
MOV-0007181,STR-005,SKU-202,DELIVERY,239,2026-08-12T06:19:00Z
MOV-0007182,STR-005,SKU-202,SALE,-34,2026-08-12T09:14:00Z
MOV-0007183,STR-005,SKU-202,SALE,-34,2026-08-13T15:48:00Z
MOV-0007184,STR-005,SKU-202,SALE,-31,2026-08-14T08:52:00Z
MOV-0007185,STR-005,SKU-202,SALE,-35,2026-08-15T16:52:00Z
MOV-0007186,STR-005,SKU-202,SALE,-42,2026-08-16T10:03:00Z
MOV-0007187,STR-005,SKU-202,SALE,-25,2026-08-17T18:42:00Z
MOV-0007188,STR-005,SKU-202,SALE,-38,2026-08-18T10:30:00Z
MOV-0007189,STR-005,SKU-202,DELIVERY,262,2026-08-19T06:05:00Z
MOV-0007190,STR-005,SKU-202,SALE,-43,2026-08-19T18:44:00Z
MOV-0007191,STR-005,SKU-202,SALE,-31,2026-08-20T10:18:00Z
MOV-0007192,STR-005,SKU-202,SALE,-37,2026-08-21T08:02:00Z
MOV-0007193,STR-005,SKU-202,SALE,-44,2026-08-22T08:54:00Z
MOV-0007194,STR-005,SKU-202,SALE,-49,2026-08-23T13:41:00Z
MOV-0007195,STR-005,SKU-202,SALE,-27,2026-08-24T11:14:00Z
MOV-0007196,STR-005,SKU-202,SALE,-31,2026-08-25T18:51:00Z
MOV-0007197,STR-005,SKU-202,DELIVERY,209,2026-08-26T06:25:00Z
MOV-0007198,STR-005,SKU-202,SALE,-27,2026-08-26T10:58:00Z
MOV-0007199,STR-005,SKU-202,SALE,-33,2026-08-27T17:13:00Z
MOV-0007200,STR-005,SKU-202,SALE,-31,2026-08-28T08:06:00Z
MOV-0007201,STR-005,SKU-202,SALE,-36,2026-08-29T09:14:00Z
MOV-0007202,STR-005,SKU-202,SALE,-38,2026-08-30T15:49:00Z
MOV-0007203,STR-005,SKU-202,SALE,-23,2026-08-31T07:55:00Z
MOV-0007204,STR-005,SKU-202,SALE,-21,2026-09-01T10:08:00Z
MOV-0007205,STR-005,SKU-203,SALE,-45,2026-07-06T15:30:00Z
MOV-0007206,STR-005,SKU-203,DELIVERY,369,2026-07-07T06:15:00Z
MOV-0007207,STR-005,SKU-203,SALE,-48,2026-07-07T10:14:00Z
MOV-0007208,STR-005,SKU-203,SALE,-40,2026-07-08T10:11:00Z
MOV-0007209,STR-005,SKU-203,SALE,-50,2026-07-09T14:56:00Z
MOV-0007210,STR-005,SKU-203,SALE,-54,2026-07-10T17:08:00Z
MOV-0007211,STR-005,SKU-203,SALE,-54,2026-07-11T12:08:00Z
MOV-0007212,STR-005,SKU-203,SALE,-69,2026-07-12T07:16:00Z
MOV-0007213,STR-005,SKU-203,SALE,-54,2026-07-13T12:51:00Z
MOV-0007214,STR-005,SKU-203,DELIVERY,390,2026-07-14T06:55:00Z
MOV-0007215,STR-005,SKU-203,SALE,-44,2026-07-14T18:50:00Z
MOV-0007216,STR-005,SKU-203,SALE,-67,2026-07-15T18:02:00Z
MOV-0007217,STR-005,SKU-203,SALE,-57,2026-07-16T07:49:00Z
MOV-0007218,STR-005,SKU-203,SALE,-64,2026-07-17T09:28:00Z
MOV-0007219,STR-005,SKU-203,SALE,-68,2026-07-18T07:09:00Z
MOV-0007220,STR-005,SKU-203,SALE,-59,2026-07-19T15:40:00Z
MOV-0007221,STR-005,SKU-203,SALE,-31,2026-07-20T10:08:00Z
MOV-0007222,STR-005,SKU-203,DELIVERY,328,2026-07-21T06:35:00Z
MOV-0007223,STR-005,SKU-203,SALE,-47,2026-07-21T16:10:00Z
MOV-0007224,STR-005,SKU-203,SALE,-38,2026-07-22T17:43:00Z
MOV-0007225,STR-005,SKU-203,SALE,-50,2026-07-23T12:40:00Z
MOV-0007226,STR-005,SKU-203,SALE,-51,2026-07-24T08:26:00Z
MOV-0007227,STR-005,SKU-203,SALE,-47,2026-07-25T17:30:00Z
MOV-0007228,STR-005,SKU-203,SALE,-54,2026-07-26T14:08:00Z
MOV-0007229,STR-005,SKU-203,SALE,-41,2026-07-27T11:48:00Z
MOV-0007230,STR-005,SKU-203,DELIVERY,348,2026-07-28T06:05:00Z
MOV-0007231,STR-005,SKU-203,SALE,-41,2026-07-28T17:48:00Z
MOV-0007232,STR-005,SKU-203,SALE,-55,2026-07-29T16:24:00Z
MOV-0007233,STR-005,SKU-203,SALE,-39,2026-07-30T17:50:00Z
MOV-0007234,STR-005,SKU-203,SALE,-63,2026-07-31T15:40:00Z
MOV-0007235,STR-005,SKU-203,SALE,-51,2026-08-01T14:20:00Z
MOV-0007236,STR-005,SKU-203,SALE,-49,2026-08-02T18:15:00Z
MOV-0007237,STR-005,SKU-203,SALE,-50,2026-08-03T08:47:00Z
MOV-0007238,STR-005,SKU-203,DELIVERY,403,2026-08-04T06:27:00Z
MOV-0007239,STR-005,SKU-203,SALE,-57,2026-08-04T15:44:00Z
MOV-0007240,STR-005,SKU-203,SALE,-57,2026-08-05T08:00:00Z
MOV-0007241,STR-005,SKU-203,SALE,-62,2026-08-06T10:19:00Z
MOV-0007242,STR-005,SKU-203,SALE,-58,2026-08-07T14:11:00Z
MOV-0007243,STR-005,SKU-203,SALE,-73,2026-08-08T08:42:00Z
MOV-0007244,STR-005,SKU-203,SALE,-49,2026-08-09T12:57:00Z
MOV-0007245,STR-005,SKU-203,SALE,-47,2026-08-10T12:50:00Z
MOV-0007246,STR-005,SKU-203,DELIVERY,379,2026-08-11T06:22:00Z
MOV-0007247,STR-005,SKU-203,SALE,-49,2026-08-11T08:09:00Z
MOV-0007248,STR-005,SKU-203,SALE,-51,2026-08-12T10:49:00Z
MOV-0007249,STR-005,SKU-203,SALE,-45,2026-08-13T16:56:00Z
MOV-0007250,STR-005,SKU-203,SALE,-70,2026-08-14T12:06:00Z
MOV-0007251,STR-005,SKU-203,SALE,-71,2026-08-15T08:06:00Z
MOV-0007252,STR-005,SKU-203,SALE,-54,2026-08-16T17:55:00Z
MOV-0007253,STR-005,SKU-203,SALE,-39,2026-08-17T13:36:00Z
MOV-0007254,STR-005,SKU-203,DELIVERY,394,2026-08-18T06:15:00Z
MOV-0007255,STR-005,SKU-203,SALE,-38,2026-08-18T17:44:00Z
MOV-0007256,STR-005,SKU-203,SALE,-47,2026-08-19T08:56:00Z
MOV-0007257,STR-005,SKU-203,SALE,-56,2026-08-20T09:27:00Z
MOV-0007258,STR-005,SKU-203,SALE,-67,2026-08-21T14:02:00Z
MOV-0007259,STR-005,SKU-203,SALE,-67,2026-08-22T08:41:00Z
MOV-0007260,STR-005,SKU-203,SALE,-67,2026-08-23T18:06:00Z
MOV-0007261,STR-005,SKU-203,SALE,-52,2026-08-24T16:24:00Z
MOV-0007262,STR-005,SKU-203,DELIVERY,382,2026-08-25T06:18:00Z
MOV-0007263,STR-005,SKU-203,SALE,-53,2026-08-25T13:10:00Z
MOV-0007264,STR-005,SKU-203,SALE,-43,2026-08-26T13:29:00Z
MOV-0007265,STR-005,SKU-203,SALE,-56,2026-08-27T18:30:00Z
MOV-0007266,STR-005,SKU-203,SALE,-68,2026-08-28T11:41:00Z
MOV-0007267,STR-005,SKU-203,SALE,-58,2026-08-29T16:53:00Z
MOV-0007268,STR-005,SKU-203,SALE,-64,2026-08-30T14:20:00Z
MOV-0007269,STR-005,SKU-203,SALE,-40,2026-08-31T10:53:00Z
MOV-0007270,STR-005,SKU-203,DELIVERY,49,2026-09-01T06:40:00Z
MOV-0007271,STR-005,SKU-203,SALE,-49,2026-09-01T12:55:00Z
MOV-0007272,STR-005,SKU-204,SALE,-12,2026-07-06T12:28:00Z
MOV-0007273,STR-005,SKU-204,SALE,-13,2026-07-07T17:27:00Z
MOV-0007274,STR-005,SKU-204,SALE,-17,2026-07-08T07:02:00Z
MOV-0007275,STR-005,SKU-204,SALE,-13,2026-07-09T17:36:00Z
MOV-0007276,STR-005,SKU-204,SALE,-18,2026-07-10T11:40:00Z
MOV-0007277,STR-005,SKU-204,DELIVERY,121,2026-07-11T06:54:00Z
MOV-0007278,STR-005,SKU-204,SALE,-18,2026-07-11T12:41:00Z
MOV-0007279,STR-005,SKU-204,SALE,-20,2026-07-12T10:43:00Z
MOV-0007280,STR-005,SKU-204,SALE,-15,2026-07-13T18:31:00Z
MOV-0007281,STR-005,SKU-204,SALE,-15,2026-07-14T16:34:00Z
MOV-0007282,STR-005,SKU-204,SALE,-16,2026-07-15T11:56:00Z
MOV-0007283,STR-005,SKU-204,SALE,-17,2026-07-16T07:36:00Z
MOV-0007284,STR-005,SKU-204,SALE,-20,2026-07-17T18:02:00Z
MOV-0007285,STR-005,SKU-204,DELIVERY,141,2026-07-18T06:29:00Z
MOV-0007286,STR-005,SKU-204,SALE,-20,2026-07-18T15:42:00Z
MOV-0007287,STR-005,SKU-204,SALE,-25,2026-07-19T15:21:00Z
MOV-0007288,STR-005,SKU-204,SALE,-13,2026-07-20T09:13:00Z
MOV-0007289,STR-005,SKU-204,SALE,-18,2026-07-21T15:07:00Z
MOV-0007290,STR-005,SKU-204,SALE,-20,2026-07-22T16:30:00Z
MOV-0007291,STR-005,SKU-204,SALE,-22,2026-07-23T17:16:00Z
MOV-0007292,STR-005,SKU-204,SALE,-23,2026-07-24T08:33:00Z
MOV-0007293,STR-005,SKU-204,DELIVERY,142,2026-07-25T06:00:00Z
MOV-0007294,STR-005,SKU-204,SALE,-25,2026-07-25T09:08:00Z
MOV-0007295,STR-005,SKU-204,SALE,-21,2026-07-26T10:22:00Z
MOV-0007296,STR-005,SKU-204,SALE,-17,2026-07-27T12:19:00Z
MOV-0007297,STR-005,SKU-204,SALE,-17,2026-07-28T18:13:00Z
MOV-0007298,STR-005,SKU-204,SALE,-21,2026-07-29T14:38:00Z
MOV-0007299,STR-005,SKU-204,SALE,-17,2026-07-30T09:08:00Z
MOV-0007300,STR-005,SKU-204,SALE,-24,2026-07-31T15:14:00Z
MOV-0007301,STR-005,SKU-204,DELIVERY,132,2026-08-01T06:18:00Z
MOV-0007302,STR-005,SKU-204,SALE,-27,2026-08-01T07:39:00Z
MOV-0007303,STR-005,SKU-204,SALE,-18,2026-08-02T14:00:00Z
MOV-0007304,STR-005,SKU-204,SALE,-15,2026-08-03T13:22:00Z
MOV-0007305,STR-005,SKU-204,SALE,-18,2026-08-04T13:46:00Z
MOV-0007306,STR-005,SKU-204,SALE,-19,2026-08-05T08:41:00Z
MOV-0007307,STR-005,SKU-204,SALE,-17,2026-08-06T10:13:00Z
MOV-0007308,STR-005,SKU-204,SALE,-18,2026-08-07T09:04:00Z
MOV-0007309,STR-005,SKU-204,DELIVERY,117,2026-08-08T06:55:00Z
MOV-0007310,STR-005,SKU-204,SALE,-26,2026-08-08T15:25:00Z
MOV-0007311,STR-005,SKU-204,SALE,-18,2026-08-09T15:31:00Z
MOV-0007312,STR-005,SKU-204,SALE,-13,2026-08-10T14:46:00Z
MOV-0007313,STR-005,SKU-204,SALE,-12,2026-08-11T10:55:00Z
MOV-0007314,STR-005,SKU-204,SALE,-16,2026-08-12T18:58:00Z
MOV-0007315,STR-005,SKU-204,SALE,-14,2026-08-13T17:04:00Z
MOV-0007316,STR-005,SKU-204,SALE,-18,2026-08-14T11:48:00Z
MOV-0007317,STR-005,SKU-204,DELIVERY,127,2026-08-15T06:04:00Z
MOV-0007318,STR-005,SKU-204,SALE,-17,2026-08-15T14:13:00Z
MOV-0007319,STR-005,SKU-204,SALE,-13,2026-08-16T10:11:00Z
MOV-0007320,STR-005,SKU-204,SALE,-17,2026-08-17T16:53:00Z
MOV-0007321,STR-005,SKU-204,SALE,-20,2026-08-18T15:51:00Z
MOV-0007322,STR-005,SKU-204,SALE,-17,2026-08-19T09:20:00Z
MOV-0007323,STR-005,SKU-204,SALE,-20,2026-08-20T08:10:00Z
MOV-0007324,STR-005,SKU-204,SALE,-23,2026-08-21T16:37:00Z
MOV-0007325,STR-005,SKU-204,DELIVERY,109,2026-08-22T06:11:00Z
MOV-0007326,STR-005,SKU-204,SALE,-21,2026-08-22T16:02:00Z
MOV-0007327,STR-005,SKU-204,SALE,-17,2026-08-23T15:28:00Z
MOV-0007328,STR-005,SKU-204,SALE,-13,2026-08-24T08:08:00Z
MOV-0007329,STR-005,SKU-204,SALE,-14,2026-08-25T11:51:00Z
MOV-0007330,STR-005,SKU-204,ADJUSTMENT,2,2026-08-25T12:32:00Z
MOV-0007331,STR-005,SKU-204,SALE,-14,2026-08-26T11:58:00Z
MOV-0007332,STR-005,SKU-204,SALE,-15,2026-08-27T11:47:00Z
MOV-0007333,STR-005,SKU-204,SALE,-17,2026-08-28T10:20:00Z
MOV-0007334,STR-005,SKU-204,DELIVERY,54,2026-08-29T06:47:00Z
MOV-0007335,STR-005,SKU-204,SALE,-15,2026-08-29T18:54:00Z
MOV-0007336,STR-005,SKU-204,SALE,-16,2026-08-30T10:21:00Z
MOV-0007337,STR-005,SKU-204,SALE,-10,2026-08-31T13:38:00Z
MOV-0007338,STR-005,SKU-204,SALE,-13,2026-09-01T08:40:00Z
MOV-0007339,STR-005,SKU-301,SALE,-33,2026-07-06T09:22:00Z
MOV-0007340,STR-005,SKU-301,SALE,-49,2026-07-07T08:03:00Z
MOV-0007341,STR-005,SKU-301,DELIVERY,345,2026-07-08T06:44:00Z
MOV-0007342,STR-005,SKU-301,SALE,-45,2026-07-08T14:40:00Z
MOV-0007343,STR-005,SKU-301,SALE,-48,2026-07-09T07:33:00Z
MOV-0007344,STR-005,SKU-301,SALE,-46,2026-07-10T16:58:00Z
MOV-0007345,STR-005,SKU-301,SALE,-52,2026-07-11T16:23:00Z
MOV-0007346,STR-005,SKU-301,SALE,-69,2026-07-12T12:16:00Z
MOV-0007347,STR-005,SKU-301,SALE,-36,2026-07-13T12:33:00Z
MOV-0007348,STR-005,SKU-301,SALE,-49,2026-07-14T16:16:00Z
MOV-0007349,STR-005,SKU-301,DELIVERY,385,2026-07-15T06:07:00Z
MOV-0007350,STR-005,SKU-301,SALE,-49,2026-07-15T08:29:00Z
MOV-0007351,STR-005,SKU-301,SALE,-46,2026-07-16T08:45:00Z
MOV-0007352,STR-005,SKU-301,SALE,-71,2026-07-17T08:03:00Z
MOV-0007353,STR-005,SKU-301,SALE,-75,2026-07-18T12:12:00Z
MOV-0007354,STR-005,SKU-301,SALE,-72,2026-07-19T08:43:00Z
MOV-0007355,STR-005,SKU-301,SALE,-35,2026-07-20T14:22:00Z
MOV-0007356,STR-005,SKU-301,SALE,-37,2026-07-21T07:47:00Z
MOV-0007357,STR-005,SKU-301,DELIVERY,345,2026-07-22T06:57:00Z
MOV-0007358,STR-005,SKU-301,SALE,-43,2026-07-22T15:49:00Z
MOV-0007359,STR-005,SKU-301,SALE,-45,2026-07-23T18:43:00Z
MOV-0007360,STR-005,SKU-301,SALE,-51,2026-07-24T07:39:00Z
MOV-0007361,STR-005,SKU-301,SALE,-59,2026-07-25T09:52:00Z
MOV-0007362,STR-005,SKU-301,SALE,-55,2026-07-26T14:54:00Z
MOV-0007363,STR-005,SKU-301,SALE,-51,2026-07-27T12:16:00Z
MOV-0007364,STR-005,SKU-301,SALE,-41,2026-07-28T17:35:00Z
MOV-0007365,STR-005,SKU-301,DELIVERY,372,2026-07-29T06:56:00Z
MOV-0007366,STR-005,SKU-301,SALE,-48,2026-07-29T16:56:00Z
MOV-0007367,STR-005,SKU-301,SALE,-52,2026-07-30T13:04:00Z
MOV-0007368,STR-005,SKU-301,SALE,-59,2026-07-31T17:10:00Z
MOV-0007369,STR-005,SKU-301,SALE,-59,2026-08-01T08:56:00Z
MOV-0007370,STR-005,SKU-301,SALE,-54,2026-08-02T10:52:00Z
MOV-0007371,STR-005,SKU-301,SALE,-52,2026-08-03T17:27:00Z
MOV-0007372,STR-005,SKU-301,SALE,-48,2026-08-04T18:58:00Z
MOV-0007373,STR-005,SKU-301,DELIVERY,366,2026-08-05T06:06:00Z
MOV-0007374,STR-005,SKU-301,SALE,-59,2026-08-05T07:06:00Z
MOV-0007375,STR-005,SKU-301,SALE,-64,2026-08-06T14:39:00Z
MOV-0007376,STR-005,SKU-301,SALE,-52,2026-08-07T14:20:00Z
MOV-0007377,STR-005,SKU-301,SALE,-60,2026-08-08T09:40:00Z
MOV-0007378,STR-005,SKU-301,SALE,-64,2026-08-09T17:35:00Z
MOV-0007379,STR-005,SKU-301,SALE,-30,2026-08-10T10:11:00Z
MOV-0007380,STR-005,SKU-301,SALE,-37,2026-08-11T12:48:00Z
MOV-0007381,STR-005,SKU-301,DELIVERY,348,2026-08-12T06:48:00Z
MOV-0007382,STR-005,SKU-301,SALE,-51,2026-08-12T13:00:00Z
MOV-0007383,STR-005,SKU-301,SALE,-36,2026-08-13T17:42:00Z
MOV-0007384,STR-005,SKU-301,SALE,-54,2026-08-14T14:27:00Z
MOV-0007385,STR-005,SKU-301,SALE,-54,2026-08-15T18:54:00Z
MOV-0007386,STR-005,SKU-301,SALE,-62,2026-08-16T17:44:00Z
MOV-0007387,STR-005,SKU-301,SALE,-43,2026-08-17T14:23:00Z
MOV-0007388,STR-005,SKU-301,SALE,-48,2026-08-18T10:16:00Z
MOV-0007389,STR-005,SKU-301,DELIVERY,412,2026-08-19T06:26:00Z
MOV-0007390,STR-005,SKU-301,SALE,-44,2026-08-19T16:52:00Z
MOV-0007391,STR-005,SKU-301,SALE,-61,2026-08-20T15:09:00Z
MOV-0007392,STR-005,SKU-301,SALE,-69,2026-08-21T10:08:00Z
MOV-0007393,STR-005,SKU-301,SALE,-75,2026-08-22T12:02:00Z
MOV-0007394,STR-005,SKU-301,SALE,-65,2026-08-23T09:28:00Z
MOV-0007395,STR-005,SKU-301,SALE,-42,2026-08-24T10:56:00Z
MOV-0007396,STR-005,SKU-301,SALE,-56,2026-08-25T12:09:00Z
MOV-0007397,STR-005,SKU-301,DELIVERY,381,2026-08-26T06:40:00Z
MOV-0007398,STR-005,SKU-301,SALE,-56,2026-08-26T08:50:00Z
MOV-0007399,STR-005,SKU-301,SALE,-56,2026-08-27T07:24:00Z
MOV-0007400,STR-005,SKU-301,SALE,-67,2026-08-28T16:16:00Z
MOV-0007401,STR-005,SKU-301,SALE,-54,2026-08-29T17:27:00Z
MOV-0007402,STR-005,SKU-301,SALE,-50,2026-08-30T08:41:00Z
MOV-0007403,STR-005,SKU-301,SALE,-47,2026-08-31T16:14:00Z
MOV-0007404,STR-005,SKU-301,SALE,-51,2026-09-01T14:04:00Z
MOV-0007405,STR-005,SKU-302,SALE,-41,2026-07-06T14:27:00Z
MOV-0007406,STR-005,SKU-302,SALE,-34,2026-07-07T16:11:00Z
MOV-0007407,STR-005,SKU-302,SALE,-39,2026-07-08T16:44:00Z
MOV-0007408,STR-005,SKU-302,SALE,-40,2026-07-09T12:47:00Z
MOV-0007409,STR-005,SKU-302,SALE,-54,2026-07-10T08:39:00Z
MOV-0007410,STR-005,SKU-302,DELIVERY,291,2026-07-11T06:19:00Z
MOV-0007411,STR-005,SKU-302,SALE,-55,2026-07-11T17:16:00Z
MOV-0007412,STR-005,SKU-302,SALE,-52,2026-07-12T07:41:00Z
MOV-0007413,STR-005,SKU-302,SALE,-35,2026-07-13T16:05:00Z
MOV-0007414,STR-005,SKU-302,SALE,-32,2026-07-14T10:11:00Z
MOV-0007415,STR-005,SKU-302,SALE,-33,2026-07-15T17:09:00Z
MOV-0007416,STR-005,SKU-302,SALE,-35,2026-07-16T17:14:00Z
MOV-0007417,STR-005,SKU-302,SALE,-49,2026-07-17T14:47:00Z
MOV-0007418,STR-005,SKU-302,DELIVERY,266,2026-07-18T06:07:00Z
MOV-0007419,STR-005,SKU-302,SALE,-43,2026-07-18T12:52:00Z
MOV-0007420,STR-005,SKU-302,SALE,-49,2026-07-19T14:53:00Z
MOV-0007421,STR-005,SKU-302,SALE,-32,2026-07-20T13:49:00Z
MOV-0007422,STR-005,SKU-302,SALE,-31,2026-07-21T09:16:00Z
MOV-0007423,STR-005,SKU-302,SALE,-41,2026-07-22T18:01:00Z
MOV-0007424,STR-005,SKU-302,SALE,-31,2026-07-23T11:30:00Z
MOV-0007425,STR-005,SKU-302,SALE,-39,2026-07-24T16:35:00Z
MOV-0007426,STR-005,SKU-302,DELIVERY,273,2026-07-25T06:53:00Z
MOV-0007427,STR-005,SKU-302,SALE,-51,2026-07-25T13:00:00Z
MOV-0007428,STR-005,SKU-302,SALE,-40,2026-07-26T14:17:00Z
MOV-0007429,STR-005,SKU-302,SALE,-32,2026-07-27T16:50:00Z
MOV-0007430,STR-005,SKU-302,SALE,-37,2026-07-28T08:45:00Z
MOV-0007431,STR-005,SKU-302,SALE,-36,2026-07-29T07:11:00Z
MOV-0007432,STR-005,SKU-302,SALE,-37,2026-07-30T08:47:00Z
MOV-0007433,STR-005,SKU-302,SALE,-40,2026-07-31T08:27:00Z
MOV-0007434,STR-005,SKU-302,DELIVERY,294,2026-08-01T06:07:00Z
MOV-0007435,STR-005,SKU-302,SALE,-54,2026-08-01T09:29:00Z
MOV-0007436,STR-005,SKU-302,SALE,-42,2026-08-02T13:37:00Z
MOV-0007437,STR-005,SKU-302,SALE,-32,2026-08-03T15:54:00Z
MOV-0007438,STR-005,SKU-302,SALE,-33,2026-08-04T14:29:00Z
MOV-0007439,STR-005,SKU-302,SALE,-48,2026-08-05T17:50:00Z
MOV-0007440,STR-005,SKU-302,SALE,-43,2026-08-06T12:38:00Z
MOV-0007441,STR-005,SKU-302,SALE,-42,2026-08-07T12:54:00Z
MOV-0007442,STR-005,SKU-302,DELIVERY,295,2026-08-08T06:06:00Z
MOV-0007443,STR-005,SKU-302,SALE,-59,2026-08-08T12:04:00Z
MOV-0007444,STR-005,SKU-302,SALE,-58,2026-08-09T08:20:00Z
MOV-0007445,STR-005,SKU-302,SALE,-28,2026-08-10T15:00:00Z
MOV-0007446,STR-005,SKU-302,SALE,-42,2026-08-11T18:15:00Z
MOV-0007447,STR-005,SKU-302,SALE,-33,2026-08-12T14:18:00Z
MOV-0007448,STR-005,SKU-302,SALE,-35,2026-08-13T15:02:00Z
MOV-0007449,STR-005,SKU-302,SALE,-40,2026-08-14T18:19:00Z
MOV-0007450,STR-005,SKU-302,DELIVERY,269,2026-08-15T06:00:00Z
MOV-0007451,STR-005,SKU-302,SALE,-42,2026-08-15T15:23:00Z
MOV-0007452,STR-005,SKU-302,SALE,-37,2026-08-16T09:49:00Z
MOV-0007453,STR-005,SKU-302,SALE,-32,2026-08-17T17:33:00Z
MOV-0007454,STR-005,SKU-302,SALE,-37,2026-08-18T13:10:00Z
MOV-0007455,STR-005,SKU-302,SALE,-39,2026-08-19T14:28:00Z
MOV-0007456,STR-005,SKU-302,SALE,-44,2026-08-20T14:06:00Z
MOV-0007457,STR-005,SKU-302,SALE,-38,2026-08-21T14:20:00Z
MOV-0007458,STR-005,SKU-302,DELIVERY,276,2026-08-22T06:18:00Z
MOV-0007459,STR-005,SKU-302,SALE,-47,2026-08-22T10:26:00Z
MOV-0007460,STR-005,SKU-302,SALE,-50,2026-08-23T16:27:00Z
MOV-0007461,STR-005,SKU-302,SALE,-32,2026-08-24T13:43:00Z
MOV-0007462,STR-005,SKU-302,SALE,-28,2026-08-25T13:55:00Z
MOV-0007463,STR-005,SKU-302,SALE,-31,2026-08-26T12:44:00Z
MOV-0007464,STR-005,SKU-302,SALE,-44,2026-08-27T14:58:00Z
MOV-0007465,STR-005,SKU-302,SALE,-44,2026-08-28T11:04:00Z
MOV-0007466,STR-005,SKU-302,DELIVERY,161,2026-08-29T06:39:00Z
MOV-0007467,STR-005,SKU-302,SALE,-53,2026-08-29T13:47:00Z
MOV-0007468,STR-005,SKU-302,SALE,-50,2026-08-30T07:09:00Z
MOV-0007469,STR-005,SKU-302,SALE,-26,2026-08-31T08:43:00Z
MOV-0007470,STR-005,SKU-302,SALE,-32,2026-09-01T13:35:00Z
MOV-0007471,STR-005,SKU-303,DELIVERY,219,2026-07-06T06:37:00Z
MOV-0007472,STR-005,SKU-303,SALE,-27,2026-07-06T09:41:00Z
MOV-0007473,STR-005,SKU-303,SALE,-33,2026-07-07T17:21:00Z
MOV-0007474,STR-005,SKU-303,SALE,-33,2026-07-08T11:31:00Z
MOV-0007475,STR-005,SKU-303,SALE,-24,2026-07-09T08:27:00Z
MOV-0007476,STR-005,SKU-303,SALE,-33,2026-07-10T09:48:00Z
MOV-0007477,STR-005,SKU-303,SALE,-33,2026-07-11T12:31:00Z
MOV-0007478,STR-005,SKU-303,SALE,-36,2026-07-12T14:13:00Z
MOV-0007479,STR-005,SKU-303,DELIVERY,218,2026-07-13T06:22:00Z
MOV-0007480,STR-005,SKU-303,SALE,-22,2026-07-13T14:29:00Z
MOV-0007481,STR-005,SKU-303,SALE,-33,2026-07-14T12:05:00Z
MOV-0007482,STR-005,SKU-303,SALE,-26,2026-07-15T11:25:00Z
MOV-0007483,STR-005,SKU-303,SALE,-35,2026-07-16T11:14:00Z
MOV-0007484,STR-005,SKU-303,SALE,-29,2026-07-17T13:02:00Z
MOV-0007485,STR-005,SKU-303,SALE,-36,2026-07-18T10:35:00Z
MOV-0007486,STR-005,SKU-303,SALE,-37,2026-07-19T11:02:00Z
MOV-0007487,STR-005,SKU-303,DELIVERY,204,2026-07-20T06:24:00Z
MOV-0007488,STR-005,SKU-303,SALE,-26,2026-07-20T16:42:00Z
MOV-0007489,STR-005,SKU-303,SALE,-21,2026-07-21T13:28:00Z
MOV-0007490,STR-005,SKU-303,SALE,-28,2026-07-22T13:04:00Z
MOV-0007491,STR-005,SKU-303,SALE,-28,2026-07-23T16:22:00Z
MOV-0007492,STR-005,SKU-303,SALE,-33,2026-07-24T09:51:00Z
MOV-0007493,STR-005,SKU-303,SALE,-39,2026-07-25T18:50:00Z
MOV-0007494,STR-005,SKU-303,SALE,-29,2026-07-26T16:48:00Z
MOV-0007495,STR-005,SKU-303,DELIVERY,239,2026-07-27T06:47:00Z
MOV-0007496,STR-005,SKU-303,SALE,-30,2026-07-27T18:17:00Z
MOV-0007497,STR-005,SKU-303,SALE,-36,2026-07-28T15:35:00Z
MOV-0007498,STR-005,SKU-303,SALE,-31,2026-07-29T17:40:00Z
MOV-0007499,STR-005,SKU-303,SALE,-31,2026-07-30T15:06:00Z
MOV-0007500,STR-005,SKU-303,SALE,-35,2026-07-31T15:39:00Z
MOV-0007501,STR-005,SKU-303,SALE,-38,2026-08-01T17:05:00Z
MOV-0007502,STR-005,SKU-303,SALE,-38,2026-08-02T09:19:00Z
MOV-0007503,STR-005,SKU-303,DELIVERY,200,2026-08-03T06:36:00Z
MOV-0007504,STR-005,SKU-303,SALE,-25,2026-08-03T18:55:00Z
MOV-0007505,STR-005,SKU-303,SALE,-24,2026-08-04T15:32:00Z
MOV-0007506,STR-005,SKU-303,SALE,-32,2026-08-05T14:18:00Z
MOV-0007507,STR-005,SKU-303,SALE,-25,2026-08-06T17:39:00Z
MOV-0007508,STR-005,SKU-303,SALE,-33,2026-08-07T10:49:00Z
MOV-0007509,STR-005,SKU-303,SALE,-34,2026-08-08T18:08:00Z
MOV-0007510,STR-005,SKU-303,SALE,-27,2026-08-09T16:25:00Z
MOV-0007511,STR-005,SKU-303,DELIVERY,206,2026-08-10T06:57:00Z
MOV-0007512,STR-005,SKU-303,SALE,-22,2026-08-10T16:54:00Z
MOV-0007513,STR-005,SKU-303,SALE,-21,2026-08-11T15:20:00Z
MOV-0007514,STR-005,SKU-303,SALE,-32,2026-08-12T11:53:00Z
MOV-0007515,STR-005,SKU-303,SALE,-29,2026-08-13T17:22:00Z
MOV-0007516,STR-005,SKU-303,SALE,-34,2026-08-14T14:54:00Z
MOV-0007517,STR-005,SKU-303,SALE,-41,2026-08-15T15:35:00Z
MOV-0007518,STR-005,SKU-303,SALE,-27,2026-08-16T10:07:00Z
MOV-0007519,STR-005,SKU-303,DELIVERY,274,2026-08-17T06:20:00Z
MOV-0007520,STR-005,SKU-303,SALE,-34,2026-08-17T09:42:00Z
MOV-0007521,STR-005,SKU-303,SALE,-31,2026-08-18T14:30:00Z
MOV-0007522,STR-005,SKU-303,SALE,-43,2026-08-19T16:44:00Z
MOV-0007523,STR-005,SKU-303,SALE,-33,2026-08-20T17:57:00Z
MOV-0007524,STR-005,SKU-303,SALE,-35,2026-08-21T13:28:00Z
MOV-0007525,STR-005,SKU-303,SALE,-47,2026-08-22T08:48:00Z
MOV-0007526,STR-005,SKU-303,SALE,-51,2026-08-23T14:03:00Z
MOV-0007527,STR-005,SKU-303,DELIVERY,227,2026-08-24T06:43:00Z
MOV-0007528,STR-005,SKU-303,SALE,-24,2026-08-24T12:53:00Z
MOV-0007529,STR-005,SKU-303,SALE,-28,2026-08-25T18:53:00Z
MOV-0007530,STR-005,SKU-303,SALE,-33,2026-08-26T16:42:00Z
MOV-0007531,STR-005,SKU-303,SALE,-35,2026-08-27T11:25:00Z
MOV-0007532,STR-005,SKU-303,SALE,-29,2026-08-28T15:34:00Z
MOV-0007533,STR-005,SKU-303,SALE,-37,2026-08-29T08:10:00Z
MOV-0007534,STR-005,SKU-303,SALE,-41,2026-08-30T15:43:00Z
MOV-0007535,STR-005,SKU-303,DELIVERY,54,2026-08-31T06:10:00Z
MOV-0007536,STR-005,SKU-303,SALE,-24,2026-08-31T12:29:00Z
MOV-0007537,STR-005,SKU-303,SALE,-30,2026-09-01T17:17:00Z
MOV-0007538,STR-005,SKU-304,SALE,-36,2026-07-06T16:06:00Z
MOV-0007539,STR-005,SKU-304,SALE,-38,2026-07-07T15:05:00Z
MOV-0007540,STR-005,SKU-304,DELIVERY,333,2026-07-08T06:17:00Z
MOV-0007541,STR-005,SKU-304,SALE,-44,2026-07-08T08:55:00Z
MOV-0007542,STR-005,SKU-304,SALE,-54,2026-07-09T17:37:00Z
MOV-0007543,STR-005,SKU-304,SALE,-44,2026-07-10T16:26:00Z
MOV-0007544,STR-005,SKU-304,SALE,-52,2026-07-11T08:45:00Z
MOV-0007545,STR-005,SKU-304,SALE,-59,2026-07-12T11:41:00Z
MOV-0007546,STR-005,SKU-304,SALE,-42,2026-07-13T18:19:00Z
MOV-0007547,STR-005,SKU-304,SALE,-38,2026-07-14T10:14:00Z
MOV-0007548,STR-005,SKU-304,DELIVERY,329,2026-07-15T06:06:00Z
MOV-0007549,STR-005,SKU-304,SALE,-49,2026-07-15T09:29:00Z
MOV-0007550,STR-005,SKU-304,SALE,-43,2026-07-16T11:21:00Z
MOV-0007551,STR-005,SKU-304,SALE,-51,2026-07-17T08:09:00Z
MOV-0007552,STR-005,SKU-304,SALE,-67,2026-07-18T12:52:00Z
MOV-0007553,STR-005,SKU-304,SALE,-59,2026-07-19T17:07:00Z
MOV-0007554,STR-005,SKU-304,SALE,-28,2026-07-20T14:05:00Z
MOV-0007555,STR-005,SKU-304,SALE,-32,2026-07-21T16:31:00Z
MOV-0007556,STR-005,SKU-304,DELIVERY,269,2026-07-22T06:39:00Z
MOV-0007557,STR-005,SKU-304,SALE,-38,2026-07-22T16:18:00Z
MOV-0007558,STR-005,SKU-304,SALE,-37,2026-07-23T16:56:00Z
MOV-0007559,STR-005,SKU-304,SALE,-35,2026-07-24T13:21:00Z
MOV-0007560,STR-005,SKU-304,SALE,-45,2026-07-25T10:37:00Z
MOV-0007561,STR-005,SKU-304,SALE,-44,2026-07-26T08:46:00Z
MOV-0007562,STR-005,SKU-304,SALE,-34,2026-07-27T13:28:00Z
MOV-0007563,STR-005,SKU-304,SALE,-36,2026-07-28T07:56:00Z
MOV-0007564,STR-005,SKU-304,DELIVERY,287,2026-07-29T06:12:00Z
MOV-0007565,STR-005,SKU-304,SALE,-31,2026-07-29T14:23:00Z
MOV-0007566,STR-005,SKU-304,SALE,-46,2026-07-30T11:52:00Z
MOV-0007567,STR-005,SKU-304,SALE,-35,2026-07-31T09:30:00Z
MOV-0007568,STR-005,SKU-304,SALE,-54,2026-08-01T16:39:00Z
MOV-0007569,STR-005,SKU-304,SALE,-50,2026-08-02T16:01:00Z
MOV-0007570,STR-005,SKU-304,SALE,-33,2026-08-03T14:00:00Z
MOV-0007571,STR-005,SKU-304,SALE,-38,2026-08-04T07:58:00Z
MOV-0007572,STR-005,SKU-304,DELIVERY,301,2026-08-05T06:47:00Z
MOV-0007573,STR-005,SKU-304,SALE,-39,2026-08-05T16:58:00Z
MOV-0007574,STR-005,SKU-304,SALE,-43,2026-08-06T14:46:00Z
MOV-0007575,STR-005,SKU-304,SALE,-41,2026-08-07T14:17:00Z
MOV-0007576,STR-005,SKU-304,SALE,-57,2026-08-08T16:19:00Z
MOV-0007577,STR-005,SKU-304,SALE,-51,2026-08-09T16:50:00Z
MOV-0007578,STR-005,SKU-304,SALE,-33,2026-08-10T13:41:00Z
MOV-0007579,STR-005,SKU-304,SALE,-37,2026-08-11T11:40:00Z
MOV-0007580,STR-005,SKU-304,DELIVERY,297,2026-08-12T06:45:00Z
MOV-0007581,STR-005,SKU-304,SALE,-35,2026-08-12T10:08:00Z
MOV-0007582,STR-005,SKU-304,SALE,-37,2026-08-13T18:46:00Z
MOV-0007583,STR-005,SKU-304,SALE,-47,2026-08-14T10:24:00Z
MOV-0007584,STR-005,SKU-304,SALE,-53,2026-08-15T12:38:00Z
MOV-0007585,STR-005,SKU-304,SALE,-40,2026-08-16T07:10:00Z
MOV-0007586,STR-005,SKU-304,SALE,-40,2026-08-17T11:52:00Z
MOV-0007587,STR-005,SKU-304,SALE,-45,2026-08-18T11:11:00Z
MOV-0007588,STR-005,SKU-304,DELIVERY,319,2026-08-19T06:24:00Z
MOV-0007589,STR-005,SKU-304,SALE,-48,2026-08-19T08:19:00Z
MOV-0007590,STR-005,SKU-304,SALE,-49,2026-08-20T18:22:00Z
MOV-0007591,STR-005,SKU-304,SALE,-43,2026-08-21T12:57:00Z
MOV-0007592,STR-005,SKU-304,SALE,-49,2026-08-22T16:28:00Z
MOV-0007593,STR-005,SKU-304,SALE,-53,2026-08-23T15:03:00Z
MOV-0007594,STR-005,SKU-304,SALE,-39,2026-08-24T13:48:00Z
MOV-0007595,STR-005,SKU-304,SALE,-38,2026-08-25T13:53:00Z
MOV-0007596,STR-005,SKU-304,DELIVERY,342,2026-08-26T06:10:00Z
MOV-0007597,STR-005,SKU-304,SALE,-49,2026-08-26T15:45:00Z
MOV-0007598,STR-005,SKU-304,SALE,-42,2026-08-27T12:29:00Z
MOV-0007599,STR-005,SKU-304,SALE,-43,2026-08-28T15:56:00Z
MOV-0007600,STR-005,SKU-304,SALE,-63,2026-08-29T14:12:00Z
MOV-0007601,STR-005,SKU-304,SALE,-51,2026-08-30T12:24:00Z
MOV-0007602,STR-005,SKU-304,SALE,-45,2026-08-31T16:27:00Z
MOV-0007603,STR-005,SKU-304,SALE,-49,2026-09-01T17:05:00Z
MOV-0007604,STR-005,SKU-401,DELIVERY,179,2026-07-06T06:29:00Z
MOV-0007605,STR-005,SKU-401,SALE,-18,2026-07-06T07:57:00Z
MOV-0007606,STR-005,SKU-401,SALE,-22,2026-07-07T14:22:00Z
MOV-0007607,STR-005,SKU-401,SALE,-28,2026-07-08T10:36:00Z
MOV-0007608,STR-005,SKU-401,SALE,-30,2026-07-09T13:23:00Z
MOV-0007609,STR-005,SKU-401,SALE,-28,2026-07-10T12:47:00Z
MOV-0007610,STR-005,SKU-401,SALE,-28,2026-07-11T16:01:00Z
MOV-0007611,STR-005,SKU-401,SALE,-25,2026-07-12T12:33:00Z
MOV-0007612,STR-005,SKU-401,DELIVERY,183,2026-07-13T06:12:00Z
MOV-0007613,STR-005,SKU-401,SALE,-17,2026-07-13T18:58:00Z
MOV-0007614,STR-005,SKU-401,SALE,-27,2026-07-14T10:23:00Z
MOV-0007615,STR-005,SKU-401,SALE,-20,2026-07-15T16:29:00Z
MOV-0007616,STR-005,SKU-401,SALE,-29,2026-07-16T10:33:00Z
MOV-0007617,STR-005,SKU-401,SALE,-33,2026-07-17T11:16:00Z
MOV-0007618,STR-005,SKU-401,SALE,-28,2026-07-18T09:18:00Z
MOV-0007619,STR-005,SKU-401,SALE,-29,2026-07-19T15:36:00Z
MOV-0007620,STR-005,SKU-401,DELIVERY,209,2026-07-20T06:11:00Z
MOV-0007621,STR-005,SKU-401,SALE,-24,2026-07-20T11:04:00Z
MOV-0007622,STR-005,SKU-401,SALE,-27,2026-07-21T13:44:00Z
MOV-0007623,STR-005,SKU-401,SALE,-23,2026-07-22T10:21:00Z
MOV-0007624,STR-005,SKU-401,SALE,-32,2026-07-23T14:03:00Z
MOV-0007625,STR-005,SKU-401,SALE,-32,2026-07-24T08:35:00Z
MOV-0007626,STR-005,SKU-401,SALE,-40,2026-07-25T12:48:00Z
MOV-0007627,STR-005,SKU-401,SALE,-31,2026-07-26T12:52:00Z
MOV-0007628,STR-005,SKU-401,DELIVERY,228,2026-07-27T06:55:00Z
MOV-0007629,STR-005,SKU-401,SALE,-24,2026-07-27T10:35:00Z
MOV-0007630,STR-005,SKU-401,SALE,-29,2026-07-28T16:34:00Z
MOV-0007631,STR-005,SKU-401,SALE,-33,2026-07-29T11:13:00Z
MOV-0007632,STR-005,SKU-401,SALE,-28,2026-07-30T18:39:00Z
MOV-0007633,STR-005,SKU-401,SALE,-38,2026-07-31T13:42:00Z
MOV-0007634,STR-005,SKU-401,SALE,-41,2026-08-01T12:06:00Z
MOV-0007635,STR-005,SKU-401,SALE,-35,2026-08-02T11:56:00Z
MOV-0007636,STR-005,SKU-401,DELIVERY,257,2026-08-03T06:30:00Z
MOV-0007637,STR-005,SKU-401,SALE,-31,2026-08-03T10:33:00Z
MOV-0007638,STR-005,SKU-401,SALE,-31,2026-08-04T14:38:00Z
MOV-0007639,STR-005,SKU-401,SALE,-35,2026-08-05T17:24:00Z
MOV-0007640,STR-005,SKU-401,SALE,-35,2026-08-06T09:05:00Z
MOV-0007641,STR-005,SKU-401,SALE,-42,2026-08-07T16:17:00Z
MOV-0007642,STR-005,SKU-401,SALE,-45,2026-08-08T18:00:00Z
MOV-0007643,STR-005,SKU-401,SALE,-38,2026-08-09T15:21:00Z
MOV-0007644,STR-005,SKU-401,DELIVERY,204,2026-08-10T06:25:00Z
MOV-0007645,STR-005,SKU-401,SALE,-21,2026-08-10T17:13:00Z
MOV-0007646,STR-005,SKU-401,SALE,-29,2026-08-11T11:09:00Z
MOV-0007647,STR-005,SKU-401,SALE,-32,2026-08-12T09:06:00Z
MOV-0007648,STR-005,SKU-401,SALE,-23,2026-08-13T08:48:00Z
MOV-0007649,STR-005,SKU-401,SALE,-32,2026-08-14T07:49:00Z
MOV-0007650,STR-005,SKU-401,SALE,-36,2026-08-15T14:02:00Z
MOV-0007651,STR-005,SKU-401,SALE,-31,2026-08-16T18:48:00Z
MOV-0007652,STR-005,SKU-401,DELIVERY,208,2026-08-17T06:41:00Z
MOV-0007653,STR-005,SKU-401,SALE,-26,2026-08-17T17:37:00Z
MOV-0007654,STR-005,SKU-401,SALE,-31,2026-08-18T08:57:00Z
MOV-0007655,STR-005,SKU-401,SALE,-27,2026-08-19T10:22:00Z
MOV-0007656,STR-005,SKU-401,SALE,-26,2026-08-20T16:04:00Z
MOV-0007657,STR-005,SKU-401,SALE,-37,2026-08-21T17:48:00Z
MOV-0007658,STR-005,SKU-401,SALE,-33,2026-08-22T14:04:00Z
MOV-0007659,STR-005,SKU-401,SALE,-28,2026-08-23T15:38:00Z
MOV-0007660,STR-005,SKU-401,DELIVERY,235,2026-08-24T06:50:00Z
MOV-0007661,STR-005,SKU-401,SALE,-29,2026-08-24T10:34:00Z
MOV-0007662,STR-005,SKU-401,SALE,-25,2026-08-25T15:21:00Z
MOV-0007663,STR-005,SKU-401,SALE,-33,2026-08-26T08:50:00Z
MOV-0007664,STR-005,SKU-401,SALE,-32,2026-08-27T10:14:00Z
MOV-0007665,STR-005,SKU-401,SALE,-34,2026-08-28T13:33:00Z
MOV-0007666,STR-005,SKU-401,SALE,-42,2026-08-29T15:47:00Z
MOV-0007667,STR-005,SKU-401,SALE,-40,2026-08-30T11:30:00Z
MOV-0007668,STR-005,SKU-401,DELIVERY,64,2026-08-31T06:36:00Z
MOV-0007669,STR-005,SKU-401,SALE,-28,2026-08-31T18:26:00Z
MOV-0007670,STR-005,SKU-401,SALE,-36,2026-09-01T17:50:00Z
MOV-0007671,STR-005,SKU-402,SALE,-14,2026-07-06T12:42:00Z
MOV-0007672,STR-005,SKU-402,DELIVERY,154,2026-07-07T06:25:00Z
MOV-0007673,STR-005,SKU-402,SALE,-20,2026-07-07T16:06:00Z
MOV-0007674,STR-005,SKU-402,SALE,-19,2026-07-08T15:47:00Z
MOV-0007675,STR-005,SKU-402,SALE,-20,2026-07-09T13:29:00Z
MOV-0007676,STR-005,SKU-402,SALE,-24,2026-07-10T11:47:00Z
MOV-0007677,STR-005,SKU-402,SALE,-29,2026-07-11T16:10:00Z
MOV-0007678,STR-005,SKU-402,SALE,-28,2026-07-12T08:22:00Z
MOV-0007679,STR-005,SKU-402,SALE,-14,2026-07-13T12:58:00Z
MOV-0007680,STR-005,SKU-402,DELIVERY,110,2026-07-14T06:01:00Z
MOV-0007681,STR-005,SKU-402,SALE,-13,2026-07-14T11:30:00Z
MOV-0007682,STR-005,SKU-402,SALE,-14,2026-07-15T16:08:00Z
MOV-0007683,STR-005,SKU-402,SALE,-19,2026-07-16T11:54:00Z
MOV-0007684,STR-005,SKU-402,SALE,-14,2026-07-17T16:04:00Z
MOV-0007685,STR-005,SKU-402,SALE,-16,2026-07-18T17:23:00Z
MOV-0007686,STR-005,SKU-402,SALE,-20,2026-07-19T11:33:00Z
MOV-0007687,STR-005,SKU-402,SALE,-14,2026-07-20T17:18:00Z
MOV-0007688,STR-005,SKU-402,DELIVERY,157,2026-07-21T06:57:00Z
MOV-0007689,STR-005,SKU-402,SALE,-16,2026-07-21T15:42:00Z
MOV-0007690,STR-005,SKU-402,SALE,-23,2026-07-22T16:28:00Z
MOV-0007691,STR-005,SKU-402,SALE,-26,2026-07-23T10:54:00Z
MOV-0007692,STR-005,SKU-402,ADJUSTMENT,-3,2026-07-23T12:58:00Z
MOV-0007693,STR-005,SKU-402,SALE,-25,2026-07-24T15:07:00Z
MOV-0007694,STR-005,SKU-402,SALE,-25,2026-07-25T16:03:00Z
MOV-0007695,STR-005,SKU-402,SALE,-23,2026-07-26T14:27:00Z
MOV-0007696,STR-005,SKU-402,SALE,-16,2026-07-27T15:26:00Z
MOV-0007697,STR-005,SKU-402,DELIVERY,144,2026-07-28T06:32:00Z
MOV-0007698,STR-005,SKU-402,SALE,-18,2026-07-28T12:51:00Z
MOV-0007699,STR-005,SKU-402,SALE,-19,2026-07-29T18:31:00Z
MOV-0007700,STR-005,SKU-402,SALE,-18,2026-07-30T16:38:00Z
MOV-0007701,STR-005,SKU-402,SALE,-24,2026-07-31T09:57:00Z
MOV-0007702,STR-005,SKU-402,SALE,-29,2026-08-01T11:47:00Z
MOV-0007703,STR-005,SKU-402,SALE,-19,2026-08-02T13:41:00Z
MOV-0007704,STR-005,SKU-402,SALE,-17,2026-08-03T08:05:00Z
MOV-0007705,STR-005,SKU-402,DELIVERY,149,2026-08-04T06:17:00Z
MOV-0007706,STR-005,SKU-402,SALE,-18,2026-08-04T08:36:00Z
MOV-0007707,STR-005,SKU-402,SALE,-16,2026-08-05T12:15:00Z
MOV-0007708,STR-005,SKU-402,SALE,-19,2026-08-06T07:40:00Z
MOV-0007709,STR-005,SKU-402,SALE,-25,2026-08-07T10:26:00Z
MOV-0007710,STR-005,SKU-402,SALE,-30,2026-08-08T16:53:00Z
MOV-0007711,STR-005,SKU-402,SALE,-25,2026-08-09T08:20:00Z
MOV-0007712,STR-005,SKU-402,SALE,-16,2026-08-10T18:54:00Z
MOV-0007713,STR-005,SKU-402,DELIVERY,140,2026-08-11T06:18:00Z
MOV-0007714,STR-005,SKU-402,SALE,-16,2026-08-11T11:07:00Z
MOV-0007715,STR-005,SKU-402,SALE,-25,2026-08-12T07:52:00Z
MOV-0007716,STR-005,SKU-402,SALE,-20,2026-08-13T14:01:00Z
MOV-0007717,STR-005,SKU-402,SALE,-22,2026-08-14T08:54:00Z
MOV-0007718,STR-005,SKU-402,SALE,-25,2026-08-15T12:41:00Z
MOV-0007719,STR-005,SKU-402,SALE,-20,2026-08-16T14:23:00Z
MOV-0007720,STR-005,SKU-402,SALE,-12,2026-08-17T15:15:00Z
MOV-0007721,STR-005,SKU-402,DELIVERY,117,2026-08-18T06:17:00Z
MOV-0007722,STR-005,SKU-402,SALE,-15,2026-08-18T10:44:00Z
MOV-0007723,STR-005,SKU-402,SALE,-14,2026-08-19T08:30:00Z
MOV-0007724,STR-005,SKU-402,SALE,-18,2026-08-20T12:31:00Z
MOV-0007725,STR-005,SKU-402,SALE,-17,2026-08-21T14:51:00Z
MOV-0007726,STR-005,SKU-402,SALE,-23,2026-08-22T12:17:00Z
MOV-0007727,STR-005,SKU-402,SALE,-17,2026-08-23T09:37:00Z
MOV-0007728,STR-005,SKU-402,SALE,-13,2026-08-24T09:29:00Z
MOV-0007729,STR-005,SKU-402,DELIVERY,105,2026-08-25T06:32:00Z
MOV-0007730,STR-005,SKU-402,SALE,-14,2026-08-25T16:17:00Z
MOV-0007731,STR-005,SKU-402,SALE,-12,2026-08-26T16:41:00Z
MOV-0007732,STR-005,SKU-402,SALE,-14,2026-08-27T17:44:00Z
MOV-0007733,STR-005,SKU-402,SALE,-15,2026-08-28T14:14:00Z
MOV-0007734,STR-005,SKU-402,SALE,-19,2026-08-29T12:36:00Z
MOV-0007735,STR-005,SKU-402,SALE,-20,2026-08-30T15:45:00Z
MOV-0007736,STR-005,SKU-402,SALE,-11,2026-08-31T13:02:00Z
MOV-0007737,STR-005,SKU-402,DELIVERY,13,2026-09-01T06:26:00Z
MOV-0007738,STR-005,SKU-402,SALE,-13,2026-09-01T11:31:00Z
MOV-0007739,STR-005,SKU-403,SALE,-18,2026-07-06T10:53:00Z
MOV-0007740,STR-005,SKU-403,ADJUSTMENT,1,2026-07-07T12:51:00Z
MOV-0007741,STR-005,SKU-403,SALE,-19,2026-07-07T17:14:00Z
MOV-0007742,STR-005,SKU-403,SALE,-23,2026-07-08T10:09:00Z
MOV-0007743,STR-005,SKU-403,SALE,-24,2026-07-09T14:42:00Z
MOV-0007744,STR-005,SKU-403,SALE,-23,2026-07-10T08:22:00Z
MOV-0007745,STR-005,SKU-403,SALE,-27,2026-07-11T11:15:00Z
MOV-0007746,STR-005,SKU-403,DELIVERY,172,2026-07-12T06:52:00Z
MOV-0007747,STR-005,SKU-403,SALE,-23,2026-07-12T08:05:00Z
MOV-0007748,STR-005,SKU-403,SALE,-17,2026-07-13T15:55:00Z
MOV-0007749,STR-005,SKU-403,SALE,-19,2026-07-14T12:02:00Z
MOV-0007750,STR-005,SKU-403,SALE,-27,2026-07-15T15:22:00Z
MOV-0007751,STR-005,SKU-403,SALE,-23,2026-07-16T10:10:00Z
MOV-0007752,STR-005,SKU-403,SALE,-29,2026-07-17T10:01:00Z
MOV-0007753,STR-005,SKU-403,SALE,-34,2026-07-18T18:54:00Z
MOV-0007754,STR-005,SKU-403,DELIVERY,163,2026-07-19T06:57:00Z
MOV-0007755,STR-005,SKU-403,SALE,-27,2026-07-19T12:49:00Z
MOV-0007756,STR-005,SKU-403,SALE,-16,2026-07-20T17:29:00Z
MOV-0007757,STR-005,SKU-403,SALE,-23,2026-07-21T15:20:00Z
MOV-0007758,STR-005,SKU-403,SALE,-21,2026-07-22T08:18:00Z
MOV-0007759,STR-005,SKU-403,SALE,-22,2026-07-23T14:30:00Z
MOV-0007760,STR-005,SKU-403,SALE,-28,2026-07-24T13:03:00Z
MOV-0007761,STR-005,SKU-403,SALE,-26,2026-07-25T17:03:00Z
MOV-0007762,STR-005,SKU-403,DELIVERY,171,2026-07-26T06:12:00Z
MOV-0007763,STR-005,SKU-403,SALE,-27,2026-07-26T15:07:00Z
MOV-0007764,STR-005,SKU-403,SALE,-23,2026-07-27T13:57:00Z
MOV-0007765,STR-005,SKU-403,SALE,-20,2026-07-28T15:20:00Z
MOV-0007766,STR-005,SKU-403,SALE,-20,2026-07-29T09:51:00Z
MOV-0007767,STR-005,SKU-403,SALE,-29,2026-07-30T11:08:00Z
MOV-0007768,STR-005,SKU-403,SALE,-24,2026-07-31T14:15:00Z
MOV-0007769,STR-005,SKU-403,SALE,-28,2026-08-01T15:15:00Z
MOV-0007770,STR-005,SKU-403,DELIVERY,143,2026-08-02T06:38:00Z
MOV-0007771,STR-005,SKU-403,SALE,-29,2026-08-02T10:15:00Z
MOV-0007772,STR-005,SKU-403,SALE,-14,2026-08-03T16:17:00Z
MOV-0007773,STR-005,SKU-403,SALE,-20,2026-08-04T13:35:00Z
MOV-0007774,STR-005,SKU-403,SALE,-23,2026-08-05T14:56:00Z
MOV-0007775,STR-005,SKU-403,SALE,-18,2026-08-06T07:04:00Z
MOV-0007776,STR-005,SKU-403,SALE,-18,2026-08-07T13:33:00Z
MOV-0007777,STR-005,SKU-403,SALE,-21,2026-08-08T18:02:00Z
MOV-0007778,STR-005,SKU-403,DELIVERY,162,2026-08-09T06:00:00Z
MOV-0007779,STR-005,SKU-403,SALE,-23,2026-08-09T14:19:00Z
MOV-0007780,STR-005,SKU-403,SALE,-19,2026-08-10T12:05:00Z
MOV-0007781,STR-005,SKU-403,SALE,-19,2026-08-11T17:56:00Z
MOV-0007782,STR-005,SKU-403,SALE,-23,2026-08-12T17:45:00Z
MOV-0007783,STR-005,SKU-403,SALE,-22,2026-08-13T08:16:00Z
MOV-0007784,STR-005,SKU-403,SALE,-25,2026-08-14T08:39:00Z
MOV-0007785,STR-005,SKU-403,SALE,-31,2026-08-15T12:23:00Z
MOV-0007786,STR-005,SKU-403,DELIVERY,164,2026-08-16T06:28:00Z
MOV-0007787,STR-005,SKU-403,SALE,-28,2026-08-16T08:45:00Z
MOV-0007788,STR-005,SKU-403,SALE,-19,2026-08-17T07:29:00Z
MOV-0007789,STR-005,SKU-403,SALE,-25,2026-08-18T09:35:00Z
MOV-0007790,STR-005,SKU-403,SALE,-21,2026-08-19T17:44:00Z
MOV-0007791,STR-005,SKU-403,SALE,-23,2026-08-20T16:13:00Z
MOV-0007792,STR-005,SKU-403,SALE,-22,2026-08-21T16:44:00Z
MOV-0007793,STR-005,SKU-403,SALE,-26,2026-08-22T17:42:00Z
MOV-0007794,STR-005,SKU-403,DELIVERY,178,2026-08-23T06:26:00Z
MOV-0007795,STR-005,SKU-403,SALE,-25,2026-08-23T16:13:00Z
MOV-0007796,STR-005,SKU-403,SALE,-17,2026-08-24T11:50:00Z
MOV-0007797,STR-005,SKU-403,SALE,-26,2026-08-25T17:38:00Z
MOV-0007798,STR-005,SKU-403,SALE,-27,2026-08-26T07:50:00Z
MOV-0007799,STR-005,SKU-403,SALE,-29,2026-08-27T18:25:00Z
MOV-0007800,STR-005,SKU-403,SALE,-24,2026-08-28T13:30:00Z
MOV-0007801,STR-005,SKU-403,SALE,-30,2026-08-29T16:21:00Z
MOV-0007802,STR-005,SKU-403,DELIVERY,64,2026-08-30T06:19:00Z
MOV-0007803,STR-005,SKU-403,SALE,-30,2026-08-30T14:08:00Z
MOV-0007804,STR-005,SKU-403,SALE,-18,2026-08-31T07:47:00Z
MOV-0007805,STR-005,SKU-403,SALE,-16,2026-09-01T17:29:00Z
MOV-0007806,STR-005,SKU-501,SALE,-3,2026-07-06T10:11:00Z
MOV-0007807,STR-005,SKU-501,SALE,-3,2026-07-07T10:05:00Z
MOV-0007808,STR-005,SKU-501,SALE,-4,2026-07-08T12:17:00Z
MOV-0007809,STR-005,SKU-501,SALE,-3,2026-07-09T09:28:00Z
MOV-0007810,STR-005,SKU-501,SALE,-3,2026-07-10T14:04:00Z
MOV-0007811,STR-005,SKU-501,SALE,-5,2026-07-11T13:15:00Z
MOV-0007812,STR-005,SKU-501,DELIVERY,36,2026-07-12T06:57:00Z
MOV-0007813,STR-005,SKU-501,SALE,-5,2026-07-12T09:47:00Z
MOV-0007814,STR-005,SKU-501,SALE,-4,2026-07-13T18:33:00Z
MOV-0007815,STR-005,SKU-501,SALE,-5,2026-07-14T14:04:00Z
MOV-0007816,STR-005,SKU-501,SALE,-5,2026-07-15T07:58:00Z
MOV-0007817,STR-005,SKU-501,SALE,-6,2026-07-16T16:41:00Z
MOV-0007818,STR-005,SKU-501,SALE,-6,2026-07-17T07:44:00Z
MOV-0007819,STR-005,SKU-501,SALE,-5,2026-07-18T14:58:00Z
MOV-0007820,STR-005,SKU-501,DELIVERY,37,2026-07-19T06:19:00Z
MOV-0007821,STR-005,SKU-501,SALE,-5,2026-07-19T12:28:00Z
MOV-0007822,STR-005,SKU-501,SALE,-5,2026-07-20T14:50:00Z
MOV-0007823,STR-005,SKU-501,SALE,-5,2026-07-21T18:11:00Z
MOV-0007824,STR-005,SKU-501,SALE,-4,2026-07-22T12:02:00Z
MOV-0007825,STR-005,SKU-501,SALE,-5,2026-07-23T12:30:00Z
MOV-0007826,STR-005,SKU-501,SALE,-6,2026-07-24T10:08:00Z
MOV-0007827,STR-005,SKU-501,SALE,-7,2026-07-25T11:03:00Z
MOV-0007828,STR-005,SKU-501,DELIVERY,34,2026-07-26T06:20:00Z
MOV-0007829,STR-005,SKU-501,SALE,-5,2026-07-26T13:29:00Z
MOV-0007830,STR-005,SKU-501,SALE,-4,2026-07-27T16:20:00Z
MOV-0007831,STR-005,SKU-501,SALE,-5,2026-07-28T08:45:00Z
MOV-0007832,STR-005,SKU-501,SALE,-5,2026-07-29T13:39:00Z
MOV-0007833,STR-005,SKU-501,SALE,-4,2026-07-30T15:07:00Z
MOV-0007834,STR-005,SKU-501,SALE,-5,2026-07-31T16:17:00Z
MOV-0007835,STR-005,SKU-501,SALE,-6,2026-08-01T18:23:00Z
MOV-0007836,STR-005,SKU-501,DELIVERY,28,2026-08-02T06:37:00Z
MOV-0007837,STR-005,SKU-501,SALE,-6,2026-08-02T09:33:00Z
MOV-0007838,STR-005,SKU-501,SALE,-3,2026-08-03T08:33:00Z
MOV-0007839,STR-005,SKU-501,SALE,-4,2026-08-04T12:54:00Z
MOV-0007840,STR-005,SKU-501,SALE,-5,2026-08-05T09:32:00Z
MOV-0007841,STR-005,SKU-501,SALE,-4,2026-08-06T07:41:00Z
MOV-0007842,STR-005,SKU-501,ADJUSTMENT,4,2026-08-07T12:04:00Z
MOV-0007843,STR-005,SKU-501,SALE,-5,2026-08-07T13:35:00Z
MOV-0007844,STR-005,SKU-501,SALE,-5,2026-08-08T16:18:00Z
MOV-0007845,STR-005,SKU-501,DELIVERY,31,2026-08-09T06:30:00Z
MOV-0007846,STR-005,SKU-501,SALE,-4,2026-08-09T11:00:00Z
MOV-0007847,STR-005,SKU-501,SALE,-3,2026-08-10T12:07:00Z
MOV-0007848,STR-005,SKU-501,SALE,-4,2026-08-11T14:21:00Z
MOV-0007849,STR-005,SKU-501,SALE,-4,2026-08-12T17:22:00Z
MOV-0007850,STR-005,SKU-501,SALE,-5,2026-08-13T18:45:00Z
MOV-0007851,STR-005,SKU-501,SALE,-6,2026-08-14T10:39:00Z
MOV-0007852,STR-005,SKU-501,SALE,-5,2026-08-15T17:43:00Z
MOV-0007853,STR-005,SKU-501,DELIVERY,30,2026-08-16T06:15:00Z
MOV-0007854,STR-005,SKU-501,SALE,-4,2026-08-16T13:37:00Z
MOV-0007855,STR-005,SKU-501,SALE,-3,2026-08-17T13:20:00Z
MOV-0007856,STR-005,SKU-501,SALE,-4,2026-08-18T07:12:00Z
MOV-0007857,STR-005,SKU-501,SALE,-4,2026-08-19T18:41:00Z
MOV-0007858,STR-005,SKU-501,SALE,-4,2026-08-20T12:36:00Z
MOV-0007859,STR-005,SKU-501,SALE,-6,2026-08-21T16:35:00Z
MOV-0007860,STR-005,SKU-501,SALE,-5,2026-08-22T15:08:00Z
MOV-0007861,STR-005,SKU-501,DELIVERY,32,2026-08-23T06:57:00Z
MOV-0007862,STR-005,SKU-501,SALE,-4,2026-08-23T10:52:00Z
MOV-0007863,STR-005,SKU-501,SALE,-3,2026-08-24T13:15:00Z
MOV-0007864,STR-005,SKU-501,SALE,-5,2026-08-25T15:07:00Z
MOV-0007865,STR-005,SKU-501,SALE,-5,2026-08-26T13:26:00Z
MOV-0007866,STR-005,SKU-501,SALE,-4,2026-08-27T17:08:00Z
MOV-0007867,STR-005,SKU-501,SALE,-6,2026-08-28T12:54:00Z
MOV-0007868,STR-005,SKU-501,SALE,-5,2026-08-29T15:45:00Z
MOV-0007869,STR-005,SKU-501,DELIVERY,14,2026-08-30T06:27:00Z
MOV-0007870,STR-005,SKU-501,SALE,-6,2026-08-30T17:17:00Z
MOV-0007871,STR-005,SKU-501,SALE,-4,2026-08-31T08:14:00Z
MOV-0007872,STR-005,SKU-501,SALE,-4,2026-09-01T11:48:00Z
MOV-0007873,STR-005,SKU-502,SALE,-1,2026-07-06T17:12:00Z
MOV-0007874,STR-005,SKU-502,SALE,-2,2026-07-07T08:51:00Z
MOV-0007875,STR-005,SKU-502,SALE,-2,2026-07-08T12:44:00Z
MOV-0007876,STR-005,SKU-502,SALE,-2,2026-07-09T13:03:00Z
MOV-0007877,STR-005,SKU-502,DELIVERY,15,2026-07-10T06:16:00Z
MOV-0007878,STR-005,SKU-502,SALE,-2,2026-07-10T16:49:00Z
MOV-0007879,STR-005,SKU-502,SALE,-3,2026-07-11T14:58:00Z
MOV-0007880,STR-005,SKU-502,SALE,-2,2026-07-12T16:05:00Z
MOV-0007881,STR-005,SKU-502,SALE,-2,2026-07-13T12:43:00Z
MOV-0007882,STR-005,SKU-502,SALE,-2,2026-07-14T11:36:00Z
MOV-0007883,STR-005,SKU-502,SALE,-2,2026-07-15T17:49:00Z
MOV-0007884,STR-005,SKU-502,SALE,-2,2026-07-16T18:30:00Z
MOV-0007885,STR-005,SKU-502,DELIVERY,19,2026-07-17T06:57:00Z
MOV-0007886,STR-005,SKU-502,SALE,-2,2026-07-17T17:16:00Z
MOV-0007887,STR-005,SKU-502,SALE,-4,2026-07-18T09:49:00Z
MOV-0007888,STR-005,SKU-502,SALE,-3,2026-07-19T16:03:00Z
MOV-0007889,STR-005,SKU-502,SALE,-2,2026-07-20T14:14:00Z
MOV-0007890,STR-005,SKU-502,SALE,-2,2026-07-21T17:30:00Z
MOV-0007891,STR-005,SKU-502,SALE,-3,2026-07-22T10:12:00Z
MOV-0007892,STR-005,SKU-502,SALE,-3,2026-07-23T12:44:00Z
MOV-0007893,STR-005,SKU-502,DELIVERY,16,2026-07-24T06:00:00Z
MOV-0007894,STR-005,SKU-502,SALE,-3,2026-07-24T11:42:00Z
MOV-0007895,STR-005,SKU-502,SALE,-3,2026-07-25T13:05:00Z
MOV-0007896,STR-005,SKU-502,SALE,-2,2026-07-26T13:05:00Z
MOV-0007897,STR-005,SKU-502,SALE,-2,2026-07-27T17:36:00Z
MOV-0007898,STR-005,SKU-502,SALE,-2,2026-07-28T18:06:00Z
MOV-0007899,STR-005,SKU-502,SALE,-2,2026-07-29T17:01:00Z
MOV-0007900,STR-005,SKU-502,SALE,-2,2026-07-30T14:49:00Z
MOV-0007901,STR-005,SKU-502,DELIVERY,17,2026-07-31T06:41:00Z
MOV-0007902,STR-005,SKU-502,SALE,-2,2026-07-31T14:49:00Z
MOV-0007903,STR-005,SKU-502,SALE,-2,2026-08-01T08:58:00Z
MOV-0007904,STR-005,SKU-502,SALE,-2,2026-08-02T12:16:00Z
MOV-0007905,STR-005,SKU-502,SALE,-2,2026-08-03T13:07:00Z
MOV-0007906,STR-005,SKU-502,SALE,-3,2026-08-04T10:10:00Z
MOV-0007907,STR-005,SKU-502,SALE,-3,2026-08-05T11:54:00Z
MOV-0007908,STR-005,SKU-502,SALE,-3,2026-08-06T07:02:00Z
MOV-0007909,STR-005,SKU-502,DELIVERY,17,2026-08-07T06:15:00Z
MOV-0007910,STR-005,SKU-502,SALE,-3,2026-08-07T16:44:00Z
MOV-0007911,STR-005,SKU-502,SALE,-3,2026-08-08T09:07:00Z
MOV-0007912,STR-005,SKU-502,SALE,-3,2026-08-09T13:44:00Z
MOV-0007913,STR-005,SKU-502,SALE,-2,2026-08-10T14:22:00Z
MOV-0007914,STR-005,SKU-502,SALE,-2,2026-08-11T17:09:00Z
MOV-0007915,STR-005,SKU-502,SALE,-2,2026-08-12T18:56:00Z
MOV-0007916,STR-005,SKU-502,SALE,-2,2026-08-13T14:26:00Z
MOV-0007917,STR-005,SKU-502,DELIVERY,17,2026-08-14T06:04:00Z
MOV-0007918,STR-005,SKU-502,SALE,-2,2026-08-14T17:52:00Z
MOV-0007919,STR-005,SKU-502,SALE,-3,2026-08-15T10:40:00Z
MOV-0007920,STR-005,SKU-502,SALE,-2,2026-08-16T15:28:00Z
MOV-0007921,STR-005,SKU-502,SALE,-2,2026-08-17T14:44:00Z
MOV-0007922,STR-005,SKU-502,SALE,-3,2026-08-18T13:21:00Z
MOV-0007923,STR-005,SKU-502,SALE,-3,2026-08-19T09:05:00Z
MOV-0007924,STR-005,SKU-502,SALE,-2,2026-08-20T10:48:00Z
MOV-0007925,STR-005,SKU-502,DELIVERY,19,2026-08-21T06:02:00Z
MOV-0007926,STR-005,SKU-502,SALE,-3,2026-08-21T17:22:00Z
MOV-0007927,STR-005,SKU-502,SALE,-3,2026-08-22T13:39:00Z
MOV-0007928,STR-005,SKU-502,SALE,-4,2026-08-23T17:29:00Z
MOV-0007929,STR-005,SKU-502,SALE,-2,2026-08-24T12:47:00Z
MOV-0007930,STR-005,SKU-502,SALE,-3,2026-08-25T16:54:00Z
MOV-0007931,STR-005,SKU-502,SALE,-2,2026-08-26T15:51:00Z
MOV-0007932,STR-005,SKU-502,SALE,-2,2026-08-27T09:48:00Z
MOV-0007933,STR-005,SKU-502,DELIVERY,14,2026-08-28T06:41:00Z
MOV-0007934,STR-005,SKU-502,SALE,-3,2026-08-28T11:43:00Z
MOV-0007935,STR-005,SKU-502,SALE,-3,2026-08-29T17:49:00Z
MOV-0007936,STR-005,SKU-502,SALE,-3,2026-08-30T07:10:00Z
MOV-0007937,STR-005,SKU-502,SALE,-2,2026-08-31T09:02:00Z
MOV-0007938,STR-005,SKU-502,SALE,-3,2026-09-01T11:47:00Z
MOV-0007939,STR-005,SKU-503,SALE,-3,2026-07-06T17:21:00Z
MOV-0007940,STR-005,SKU-503,SALE,-3,2026-07-07T13:31:00Z
MOV-0007941,STR-005,SKU-503,SALE,-4,2026-07-08T17:20:00Z
MOV-0007942,STR-005,SKU-503,SALE,-4,2026-07-09T15:14:00Z
MOV-0007943,STR-005,SKU-503,SALE,-4,2026-07-10T12:40:00Z
MOV-0007944,STR-005,SKU-503,DELIVERY,25,2026-07-11T06:09:00Z
MOV-0007945,STR-005,SKU-503,SALE,-5,2026-07-11T17:09:00Z
MOV-0007946,STR-005,SKU-503,SALE,-4,2026-07-12T17:33:00Z
MOV-0007947,STR-005,SKU-503,SALE,-2,2026-07-13T07:24:00Z
MOV-0007948,STR-005,SKU-503,SALE,-4,2026-07-14T15:13:00Z
MOV-0007949,STR-005,SKU-503,SALE,-3,2026-07-15T09:12:00Z
MOV-0007950,STR-005,SKU-503,SALE,-4,2026-07-16T14:29:00Z
MOV-0007951,STR-005,SKU-503,SALE,-3,2026-07-17T14:25:00Z
MOV-0007952,STR-005,SKU-503,DELIVERY,26,2026-07-18T06:46:00Z
MOV-0007953,STR-005,SKU-503,SALE,-5,2026-07-18T17:29:00Z
MOV-0007954,STR-005,SKU-503,SALE,-4,2026-07-19T18:33:00Z
MOV-0007955,STR-005,SKU-503,SALE,-3,2026-07-20T10:57:00Z
MOV-0007956,STR-005,SKU-503,SALE,-3,2026-07-21T16:43:00Z
MOV-0007957,STR-005,SKU-503,SALE,-3,2026-07-22T09:35:00Z
MOV-0007958,STR-005,SKU-503,SALE,-4,2026-07-23T15:41:00Z
MOV-0007959,STR-005,SKU-503,SALE,-4,2026-07-24T15:31:00Z
MOV-0007960,STR-005,SKU-503,DELIVERY,24,2026-07-25T06:22:00Z
MOV-0007961,STR-005,SKU-503,SALE,-4,2026-07-25T09:33:00Z
MOV-0007962,STR-005,SKU-503,SALE,-4,2026-07-26T11:01:00Z
MOV-0007963,STR-005,SKU-503,SALE,-2,2026-07-27T16:43:00Z
MOV-0007964,STR-005,SKU-503,SALE,-3,2026-07-28T11:35:00Z
MOV-0007965,STR-005,SKU-503,SALE,-4,2026-07-29T07:49:00Z
MOV-0007966,STR-005,SKU-503,SALE,-3,2026-07-30T12:44:00Z
MOV-0007967,STR-005,SKU-503,SALE,-4,2026-07-31T13:07:00Z
MOV-0007968,STR-005,SKU-503,DELIVERY,21,2026-08-01T06:19:00Z
MOV-0007969,STR-005,SKU-503,SALE,-4,2026-08-01T09:57:00Z
MOV-0007970,STR-005,SKU-503,SALE,-3,2026-08-02T14:27:00Z
MOV-0007971,STR-005,SKU-503,SALE,-3,2026-08-03T12:50:00Z
MOV-0007972,STR-005,SKU-503,SALE,-2,2026-08-04T08:39:00Z
MOV-0007973,STR-005,SKU-503,SALE,-3,2026-08-05T16:10:00Z
MOV-0007974,STR-005,SKU-503,SALE,-3,2026-08-06T08:01:00Z
MOV-0007975,STR-005,SKU-503,SALE,-3,2026-08-07T18:17:00Z
MOV-0007976,STR-005,SKU-503,DELIVERY,22,2026-08-08T06:24:00Z
MOV-0007977,STR-005,SKU-503,SALE,-3,2026-08-08T17:43:00Z
MOV-0007978,STR-005,SKU-503,SALE,-4,2026-08-09T08:29:00Z
MOV-0007979,STR-005,SKU-503,SALE,-2,2026-08-10T15:18:00Z
MOV-0007980,STR-005,SKU-503,SALE,-3,2026-08-11T15:37:00Z
MOV-0007981,STR-005,SKU-503,SALE,-3,2026-08-12T17:24:00Z
MOV-0007982,STR-005,SKU-503,SALE,-3,2026-08-13T11:39:00Z
MOV-0007983,STR-005,SKU-503,SALE,-4,2026-08-14T08:52:00Z
MOV-0007984,STR-005,SKU-503,DELIVERY,27,2026-08-15T06:45:00Z
MOV-0007985,STR-005,SKU-503,SALE,-4,2026-08-15T11:32:00Z
MOV-0007986,STR-005,SKU-503,SALE,-4,2026-08-16T08:24:00Z
MOV-0007987,STR-005,SKU-503,SALE,-3,2026-08-17T11:15:00Z
MOV-0007988,STR-005,SKU-503,SALE,-3,2026-08-18T08:38:00Z
MOV-0007989,STR-005,SKU-503,SALE,-4,2026-08-19T11:43:00Z
MOV-0007990,STR-005,SKU-503,SALE,-4,2026-08-20T17:48:00Z
MOV-0007991,STR-005,SKU-503,SALE,-5,2026-08-21T15:18:00Z
MOV-0007992,STR-005,SKU-503,DELIVERY,25,2026-08-22T06:06:00Z
MOV-0007993,STR-005,SKU-503,SALE,-4,2026-08-22T12:25:00Z
MOV-0007994,STR-005,SKU-503,SALE,-5,2026-08-23T16:19:00Z
MOV-0007995,STR-005,SKU-503,SALE,-3,2026-08-24T11:16:00Z
MOV-0007996,STR-005,SKU-503,SALE,-3,2026-08-25T11:48:00Z
MOV-0007997,STR-005,SKU-503,SALE,-4,2026-08-26T09:32:00Z
MOV-0007998,STR-005,SKU-503,SALE,-3,2026-08-27T13:39:00Z
MOV-0007999,STR-005,SKU-503,SALE,-3,2026-08-28T11:13:00Z
MOV-0008000,STR-005,SKU-503,DELIVERY,14,2026-08-29T06:00:00Z
MOV-0008001,STR-005,SKU-503,SALE,-4,2026-08-29T18:09:00Z
MOV-0008002,STR-005,SKU-503,SALE,-4,2026-08-30T16:19:00Z
MOV-0008003,STR-005,SKU-503,SALE,-3,2026-08-31T09:20:00Z
MOV-0008004,STR-005,SKU-503,SALE,-3,2026-09-01T18:04:00Z
MOV-0008005,STR-005,SKU-504,SALE,-2,2026-07-06T18:53:00Z
MOV-0008006,STR-005,SKU-504,SALE,-2,2026-07-07T18:22:00Z
MOV-0008007,STR-005,SKU-504,DELIVERY,13,2026-07-08T06:03:00Z
MOV-0008008,STR-005,SKU-504,SALE,-2,2026-07-08T09:32:00Z
MOV-0008009,STR-005,SKU-504,SALE,-2,2026-07-09T15:04:00Z
MOV-0008010,STR-005,SKU-504,SALE,-2,2026-07-10T11:49:00Z
MOV-0008011,STR-005,SKU-504,SALE,-2,2026-07-11T09:47:00Z
MOV-0008012,STR-005,SKU-504,SALE,-2,2026-07-12T10:42:00Z
MOV-0008013,STR-005,SKU-504,SALE,-2,2026-07-13T15:54:00Z
MOV-0008014,STR-005,SKU-504,SALE,-1,2026-07-14T11:19:00Z
MOV-0008015,STR-005,SKU-504,DELIVERY,14,2026-07-15T06:25:00Z
MOV-0008016,STR-005,SKU-504,SALE,-2,2026-07-15T08:48:00Z
MOV-0008017,STR-005,SKU-504,SALE,-2,2026-07-16T16:02:00Z
MOV-0008018,STR-005,SKU-504,SALE,-2,2026-07-17T15:05:00Z
MOV-0008019,STR-005,SKU-504,SALE,-2,2026-07-18T14:08:00Z
MOV-0008020,STR-005,SKU-504,SALE,-2,2026-07-19T18:02:00Z
MOV-0008021,STR-005,SKU-504,SALE,-2,2026-07-20T10:12:00Z
MOV-0008022,STR-005,SKU-504,SALE,-2,2026-07-21T14:43:00Z
MOV-0008023,STR-005,SKU-504,DELIVERY,16,2026-07-22T06:16:00Z
MOV-0008024,STR-005,SKU-504,SALE,-2,2026-07-22T16:46:00Z
MOV-0008025,STR-005,SKU-504,SALE,-2,2026-07-23T10:23:00Z
MOV-0008026,STR-005,SKU-504,SALE,-3,2026-07-24T13:06:00Z
MOV-0008027,STR-005,SKU-504,SALE,-3,2026-07-25T11:56:00Z
MOV-0008028,STR-005,SKU-504,SALE,-3,2026-07-26T17:19:00Z
MOV-0008029,STR-005,SKU-504,SALE,-1,2026-07-27T09:21:00Z
MOV-0008030,STR-005,SKU-504,SALE,-2,2026-07-28T12:01:00Z
MOV-0008031,STR-005,SKU-504,DELIVERY,13,2026-07-29T06:25:00Z
MOV-0008032,STR-005,SKU-504,SALE,-2,2026-07-29T17:07:00Z
MOV-0008033,STR-005,SKU-504,SALE,-2,2026-07-30T14:05:00Z
MOV-0008034,STR-005,SKU-504,SALE,-2,2026-07-31T11:05:00Z
MOV-0008035,STR-005,SKU-504,SALE,-2,2026-08-01T08:17:00Z
MOV-0008036,STR-005,SKU-504,SALE,-2,2026-08-02T12:20:00Z
MOV-0008037,STR-005,SKU-504,SALE,-1,2026-08-03T11:06:00Z
MOV-0008038,STR-005,SKU-504,SALE,-2,2026-08-04T15:47:00Z
MOV-0008039,STR-005,SKU-504,DELIVERY,12,2026-08-05T06:35:00Z
MOV-0008040,STR-005,SKU-504,SALE,-1,2026-08-05T16:46:00Z
MOV-0008041,STR-005,SKU-504,SALE,-2,2026-08-06T17:00:00Z
MOV-0008042,STR-005,SKU-504,SALE,-2,2026-08-07T07:24:00Z
MOV-0008043,STR-005,SKU-504,SALE,-2,2026-08-08T11:58:00Z
MOV-0008044,STR-005,SKU-504,SALE,-2,2026-08-09T08:43:00Z
MOV-0008045,STR-005,SKU-504,SALE,-1,2026-08-10T09:22:00Z
MOV-0008046,STR-005,SKU-504,SALE,-2,2026-08-11T17:09:00Z
MOV-0008047,STR-005,SKU-504,DELIVERY,14,2026-08-12T06:55:00Z
MOV-0008048,STR-005,SKU-504,SALE,-2,2026-08-12T13:17:00Z
MOV-0008049,STR-005,SKU-504,SALE,-2,2026-08-13T17:32:00Z
MOV-0008050,STR-005,SKU-504,SALE,-2,2026-08-14T16:37:00Z
MOV-0008051,STR-005,SKU-504,SALE,-3,2026-08-15T07:07:00Z
MOV-0008052,STR-005,SKU-504,SALE,-2,2026-08-16T09:48:00Z
MOV-0008053,STR-005,SKU-504,SALE,-1,2026-08-17T10:22:00Z
MOV-0008054,STR-005,SKU-504,SALE,-2,2026-08-18T17:45:00Z
MOV-0008055,STR-005,SKU-504,DELIVERY,13,2026-08-19T06:35:00Z
MOV-0008056,STR-005,SKU-504,SALE,-2,2026-08-19T12:48:00Z
MOV-0008057,STR-005,SKU-504,SALE,-2,2026-08-20T16:14:00Z
MOV-0008058,STR-005,SKU-504,SALE,-2,2026-08-21T16:16:00Z
MOV-0008059,STR-005,SKU-504,SALE,-2,2026-08-22T16:06:00Z
MOV-0008060,STR-005,SKU-504,SALE,-2,2026-08-23T11:20:00Z
MOV-0008061,STR-005,SKU-504,SALE,-1,2026-08-24T11:37:00Z
MOV-0008062,STR-005,SKU-504,SALE,-2,2026-08-25T08:07:00Z
MOV-0008063,STR-005,SKU-504,DELIVERY,12,2026-08-26T06:55:00Z
MOV-0008064,STR-005,SKU-504,SALE,-2,2026-08-26T14:30:00Z
MOV-0008065,STR-005,SKU-504,SALE,-2,2026-08-27T16:48:00Z
MOV-0008066,STR-005,SKU-504,SALE,-2,2026-08-28T15:43:00Z
MOV-0008067,STR-005,SKU-504,SALE,-2,2026-08-29T16:07:00Z
MOV-0008068,STR-005,SKU-504,SALE,-2,2026-08-30T15:51:00Z
MOV-0008069,STR-005,SKU-504,SALE,-1,2026-08-31T17:37:00Z
MOV-0008070,STR-005,SKU-504,SALE,-1,2026-09-01T15:37:00Z
MOV-0008071,STR-005,SKU-601,SALE,-22,2026-07-06T12:33:00Z
MOV-0008072,STR-005,SKU-601,WASTE,-3,2026-07-06T21:06:00Z
MOV-0008073,STR-005,SKU-601,SALE,-17,2026-07-07T09:27:00Z
MOV-0008074,STR-005,SKU-601,SALE,-18,2026-07-08T14:11:00Z
MOV-0008075,STR-005,SKU-601,SALE,-24,2026-07-09T10:49:00Z
MOV-0008076,STR-005,SKU-601,SALE,-21,2026-07-10T12:25:00Z
MOV-0008077,STR-005,SKU-601,DELIVERY,158,2026-07-11T06:47:00Z
MOV-0008078,STR-005,SKU-601,SALE,-28,2026-07-11T09:51:00Z
MOV-0008079,STR-005,SKU-601,SALE,-29,2026-07-12T09:50:00Z
MOV-0008080,STR-005,SKU-601,WASTE,-4,2026-07-12T21:54:00Z
MOV-0008081,STR-005,SKU-601,SALE,-14,2026-07-13T11:56:00Z
MOV-0008082,STR-005,SKU-601,SALE,-18,2026-07-14T14:29:00Z
MOV-0008083,STR-005,SKU-601,SALE,-19,2026-07-15T18:53:00Z
MOV-0008084,STR-005,SKU-601,WASTE,-2,2026-07-15T21:37:00Z
MOV-0008085,STR-005,SKU-601,SALE,-21,2026-07-16T12:23:00Z
MOV-0008086,STR-005,SKU-601,WASTE,-5,2026-07-16T21:57:00Z
MOV-0008087,STR-005,SKU-601,SALE,-18,2026-07-17T11:43:00Z
MOV-0008088,STR-005,SKU-601,DELIVERY,136,2026-07-18T06:50:00Z
MOV-0008089,STR-005,SKU-601,SALE,-20,2026-07-18T09:44:00Z
MOV-0008090,STR-005,SKU-601,SALE,-24,2026-07-19T12:34:00Z
MOV-0008091,STR-005,SKU-601,WASTE,-3,2026-07-19T21:47:00Z
MOV-0008092,STR-005,SKU-601,SALE,-13,2026-07-20T13:38:00Z
MOV-0008093,STR-005,SKU-601,SALE,-14,2026-07-21T08:27:00Z
MOV-0008094,STR-005,SKU-601,SALE,-17,2026-07-22T07:58:00Z
MOV-0008095,STR-005,SKU-601,SALE,-18,2026-07-23T15:28:00Z
MOV-0008096,STR-005,SKU-601,WASTE,-3,2026-07-23T21:23:00Z
MOV-0008097,STR-005,SKU-601,SALE,-24,2026-07-24T16:35:00Z
MOV-0008098,STR-005,SKU-601,DELIVERY,153,2026-07-25T06:10:00Z
MOV-0008099,STR-005,SKU-601,SALE,-20,2026-07-25T13:18:00Z
MOV-0008100,STR-005,SKU-601,SALE,-24,2026-07-26T18:38:00Z
MOV-0008101,STR-005,SKU-601,SALE,-19,2026-07-27T18:29:00Z
MOV-0008102,STR-005,SKU-601,SALE,-17,2026-07-28T15:29:00Z
MOV-0008103,STR-005,SKU-601,SALE,-21,2026-07-29T10:36:00Z
MOV-0008104,STR-005,SKU-601,SALE,-23,2026-07-30T11:17:00Z
MOV-0008105,STR-005,SKU-601,SALE,-25,2026-07-31T11:12:00Z
MOV-0008106,STR-005,SKU-601,WASTE,-4,2026-07-31T21:41:00Z
MOV-0008107,STR-005,SKU-601,DELIVERY,132,2026-08-01T06:43:00Z
MOV-0008108,STR-005,SKU-601,SALE,-22,2026-08-01T15:50:00Z
MOV-0008109,STR-005,SKU-601,SALE,-24,2026-08-02T10:30:00Z
MOV-0008110,STR-005,SKU-601,SALE,-11,2026-08-03T10:49:00Z
MOV-0008111,STR-005,SKU-601,SALE,-18,2026-08-04T13:47:00Z
MOV-0008112,STR-005,SKU-601,SALE,-15,2026-08-05T12:35:00Z
MOV-0008113,STR-005,SKU-601,SALE,-19,2026-08-06T18:20:00Z
MOV-0008114,STR-005,SKU-601,SALE,-19,2026-08-07T11:05:00Z
MOV-0008115,STR-005,SKU-601,WASTE,-4,2026-08-07T21:03:00Z
MOV-0008116,STR-005,SKU-601,DELIVERY,120,2026-08-08T06:46:00Z
MOV-0008117,STR-005,SKU-601,SALE,-19,2026-08-08T08:50:00Z
MOV-0008118,STR-005,SKU-601,SALE,-21,2026-08-09T14:54:00Z
MOV-0008119,STR-005,SKU-601,SALE,-13,2026-08-10T09:12:00Z
MOV-0008120,STR-005,SKU-601,SALE,-13,2026-08-11T08:05:00Z
MOV-0008121,STR-005,SKU-601,SALE,-16,2026-08-12T11:30:00Z
MOV-0008122,STR-005,SKU-601,SALE,-18,2026-08-13T08:44:00Z
MOV-0008123,STR-005,SKU-601,SALE,-20,2026-08-14T11:50:00Z
MOV-0008124,STR-005,SKU-601,DELIVERY,167,2026-08-15T06:34:00Z
MOV-0008125,STR-005,SKU-601,SALE,-21,2026-08-15T14:57:00Z
MOV-0008126,STR-005,SKU-601,SALE,-23,2026-08-16T13:37:00Z
MOV-0008127,STR-005,SKU-601,WASTE,-4,2026-08-16T21:10:00Z
MOV-0008128,STR-005,SKU-601,SALE,-18,2026-08-17T18:56:00Z
MOV-0008129,STR-005,SKU-601,SALE,-25,2026-08-18T18:00:00Z
MOV-0008130,STR-005,SKU-601,SALE,-22,2026-08-19T17:05:00Z
MOV-0008131,STR-005,SKU-601,SALE,-24,2026-08-20T08:53:00Z
MOV-0008132,STR-005,SKU-601,SALE,-30,2026-08-21T14:09:00Z
MOV-0008133,STR-005,SKU-601,DELIVERY,142,2026-08-22T06:37:00Z
MOV-0008134,STR-005,SKU-601,SALE,-31,2026-08-22T10:55:00Z
MOV-0008135,STR-005,SKU-601,WASTE,-2,2026-08-22T21:20:00Z
MOV-0008136,STR-005,SKU-601,SALE,-26,2026-08-23T13:28:00Z
MOV-0008137,STR-005,SKU-601,SALE,-15,2026-08-24T16:45:00Z
MOV-0008138,STR-005,SKU-601,SALE,-16,2026-08-25T14:43:00Z
MOV-0008139,STR-005,SKU-601,SALE,-17,2026-08-26T14:46:00Z
MOV-0008140,STR-005,SKU-601,SALE,-15,2026-08-27T15:42:00Z
MOV-0008141,STR-005,SKU-601,SALE,-20,2026-08-28T08:52:00Z
MOV-0008142,STR-005,SKU-601,DELIVERY,73,2026-08-29T06:28:00Z
MOV-0008143,STR-005,SKU-601,SALE,-21,2026-08-29T11:41:00Z
MOV-0008144,STR-005,SKU-601,WASTE,-5,2026-08-29T21:41:00Z
MOV-0008145,STR-005,SKU-601,SALE,-19,2026-08-30T07:08:00Z
MOV-0008146,STR-005,SKU-601,SALE,-15,2026-08-31T15:33:00Z
MOV-0008147,STR-005,SKU-601,SALE,-13,2026-09-01T17:23:00Z
MOV-0008148,STR-005,SKU-602,SALE,-14,2026-07-06T16:27:00Z
MOV-0008149,STR-005,SKU-602,DELIVERY,130,2026-07-07T06:41:00Z
MOV-0008150,STR-005,SKU-602,SALE,-16,2026-07-07T17:55:00Z
MOV-0008151,STR-005,SKU-602,SALE,-17,2026-07-08T08:52:00Z
MOV-0008152,STR-005,SKU-602,SALE,-15,2026-07-09T07:15:00Z
MOV-0008153,STR-005,SKU-602,SALE,-17,2026-07-10T08:15:00Z
MOV-0008154,STR-005,SKU-602,WASTE,-4,2026-07-10T21:35:00Z
MOV-0008155,STR-005,SKU-602,SALE,-23,2026-07-11T18:40:00Z
MOV-0008156,STR-005,SKU-602,SALE,-22,2026-07-12T18:22:00Z
MOV-0008157,STR-005,SKU-602,SALE,-16,2026-07-13T16:28:00Z
MOV-0008158,STR-005,SKU-602,DELIVERY,126,2026-07-14T06:11:00Z
MOV-0008159,STR-005,SKU-602,SALE,-15,2026-07-14T17:48:00Z
MOV-0008160,STR-005,SKU-602,SALE,-14,2026-07-15T12:26:00Z
MOV-0008161,STR-005,SKU-602,SALE,-18,2026-07-16T14:42:00Z
MOV-0008162,STR-005,SKU-602,WASTE,-4,2026-07-16T21:51:00Z
MOV-0008163,STR-005,SKU-602,SALE,-16,2026-07-17T14:51:00Z
MOV-0008164,STR-005,SKU-602,SALE,-24,2026-07-18T17:13:00Z
MOV-0008165,STR-005,SKU-602,SALE,-20,2026-07-19T09:47:00Z
MOV-0008166,STR-005,SKU-602,SALE,-12,2026-07-20T18:30:00Z
MOV-0008167,STR-005,SKU-602,WASTE,-3,2026-07-20T21:37:00Z
MOV-0008168,STR-005,SKU-602,DELIVERY,122,2026-07-21T06:28:00Z
MOV-0008169,STR-005,SKU-602,SALE,-14,2026-07-21T08:34:00Z
MOV-0008170,STR-005,SKU-602,SALE,-16,2026-07-22T13:54:00Z
MOV-0008171,STR-005,SKU-602,WASTE,-5,2026-07-22T21:58:00Z
MOV-0008172,STR-005,SKU-602,SALE,-17,2026-07-23T14:09:00Z
MOV-0008173,STR-005,SKU-602,SALE,-17,2026-07-24T15:45:00Z
MOV-0008174,STR-005,SKU-602,SALE,-23,2026-07-25T15:04:00Z
MOV-0008175,STR-005,SKU-602,SALE,-18,2026-07-26T12:02:00Z
MOV-0008176,STR-005,SKU-602,SALE,-12,2026-07-27T17:57:00Z
MOV-0008177,STR-005,SKU-602,DELIVERY,124,2026-07-28T06:55:00Z
MOV-0008178,STR-005,SKU-602,SALE,-16,2026-07-28T11:15:00Z
MOV-0008179,STR-005,SKU-602,SALE,-18,2026-07-29T07:19:00Z
MOV-0008180,STR-005,SKU-602,WASTE,-2,2026-07-29T21:50:00Z
MOV-0008181,STR-005,SKU-602,SALE,-17,2026-07-30T12:18:00Z
MOV-0008182,STR-005,SKU-602,SALE,-14,2026-07-31T12:02:00Z
MOV-0008183,STR-005,SKU-602,SALE,-21,2026-08-01T14:39:00Z
MOV-0008184,STR-005,SKU-602,SALE,-20,2026-08-02T10:09:00Z
MOV-0008185,STR-005,SKU-602,SALE,-16,2026-08-03T17:07:00Z
MOV-0008186,STR-005,SKU-602,DELIVERY,154,2026-08-04T06:37:00Z
MOV-0008187,STR-005,SKU-602,SALE,-18,2026-08-04T18:05:00Z
MOV-0008188,STR-005,SKU-602,SALE,-17,2026-08-05T08:00:00Z
MOV-0008189,STR-005,SKU-602,SALE,-23,2026-08-06T08:33:00Z
MOV-0008190,STR-005,SKU-602,SALE,-24,2026-08-07T07:57:00Z
MOV-0008191,STR-005,SKU-602,SALE,-23,2026-08-08T09:00:00Z
MOV-0008192,STR-005,SKU-602,SALE,-29,2026-08-09T15:17:00Z
MOV-0008193,STR-005,SKU-602,SALE,-15,2026-08-10T16:50:00Z
MOV-0008194,STR-005,SKU-602,WASTE,-5,2026-08-10T21:34:00Z
MOV-0008195,STR-005,SKU-602,DELIVERY,146,2026-08-11T06:35:00Z
MOV-0008196,STR-005,SKU-602,SALE,-16,2026-08-11T17:18:00Z
MOV-0008197,STR-005,SKU-602,WASTE,-3,2026-08-11T21:24:00Z
MOV-0008198,STR-005,SKU-602,SALE,-21,2026-08-12T17:15:00Z
MOV-0008199,STR-005,SKU-602,SALE,-22,2026-08-13T17:26:00Z
MOV-0008200,STR-005,SKU-602,WASTE,-4,2026-08-13T21:21:00Z
MOV-0008201,STR-005,SKU-602,SALE,-22,2026-08-14T12:17:00Z
MOV-0008202,STR-005,SKU-602,WASTE,-2,2026-08-14T21:32:00Z
MOV-0008203,STR-005,SKU-602,SALE,-22,2026-08-15T16:48:00Z
MOV-0008204,STR-005,SKU-602,SALE,-20,2026-08-16T08:05:00Z
MOV-0008205,STR-005,SKU-602,SALE,-14,2026-08-17T16:18:00Z
MOV-0008206,STR-005,SKU-602,DELIVERY,135,2026-08-18T06:02:00Z
MOV-0008207,STR-005,SKU-602,SALE,-18,2026-08-18T10:17:00Z
MOV-0008208,STR-005,SKU-602,WASTE,-3,2026-08-18T21:12:00Z
MOV-0008209,STR-005,SKU-602,SALE,-17,2026-08-19T11:30:00Z
MOV-0008210,STR-005,SKU-602,SALE,-16,2026-08-20T18:50:00Z
MOV-0008211,STR-005,SKU-602,SALE,-20,2026-08-21T18:15:00Z
MOV-0008212,STR-005,SKU-602,SALE,-22,2026-08-22T09:10:00Z
MOV-0008213,STR-005,SKU-602,WASTE,-3,2026-08-22T21:46:00Z
MOV-0008214,STR-005,SKU-602,SALE,-21,2026-08-23T13:23:00Z
MOV-0008215,STR-005,SKU-602,SALE,-15,2026-08-24T14:10:00Z
MOV-0008216,STR-005,SKU-602,DELIVERY,113,2026-08-25T06:48:00Z
MOV-0008217,STR-005,SKU-602,SALE,-16,2026-08-25T07:39:00Z
MOV-0008218,STR-005,SKU-602,SALE,-14,2026-08-26T07:58:00Z
MOV-0008219,STR-005,SKU-602,SALE,-13,2026-08-27T16:15:00Z
MOV-0008220,STR-005,SKU-602,ADJUSTMENT,2,2026-08-28T12:32:00Z
MOV-0008221,STR-005,SKU-602,SALE,-16,2026-08-28T16:38:00Z
MOV-0008222,STR-005,SKU-602,WASTE,-3,2026-08-28T21:13:00Z
MOV-0008223,STR-005,SKU-602,SALE,-22,2026-08-29T13:14:00Z
MOV-0008224,STR-005,SKU-602,SALE,-18,2026-08-30T16:10:00Z
MOV-0008225,STR-005,SKU-602,SALE,-13,2026-08-31T07:49:00Z
MOV-0008226,STR-005,SKU-602,DELIVERY,15,2026-09-01T06:57:00Z
MOV-0008227,STR-005,SKU-602,SALE,-15,2026-09-01T07:22:00Z
MOV-0008228,STR-005,SKU-603,SALE,-17,2026-07-06T13:20:00Z
MOV-0008229,STR-005,SKU-603,WASTE,-5,2026-07-06T21:14:00Z
MOV-0008230,STR-005,SKU-603,SALE,-17,2026-07-07T16:29:00Z
MOV-0008231,STR-005,SKU-603,WASTE,-2,2026-07-07T21:58:00Z
MOV-0008232,STR-005,SKU-603,SALE,-23,2026-07-08T09:08:00Z
MOV-0008233,STR-005,SKU-603,SALE,-16,2026-07-09T11:44:00Z
MOV-0008234,STR-005,SKU-603,SALE,-23,2026-07-10T14:35:00Z
MOV-0008235,STR-005,SKU-603,WASTE,-2,2026-07-10T21:31:00Z
MOV-0008236,STR-005,SKU-603,DELIVERY,155,2026-07-11T06:19:00Z
MOV-0008237,STR-005,SKU-603,SALE,-20,2026-07-11T13:20:00Z
MOV-0008238,STR-005,SKU-603,SALE,-21,2026-07-12T13:13:00Z
MOV-0008239,STR-005,SKU-603,WASTE,-4,2026-07-12T21:48:00Z
MOV-0008240,STR-005,SKU-603,SALE,-18,2026-07-13T10:52:00Z
MOV-0008241,STR-005,SKU-603,WASTE,-4,2026-07-13T21:41:00Z
MOV-0008242,STR-005,SKU-603,SALE,-23,2026-07-14T07:37:00Z
MOV-0008243,STR-005,SKU-603,WASTE,-2,2026-07-14T21:03:00Z
MOV-0008244,STR-005,SKU-603,SALE,-23,2026-07-15T12:53:00Z
MOV-0008245,STR-005,SKU-603,SALE,-18,2026-07-16T08:09:00Z
MOV-0008246,STR-005,SKU-603,SALE,-22,2026-07-17T17:26:00Z
MOV-0008247,STR-005,SKU-603,DELIVERY,168,2026-07-18T06:40:00Z
MOV-0008248,STR-005,SKU-603,SALE,-29,2026-07-18T11:53:00Z
MOV-0008249,STR-005,SKU-603,SALE,-27,2026-07-19T17:57:00Z
MOV-0008250,STR-005,SKU-603,SALE,-20,2026-07-20T18:45:00Z
MOV-0008251,STR-005,SKU-603,WASTE,-3,2026-07-20T21:02:00Z
MOV-0008252,STR-005,SKU-603,SALE,-16,2026-07-21T07:29:00Z
MOV-0008253,STR-005,SKU-603,SALE,-23,2026-07-22T09:49:00Z
MOV-0008254,STR-005,SKU-603,WASTE,-5,2026-07-22T21:30:00Z
MOV-0008255,STR-005,SKU-603,SALE,-19,2026-07-23T10:53:00Z
MOV-0008256,STR-005,SKU-603,WASTE,-4,2026-07-23T21:00:00Z
MOV-0008257,STR-005,SKU-603,SALE,-21,2026-07-24T13:55:00Z
MOV-0008258,STR-005,SKU-603,WASTE,-1,2026-07-24T21:56:00Z
MOV-0008259,STR-005,SKU-603,DELIVERY,174,2026-07-25T06:47:00Z
MOV-0008260,STR-005,SKU-603,SALE,-28,2026-07-25T11:55:00Z
MOV-0008261,STR-005,SKU-603,WASTE,-1,2026-07-25T21:14:00Z
MOV-0008262,STR-005,SKU-603,SALE,-31,2026-07-26T18:41:00Z
MOV-0008263,STR-005,SKU-603,SALE,-19,2026-07-27T10:02:00Z
MOV-0008264,STR-005,SKU-603,SALE,-20,2026-07-28T16:17:00Z
MOV-0008265,STR-005,SKU-603,SALE,-22,2026-07-29T07:56:00Z
MOV-0008266,STR-005,SKU-603,SALE,-19,2026-07-30T15:47:00Z
MOV-0008267,STR-005,SKU-603,SALE,-29,2026-07-31T07:52:00Z
MOV-0008268,STR-005,SKU-603,WASTE,-5,2026-07-31T21:11:00Z
MOV-0008269,STR-005,SKU-603,DELIVERY,202,2026-08-01T06:11:00Z
MOV-0008270,STR-005,SKU-603,SALE,-31,2026-08-01T15:09:00Z
MOV-0008271,STR-005,SKU-603,SALE,-32,2026-08-02T17:38:00Z
MOV-0008272,STR-005,SKU-603,SALE,-23,2026-08-03T08:40:00Z
MOV-0008273,STR-005,SKU-603,SALE,-25,2026-08-04T09:30:00Z
MOV-0008274,STR-005,SKU-603,SALE,-27,2026-08-05T08:39:00Z
MOV-0008275,STR-005,SKU-603,SALE,-29,2026-08-06T18:14:00Z
MOV-0008276,STR-005,SKU-603,WASTE,-4,2026-08-06T21:03:00Z
MOV-0008277,STR-005,SKU-603,SALE,-31,2026-08-07T11:03:00Z
MOV-0008278,STR-005,SKU-603,DELIVERY,166,2026-08-08T06:12:00Z
MOV-0008279,STR-005,SKU-603,SALE,-34,2026-08-08T16:09:00Z
MOV-0008280,STR-005,SKU-603,SALE,-25,2026-08-09T12:40:00Z
MOV-0008281,STR-005,SKU-603,WASTE,-3,2026-08-09T21:33:00Z
MOV-0008282,STR-005,SKU-603,SALE,-16,2026-08-10T13:16:00Z
MOV-0008283,STR-005,SKU-603,WASTE,-2,2026-08-10T21:04:00Z
MOV-0008284,STR-005,SKU-603,SALE,-18,2026-08-11T10:05:00Z
MOV-0008285,STR-005,SKU-603,SALE,-23,2026-08-12T11:51:00Z
MOV-0008286,STR-005,SKU-603,SALE,-21,2026-08-13T13:17:00Z
MOV-0008287,STR-005,SKU-603,WASTE,-4,2026-08-13T21:23:00Z
MOV-0008288,STR-005,SKU-603,SALE,-20,2026-08-14T07:04:00Z
MOV-0008289,STR-005,SKU-603,DELIVERY,150,2026-08-15T06:23:00Z
MOV-0008290,STR-005,SKU-603,SALE,-22,2026-08-15T10:03:00Z
MOV-0008291,STR-005,SKU-603,SALE,-26,2026-08-16T10:28:00Z
MOV-0008292,STR-005,SKU-603,SALE,-18,2026-08-17T11:37:00Z
MOV-0008293,STR-005,SKU-603,SALE,-14,2026-08-18T16:22:00Z
MOV-0008294,STR-005,SKU-603,SALE,-21,2026-08-19T12:56:00Z
MOV-0008295,STR-005,SKU-603,WASTE,-1,2026-08-19T21:28:00Z
MOV-0008296,STR-005,SKU-603,SALE,-20,2026-08-20T08:23:00Z
MOV-0008297,STR-005,SKU-603,SALE,-23,2026-08-21T11:31:00Z
MOV-0008298,STR-005,SKU-603,WASTE,-5,2026-08-21T21:45:00Z
MOV-0008299,STR-005,SKU-603,DELIVERY,161,2026-08-22T06:50:00Z
MOV-0008300,STR-005,SKU-603,SALE,-26,2026-08-22T13:05:00Z
MOV-0008301,STR-005,SKU-603,WASTE,-2,2026-08-22T21:36:00Z
MOV-0008302,STR-005,SKU-603,SALE,-23,2026-08-23T14:34:00Z
MOV-0008303,STR-005,SKU-603,SALE,-20,2026-08-24T10:23:00Z
MOV-0008304,STR-005,SKU-603,SALE,-17,2026-08-25T17:44:00Z
MOV-0008305,STR-005,SKU-603,SALE,-23,2026-08-26T07:34:00Z
MOV-0008306,STR-005,SKU-603,WASTE,-5,2026-08-26T21:34:00Z
MOV-0008307,STR-005,SKU-603,SALE,-20,2026-08-27T10:53:00Z
MOV-0008308,STR-005,SKU-603,SALE,-25,2026-08-28T17:51:00Z
MOV-0008309,STR-005,SKU-603,DELIVERY,95,2026-08-29T06:46:00Z
MOV-0008310,STR-005,SKU-603,SALE,-30,2026-08-29T09:32:00Z
MOV-0008311,STR-005,SKU-603,SALE,-29,2026-08-30T18:30:00Z
MOV-0008312,STR-005,SKU-603,SALE,-18,2026-08-31T17:19:00Z
MOV-0008313,STR-005,SKU-603,SALE,-18,2026-09-01T14:28:00Z
MOV-0008314,STR-005,SKU-604,SALE,-18,2026-07-06T15:53:00Z
MOV-0008315,STR-005,SKU-604,SALE,-17,2026-07-07T18:47:00Z
MOV-0008316,STR-005,SKU-604,WASTE,-3,2026-07-07T21:31:00Z
MOV-0008317,STR-005,SKU-604,SALE,-22,2026-07-08T11:58:00Z
MOV-0008318,STR-005,SKU-604,DELIVERY,162,2026-07-09T06:39:00Z
MOV-0008319,STR-005,SKU-604,SALE,-24,2026-07-09T09:07:00Z
MOV-0008320,STR-005,SKU-604,SALE,-24,2026-07-10T13:14:00Z
MOV-0008321,STR-005,SKU-604,SALE,-30,2026-07-11T18:52:00Z
MOV-0008322,STR-005,SKU-604,SALE,-27,2026-07-12T14:36:00Z
MOV-0008323,STR-005,SKU-604,SALE,-16,2026-07-13T16:35:00Z
MOV-0008324,STR-005,SKU-604,SALE,-19,2026-07-14T18:28:00Z
MOV-0008325,STR-005,SKU-604,SALE,-18,2026-07-15T11:44:00Z
MOV-0008326,STR-005,SKU-604,WASTE,-4,2026-07-15T21:31:00Z
MOV-0008327,STR-005,SKU-604,DELIVERY,154,2026-07-16T06:04:00Z
MOV-0008328,STR-005,SKU-604,SALE,-24,2026-07-16T07:15:00Z
MOV-0008329,STR-005,SKU-604,SALE,-26,2026-07-17T18:36:00Z
MOV-0008330,STR-005,SKU-604,WASTE,-3,2026-07-17T21:39:00Z
MOV-0008331,STR-005,SKU-604,SALE,-21,2026-07-18T12:06:00Z
MOV-0008332,STR-005,SKU-604,SALE,-26,2026-07-19T14:25:00Z
MOV-0008333,STR-005,SKU-604,SALE,-18,2026-07-20T11:48:00Z
MOV-0008334,STR-005,SKU-604,SALE,-18,2026-07-21T12:48:00Z
MOV-0008335,STR-005,SKU-604,SALE,-18,2026-07-22T10:56:00Z
MOV-0008336,STR-005,SKU-604,DELIVERY,147,2026-07-23T06:16:00Z
MOV-0008337,STR-005,SKU-604,SALE,-22,2026-07-23T08:17:00Z
MOV-0008338,STR-005,SKU-604,SALE,-24,2026-07-24T17:10:00Z
MOV-0008339,STR-005,SKU-604,SALE,-31,2026-07-25T15:09:00Z
MOV-0008340,STR-005,SKU-604,SALE,-28,2026-07-26T17:13:00Z
MOV-0008341,STR-005,SKU-604,SALE,-12,2026-07-27T13:31:00Z
MOV-0008342,STR-005,SKU-604,SALE,-12,2026-07-28T15:02:00Z
MOV-0008343,STR-005,SKU-604,SALE,-18,2026-07-29T11:58:00Z
MOV-0008344,STR-005,SKU-604,DELIVERY,129,2026-07-30T06:31:00Z
MOV-0008345,STR-005,SKU-604,SALE,-19,2026-07-30T09:42:00Z
MOV-0008346,STR-005,SKU-604,WASTE,-3,2026-07-30T21:01:00Z
MOV-0008347,STR-005,SKU-604,SALE,-18,2026-07-31T08:42:00Z
MOV-0008348,STR-005,SKU-604,SALE,-24,2026-08-01T17:56:00Z
MOV-0008349,STR-005,SKU-604,SALE,-18,2026-08-02T10:30:00Z
MOV-0008350,STR-005,SKU-604,SALE,-13,2026-08-03T16:49:00Z
MOV-0008351,STR-005,SKU-604,SALE,-17,2026-08-04T16:12:00Z
MOV-0008352,STR-005,SKU-604,SALE,-17,2026-08-05T15:18:00Z
MOV-0008353,STR-005,SKU-604,DELIVERY,132,2026-08-06T06:38:00Z
MOV-0008354,STR-005,SKU-604,SALE,-19,2026-08-06T08:46:00Z
MOV-0008355,STR-005,SKU-604,SALE,-16,2026-08-07T10:53:00Z
MOV-0008356,STR-005,SKU-604,SALE,-21,2026-08-08T08:57:00Z
MOV-0008357,STR-005,SKU-604,SALE,-22,2026-08-09T17:11:00Z
MOV-0008358,STR-005,SKU-604,WASTE,-5,2026-08-09T21:43:00Z
MOV-0008359,STR-005,SKU-604,SALE,-16,2026-08-10T15:52:00Z
MOV-0008360,STR-005,SKU-604,SALE,-17,2026-08-11T07:46:00Z
MOV-0008361,STR-005,SKU-604,SALE,-16,2026-08-12T07:36:00Z
MOV-0008362,STR-005,SKU-604,DELIVERY,142,2026-08-13T06:35:00Z
MOV-0008363,STR-005,SKU-604,SALE,-17,2026-08-13T10:40:00Z
MOV-0008364,STR-005,SKU-604,WASTE,-2,2026-08-13T21:13:00Z
MOV-0008365,STR-005,SKU-604,SALE,-23,2026-08-14T10:28:00Z
MOV-0008366,STR-005,SKU-604,SALE,-30,2026-08-15T08:33:00Z
MOV-0008367,STR-005,SKU-604,WASTE,-5,2026-08-15T21:03:00Z
MOV-0008368,STR-005,SKU-604,SALE,-27,2026-08-16T12:33:00Z
MOV-0008369,STR-005,SKU-604,SALE,-10,2026-08-17T13:50:00Z
MOV-0008370,STR-005,SKU-604,SALE,-13,2026-08-18T12:26:00Z
MOV-0008371,STR-005,SKU-604,SALE,-15,2026-08-19T08:08:00Z
MOV-0008372,STR-005,SKU-604,DELIVERY,128,2026-08-20T06:35:00Z
MOV-0008373,STR-005,SKU-604,SALE,-13,2026-08-20T17:09:00Z
MOV-0008374,STR-005,SKU-604,SALE,-20,2026-08-21T11:21:00Z
MOV-0008375,STR-005,SKU-604,SALE,-22,2026-08-22T17:33:00Z
MOV-0008376,STR-005,SKU-604,SALE,-19,2026-08-23T18:50:00Z
MOV-0008377,STR-005,SKU-604,WASTE,-3,2026-08-23T21:25:00Z
MOV-0008378,STR-005,SKU-604,SALE,-14,2026-08-24T17:31:00Z
MOV-0008379,STR-005,SKU-604,SALE,-14,2026-08-25T15:07:00Z
MOV-0008380,STR-005,SKU-604,WASTE,-3,2026-08-25T21:25:00Z
MOV-0008381,STR-005,SKU-604,SALE,-20,2026-08-26T16:24:00Z
MOV-0008382,STR-005,SKU-604,DELIVERY,122,2026-08-27T06:40:00Z
MOV-0008383,STR-005,SKU-604,SALE,-14,2026-08-27T07:43:00Z
MOV-0008384,STR-005,SKU-604,SALE,-16,2026-08-28T17:51:00Z
MOV-0008385,STR-005,SKU-604,SALE,-24,2026-08-29T15:25:00Z
MOV-0008386,STR-005,SKU-604,WASTE,-5,2026-08-29T21:38:00Z
MOV-0008387,STR-005,SKU-604,SALE,-21,2026-08-30T09:46:00Z
MOV-0008388,STR-005,SKU-604,SALE,-23,2026-08-31T17:21:00Z
MOV-0008389,STR-005,SKU-604,SALE,-19,2026-09-01T07:24:00Z
MOV-0008390,STR-005,SKU-701,SALE,-1,2026-07-07T08:37:00Z
MOV-0008391,STR-005,SKU-701,DELIVERY,2,2026-07-08T06:13:00Z
MOV-0008392,STR-005,SKU-701,SALE,-1,2026-07-10T15:36:00Z
MOV-0008393,STR-005,SKU-701,SALE,-1,2026-07-11T16:22:00Z
MOV-0008394,STR-005,SKU-701,DELIVERY,4,2026-07-15T06:30:00Z
MOV-0008395,STR-005,SKU-701,SALE,-1,2026-07-15T17:41:00Z
MOV-0008396,STR-005,SKU-701,SALE,-1,2026-07-16T15:23:00Z
MOV-0008397,STR-005,SKU-701,SALE,-1,2026-07-18T08:22:00Z
MOV-0008398,STR-005,SKU-701,SALE,-1,2026-07-19T15:08:00Z
MOV-0008399,STR-005,SKU-701,DELIVERY,3,2026-07-22T06:46:00Z
MOV-0008400,STR-005,SKU-701,SALE,-1,2026-07-22T09:16:00Z
MOV-0008401,STR-005,SKU-701,SALE,-1,2026-07-24T17:54:00Z
MOV-0008402,STR-005,SKU-701,SALE,-1,2026-07-25T09:52:00Z
MOV-0008403,STR-005,SKU-701,DELIVERY,4,2026-07-29T06:57:00Z
MOV-0008404,STR-005,SKU-701,SALE,-1,2026-07-29T16:34:00Z
MOV-0008405,STR-005,SKU-701,SALE,-1,2026-07-31T13:19:00Z
MOV-0008406,STR-005,SKU-701,SALE,-1,2026-08-01T07:33:00Z
MOV-0008407,STR-005,SKU-701,SALE,-1,2026-08-02T08:35:00Z
MOV-0008408,STR-005,SKU-701,DELIVERY,3,2026-08-05T06:28:00Z
MOV-0008409,STR-005,SKU-701,SALE,-1,2026-08-07T07:11:00Z
MOV-0008410,STR-005,SKU-701,SALE,-1,2026-08-08T16:22:00Z
MOV-0008411,STR-005,SKU-701,SALE,-1,2026-08-09T18:25:00Z
MOV-0008412,STR-005,SKU-701,DELIVERY,4,2026-08-12T06:50:00Z
MOV-0008413,STR-005,SKU-701,SALE,-1,2026-08-12T18:04:00Z
MOV-0008414,STR-005,SKU-701,SALE,-1,2026-08-13T14:01:00Z
MOV-0008415,STR-005,SKU-701,SALE,-1,2026-08-15T07:21:00Z
MOV-0008416,STR-005,SKU-701,SALE,-1,2026-08-16T07:00:00Z
MOV-0008417,STR-005,SKU-701,DELIVERY,3,2026-08-19T06:38:00Z
MOV-0008418,STR-005,SKU-701,SALE,-1,2026-08-19T15:39:00Z
MOV-0008419,STR-005,SKU-701,SALE,-1,2026-08-22T18:50:00Z
MOV-0008420,STR-005,SKU-701,SALE,-1,2026-08-23T08:35:00Z
MOV-0008421,STR-005,SKU-701,DELIVERY,4,2026-08-26T06:52:00Z
MOV-0008422,STR-005,SKU-701,SALE,-1,2026-08-27T18:07:00Z
MOV-0008423,STR-005,SKU-701,SALE,-1,2026-08-28T07:00:00Z
MOV-0008424,STR-005,SKU-701,SALE,-1,2026-08-29T07:30:00Z
MOV-0008425,STR-005,SKU-701,SALE,-1,2026-08-30T07:27:00Z
MOV-0008426,STR-006,SKU-101,SALE,-31,2026-07-06T15:40:00Z
MOV-0008427,STR-006,SKU-101,SALE,-35,2026-07-07T11:13:00Z
MOV-0008428,STR-006,SKU-101,SALE,-35,2026-07-08T10:21:00Z
MOV-0008429,STR-006,SKU-101,DELIVERY,243,2026-07-09T06:32:00Z
MOV-0008430,STR-006,SKU-101,SALE,-36,2026-07-09T14:15:00Z
MOV-0008431,STR-006,SKU-101,SALE,-33,2026-07-10T12:18:00Z
MOV-0008432,STR-006,SKU-101,SALE,-53,2026-07-11T13:38:00Z
MOV-0008433,STR-006,SKU-101,SALE,-48,2026-07-12T10:52:00Z
MOV-0008434,STR-006,SKU-101,ADJUSTMENT,1,2026-07-13T12:17:00Z
MOV-0008435,STR-006,SKU-101,SALE,-23,2026-07-13T17:10:00Z
MOV-0008436,STR-006,SKU-101,SALE,-25,2026-07-14T15:31:00Z
MOV-0008437,STR-006,SKU-101,SALE,-26,2026-07-15T15:19:00Z
MOV-0008438,STR-006,SKU-101,DELIVERY,242,2026-07-16T06:51:00Z
MOV-0008439,STR-006,SKU-101,SALE,-38,2026-07-16T17:40:00Z
MOV-0008440,STR-006,SKU-101,SALE,-35,2026-07-17T15:19:00Z
MOV-0008441,STR-006,SKU-101,SALE,-33,2026-07-18T11:02:00Z
MOV-0008442,STR-006,SKU-101,SALE,-42,2026-07-19T12:45:00Z
MOV-0008443,STR-006,SKU-101,SALE,-29,2026-07-20T15:02:00Z
MOV-0008444,STR-006,SKU-101,SALE,-32,2026-07-21T16:14:00Z
MOV-0008445,STR-006,SKU-101,SALE,-33,2026-07-22T15:20:00Z
MOV-0008446,STR-006,SKU-101,DELIVERY,240,2026-07-23T06:12:00Z
MOV-0008447,STR-006,SKU-101,SALE,-30,2026-07-23T15:03:00Z
MOV-0008448,STR-006,SKU-101,SALE,-38,2026-07-24T10:02:00Z
MOV-0008449,STR-006,SKU-101,SALE,-41,2026-07-25T08:19:00Z
MOV-0008450,STR-006,SKU-101,SALE,-32,2026-07-26T17:24:00Z
MOV-0008451,STR-006,SKU-101,SALE,-30,2026-07-27T17:58:00Z
MOV-0008452,STR-006,SKU-101,SALE,-36,2026-07-28T10:32:00Z
MOV-0008453,STR-006,SKU-101,SALE,-33,2026-07-29T16:54:00Z
MOV-0008454,STR-006,SKU-101,DELIVERY,247,2026-07-30T06:44:00Z
MOV-0008455,STR-006,SKU-101,SALE,-34,2026-07-30T18:11:00Z
MOV-0008456,STR-006,SKU-101,SALE,-38,2026-07-31T18:06:00Z
MOV-0008457,STR-006,SKU-101,SALE,-43,2026-08-01T09:52:00Z
MOV-0008458,STR-006,SKU-101,SALE,-39,2026-08-02T10:13:00Z
MOV-0008459,STR-006,SKU-101,SALE,-34,2026-08-03T15:56:00Z
MOV-0008460,STR-006,SKU-101,SALE,-28,2026-08-04T08:05:00Z
MOV-0008461,STR-006,SKU-101,SALE,-31,2026-08-05T18:47:00Z
MOV-0008462,STR-006,SKU-101,DELIVERY,238,2026-08-06T06:25:00Z
MOV-0008463,STR-006,SKU-101,SALE,-34,2026-08-06T17:44:00Z
MOV-0008464,STR-006,SKU-101,SALE,-42,2026-08-07T14:21:00Z
MOV-0008465,STR-006,SKU-101,SALE,-44,2026-08-08T16:21:00Z
MOV-0008466,STR-006,SKU-101,SALE,-40,2026-08-09T13:51:00Z
MOV-0008467,STR-006,SKU-101,SALE,-22,2026-08-10T10:38:00Z
MOV-0008468,STR-006,SKU-101,SALE,-27,2026-08-11T14:22:00Z
MOV-0008469,STR-006,SKU-101,SALE,-29,2026-08-12T16:04:00Z
MOV-0008470,STR-006,SKU-101,DELIVERY,195,2026-08-13T06:33:00Z
MOV-0008471,STR-006,SKU-101,SALE,-29,2026-08-13T08:48:00Z
MOV-0008472,STR-006,SKU-101,SALE,-27,2026-08-14T07:09:00Z
MOV-0008473,STR-006,SKU-101,SALE,-32,2026-08-15T08:06:00Z
MOV-0008474,STR-006,SKU-101,SALE,-24,2026-08-16T18:22:00Z
MOV-0008475,STR-006,SKU-101,SALE,-25,2026-08-17T09:53:00Z
MOV-0008476,STR-006,SKU-101,SALE,-32,2026-08-18T09:52:00Z
MOV-0008477,STR-006,SKU-101,SALE,-26,2026-08-19T13:29:00Z
MOV-0008478,STR-006,SKU-101,DELIVERY,211,2026-08-20T06:26:00Z
MOV-0008479,STR-006,SKU-101,SALE,-37,2026-08-20T17:30:00Z
MOV-0008480,STR-006,SKU-101,SALE,-33,2026-08-21T17:48:00Z
MOV-0008481,STR-006,SKU-101,SALE,-34,2026-08-22T14:44:00Z
MOV-0008482,STR-006,SKU-101,SALE,-44,2026-08-23T12:21:00Z
MOV-0008483,STR-006,SKU-101,SALE,-18,2026-08-24T13:34:00Z
MOV-0008484,STR-006,SKU-101,SALE,-20,2026-08-25T09:16:00Z
MOV-0008485,STR-006,SKU-101,SALE,-25,2026-08-26T12:03:00Z
MOV-0008486,STR-006,SKU-101,DELIVERY,177,2026-08-27T06:54:00Z
MOV-0008487,STR-006,SKU-101,SALE,-24,2026-08-27T16:46:00Z
MOV-0008488,STR-006,SKU-101,SALE,-34,2026-08-28T07:49:00Z
MOV-0008489,STR-006,SKU-101,SALE,-27,2026-08-29T08:54:00Z
MOV-0008490,STR-006,SKU-101,SALE,-36,2026-08-30T09:33:00Z
MOV-0008491,STR-006,SKU-101,SALE,-27,2026-08-31T14:08:00Z
MOV-0008492,STR-006,SKU-101,SALE,-29,2026-09-01T16:42:00Z
MOV-0008493,STR-006,SKU-102,SALE,-25,2026-07-06T12:12:00Z
MOV-0008494,STR-006,SKU-102,SALE,-31,2026-07-07T13:13:00Z
MOV-0008495,STR-006,SKU-102,SALE,-32,2026-07-08T18:24:00Z
MOV-0008496,STR-006,SKU-102,SALE,-34,2026-07-09T17:13:00Z
MOV-0008497,STR-006,SKU-102,ADJUSTMENT,-1,2026-07-10T12:44:00Z
MOV-0008498,STR-006,SKU-102,SALE,-33,2026-07-10T17:39:00Z
MOV-0008499,STR-006,SKU-102,SALE,-32,2026-07-11T16:24:00Z
MOV-0008500,STR-006,SKU-102,DELIVERY,240,2026-07-12T06:32:00Z
MOV-0008501,STR-006,SKU-102,SALE,-41,2026-07-12T14:34:00Z
MOV-0008502,STR-006,SKU-102,SALE,-22,2026-07-13T08:44:00Z
MOV-0008503,STR-006,SKU-102,SALE,-32,2026-07-14T17:01:00Z
MOV-0008504,STR-006,SKU-102,SALE,-34,2026-07-15T16:01:00Z
MOV-0008505,STR-006,SKU-102,SALE,-31,2026-07-16T09:57:00Z
MOV-0008506,STR-006,SKU-102,SALE,-39,2026-07-17T07:12:00Z
MOV-0008507,STR-006,SKU-102,SALE,-41,2026-07-18T16:45:00Z
MOV-0008508,STR-006,SKU-102,DELIVERY,306,2026-07-19T06:50:00Z
MOV-0008509,STR-006,SKU-102,SALE,-29,2026-07-19T09:55:00Z
MOV-0008510,STR-006,SKU-102,SALE,-32,2026-07-20T13:20:00Z
MOV-0008511,STR-006,SKU-102,SALE,-52,2026-07-21T10:01:00Z
MOV-0008512,STR-006,SKU-102,SALE,-39,2026-07-22T15:46:00Z
MOV-0008513,STR-006,SKU-102,SALE,-41,2026-07-23T07:49:00Z
MOV-0008514,STR-006,SKU-102,SALE,-43,2026-07-24T13:44:00Z
MOV-0008515,STR-006,SKU-102,SALE,-70,2026-07-25T18:41:00Z
MOV-0008516,STR-006,SKU-102,DELIVERY,273,2026-07-26T06:09:00Z
MOV-0008517,STR-006,SKU-102,SALE,-44,2026-07-26T14:39:00Z
MOV-0008518,STR-006,SKU-102,SALE,-27,2026-07-27T16:53:00Z
MOV-0008519,STR-006,SKU-102,SALE,-39,2026-07-28T09:50:00Z
MOV-0008520,STR-006,SKU-102,SALE,-32,2026-07-29T15:34:00Z
MOV-0008521,STR-006,SKU-102,SALE,-41,2026-07-30T15:26:00Z
MOV-0008522,STR-006,SKU-102,SALE,-48,2026-07-31T15:27:00Z
MOV-0008523,STR-006,SKU-102,SALE,-42,2026-08-01T12:18:00Z
MOV-0008524,STR-006,SKU-102,DELIVERY,276,2026-08-02T06:45:00Z
MOV-0008525,STR-006,SKU-102,SALE,-51,2026-08-02T07:19:00Z
MOV-0008526,STR-006,SKU-102,SALE,-30,2026-08-03T15:20:00Z
MOV-0008527,STR-006,SKU-102,SALE,-34,2026-08-04T11:10:00Z
MOV-0008528,STR-006,SKU-102,SALE,-32,2026-08-05T18:39:00Z
MOV-0008529,STR-006,SKU-102,SALE,-38,2026-08-06T13:22:00Z
MOV-0008530,STR-006,SKU-102,SALE,-47,2026-08-07T13:37:00Z
MOV-0008531,STR-006,SKU-102,SALE,-44,2026-08-08T16:05:00Z
MOV-0008532,STR-006,SKU-102,DELIVERY,296,2026-08-09T06:53:00Z
MOV-0008533,STR-006,SKU-102,SALE,-38,2026-08-09T12:24:00Z
MOV-0008534,STR-006,SKU-102,SALE,-41,2026-08-10T13:54:00Z
MOV-0008535,STR-006,SKU-102,SALE,-40,2026-08-11T11:02:00Z
MOV-0008536,STR-006,SKU-102,SALE,-34,2026-08-12T09:53:00Z
MOV-0008537,STR-006,SKU-102,SALE,-51,2026-08-13T11:24:00Z
MOV-0008538,STR-006,SKU-102,SALE,-48,2026-08-14T18:01:00Z
MOV-0008539,STR-006,SKU-102,SALE,-44,2026-08-15T14:23:00Z
MOV-0008540,STR-006,SKU-102,DELIVERY,264,2026-08-16T06:09:00Z
MOV-0008541,STR-006,SKU-102,SALE,-47,2026-08-16T18:15:00Z
MOV-0008542,STR-006,SKU-102,SALE,-25,2026-08-17T18:16:00Z
MOV-0008543,STR-006,SKU-102,SALE,-36,2026-08-18T11:34:00Z
MOV-0008544,STR-006,SKU-102,SALE,-43,2026-08-19T07:08:00Z
MOV-0008545,STR-006,SKU-102,SALE,-32,2026-08-20T08:08:00Z
MOV-0008546,STR-006,SKU-102,SALE,-38,2026-08-21T17:44:00Z
MOV-0008547,STR-006,SKU-102,SALE,-43,2026-08-22T17:29:00Z
MOV-0008548,STR-006,SKU-102,DELIVERY,227,2026-08-23T06:34:00Z
MOV-0008549,STR-006,SKU-102,SALE,-36,2026-08-23T18:14:00Z
MOV-0008550,STR-006,SKU-102,SALE,-30,2026-08-24T15:21:00Z
MOV-0008551,STR-006,SKU-102,SALE,-24,2026-08-25T16:11:00Z
MOV-0008552,STR-006,SKU-102,SALE,-35,2026-08-26T16:40:00Z
MOV-0008553,STR-006,SKU-102,SALE,-38,2026-08-27T13:06:00Z
MOV-0008554,STR-006,SKU-102,SALE,-30,2026-08-28T14:16:00Z
MOV-0008555,STR-006,SKU-102,SALE,-34,2026-08-29T13:02:00Z
MOV-0008556,STR-006,SKU-102,DELIVERY,112,2026-08-30T06:39:00Z
MOV-0008557,STR-006,SKU-102,SALE,-42,2026-08-30T10:27:00Z
MOV-0008558,STR-006,SKU-102,SALE,-30,2026-08-31T14:10:00Z
MOV-0008559,STR-006,SKU-102,SALE,-40,2026-09-01T17:35:00Z
MOV-0008560,STR-006,SKU-103,ADJUSTMENT,-2,2026-07-06T12:36:00Z
MOV-0008561,STR-006,SKU-103,SALE,-32,2026-07-06T18:08:00Z
MOV-0008562,STR-006,SKU-103,SALE,-37,2026-07-07T11:25:00Z
MOV-0008563,STR-006,SKU-103,SALE,-32,2026-07-08T08:39:00Z
MOV-0008564,STR-006,SKU-103,SALE,-37,2026-07-09T15:41:00Z
MOV-0008565,STR-006,SKU-103,SALE,-37,2026-07-10T09:28:00Z
MOV-0008566,STR-006,SKU-103,ADJUSTMENT,3,2026-07-10T12:51:00Z
MOV-0008567,STR-006,SKU-103,SALE,-46,2026-07-11T08:44:00Z
MOV-0008568,STR-006,SKU-103,DELIVERY,223,2026-07-12T06:06:00Z
MOV-0008569,STR-006,SKU-103,SALE,-49,2026-07-12T14:19:00Z
MOV-0008570,STR-006,SKU-103,SALE,-23,2026-07-13T12:32:00Z
MOV-0008571,STR-006,SKU-103,SALE,-23,2026-07-14T16:03:00Z
MOV-0008572,STR-006,SKU-103,SALE,-25,2026-07-15T09:26:00Z
MOV-0008573,STR-006,SKU-103,SALE,-31,2026-07-16T12:27:00Z
MOV-0008574,STR-006,SKU-103,SALE,-35,2026-07-17T17:56:00Z
MOV-0008575,STR-006,SKU-103,SALE,-37,2026-07-18T13:37:00Z
MOV-0008576,STR-006,SKU-103,DELIVERY,218,2026-07-19T06:47:00Z
MOV-0008577,STR-006,SKU-103,SALE,-34,2026-07-19T18:23:00Z
MOV-0008578,STR-006,SKU-103,SALE,-22,2026-07-20T10:45:00Z
MOV-0008579,STR-006,SKU-103,SALE,-27,2026-07-21T15:51:00Z
MOV-0008580,STR-006,SKU-103,SALE,-27,2026-07-22T07:18:00Z
MOV-0008581,STR-006,SKU-103,SALE,-28,2026-07-23T08:33:00Z
MOV-0008582,STR-006,SKU-103,SALE,-38,2026-07-24T07:43:00Z
MOV-0008583,STR-006,SKU-103,SALE,-42,2026-07-25T18:52:00Z
MOV-0008584,STR-006,SKU-103,DELIVERY,222,2026-07-26T06:49:00Z
MOV-0008585,STR-006,SKU-103,SALE,-30,2026-07-26T13:57:00Z
MOV-0008586,STR-006,SKU-103,SALE,-21,2026-07-27T13:37:00Z
MOV-0008587,STR-006,SKU-103,SALE,-31,2026-07-28T14:50:00Z
MOV-0008588,STR-006,SKU-103,SALE,-30,2026-07-29T12:55:00Z
MOV-0008589,STR-006,SKU-103,SALE,-38,2026-07-30T18:18:00Z
MOV-0008590,STR-006,SKU-103,SALE,-39,2026-07-31T11:03:00Z
MOV-0008591,STR-006,SKU-103,SALE,-33,2026-08-01T13:05:00Z
MOV-0008592,STR-006,SKU-103,DELIVERY,227,2026-08-02T06:10:00Z
MOV-0008593,STR-006,SKU-103,SALE,-30,2026-08-02T15:52:00Z
MOV-0008594,STR-006,SKU-103,SALE,-30,2026-08-03T11:25:00Z
MOV-0008595,STR-006,SKU-103,SALE,-33,2026-08-04T11:09:00Z
MOV-0008596,STR-006,SKU-103,SALE,-33,2026-08-05T18:34:00Z
MOV-0008597,STR-006,SKU-103,SALE,-29,2026-08-06T17:53:00Z
MOV-0008598,STR-006,SKU-103,SALE,-36,2026-08-07T18:13:00Z
MOV-0008599,STR-006,SKU-103,SALE,-36,2026-08-08T08:35:00Z
MOV-0008600,STR-006,SKU-103,DELIVERY,222,2026-08-09T06:17:00Z
MOV-0008601,STR-006,SKU-103,SALE,-41,2026-08-09T14:53:00Z
MOV-0008602,STR-006,SKU-103,SALE,-29,2026-08-10T10:34:00Z
MOV-0008603,STR-006,SKU-103,SALE,-25,2026-08-11T09:05:00Z
MOV-0008604,STR-006,SKU-103,SALE,-32,2026-08-12T07:33:00Z
MOV-0008605,STR-006,SKU-103,SALE,-29,2026-08-13T10:44:00Z
MOV-0008606,STR-006,SKU-103,SALE,-30,2026-08-14T15:57:00Z
MOV-0008607,STR-006,SKU-103,SALE,-36,2026-08-15T07:40:00Z
MOV-0008608,STR-006,SKU-103,DELIVERY,228,2026-08-16T06:21:00Z
MOV-0008609,STR-006,SKU-103,SALE,-34,2026-08-16T17:23:00Z
MOV-0008610,STR-006,SKU-103,SALE,-30,2026-08-17T10:16:00Z
MOV-0008611,STR-006,SKU-103,SALE,-25,2026-08-18T12:58:00Z
MOV-0008612,STR-006,SKU-103,SALE,-26,2026-08-19T10:19:00Z
MOV-0008613,STR-006,SKU-103,SALE,-31,2026-08-20T07:28:00Z
MOV-0008614,STR-006,SKU-103,SALE,-39,2026-08-21T09:01:00Z
MOV-0008615,STR-006,SKU-103,SALE,-43,2026-08-22T16:54:00Z
MOV-0008616,STR-006,SKU-103,DELIVERY,279,2026-08-23T06:24:00Z
MOV-0008617,STR-006,SKU-103,SALE,-38,2026-08-23T17:43:00Z
MOV-0008618,STR-006,SKU-103,SALE,-36,2026-08-24T18:52:00Z
MOV-0008619,STR-006,SKU-103,SALE,-33,2026-08-25T18:54:00Z
MOV-0008620,STR-006,SKU-103,SALE,-31,2026-08-26T08:34:00Z
MOV-0008621,STR-006,SKU-103,SALE,-42,2026-08-27T17:57:00Z
MOV-0008622,STR-006,SKU-103,SALE,-46,2026-08-28T17:46:00Z
MOV-0008623,STR-006,SKU-103,SALE,-53,2026-08-29T07:34:00Z
MOV-0008624,STR-006,SKU-103,DELIVERY,104,2026-08-30T06:58:00Z
MOV-0008625,STR-006,SKU-103,SALE,-42,2026-08-30T17:42:00Z
MOV-0008626,STR-006,SKU-103,SALE,-30,2026-08-31T14:06:00Z
MOV-0008627,STR-006,SKU-103,SALE,-32,2026-09-01T15:10:00Z
MOV-0008628,STR-006,SKU-104,SALE,-19,2026-07-06T17:40:00Z
MOV-0008629,STR-006,SKU-104,SALE,-22,2026-07-07T15:03:00Z
MOV-0008630,STR-006,SKU-104,DELIVERY,178,2026-07-08T06:48:00Z
MOV-0008631,STR-006,SKU-104,SALE,-25,2026-07-08T15:11:00Z
MOV-0008632,STR-006,SKU-104,SALE,-29,2026-07-09T13:21:00Z
MOV-0008633,STR-006,SKU-104,SALE,-23,2026-07-10T12:15:00Z
MOV-0008634,STR-006,SKU-104,SALE,-31,2026-07-11T13:15:00Z
MOV-0008635,STR-006,SKU-104,SALE,-30,2026-07-12T12:29:00Z
MOV-0008636,STR-006,SKU-104,SALE,-21,2026-07-13T13:44:00Z
MOV-0008637,STR-006,SKU-104,SALE,-19,2026-07-14T11:35:00Z
MOV-0008638,STR-006,SKU-104,DELIVERY,171,2026-07-15T06:43:00Z
MOV-0008639,STR-006,SKU-104,SALE,-24,2026-07-15T12:34:00Z
MOV-0008640,STR-006,SKU-104,SALE,-25,2026-07-16T13:23:00Z
MOV-0008641,STR-006,SKU-104,SALE,-26,2026-07-17T08:41:00Z
MOV-0008642,STR-006,SKU-104,SALE,-28,2026-07-18T18:48:00Z
MOV-0008643,STR-006,SKU-104,SALE,-26,2026-07-19T10:25:00Z
MOV-0008644,STR-006,SKU-104,SALE,-23,2026-07-20T12:09:00Z
MOV-0008645,STR-006,SKU-104,SALE,-19,2026-07-21T08:49:00Z
MOV-0008646,STR-006,SKU-104,DELIVERY,148,2026-07-22T06:51:00Z
MOV-0008647,STR-006,SKU-104,SALE,-25,2026-07-22T12:11:00Z
MOV-0008648,STR-006,SKU-104,SALE,-22,2026-07-23T09:26:00Z
MOV-0008649,STR-006,SKU-104,SALE,-27,2026-07-24T12:05:00Z
MOV-0008650,STR-006,SKU-104,SALE,-26,2026-07-25T16:33:00Z
MOV-0008651,STR-006,SKU-104,SALE,-23,2026-07-26T14:26:00Z
MOV-0008652,STR-006,SKU-104,SALE,-12,2026-07-27T08:33:00Z
MOV-0008653,STR-006,SKU-104,SALE,-13,2026-07-28T07:37:00Z
MOV-0008654,STR-006,SKU-104,DELIVERY,136,2026-07-29T06:08:00Z
MOV-0008655,STR-006,SKU-104,SALE,-19,2026-07-29T14:09:00Z
MOV-0008656,STR-006,SKU-104,SALE,-15,2026-07-30T15:42:00Z
MOV-0008657,STR-006,SKU-104,SALE,-20,2026-07-31T14:53:00Z
MOV-0008658,STR-006,SKU-104,SALE,-22,2026-08-01T17:17:00Z
MOV-0008659,STR-006,SKU-104,SALE,-23,2026-08-02T14:16:00Z
MOV-0008660,STR-006,SKU-104,SALE,-21,2026-08-03T11:56:00Z
MOV-0008661,STR-006,SKU-104,SALE,-16,2026-08-04T14:33:00Z
MOV-0008662,STR-006,SKU-104,DELIVERY,155,2026-08-05T06:32:00Z
MOV-0008663,STR-006,SKU-104,SALE,-18,2026-08-05T17:58:00Z
MOV-0008664,STR-006,SKU-104,SALE,-21,2026-08-06T07:17:00Z
MOV-0008665,STR-006,SKU-104,SALE,-24,2026-08-07T15:49:00Z
MOV-0008666,STR-006,SKU-104,SALE,-24,2026-08-08T10:30:00Z
MOV-0008667,STR-006,SKU-104,SALE,-28,2026-08-09T16:16:00Z
MOV-0008668,STR-006,SKU-104,SALE,-21,2026-08-10T08:28:00Z
MOV-0008669,STR-006,SKU-104,SALE,-19,2026-08-11T13:48:00Z
MOV-0008670,STR-006,SKU-104,DELIVERY,175,2026-08-12T06:40:00Z
MOV-0008671,STR-006,SKU-104,SALE,-21,2026-08-12T14:37:00Z
MOV-0008672,STR-006,SKU-104,SALE,-28,2026-08-13T13:53:00Z
MOV-0008673,STR-006,SKU-104,SALE,-34,2026-08-14T15:40:00Z
MOV-0008674,STR-006,SKU-104,SALE,-27,2026-08-15T07:43:00Z
MOV-0008675,STR-006,SKU-104,SALE,-30,2026-08-16T07:31:00Z
MOV-0008676,STR-006,SKU-104,SALE,-15,2026-08-17T13:25:00Z
MOV-0008677,STR-006,SKU-104,SALE,-20,2026-08-18T09:52:00Z
MOV-0008678,STR-006,SKU-104,DELIVERY,153,2026-08-19T06:27:00Z
MOV-0008679,STR-006,SKU-104,SALE,-19,2026-08-19T16:43:00Z
MOV-0008680,STR-006,SKU-104,SALE,-22,2026-08-20T08:21:00Z
MOV-0008681,STR-006,SKU-104,SALE,-22,2026-08-21T17:21:00Z
MOV-0008682,STR-006,SKU-104,SALE,-28,2026-08-22T12:19:00Z
MOV-0008683,STR-006,SKU-104,SALE,-22,2026-08-23T09:18:00Z
MOV-0008684,STR-006,SKU-104,SALE,-20,2026-08-24T10:58:00Z
MOV-0008685,STR-006,SKU-104,SALE,-20,2026-08-25T12:45:00Z
MOV-0008686,STR-006,SKU-104,DELIVERY,187,2026-08-26T06:24:00Z
MOV-0008687,STR-006,SKU-104,SALE,-26,2026-08-26T11:14:00Z
MOV-0008688,STR-006,SKU-104,SALE,-31,2026-08-27T16:11:00Z
MOV-0008689,STR-006,SKU-104,SALE,-32,2026-08-28T10:52:00Z
MOV-0008690,STR-006,SKU-104,SALE,-31,2026-08-29T10:08:00Z
MOV-0008691,STR-006,SKU-104,SALE,-25,2026-08-30T17:05:00Z
MOV-0008692,STR-006,SKU-104,SALE,-19,2026-08-31T07:14:00Z
MOV-0008693,STR-006,SKU-104,SALE,-23,2026-09-01T15:41:00Z
MOV-0008694,STR-006,SKU-105,SALE,-18,2026-07-06T15:51:00Z
MOV-0008695,STR-006,SKU-105,SALE,-15,2026-07-07T17:27:00Z
MOV-0008696,STR-006,SKU-105,DELIVERY,141,2026-07-08T06:34:00Z
MOV-0008697,STR-006,SKU-105,SALE,-17,2026-07-08T17:46:00Z
MOV-0008698,STR-006,SKU-105,SALE,-22,2026-07-09T13:49:00Z
MOV-0008699,STR-006,SKU-105,SALE,-18,2026-07-10T12:50:00Z
MOV-0008700,STR-006,SKU-105,SALE,-28,2026-07-11T17:33:00Z
MOV-0008701,STR-006,SKU-105,SALE,-21,2026-07-12T17:12:00Z
MOV-0008702,STR-006,SKU-105,SALE,-17,2026-07-13T15:48:00Z
MOV-0008703,STR-006,SKU-105,SALE,-18,2026-07-14T11:13:00Z
MOV-0008704,STR-006,SKU-105,DELIVERY,130,2026-07-15T06:52:00Z
MOV-0008705,STR-006,SKU-105,SALE,-21,2026-07-15T07:26:00Z
MOV-0008706,STR-006,SKU-105,SALE,-18,2026-07-16T16:53:00Z
MOV-0008707,STR-006,SKU-105,SALE,-22,2026-07-17T09:48:00Z
MOV-0008708,STR-006,SKU-105,SALE,-23,2026-07-18T17:10:00Z
MOV-0008709,STR-006,SKU-105,SALE,-19,2026-07-19T11:33:00Z
MOV-0008710,STR-006,SKU-105,SALE,-10,2026-07-20T12:33:00Z
MOV-0008711,STR-006,SKU-105,SALE,-17,2026-07-21T13:06:00Z
MOV-0008712,STR-006,SKU-105,DELIVERY,120,2026-07-22T06:17:00Z
MOV-0008713,STR-006,SKU-105,SALE,-17,2026-07-22T11:51:00Z
MOV-0008714,STR-006,SKU-105,SALE,-14,2026-07-23T18:50:00Z
MOV-0008715,STR-006,SKU-105,SALE,-15,2026-07-24T18:16:00Z
MOV-0008716,STR-006,SKU-105,SALE,-19,2026-07-25T10:15:00Z
MOV-0008717,STR-006,SKU-105,SALE,-21,2026-07-26T11:49:00Z
MOV-0008718,STR-006,SKU-105,SALE,-16,2026-07-27T08:47:00Z
MOV-0008719,STR-006,SKU-105,SALE,-18,2026-07-28T12:56:00Z
MOV-0008720,STR-006,SKU-105,DELIVERY,144,2026-07-29T06:16:00Z
MOV-0008721,STR-006,SKU-105,SALE,-20,2026-07-29T17:48:00Z
MOV-0008722,STR-006,SKU-105,SALE,-23,2026-07-30T13:57:00Z
MOV-0008723,STR-006,SKU-105,SALE,-18,2026-07-31T09:42:00Z
MOV-0008724,STR-006,SKU-105,SALE,-27,2026-08-01T18:21:00Z
MOV-0008725,STR-006,SKU-105,SALE,-23,2026-08-02T07:08:00Z
MOV-0008726,STR-006,SKU-105,SALE,-16,2026-08-03T11:46:00Z
MOV-0008727,STR-006,SKU-105,SALE,-17,2026-08-04T18:43:00Z
MOV-0008728,STR-006,SKU-105,DELIVERY,148,2026-08-05T06:33:00Z
MOV-0008729,STR-006,SKU-105,SALE,-23,2026-08-05T17:42:00Z
MOV-0008730,STR-006,SKU-105,SALE,-23,2026-08-06T17:06:00Z
MOV-0008731,STR-006,SKU-105,SALE,-22,2026-08-07T15:33:00Z
MOV-0008732,STR-006,SKU-105,SALE,-26,2026-08-08T13:10:00Z
MOV-0008733,STR-006,SKU-105,SALE,-21,2026-08-09T13:53:00Z
MOV-0008734,STR-006,SKU-105,SALE,-17,2026-08-10T12:21:00Z
MOV-0008735,STR-006,SKU-105,SALE,-16,2026-08-11T10:46:00Z
MOV-0008736,STR-006,SKU-105,DELIVERY,127,2026-08-12T06:51:00Z
MOV-0008737,STR-006,SKU-105,SALE,-15,2026-08-12T18:27:00Z
MOV-0008738,STR-006,SKU-105,SALE,-18,2026-08-13T18:20:00Z
MOV-0008739,STR-006,SKU-105,SALE,-21,2026-08-14T13:13:00Z
MOV-0008740,STR-006,SKU-105,SALE,-19,2026-08-15T09:51:00Z
MOV-0008741,STR-006,SKU-105,SALE,-22,2026-08-16T18:13:00Z
MOV-0008742,STR-006,SKU-105,SALE,-18,2026-08-17T10:13:00Z
MOV-0008743,STR-006,SKU-105,SALE,-14,2026-08-18T10:54:00Z
MOV-0008744,STR-006,SKU-105,DELIVERY,121,2026-08-19T06:30:00Z
MOV-0008745,STR-006,SKU-105,SALE,-16,2026-08-19T17:04:00Z
MOV-0008746,STR-006,SKU-105,SALE,-21,2026-08-20T10:49:00Z
MOV-0008747,STR-006,SKU-105,SALE,-17,2026-08-21T14:01:00Z
MOV-0008748,STR-006,SKU-105,SALE,-20,2026-08-22T10:01:00Z
MOV-0008749,STR-006,SKU-105,SALE,-24,2026-08-23T15:07:00Z
MOV-0008750,STR-006,SKU-105,SALE,-11,2026-08-24T17:21:00Z
MOV-0008751,STR-006,SKU-105,SALE,-12,2026-08-25T14:15:00Z
MOV-0008752,STR-006,SKU-105,DELIVERY,127,2026-08-26T06:09:00Z
MOV-0008753,STR-006,SKU-105,SALE,-16,2026-08-26T15:12:00Z
MOV-0008754,STR-006,SKU-105,SALE,-18,2026-08-27T18:07:00Z
MOV-0008755,STR-006,SKU-105,SALE,-17,2026-08-28T13:00:00Z
MOV-0008756,STR-006,SKU-105,SALE,-22,2026-08-29T16:14:00Z
MOV-0008757,STR-006,SKU-105,SALE,-22,2026-08-30T15:14:00Z
MOV-0008758,STR-006,SKU-105,SALE,-13,2026-08-31T17:47:00Z
MOV-0008759,STR-006,SKU-105,SALE,-19,2026-09-01T13:27:00Z
MOV-0008760,STR-006,SKU-201,DELIVERY,238,2026-07-06T06:31:00Z
MOV-0008761,STR-006,SKU-201,SALE,-23,2026-07-06T15:28:00Z
MOV-0008762,STR-006,SKU-201,SALE,-24,2026-07-07T09:36:00Z
MOV-0008763,STR-006,SKU-201,SALE,-26,2026-07-08T13:27:00Z
MOV-0008764,STR-006,SKU-201,SALE,-39,2026-07-09T08:29:00Z
MOV-0008765,STR-006,SKU-201,SALE,-38,2026-07-10T07:04:00Z
MOV-0008766,STR-006,SKU-201,SALE,-48,2026-07-11T10:04:00Z
MOV-0008767,STR-006,SKU-201,SALE,-40,2026-07-12T09:52:00Z
MOV-0008768,STR-006,SKU-201,DELIVERY,252,2026-07-13T06:23:00Z
MOV-0008769,STR-006,SKU-201,SALE,-25,2026-07-13T12:11:00Z
MOV-0008770,STR-006,SKU-201,SALE,-37,2026-07-14T09:18:00Z
MOV-0008771,STR-006,SKU-201,SALE,-31,2026-07-15T08:13:00Z
MOV-0008772,STR-006,SKU-201,SALE,-33,2026-07-16T15:43:00Z
MOV-0008773,STR-006,SKU-201,SALE,-40,2026-07-17T10:07:00Z
MOV-0008774,STR-006,SKU-201,SALE,-43,2026-07-18T14:53:00Z
MOV-0008775,STR-006,SKU-201,SALE,-43,2026-07-19T13:57:00Z
MOV-0008776,STR-006,SKU-201,DELIVERY,209,2026-07-20T06:36:00Z
MOV-0008777,STR-006,SKU-201,SALE,-22,2026-07-20T07:46:00Z
MOV-0008778,STR-006,SKU-201,SALE,-28,2026-07-21T14:29:00Z
MOV-0008779,STR-006,SKU-201,SALE,-27,2026-07-22T11:48:00Z
MOV-0008780,STR-006,SKU-201,SALE,-27,2026-07-23T11:07:00Z
MOV-0008781,STR-006,SKU-201,SALE,-37,2026-07-24T18:57:00Z
MOV-0008782,STR-006,SKU-201,SALE,-32,2026-07-25T16:28:00Z
MOV-0008783,STR-006,SKU-201,SALE,-36,2026-07-26T12:46:00Z
MOV-0008784,STR-006,SKU-201,DELIVERY,251,2026-07-27T06:03:00Z
MOV-0008785,STR-006,SKU-201,SALE,-29,2026-07-27T16:56:00Z
MOV-0008786,STR-006,SKU-201,SALE,-34,2026-07-28T09:08:00Z
MOV-0008787,STR-006,SKU-201,SALE,-31,2026-07-29T09:05:00Z
MOV-0008788,STR-006,SKU-201,SALE,-38,2026-07-30T16:18:00Z
MOV-0008789,STR-006,SKU-201,SALE,-30,2026-07-31T15:44:00Z
MOV-0008790,STR-006,SKU-201,SALE,-46,2026-08-01T18:02:00Z
MOV-0008791,STR-006,SKU-201,SALE,-43,2026-08-02T13:28:00Z
MOV-0008792,STR-006,SKU-201,DELIVERY,205,2026-08-03T06:02:00Z
MOV-0008793,STR-006,SKU-201,SALE,-25,2026-08-03T11:19:00Z
MOV-0008794,STR-006,SKU-201,SALE,-26,2026-08-04T08:32:00Z
MOV-0008795,STR-006,SKU-201,SALE,-22,2026-08-05T18:39:00Z
MOV-0008796,STR-006,SKU-201,SALE,-28,2026-08-06T11:54:00Z
MOV-0008797,STR-006,SKU-201,SALE,-36,2026-08-07T10:06:00Z
MOV-0008798,STR-006,SKU-201,SALE,-39,2026-08-08T10:16:00Z
MOV-0008799,STR-006,SKU-201,SALE,-29,2026-08-09T10:52:00Z
MOV-0008800,STR-006,SKU-201,DELIVERY,250,2026-08-10T06:12:00Z
MOV-0008801,STR-006,SKU-201,SALE,-27,2026-08-10T09:10:00Z
MOV-0008802,STR-006,SKU-201,SALE,-35,2026-08-11T13:19:00Z
MOV-0008803,STR-006,SKU-201,SALE,-34,2026-08-12T13:46:00Z
MOV-0008804,STR-006,SKU-201,SALE,-29,2026-08-13T08:02:00Z
MOV-0008805,STR-006,SKU-201,SALE,-40,2026-08-14T12:51:00Z
MOV-0008806,STR-006,SKU-201,SALE,-46,2026-08-15T10:12:00Z
MOV-0008807,STR-006,SKU-201,SALE,-39,2026-08-16T12:48:00Z
MOV-0008808,STR-006,SKU-201,DELIVERY,247,2026-08-17T06:26:00Z
MOV-0008809,STR-006,SKU-201,SALE,-25,2026-08-17T16:21:00Z
MOV-0008810,STR-006,SKU-201,SALE,-33,2026-08-18T08:50:00Z
MOV-0008811,STR-006,SKU-201,SALE,-29,2026-08-19T08:06:00Z
MOV-0008812,STR-006,SKU-201,SALE,-34,2026-08-20T14:49:00Z
MOV-0008813,STR-006,SKU-201,SALE,-45,2026-08-21T08:54:00Z
MOV-0008814,STR-006,SKU-201,SALE,-36,2026-08-22T07:19:00Z
MOV-0008815,STR-006,SKU-201,SALE,-45,2026-08-23T15:44:00Z
MOV-0008816,STR-006,SKU-201,DELIVERY,210,2026-08-24T06:43:00Z
MOV-0008817,STR-006,SKU-201,SALE,-23,2026-08-24T15:03:00Z
MOV-0008818,STR-006,SKU-201,SALE,-29,2026-08-25T18:09:00Z
MOV-0008819,STR-006,SKU-201,SALE,-32,2026-08-26T08:23:00Z
MOV-0008820,STR-006,SKU-201,SALE,-30,2026-08-27T14:06:00Z
MOV-0008821,STR-006,SKU-201,SALE,-28,2026-08-28T10:27:00Z
MOV-0008822,STR-006,SKU-201,SALE,-31,2026-08-29T11:42:00Z
MOV-0008823,STR-006,SKU-201,SALE,-37,2026-08-30T08:04:00Z
MOV-0008824,STR-006,SKU-201,DELIVERY,46,2026-08-31T06:12:00Z
MOV-0008825,STR-006,SKU-201,SALE,-22,2026-08-31T07:40:00Z
MOV-0008826,STR-006,SKU-201,SALE,-24,2026-09-01T16:43:00Z
MOV-0008827,STR-006,SKU-202,SALE,-25,2026-07-06T13:03:00Z
MOV-0008828,STR-006,SKU-202,SALE,-22,2026-07-07T07:04:00Z
MOV-0008829,STR-006,SKU-202,DELIVERY,202,2026-07-08T06:10:00Z
MOV-0008830,STR-006,SKU-202,SALE,-29,2026-07-08T09:05:00Z
MOV-0008831,STR-006,SKU-202,SALE,-28,2026-07-09T07:01:00Z
MOV-0008832,STR-006,SKU-202,ADJUSTMENT,1,2026-07-09T12:50:00Z
MOV-0008833,STR-006,SKU-202,SALE,-34,2026-07-10T09:31:00Z
MOV-0008834,STR-006,SKU-202,SALE,-38,2026-07-11T17:28:00Z
MOV-0008835,STR-006,SKU-202,SALE,-31,2026-07-12T08:24:00Z
MOV-0008836,STR-006,SKU-202,SALE,-20,2026-07-13T16:34:00Z
MOV-0008837,STR-006,SKU-202,SALE,-23,2026-07-14T14:30:00Z
MOV-0008838,STR-006,SKU-202,DELIVERY,183,2026-07-15T06:43:00Z
MOV-0008839,STR-006,SKU-202,SALE,-21,2026-07-15T07:20:00Z
MOV-0008840,STR-006,SKU-202,SALE,-21,2026-07-16T09:20:00Z
MOV-0008841,STR-006,SKU-202,SALE,-29,2026-07-17T16:43:00Z
MOV-0008842,STR-006,SKU-202,SALE,-35,2026-07-18T12:06:00Z
MOV-0008843,STR-006,SKU-202,SALE,-28,2026-07-19T15:01:00Z
MOV-0008844,STR-006,SKU-202,SALE,-24,2026-07-20T14:39:00Z
MOV-0008845,STR-006,SKU-202,SALE,-25,2026-07-21T10:13:00Z
MOV-0008846,STR-006,SKU-202,DELIVERY,225,2026-07-22T06:12:00Z
MOV-0008847,STR-006,SKU-202,SALE,-34,2026-07-22T12:37:00Z
MOV-0008848,STR-006,SKU-202,SALE,-35,2026-07-23T13:42:00Z
MOV-0008849,STR-006,SKU-202,SALE,-33,2026-07-24T18:00:00Z
MOV-0008850,STR-006,SKU-202,SALE,-33,2026-07-25T17:02:00Z
MOV-0008851,STR-006,SKU-202,SALE,-34,2026-07-26T10:07:00Z
MOV-0008852,STR-006,SKU-202,SALE,-27,2026-07-27T11:05:00Z
MOV-0008853,STR-006,SKU-202,SALE,-29,2026-07-28T12:47:00Z
MOV-0008854,STR-006,SKU-202,DELIVERY,201,2026-07-29T06:31:00Z
MOV-0008855,STR-006,SKU-202,SALE,-31,2026-07-29T16:16:00Z
MOV-0008856,STR-006,SKU-202,SALE,-32,2026-07-30T08:14:00Z
MOV-0008857,STR-006,SKU-202,SALE,-29,2026-07-31T13:20:00Z
MOV-0008858,STR-006,SKU-202,SALE,-39,2026-08-01T15:40:00Z
MOV-0008859,STR-006,SKU-202,SALE,-31,2026-08-02T13:50:00Z
MOV-0008860,STR-006,SKU-202,SALE,-16,2026-08-03T11:11:00Z
MOV-0008861,STR-006,SKU-202,SALE,-23,2026-08-04T13:46:00Z
MOV-0008862,STR-006,SKU-202,DELIVERY,183,2026-08-05T06:57:00Z
MOV-0008863,STR-006,SKU-202,SALE,-24,2026-08-05T16:14:00Z
MOV-0008864,STR-006,SKU-202,SALE,-23,2026-08-06T14:25:00Z
MOV-0008865,STR-006,SKU-202,SALE,-29,2026-08-07T14:10:00Z
MOV-0008866,STR-006,SKU-202,SALE,-29,2026-08-08T11:13:00Z
MOV-0008867,STR-006,SKU-202,SALE,-30,2026-08-09T07:55:00Z
MOV-0008868,STR-006,SKU-202,SALE,-24,2026-08-10T07:47:00Z
MOV-0008869,STR-006,SKU-202,SALE,-24,2026-08-11T16:42:00Z
MOV-0008870,STR-006,SKU-202,DELIVERY,189,2026-08-12T06:50:00Z
MOV-0008871,STR-006,SKU-202,SALE,-23,2026-08-12T07:20:00Z
MOV-0008872,STR-006,SKU-202,SALE,-28,2026-08-13T08:41:00Z
MOV-0008873,STR-006,SKU-202,SALE,-26,2026-08-14T09:57:00Z
MOV-0008874,STR-006,SKU-202,SALE,-33,2026-08-15T07:25:00Z
MOV-0008875,STR-006,SKU-202,SALE,-32,2026-08-16T07:00:00Z
MOV-0008876,STR-006,SKU-202,SALE,-25,2026-08-17T09:44:00Z
MOV-0008877,STR-006,SKU-202,SALE,-22,2026-08-18T10:11:00Z
MOV-0008878,STR-006,SKU-202,DELIVERY,171,2026-08-19T06:10:00Z
MOV-0008879,STR-006,SKU-202,SALE,-22,2026-08-19T13:38:00Z
MOV-0008880,STR-006,SKU-202,SALE,-23,2026-08-20T18:40:00Z
MOV-0008881,STR-006,SKU-202,SALE,-25,2026-08-21T09:35:00Z
MOV-0008882,STR-006,SKU-202,SALE,-30,2026-08-22T10:33:00Z
MOV-0008883,STR-006,SKU-202,SALE,-27,2026-08-23T08:42:00Z
MOV-0008884,STR-006,SKU-202,SALE,-20,2026-08-24T13:33:00Z
MOV-0008885,STR-006,SKU-202,SALE,-24,2026-08-25T12:30:00Z
MOV-0008886,STR-006,SKU-202,DELIVERY,180,2026-08-26T06:38:00Z
MOV-0008887,STR-006,SKU-202,SALE,-28,2026-08-26T13:21:00Z
MOV-0008888,STR-006,SKU-202,SALE,-27,2026-08-27T14:09:00Z
MOV-0008889,STR-006,SKU-202,SALE,-24,2026-08-28T11:41:00Z
MOV-0008890,STR-006,SKU-202,SALE,-29,2026-08-29T09:21:00Z
MOV-0008891,STR-006,SKU-202,SALE,-31,2026-08-30T07:08:00Z
MOV-0008892,STR-006,SKU-202,SALE,-18,2026-08-31T09:05:00Z
MOV-0008893,STR-006,SKU-202,SALE,-23,2026-09-01T11:17:00Z
MOV-0008894,STR-006,SKU-203,SALE,-42,2026-07-06T18:07:00Z
MOV-0008895,STR-006,SKU-203,SALE,-39,2026-07-07T10:44:00Z
MOV-0008896,STR-006,SKU-203,SALE,-52,2026-07-08T09:09:00Z
MOV-0008897,STR-006,SKU-203,DELIVERY,343,2026-07-09T06:38:00Z
MOV-0008898,STR-006,SKU-203,SALE,-42,2026-07-09T14:11:00Z
MOV-0008899,STR-006,SKU-203,SALE,-46,2026-07-10T09:50:00Z
MOV-0008900,STR-006,SKU-203,SALE,-58,2026-07-11T07:54:00Z
MOV-0008901,STR-006,SKU-203,SALE,-66,2026-07-12T07:06:00Z
MOV-0008902,STR-006,SKU-203,SALE,-41,2026-07-13T18:32:00Z
MOV-0008903,STR-006,SKU-203,SALE,-44,2026-07-14T15:21:00Z
MOV-0008904,STR-006,SKU-203,SALE,-46,2026-07-15T16:24:00Z
MOV-0008905,STR-006,SKU-203,DELIVERY,324,2026-07-16T06:40:00Z
MOV-0008906,STR-006,SKU-203,SALE,-45,2026-07-16T13:01:00Z
MOV-0008907,STR-006,SKU-203,SALE,-46,2026-07-17T15:38:00Z
MOV-0008908,STR-006,SKU-203,SALE,-59,2026-07-18T08:02:00Z
MOV-0008909,STR-006,SKU-203,SALE,-65,2026-07-19T18:31:00Z
MOV-0008910,STR-006,SKU-203,SALE,-35,2026-07-20T10:52:00Z
MOV-0008911,STR-006,SKU-203,ADJUSTMENT,3,2026-07-20T12:48:00Z
MOV-0008912,STR-006,SKU-203,SALE,-41,2026-07-21T12:46:00Z
MOV-0008913,STR-006,SKU-203,SALE,-36,2026-07-22T17:05:00Z
MOV-0008914,STR-006,SKU-203,DELIVERY,240,2026-07-23T06:02:00Z
MOV-0008915,STR-006,SKU-203,SALE,-33,2026-07-23T18:57:00Z
MOV-0008916,STR-006,SKU-203,SALE,-34,2026-07-24T10:33:00Z
MOV-0008917,STR-006,SKU-203,SALE,-47,2026-07-25T10:16:00Z
MOV-0008918,STR-006,SKU-203,SALE,-40,2026-07-26T12:38:00Z
MOV-0008919,STR-006,SKU-203,SALE,-24,2026-07-27T07:23:00Z
MOV-0008920,STR-006,SKU-203,SALE,-32,2026-07-28T09:02:00Z
MOV-0008921,STR-006,SKU-203,SALE,-30,2026-07-29T13:37:00Z
MOV-0008922,STR-006,SKU-203,DELIVERY,250,2026-07-30T06:07:00Z
MOV-0008923,STR-006,SKU-203,SALE,-29,2026-07-30T12:03:00Z
MOV-0008924,STR-006,SKU-203,SALE,-38,2026-07-31T11:54:00Z
MOV-0008925,STR-006,SKU-203,SALE,-42,2026-08-01T12:04:00Z
MOV-0008926,STR-006,SKU-203,SALE,-39,2026-08-02T15:46:00Z
MOV-0008927,STR-006,SKU-203,SALE,-35,2026-08-03T13:30:00Z
MOV-0008928,STR-006,SKU-203,SALE,-27,2026-08-04T17:53:00Z
MOV-0008929,STR-006,SKU-203,SALE,-40,2026-08-05T08:19:00Z
MOV-0008930,STR-006,SKU-203,DELIVERY,260,2026-08-06T06:35:00Z
MOV-0008931,STR-006,SKU-203,SALE,-36,2026-08-06T07:30:00Z
MOV-0008932,STR-006,SKU-203,SALE,-47,2026-08-07T07:09:00Z
MOV-0008933,STR-006,SKU-203,SALE,-51,2026-08-08T17:37:00Z
MOV-0008934,STR-006,SKU-203,SALE,-41,2026-08-09T13:19:00Z
MOV-0008935,STR-006,SKU-203,SALE,-23,2026-08-10T14:11:00Z
MOV-0008936,STR-006,SKU-203,SALE,-26,2026-08-11T09:18:00Z
MOV-0008937,STR-006,SKU-203,SALE,-36,2026-08-12T12:22:00Z
MOV-0008938,STR-006,SKU-203,DELIVERY,247,2026-08-13T06:16:00Z
MOV-0008939,STR-006,SKU-203,SALE,-30,2026-08-13T16:56:00Z
MOV-0008940,STR-006,SKU-203,SALE,-38,2026-08-14T11:22:00Z
MOV-0008941,STR-006,SKU-203,SALE,-47,2026-08-15T14:38:00Z
MOV-0008942,STR-006,SKU-203,ADJUSTMENT,-2,2026-08-16T12:35:00Z
MOV-0008943,STR-006,SKU-203,SALE,-42,2026-08-16T14:22:00Z
MOV-0008944,STR-006,SKU-203,SALE,-32,2026-08-17T10:18:00Z
MOV-0008945,STR-006,SKU-203,SALE,-27,2026-08-18T07:14:00Z
MOV-0008946,STR-006,SKU-203,SALE,-29,2026-08-19T16:16:00Z
MOV-0008947,STR-006,SKU-203,DELIVERY,282,2026-08-20T06:15:00Z
MOV-0008948,STR-006,SKU-203,SALE,-30,2026-08-20T14:42:00Z
MOV-0008949,STR-006,SKU-203,SALE,-49,2026-08-21T13:33:00Z
MOV-0008950,STR-006,SKU-203,SALE,-41,2026-08-22T11:53:00Z
MOV-0008951,STR-006,SKU-203,SALE,-43,2026-08-23T11:44:00Z
MOV-0008952,STR-006,SKU-203,SALE,-35,2026-08-24T13:29:00Z
MOV-0008953,STR-006,SKU-203,SALE,-44,2026-08-25T17:55:00Z
MOV-0008954,STR-006,SKU-203,SALE,-40,2026-08-26T08:22:00Z
MOV-0008955,STR-006,SKU-203,DELIVERY,269,2026-08-27T06:23:00Z
MOV-0008956,STR-006,SKU-203,SALE,-50,2026-08-27T11:02:00Z
MOV-0008957,STR-006,SKU-203,SALE,-57,2026-08-28T07:07:00Z
MOV-0008958,STR-006,SKU-203,SALE,-52,2026-08-29T08:34:00Z
MOV-0008959,STR-006,SKU-203,SALE,-50,2026-08-30T12:08:00Z
MOV-0008960,STR-006,SKU-203,SALE,-26,2026-08-31T12:53:00Z
MOV-0008961,STR-006,SKU-203,SALE,-34,2026-09-01T17:10:00Z
MOV-0008962,STR-006,SKU-204,SALE,-10,2026-07-06T08:43:00Z
MOV-0008963,STR-006,SKU-204,SALE,-12,2026-07-07T14:13:00Z
MOV-0008964,STR-006,SKU-204,SALE,-9,2026-07-08T14:40:00Z
MOV-0008965,STR-006,SKU-204,SALE,-10,2026-07-09T10:58:00Z
MOV-0008966,STR-006,SKU-204,SALE,-11,2026-07-10T15:32:00Z
MOV-0008967,STR-006,SKU-204,DELIVERY,91,2026-07-11T06:42:00Z
MOV-0008968,STR-006,SKU-204,SALE,-14,2026-07-11T12:00:00Z
MOV-0008969,STR-006,SKU-204,SALE,-15,2026-07-12T08:50:00Z
MOV-0008970,STR-006,SKU-204,SALE,-13,2026-07-13T17:35:00Z
MOV-0008971,STR-006,SKU-204,SALE,-10,2026-07-14T07:22:00Z
MOV-0008972,STR-006,SKU-204,SALE,-11,2026-07-15T12:30:00Z
MOV-0008973,STR-006,SKU-204,SALE,-14,2026-07-16T07:50:00Z
MOV-0008974,STR-006,SKU-204,SALE,-14,2026-07-17T17:40:00Z
MOV-0008975,STR-006,SKU-204,DELIVERY,110,2026-07-18T06:09:00Z
MOV-0008976,STR-006,SKU-204,SALE,-19,2026-07-18T11:36:00Z
MOV-0008977,STR-006,SKU-204,SALE,-18,2026-07-19T16:19:00Z
MOV-0008978,STR-006,SKU-204,SALE,-14,2026-07-20T07:23:00Z
MOV-0008979,STR-006,SKU-204,SALE,-13,2026-07-21T10:48:00Z
MOV-0008980,STR-006,SKU-204,SALE,-13,2026-07-22T10:31:00Z
MOV-0008981,STR-006,SKU-204,SALE,-18,2026-07-23T12:31:00Z
MOV-0008982,STR-006,SKU-204,SALE,-15,2026-07-24T12:38:00Z
MOV-0008983,STR-006,SKU-204,DELIVERY,95,2026-07-25T06:09:00Z
MOV-0008984,STR-006,SKU-204,SALE,-22,2026-07-25T09:33:00Z
MOV-0008985,STR-006,SKU-204,SALE,-17,2026-07-26T07:24:00Z
MOV-0008986,STR-006,SKU-204,SALE,-8,2026-07-27T11:18:00Z
MOV-0008987,STR-006,SKU-204,SALE,-11,2026-07-28T08:55:00Z
MOV-0008988,STR-006,SKU-204,SALE,-14,2026-07-29T14:28:00Z
MOV-0008989,STR-006,SKU-204,SALE,-12,2026-07-30T14:43:00Z
MOV-0008990,STR-006,SKU-204,SALE,-11,2026-07-31T11:54:00Z
MOV-0008991,STR-006,SKU-204,DELIVERY,108,2026-08-01T06:00:00Z
MOV-0008992,STR-006,SKU-204,SALE,-13,2026-08-01T15:55:00Z
MOV-0008993,STR-006,SKU-204,SALE,-15,2026-08-02T11:54:00Z
MOV-0008994,STR-006,SKU-204,SALE,-13,2026-08-03T08:22:00Z
MOV-0008995,STR-006,SKU-204,SALE,-17,2026-08-04T07:25:00Z
MOV-0008996,STR-006,SKU-204,SALE,-17,2026-08-05T08:15:00Z
MOV-0008997,STR-006,SKU-204,SALE,-17,2026-08-06T17:07:00Z
MOV-0008998,STR-006,SKU-204,SALE,-16,2026-08-07T18:04:00Z
MOV-0008999,STR-006,SKU-204,DELIVERY,92,2026-08-08T06:13:00Z
MOV-0009000,STR-006,SKU-204,SALE,-18,2026-08-08T18:20:00Z
MOV-0009001,STR-006,SKU-204,SALE,-19,2026-08-09T16:02:00Z
MOV-0009002,STR-006,SKU-204,SALE,-8,2026-08-10T16:15:00Z
MOV-0009003,STR-006,SKU-204,SALE,-12,2026-08-11T09:05:00Z
MOV-0009004,STR-006,SKU-204,SALE,-11,2026-08-12T15:12:00Z
MOV-0009005,STR-006,SKU-204,SALE,-13,2026-08-13T08:02:00Z
MOV-0009006,STR-006,SKU-204,SALE,-11,2026-08-14T08:22:00Z
MOV-0009007,STR-006,SKU-204,DELIVERY,90,2026-08-15T06:26:00Z
MOV-0009008,STR-006,SKU-204,SALE,-15,2026-08-15T07:34:00Z
MOV-0009009,STR-006,SKU-204,SALE,-11,2026-08-16T16:31:00Z
MOV-0009010,STR-006,SKU-204,SALE,-12,2026-08-17T09:19:00Z
MOV-0009011,STR-006,SKU-204,SALE,-12,2026-08-18T11:13:00Z
MOV-0009012,STR-006,SKU-204,SALE,-12,2026-08-19T12:10:00Z
MOV-0009013,STR-006,SKU-204,SALE,-11,2026-08-20T10:51:00Z
MOV-0009014,STR-006,SKU-204,SALE,-17,2026-08-21T12:49:00Z
MOV-0009015,STR-006,SKU-204,DELIVERY,99,2026-08-22T06:16:00Z
MOV-0009016,STR-006,SKU-204,SALE,-16,2026-08-22T16:35:00Z
MOV-0009017,STR-006,SKU-204,SALE,-15,2026-08-23T18:24:00Z
MOV-0009018,STR-006,SKU-204,SALE,-12,2026-08-24T18:33:00Z
MOV-0009019,STR-006,SKU-204,SALE,-13,2026-08-25T18:37:00Z
MOV-0009020,STR-006,SKU-204,SALE,-12,2026-08-26T14:17:00Z
MOV-0009021,STR-006,SKU-204,SALE,-13,2026-08-27T09:47:00Z
MOV-0009022,STR-006,SKU-204,SALE,-18,2026-08-28T18:37:00Z
MOV-0009023,STR-006,SKU-204,DELIVERY,55,2026-08-29T06:11:00Z
MOV-0009024,STR-006,SKU-204,SALE,-17,2026-08-29T17:56:00Z
MOV-0009025,STR-006,SKU-204,SALE,-16,2026-08-30T17:29:00Z
MOV-0009026,STR-006,SKU-204,SALE,-10,2026-08-31T15:30:00Z
MOV-0009027,STR-006,SKU-204,SALE,-12,2026-09-01T13:09:00Z
MOV-0009028,STR-006,SKU-301,SALE,-32,2026-07-06T15:05:00Z
MOV-0009029,STR-006,SKU-301,DELIVERY,320,2026-07-07T06:04:00Z
MOV-0009030,STR-006,SKU-301,SALE,-43,2026-07-07T13:53:00Z
MOV-0009031,STR-006,SKU-301,SALE,-41,2026-07-08T11:29:00Z
MOV-0009032,STR-006,SKU-301,SALE,-45,2026-07-09T08:37:00Z
MOV-0009033,STR-006,SKU-301,SALE,-54,2026-07-10T15:39:00Z
MOV-0009034,STR-006,SKU-301,SALE,-55,2026-07-11T09:16:00Z
MOV-0009035,STR-006,SKU-301,SALE,-43,2026-07-12T16:22:00Z
MOV-0009036,STR-006,SKU-301,SALE,-39,2026-07-13T18:16:00Z
MOV-0009037,STR-006,SKU-301,DELIVERY,323,2026-07-14T06:50:00Z
MOV-0009038,STR-006,SKU-301,SALE,-39,2026-07-14T13:17:00Z
MOV-0009039,STR-006,SKU-301,SALE,-47,2026-07-15T12:43:00Z
MOV-0009040,STR-006,SKU-301,SALE,-47,2026-07-16T10:46:00Z
MOV-0009041,STR-006,SKU-301,SALE,-47,2026-07-17T10:17:00Z
MOV-0009042,STR-006,SKU-301,SALE,-60,2026-07-18T14:41:00Z
MOV-0009043,STR-006,SKU-301,SALE,-52,2026-07-19T14:44:00Z
MOV-0009044,STR-006,SKU-301,SALE,-31,2026-07-20T16:41:00Z
MOV-0009045,STR-006,SKU-301,DELIVERY,302,2026-07-21T06:04:00Z
MOV-0009046,STR-006,SKU-301,SALE,-35,2026-07-21T14:16:00Z
MOV-0009047,STR-006,SKU-301,SALE,-42,2026-07-22T17:42:00Z
MOV-0009048,STR-006,SKU-301,SALE,-42,2026-07-23T07:55:00Z
MOV-0009049,STR-006,SKU-301,SALE,-37,2026-07-24T17:20:00Z
MOV-0009050,STR-006,SKU-301,SALE,-51,2026-07-25T11:47:00Z
MOV-0009051,STR-006,SKU-301,SALE,-56,2026-07-26T08:02:00Z
MOV-0009052,STR-006,SKU-301,SALE,-39,2026-07-27T07:13:00Z
MOV-0009053,STR-006,SKU-301,DELIVERY,285,2026-07-28T06:44:00Z
MOV-0009054,STR-006,SKU-301,SALE,-39,2026-07-28T17:40:00Z
MOV-0009055,STR-006,SKU-301,SALE,-41,2026-07-29T18:28:00Z
MOV-0009056,STR-006,SKU-301,SALE,-39,2026-07-30T14:27:00Z
MOV-0009057,STR-006,SKU-301,SALE,-40,2026-07-31T13:39:00Z
MOV-0009058,STR-006,SKU-301,SALE,-49,2026-08-01T14:15:00Z
MOV-0009059,STR-006,SKU-301,SALE,-43,2026-08-02T07:14:00Z
MOV-0009060,STR-006,SKU-301,SALE,-34,2026-08-03T17:28:00Z
MOV-0009061,STR-006,SKU-301,DELIVERY,271,2026-08-04T06:32:00Z
MOV-0009062,STR-006,SKU-301,SALE,-40,2026-08-04T10:46:00Z
MOV-0009063,STR-006,SKU-301,SALE,-42,2026-08-05T14:28:00Z
MOV-0009064,STR-006,SKU-301,SALE,-32,2026-08-06T08:25:00Z
MOV-0009065,STR-006,SKU-301,SALE,-33,2026-08-07T07:36:00Z
MOV-0009066,STR-006,SKU-301,ADJUSTMENT,2,2026-08-08T12:07:00Z
MOV-0009067,STR-006,SKU-301,SALE,-45,2026-08-08T18:27:00Z
MOV-0009068,STR-006,SKU-301,SALE,-38,2026-08-09T18:25:00Z
MOV-0009069,STR-006,SKU-301,SALE,-43,2026-08-10T14:41:00Z
MOV-0009070,STR-006,SKU-301,DELIVERY,328,2026-08-11T06:40:00Z
MOV-0009071,STR-006,SKU-301,SALE,-47,2026-08-11T12:56:00Z
MOV-0009072,STR-006,SKU-301,SALE,-49,2026-08-12T15:06:00Z
MOV-0009073,STR-006,SKU-301,SALE,-40,2026-08-13T16:11:00Z
MOV-0009074,STR-006,SKU-301,SALE,-46,2026-08-14T12:14:00Z
MOV-0009075,STR-006,SKU-301,SALE,-62,2026-08-15T12:05:00Z
MOV-0009076,STR-006,SKU-301,SALE,-55,2026-08-16T08:53:00Z
MOV-0009077,STR-006,SKU-301,SALE,-29,2026-08-17T12:24:00Z
MOV-0009078,STR-006,SKU-301,DELIVERY,310,2026-08-18T06:16:00Z
MOV-0009079,STR-006,SKU-301,SALE,-41,2026-08-18T15:15:00Z
MOV-0009080,STR-006,SKU-301,SALE,-36,2026-08-19T17:44:00Z
MOV-0009081,STR-006,SKU-301,SALE,-45,2026-08-20T16:11:00Z
MOV-0009082,STR-006,SKU-301,SALE,-39,2026-08-21T12:46:00Z
MOV-0009083,STR-006,SKU-301,SALE,-58,2026-08-22T13:25:00Z
MOV-0009084,STR-006,SKU-301,SALE,-55,2026-08-23T07:24:00Z
MOV-0009085,STR-006,SKU-301,SALE,-36,2026-08-24T11:01:00Z
MOV-0009086,STR-006,SKU-301,DELIVERY,333,2026-08-25T06:33:00Z
MOV-0009087,STR-006,SKU-301,SALE,-40,2026-08-25T18:00:00Z
MOV-0009088,STR-006,SKU-301,SALE,-44,2026-08-26T18:56:00Z
MOV-0009089,STR-006,SKU-301,SALE,-52,2026-08-27T13:10:00Z
MOV-0009090,STR-006,SKU-301,SALE,-51,2026-08-28T18:07:00Z
MOV-0009091,STR-006,SKU-301,SALE,-54,2026-08-29T14:05:00Z
MOV-0009092,STR-006,SKU-301,SALE,-58,2026-08-30T10:49:00Z
MOV-0009093,STR-006,SKU-301,SALE,-34,2026-08-31T15:31:00Z
MOV-0009094,STR-006,SKU-301,DELIVERY,42,2026-09-01T06:48:00Z
MOV-0009095,STR-006,SKU-301,SALE,-42,2026-09-01T15:10:00Z
MOV-0009096,STR-006,SKU-302,SALE,-26,2026-07-06T12:10:00Z
MOV-0009097,STR-006,SKU-302,SALE,-33,2026-07-07T13:07:00Z
MOV-0009098,STR-006,SKU-302,SALE,-35,2026-07-08T09:42:00Z
MOV-0009099,STR-006,SKU-302,SALE,-29,2026-07-09T14:44:00Z
MOV-0009100,STR-006,SKU-302,SALE,-30,2026-07-10T13:04:00Z
MOV-0009101,STR-006,SKU-302,DELIVERY,218,2026-07-11T06:54:00Z
MOV-0009102,STR-006,SKU-302,SALE,-43,2026-07-11T07:35:00Z
MOV-0009103,STR-006,SKU-302,SALE,-34,2026-07-12T07:35:00Z
MOV-0009104,STR-006,SKU-302,SALE,-25,2026-07-13T16:51:00Z
MOV-0009105,STR-006,SKU-302,SALE,-32,2026-07-14T08:04:00Z
MOV-0009106,STR-006,SKU-302,SALE,-24,2026-07-15T07:20:00Z
MOV-0009107,STR-006,SKU-302,SALE,-28,2026-07-16T18:13:00Z
MOV-0009108,STR-006,SKU-302,SALE,-32,2026-07-17T07:24:00Z
MOV-0009109,STR-006,SKU-302,DELIVERY,256,2026-07-18T06:06:00Z
MOV-0009110,STR-006,SKU-302,SALE,-42,2026-07-18T15:29:00Z
MOV-0009111,STR-006,SKU-302,SALE,-33,2026-07-19T16:23:00Z
MOV-0009112,STR-006,SKU-302,SALE,-26,2026-07-20T15:25:00Z
MOV-0009113,STR-006,SKU-302,SALE,-37,2026-07-21T11:44:00Z
MOV-0009114,STR-006,SKU-302,SALE,-39,2026-07-22T15:13:00Z
MOV-0009115,STR-006,SKU-302,SALE,-40,2026-07-23T08:14:00Z
MOV-0009116,STR-006,SKU-302,SALE,-39,2026-07-24T16:33:00Z
MOV-0009117,STR-006,SKU-302,DELIVERY,238,2026-07-25T06:42:00Z
MOV-0009118,STR-006,SKU-302,SALE,-44,2026-07-25T16:19:00Z
MOV-0009119,STR-006,SKU-302,SALE,-36,2026-07-26T10:33:00Z
MOV-0009120,STR-006,SKU-302,SALE,-29,2026-07-27T15:33:00Z
MOV-0009121,STR-006,SKU-302,SALE,-29,2026-07-28T18:56:00Z
MOV-0009122,STR-006,SKU-302,SALE,-30,2026-07-29T17:50:00Z
MOV-0009123,STR-006,SKU-302,SALE,-40,2026-07-30T07:26:00Z
MOV-0009124,STR-006,SKU-302,SALE,-30,2026-07-31T10:54:00Z
MOV-0009125,STR-006,SKU-302,DELIVERY,238,2026-08-01T06:23:00Z
MOV-0009126,STR-006,SKU-302,SALE,-45,2026-08-01T08:10:00Z
MOV-0009127,STR-006,SKU-302,SALE,-32,2026-08-02T16:23:00Z
MOV-0009128,STR-006,SKU-302,SALE,-32,2026-08-03T13:00:00Z
MOV-0009129,STR-006,SKU-302,SALE,-30,2026-08-04T09:32:00Z
MOV-0009130,STR-006,SKU-302,SALE,-30,2026-08-05T11:30:00Z
MOV-0009131,STR-006,SKU-302,SALE,-28,2026-08-06T12:08:00Z
MOV-0009132,STR-006,SKU-302,SALE,-41,2026-08-07T11:19:00Z
MOV-0009133,STR-006,SKU-302,DELIVERY,210,2026-08-08T06:02:00Z
MOV-0009134,STR-006,SKU-302,SALE,-37,2026-08-08T15:06:00Z
MOV-0009135,STR-006,SKU-302,SALE,-41,2026-08-09T13:23:00Z
MOV-0009136,STR-006,SKU-302,SALE,-19,2026-08-10T09:01:00Z
MOV-0009137,STR-006,SKU-302,SALE,-27,2026-08-11T11:50:00Z
MOV-0009138,STR-006,SKU-302,SALE,-30,2026-08-12T08:10:00Z
MOV-0009139,STR-006,SKU-302,SALE,-31,2026-08-13T13:01:00Z
MOV-0009140,STR-006,SKU-302,SALE,-25,2026-08-14T09:31:00Z
MOV-0009141,STR-006,SKU-302,DELIVERY,223,2026-08-15T06:00:00Z
MOV-0009142,STR-006,SKU-302,SALE,-38,2026-08-15T12:09:00Z
MOV-0009143,STR-006,SKU-302,SALE,-33,2026-08-16T17:06:00Z
MOV-0009144,STR-006,SKU-302,SALE,-29,2026-08-17T11:31:00Z
MOV-0009145,STR-006,SKU-302,SALE,-25,2026-08-18T14:25:00Z
MOV-0009146,STR-006,SKU-302,SALE,-29,2026-08-19T15:47:00Z
MOV-0009147,STR-006,SKU-302,SALE,-35,2026-08-20T09:39:00Z
MOV-0009148,STR-006,SKU-302,SALE,-34,2026-08-21T14:10:00Z
MOV-0009149,STR-006,SKU-302,DELIVERY,212,2026-08-22T06:35:00Z
MOV-0009150,STR-006,SKU-302,SALE,-32,2026-08-22T15:29:00Z
MOV-0009151,STR-006,SKU-302,SALE,-38,2026-08-23T17:58:00Z
MOV-0009152,STR-006,SKU-302,SALE,-26,2026-08-24T12:20:00Z
MOV-0009153,STR-006,SKU-302,SALE,-24,2026-08-25T16:55:00Z
MOV-0009154,STR-006,SKU-302,SALE,-31,2026-08-26T16:46:00Z
MOV-0009155,STR-006,SKU-302,SALE,-26,2026-08-27T15:54:00Z
MOV-0009156,STR-006,SKU-302,SALE,-35,2026-08-28T17:16:00Z
MOV-0009157,STR-006,SKU-302,DELIVERY,114,2026-08-29T06:52:00Z
MOV-0009158,STR-006,SKU-302,SALE,-29,2026-08-29T11:18:00Z
MOV-0009159,STR-006,SKU-302,SALE,-30,2026-08-30T11:27:00Z
MOV-0009160,STR-006,SKU-302,SALE,-21,2026-08-31T10:26:00Z
MOV-0009161,STR-006,SKU-302,SALE,-34,2026-09-01T18:47:00Z
MOV-0009162,STR-006,SKU-303,SALE,-25,2026-07-06T07:19:00Z
MOV-0009163,STR-006,SKU-303,SALE,-29,2026-07-07T07:46:00Z
MOV-0009164,STR-006,SKU-303,SALE,-32,2026-07-08T10:51:00Z
MOV-0009165,STR-006,SKU-303,SALE,-31,2026-07-09T13:10:00Z
MOV-0009166,STR-006,SKU-303,ADJUSTMENT,-2,2026-07-10T12:56:00Z
MOV-0009167,STR-006,SKU-303,SALE,-29,2026-07-10T13:42:00Z
MOV-0009168,STR-006,SKU-303,DELIVERY,227,2026-07-11T06:17:00Z
MOV-0009169,STR-006,SKU-303,SALE,-37,2026-07-11T18:20:00Z
MOV-0009170,STR-006,SKU-303,SALE,-43,2026-07-12T08:37:00Z
MOV-0009171,STR-006,SKU-303,SALE,-25,2026-07-13T10:21:00Z
MOV-0009172,STR-006,SKU-303,SALE,-28,2026-07-14T16:03:00Z
MOV-0009173,STR-006,SKU-303,SALE,-33,2026-07-15T07:56:00Z
MOV-0009174,STR-006,SKU-303,SALE,-31,2026-07-16T07:48:00Z
MOV-0009175,STR-006,SKU-303,SALE,-30,2026-07-17T15:09:00Z
MOV-0009176,STR-006,SKU-303,DELIVERY,206,2026-07-18T06:58:00Z
MOV-0009177,STR-006,SKU-303,SALE,-36,2026-07-18T12:43:00Z
MOV-0009178,STR-006,SKU-303,SALE,-31,2026-07-19T14:36:00Z
MOV-0009179,STR-006,SKU-303,SALE,-24,2026-07-20T12:00:00Z
MOV-0009180,STR-006,SKU-303,SALE,-30,2026-07-21T16:03:00Z
MOV-0009181,STR-006,SKU-303,SALE,-26,2026-07-22T16:06:00Z
MOV-0009182,STR-006,SKU-303,SALE,-26,2026-07-23T14:05:00Z
MOV-0009183,STR-006,SKU-303,SALE,-33,2026-07-24T18:28:00Z
MOV-0009184,STR-006,SKU-303,DELIVERY,192,2026-07-25T06:13:00Z
MOV-0009185,STR-006,SKU-303,SALE,-32,2026-07-25T17:04:00Z
MOV-0009186,STR-006,SKU-303,SALE,-33,2026-07-26T13:28:00Z
MOV-0009187,STR-006,SKU-303,SALE,-18,2026-07-27T18:03:00Z
MOV-0009188,STR-006,SKU-303,SALE,-22,2026-07-28T18:39:00Z
MOV-0009189,STR-006,SKU-303,SALE,-23,2026-07-29T17:19:00Z
MOV-0009190,STR-006,SKU-303,SALE,-31,2026-07-30T13:35:00Z
MOV-0009191,STR-006,SKU-303,SALE,-33,2026-07-31T12:18:00Z
MOV-0009192,STR-006,SKU-303,DELIVERY,200,2026-08-01T06:05:00Z
MOV-0009193,STR-006,SKU-303,SALE,-32,2026-08-01T17:16:00Z
MOV-0009194,STR-006,SKU-303,SALE,-34,2026-08-02T12:22:00Z
MOV-0009195,STR-006,SKU-303,SALE,-21,2026-08-03T10:41:00Z
MOV-0009196,STR-006,SKU-303,SALE,-27,2026-08-04T12:29:00Z
MOV-0009197,STR-006,SKU-303,SALE,-27,2026-08-05T15:35:00Z
MOV-0009198,STR-006,SKU-303,SALE,-24,2026-08-06T16:00:00Z
MOV-0009199,STR-006,SKU-303,SALE,-35,2026-08-07T18:49:00Z
MOV-0009200,STR-006,SKU-303,DELIVERY,192,2026-08-08T06:37:00Z
MOV-0009201,STR-006,SKU-303,SALE,-28,2026-08-08T08:30:00Z
MOV-0009202,STR-006,SKU-303,SALE,-29,2026-08-09T17:49:00Z
MOV-0009203,STR-006,SKU-303,SALE,-23,2026-08-10T16:33:00Z
MOV-0009204,STR-006,SKU-303,SALE,-31,2026-08-11T13:48:00Z
MOV-0009205,STR-006,SKU-303,SALE,-24,2026-08-12T16:51:00Z
MOV-0009206,STR-006,SKU-303,SALE,-29,2026-08-13T08:30:00Z
MOV-0009207,STR-006,SKU-303,SALE,-29,2026-08-14T09:08:00Z
MOV-0009208,STR-006,SKU-303,ADJUSTMENT,1,2026-08-14T12:13:00Z
MOV-0009209,STR-006,SKU-303,DELIVERY,199,2026-08-15T06:33:00Z
MOV-0009210,STR-006,SKU-303,SALE,-29,2026-08-15T09:29:00Z
MOV-0009211,STR-006,SKU-303,SALE,-27,2026-08-16T18:08:00Z
MOV-0009212,STR-006,SKU-303,SALE,-21,2026-08-17T13:49:00Z
MOV-0009213,STR-006,SKU-303,SALE,-23,2026-08-18T11:15:00Z
MOV-0009214,STR-006,SKU-303,SALE,-30,2026-08-19T18:04:00Z
MOV-0009215,STR-006,SKU-303,SALE,-36,2026-08-20T17:05:00Z
MOV-0009216,STR-006,SKU-303,SALE,-33,2026-08-21T11:25:00Z
MOV-0009217,STR-006,SKU-303,DELIVERY,223,2026-08-22T06:44:00Z
MOV-0009218,STR-006,SKU-303,SALE,-35,2026-08-22T17:22:00Z
MOV-0009219,STR-006,SKU-303,SALE,-40,2026-08-23T11:35:00Z
MOV-0009220,STR-006,SKU-303,SALE,-26,2026-08-24T08:03:00Z
MOV-0009221,STR-006,SKU-303,SALE,-26,2026-08-25T18:09:00Z
MOV-0009222,STR-006,SKU-303,SALE,-30,2026-08-26T10:15:00Z
MOV-0009223,STR-006,SKU-303,SALE,-36,2026-08-27T16:17:00Z
MOV-0009224,STR-006,SKU-303,SALE,-30,2026-08-28T09:11:00Z
MOV-0009225,STR-006,SKU-303,DELIVERY,115,2026-08-29T06:48:00Z
MOV-0009226,STR-006,SKU-303,SALE,-39,2026-08-29T15:10:00Z
MOV-0009227,STR-006,SKU-303,SALE,-31,2026-08-30T12:58:00Z
MOV-0009228,STR-006,SKU-303,SALE,-23,2026-08-31T16:52:00Z
MOV-0009229,STR-006,SKU-303,SALE,-22,2026-09-01T16:14:00Z
MOV-0009230,STR-006,SKU-304,SALE,-28,2026-07-06T17:01:00Z
MOV-0009231,STR-006,SKU-304,SALE,-34,2026-07-07T15:57:00Z
MOV-0009232,STR-006,SKU-304,SALE,-34,2026-07-08T17:38:00Z
MOV-0009233,STR-006,SKU-304,SALE,-35,2026-07-09T15:08:00Z
MOV-0009234,STR-006,SKU-304,DELIVERY,273,2026-07-10T06:10:00Z
MOV-0009235,STR-006,SKU-304,SALE,-52,2026-07-10T12:27:00Z
MOV-0009236,STR-006,SKU-304,SALE,-50,2026-07-11T18:51:00Z
MOV-0009237,STR-006,SKU-304,SALE,-44,2026-07-12T11:19:00Z
MOV-0009238,STR-006,SKU-304,SALE,-29,2026-07-13T15:40:00Z
MOV-0009239,STR-006,SKU-304,SALE,-27,2026-07-14T11:46:00Z
MOV-0009240,STR-006,SKU-304,SALE,-36,2026-07-15T14:40:00Z
MOV-0009241,STR-006,SKU-304,SALE,-35,2026-07-16T17:54:00Z
MOV-0009242,STR-006,SKU-304,DELIVERY,237,2026-07-17T06:02:00Z
MOV-0009243,STR-006,SKU-304,SALE,-32,2026-07-17T12:24:00Z
MOV-0009244,STR-006,SKU-304,SALE,-47,2026-07-18T07:00:00Z
MOV-0009245,STR-006,SKU-304,SALE,-36,2026-07-19T09:53:00Z
MOV-0009246,STR-006,SKU-304,SALE,-22,2026-07-20T11:46:00Z
MOV-0009247,STR-006,SKU-304,SALE,-26,2026-07-21T11:57:00Z
MOV-0009248,STR-006,SKU-304,SALE,-36,2026-07-22T17:06:00Z
MOV-0009249,STR-006,SKU-304,SALE,-38,2026-07-23T14:30:00Z
MOV-0009250,STR-006,SKU-304,DELIVERY,215,2026-07-24T06:18:00Z
MOV-0009251,STR-006,SKU-304,SALE,-30,2026-07-24T09:39:00Z
MOV-0009252,STR-006,SKU-304,SALE,-42,2026-07-25T16:54:00Z
MOV-0009253,STR-006,SKU-304,SALE,-37,2026-07-26T07:42:00Z
MOV-0009254,STR-006,SKU-304,SALE,-25,2026-07-27T13:25:00Z
MOV-0009255,STR-006,SKU-304,SALE,-26,2026-07-28T09:54:00Z
MOV-0009256,STR-006,SKU-304,SALE,-26,2026-07-29T10:41:00Z
MOV-0009257,STR-006,SKU-304,SALE,-29,2026-07-30T09:32:00Z
MOV-0009258,STR-006,SKU-304,DELIVERY,202,2026-07-31T06:00:00Z
MOV-0009259,STR-006,SKU-304,SALE,-29,2026-07-31T18:31:00Z
MOV-0009260,STR-006,SKU-304,SALE,-36,2026-08-01T16:11:00Z
MOV-0009261,STR-006,SKU-304,SALE,-35,2026-08-02T15:34:00Z
MOV-0009262,STR-006,SKU-304,SALE,-20,2026-08-03T14:26:00Z
MOV-0009263,STR-006,SKU-304,SALE,-24,2026-08-04T18:48:00Z
MOV-0009264,STR-006,SKU-304,SALE,-24,2026-08-05T07:27:00Z
MOV-0009265,STR-006,SKU-304,SALE,-34,2026-08-06T08:35:00Z
MOV-0009266,STR-006,SKU-304,DELIVERY,220,2026-08-07T06:42:00Z
MOV-0009267,STR-006,SKU-304,SALE,-31,2026-08-07T08:10:00Z
MOV-0009268,STR-006,SKU-304,SALE,-37,2026-08-08T17:14:00Z
MOV-0009269,STR-006,SKU-304,SALE,-38,2026-08-09T08:30:00Z
MOV-0009270,STR-006,SKU-304,SALE,-25,2026-08-10T08:36:00Z
MOV-0009271,STR-006,SKU-304,SALE,-32,2026-08-11T10:01:00Z
MOV-0009272,STR-006,SKU-304,SALE,-31,2026-08-12T08:43:00Z
MOV-0009273,STR-006,SKU-304,SALE,-26,2026-08-13T08:18:00Z
MOV-0009274,STR-006,SKU-304,DELIVERY,232,2026-08-14T06:20:00Z
MOV-0009275,STR-006,SKU-304,SALE,-41,2026-08-14T08:40:00Z
MOV-0009276,STR-006,SKU-304,SALE,-37,2026-08-15T15:56:00Z
MOV-0009277,STR-006,SKU-304,SALE,-34,2026-08-16T09:49:00Z
MOV-0009278,STR-006,SKU-304,SALE,-24,2026-08-17T08:43:00Z
MOV-0009279,STR-006,SKU-304,SALE,-31,2026-08-18T17:15:00Z
MOV-0009280,STR-006,SKU-304,SALE,-34,2026-08-19T09:33:00Z
MOV-0009281,STR-006,SKU-304,SALE,-31,2026-08-20T10:35:00Z
MOV-0009282,STR-006,SKU-304,DELIVERY,249,2026-08-21T06:47:00Z
MOV-0009283,STR-006,SKU-304,SALE,-33,2026-08-21T16:20:00Z
MOV-0009284,STR-006,SKU-304,SALE,-40,2026-08-22T17:19:00Z
MOV-0009285,STR-006,SKU-304,SALE,-36,2026-08-23T08:42:00Z
MOV-0009286,STR-006,SKU-304,SALE,-28,2026-08-24T10:17:00Z
MOV-0009287,STR-006,SKU-304,SALE,-40,2026-08-25T07:37:00Z
MOV-0009288,STR-006,SKU-304,SALE,-33,2026-08-26T09:51:00Z
MOV-0009289,STR-006,SKU-304,SALE,-39,2026-08-27T17:49:00Z
MOV-0009290,STR-006,SKU-304,DELIVERY,215,2026-08-28T06:19:00Z
MOV-0009291,STR-006,SKU-304,SALE,-41,2026-08-28T11:49:00Z
MOV-0009292,STR-006,SKU-304,SALE,-51,2026-08-29T08:57:00Z
MOV-0009293,STR-006,SKU-304,SALE,-42,2026-08-30T18:32:00Z
MOV-0009294,STR-006,SKU-304,SALE,-36,2026-08-31T16:30:00Z
MOV-0009295,STR-006,SKU-304,SALE,-45,2026-09-01T10:36:00Z
MOV-0009296,STR-006,SKU-401,SALE,-16,2026-07-06T12:10:00Z
MOV-0009297,STR-006,SKU-401,SALE,-18,2026-07-07T11:17:00Z
MOV-0009298,STR-006,SKU-401,SALE,-18,2026-07-08T18:11:00Z
MOV-0009299,STR-006,SKU-401,DELIVERY,171,2026-07-09T06:10:00Z
MOV-0009300,STR-006,SKU-401,SALE,-26,2026-07-09T16:45:00Z
MOV-0009301,STR-006,SKU-401,SALE,-26,2026-07-10T07:47:00Z
MOV-0009302,STR-006,SKU-401,SALE,-24,2026-07-11T11:31:00Z
MOV-0009303,STR-006,SKU-401,SALE,-26,2026-07-12T11:38:00Z
MOV-0009304,STR-006,SKU-401,SALE,-23,2026-07-13T08:54:00Z
MOV-0009305,STR-006,SKU-401,SALE,-20,2026-07-14T18:21:00Z
MOV-0009306,STR-006,SKU-401,SALE,-26,2026-07-15T10:25:00Z
MOV-0009307,STR-006,SKU-401,DELIVERY,188,2026-07-16T06:36:00Z
MOV-0009308,STR-006,SKU-401,SALE,-27,2026-07-16T18:05:00Z
MOV-0009309,STR-006,SKU-401,SALE,-27,2026-07-17T10:39:00Z
MOV-0009310,STR-006,SKU-401,SALE,-33,2026-07-18T08:06:00Z
MOV-0009311,STR-006,SKU-401,SALE,-34,2026-07-19T10:24:00Z
MOV-0009312,STR-006,SKU-401,SALE,-22,2026-07-20T12:24:00Z
MOV-0009313,STR-006,SKU-401,SALE,-23,2026-07-21T09:15:00Z
MOV-0009314,STR-006,SKU-401,SALE,-22,2026-07-22T11:53:00Z
MOV-0009315,STR-006,SKU-401,DELIVERY,169,2026-07-23T06:56:00Z
MOV-0009316,STR-006,SKU-401,SALE,-25,2026-07-23T15:51:00Z
MOV-0009317,STR-006,SKU-401,SALE,-28,2026-07-24T16:24:00Z
MOV-0009318,STR-006,SKU-401,SALE,-26,2026-07-25T11:52:00Z
MOV-0009319,STR-006,SKU-401,SALE,-32,2026-07-26T08:07:00Z
MOV-0009320,STR-006,SKU-401,SALE,-17,2026-07-27T11:44:00Z
MOV-0009321,STR-006,SKU-401,SALE,-20,2026-07-28T17:50:00Z
MOV-0009322,STR-006,SKU-401,SALE,-21,2026-07-29T11:15:00Z
MOV-0009323,STR-006,SKU-401,DELIVERY,151,2026-07-30T06:54:00Z
MOV-0009324,STR-006,SKU-401,SALE,-20,2026-07-30T14:53:00Z
MOV-0009325,STR-006,SKU-401,SALE,-25,2026-07-31T10:04:00Z
MOV-0009326,STR-006,SKU-401,SALE,-21,2026-08-01T09:47:00Z
MOV-0009327,STR-006,SKU-401,SALE,-26,2026-08-02T11:32:00Z
MOV-0009328,STR-006,SKU-401,SALE,-18,2026-08-03T17:29:00Z
MOV-0009329,STR-006,SKU-401,SALE,-19,2026-08-04T10:00:00Z
MOV-0009330,STR-006,SKU-401,SALE,-22,2026-08-05T11:11:00Z
MOV-0009331,STR-006,SKU-401,DELIVERY,176,2026-08-06T06:18:00Z
MOV-0009332,STR-006,SKU-401,SALE,-25,2026-08-06T16:23:00Z
MOV-0009333,STR-006,SKU-401,SALE,-31,2026-08-07T16:39:00Z
MOV-0009334,STR-006,SKU-401,SALE,-25,2026-08-08T14:53:00Z
MOV-0009335,STR-006,SKU-401,SALE,-23,2026-08-09T17:34:00Z
MOV-0009336,STR-006,SKU-401,SALE,-24,2026-08-10T11:57:00Z
MOV-0009337,STR-006,SKU-401,SALE,-22,2026-08-11T18:41:00Z
MOV-0009338,STR-006,SKU-401,SALE,-26,2026-08-12T12:50:00Z
MOV-0009339,STR-006,SKU-401,DELIVERY,201,2026-08-13T06:53:00Z
MOV-0009340,STR-006,SKU-401,SALE,-24,2026-08-13T14:20:00Z
MOV-0009341,STR-006,SKU-401,SALE,-31,2026-08-14T12:58:00Z
MOV-0009342,STR-006,SKU-401,SALE,-33,2026-08-15T15:33:00Z
MOV-0009343,STR-006,SKU-401,SALE,-33,2026-08-16T07:46:00Z
MOV-0009344,STR-006,SKU-401,SALE,-26,2026-08-17T10:55:00Z
MOV-0009345,STR-006,SKU-401,SALE,-29,2026-08-18T16:34:00Z
MOV-0009346,STR-006,SKU-401,SALE,-25,2026-08-19T14:06:00Z
MOV-0009347,STR-006,SKU-401,DELIVERY,182,2026-08-20T06:18:00Z
MOV-0009348,STR-006,SKU-401,SALE,-25,2026-08-20T16:17:00Z
MOV-0009349,STR-006,SKU-401,SALE,-25,2026-08-21T18:50:00Z
MOV-0009350,STR-006,SKU-401,SALE,-35,2026-08-22T13:47:00Z
MOV-0009351,STR-006,SKU-401,SALE,-29,2026-08-23T14:42:00Z
MOV-0009352,STR-006,SKU-401,SALE,-17,2026-08-24T09:46:00Z
MOV-0009353,STR-006,SKU-401,SALE,-25,2026-08-25T18:50:00Z
MOV-0009354,STR-006,SKU-401,SALE,-26,2026-08-26T07:13:00Z
MOV-0009355,STR-006,SKU-401,DELIVERY,143,2026-08-27T06:58:00Z
MOV-0009356,STR-006,SKU-401,SALE,-20,2026-08-27T11:15:00Z
MOV-0009357,STR-006,SKU-401,SALE,-25,2026-08-28T18:27:00Z
MOV-0009358,STR-006,SKU-401,SALE,-34,2026-08-29T12:42:00Z
MOV-0009359,STR-006,SKU-401,SALE,-25,2026-08-30T12:35:00Z
MOV-0009360,STR-006,SKU-401,SALE,-18,2026-08-31T07:47:00Z
MOV-0009361,STR-006,SKU-401,SALE,-21,2026-09-01T09:48:00Z
MOV-0009362,STR-006,SKU-402,SALE,-12,2026-07-06T16:34:00Z
MOV-0009363,STR-006,SKU-402,SALE,-13,2026-07-07T17:11:00Z
MOV-0009364,STR-006,SKU-402,SALE,-16,2026-07-08T18:35:00Z
MOV-0009365,STR-006,SKU-402,SALE,-18,2026-07-09T18:20:00Z
MOV-0009366,STR-006,SKU-402,SALE,-17,2026-07-10T11:10:00Z
MOV-0009367,STR-006,SKU-402,SALE,-17,2026-07-11T16:05:00Z
MOV-0009368,STR-006,SKU-402,DELIVERY,100,2026-07-12T06:07:00Z
MOV-0009369,STR-006,SKU-402,SALE,-19,2026-07-12T09:28:00Z
MOV-0009370,STR-006,SKU-402,SALE,-10,2026-07-13T13:03:00Z
MOV-0009371,STR-006,SKU-402,SALE,-13,2026-07-14T18:18:00Z
MOV-0009372,STR-006,SKU-402,SALE,-13,2026-07-15T07:03:00Z
MOV-0009373,STR-006,SKU-402,SALE,-13,2026-07-16T13:36:00Z
MOV-0009374,STR-006,SKU-402,SALE,-18,2026-07-17T11:08:00Z
MOV-0009375,STR-006,SKU-402,SALE,-14,2026-07-18T12:04:00Z
MOV-0009376,STR-006,SKU-402,DELIVERY,120,2026-07-19T06:55:00Z
MOV-0009377,STR-006,SKU-402,SALE,-13,2026-07-19T08:19:00Z
MOV-0009378,STR-006,SKU-402,SALE,-16,2026-07-20T07:46:00Z
MOV-0009379,STR-006,SKU-402,SALE,-13,2026-07-21T07:14:00Z
MOV-0009380,STR-006,SKU-402,SALE,-18,2026-07-22T17:52:00Z
MOV-0009381,STR-006,SKU-402,SALE,-18,2026-07-23T17:19:00Z
MOV-0009382,STR-006,SKU-402,SALE,-19,2026-07-24T10:07:00Z
MOV-0009383,STR-006,SKU-402,SALE,-23,2026-07-25T12:31:00Z
MOV-0009384,STR-006,SKU-402,DELIVERY,103,2026-07-26T06:18:00Z
MOV-0009385,STR-006,SKU-402,SALE,-18,2026-07-26T08:19:00Z
MOV-0009386,STR-006,SKU-402,SALE,-13,2026-07-27T15:43:00Z
MOV-0009387,STR-006,SKU-402,SALE,-14,2026-07-28T13:14:00Z
MOV-0009388,STR-006,SKU-402,SALE,-14,2026-07-29T11:57:00Z
MOV-0009389,STR-006,SKU-402,SALE,-12,2026-07-30T17:13:00Z
MOV-0009390,STR-006,SKU-402,SALE,-15,2026-07-31T15:51:00Z
MOV-0009391,STR-006,SKU-402,SALE,-17,2026-08-01T07:18:00Z
MOV-0009392,STR-006,SKU-402,DELIVERY,122,2026-08-02T06:28:00Z
MOV-0009393,STR-006,SKU-402,SALE,-18,2026-08-02T18:02:00Z
MOV-0009394,STR-006,SKU-402,SALE,-14,2026-08-03T14:05:00Z
MOV-0009395,STR-006,SKU-402,SALE,-14,2026-08-04T16:04:00Z
MOV-0009396,STR-006,SKU-402,SALE,-18,2026-08-05T10:25:00Z
MOV-0009397,STR-006,SKU-402,SALE,-16,2026-08-06T18:52:00Z
MOV-0009398,STR-006,SKU-402,SALE,-20,2026-08-07T12:50:00Z
MOV-0009399,STR-006,SKU-402,SALE,-22,2026-08-08T10:50:00Z
MOV-0009400,STR-006,SKU-402,DELIVERY,106,2026-08-09T06:22:00Z
MOV-0009401,STR-006,SKU-402,SALE,-19,2026-08-09T12:03:00Z
MOV-0009402,STR-006,SKU-402,SALE,-12,2026-08-10T08:26:00Z
MOV-0009403,STR-006,SKU-402,SALE,-12,2026-08-11T11:02:00Z
MOV-0009404,STR-006,SKU-402,SALE,-15,2026-08-12T12:01:00Z
MOV-0009405,STR-006,SKU-402,SALE,-16,2026-08-13T16:14:00Z
MOV-0009406,STR-006,SKU-402,SALE,-14,2026-08-14T12:50:00Z
MOV-0009407,STR-006,SKU-402,SALE,-18,2026-08-15T18:58:00Z
MOV-0009408,STR-006,SKU-402,DELIVERY,120,2026-08-16T06:17:00Z
MOV-0009409,STR-006,SKU-402,SALE,-16,2026-08-16T11:51:00Z
MOV-0009410,STR-006,SKU-402,SALE,-15,2026-08-17T16:30:00Z
MOV-0009411,STR-006,SKU-402,SALE,-13,2026-08-18T16:13:00Z
MOV-0009412,STR-006,SKU-402,SALE,-18,2026-08-19T16:09:00Z
MOV-0009413,STR-006,SKU-402,SALE,-16,2026-08-20T17:54:00Z
MOV-0009414,STR-006,SKU-402,SALE,-21,2026-08-21T11:46:00Z
MOV-0009415,STR-006,SKU-402,SALE,-21,2026-08-22T18:48:00Z
MOV-0009416,STR-006,SKU-402,DELIVERY,111,2026-08-23T06:25:00Z
MOV-0009417,STR-006,SKU-402,SALE,-22,2026-08-23T15:29:00Z
MOV-0009418,STR-006,SKU-402,SALE,-12,2026-08-24T18:38:00Z
MOV-0009419,STR-006,SKU-402,SALE,-12,2026-08-25T17:29:00Z
MOV-0009420,STR-006,SKU-402,SALE,-16,2026-08-26T07:48:00Z
MOV-0009421,STR-006,SKU-402,SALE,-15,2026-08-27T18:05:00Z
MOV-0009422,STR-006,SKU-402,SALE,-18,2026-08-28T09:55:00Z
MOV-0009423,STR-006,SKU-402,SALE,-16,2026-08-29T14:48:00Z
MOV-0009424,STR-006,SKU-402,DELIVERY,42,2026-08-30T06:49:00Z
MOV-0009425,STR-006,SKU-402,SALE,-18,2026-08-30T16:06:00Z
MOV-0009426,STR-006,SKU-402,SALE,-10,2026-08-31T12:49:00Z
MOV-0009427,STR-006,SKU-402,SALE,-14,2026-09-01T15:38:00Z
MOV-0009428,STR-006,SKU-403,DELIVERY,141,2026-07-06T06:36:00Z
MOV-0009429,STR-006,SKU-403,SALE,-17,2026-07-06T08:50:00Z
MOV-0009430,STR-006,SKU-403,SALE,-18,2026-07-07T16:16:00Z
MOV-0009431,STR-006,SKU-403,SALE,-18,2026-07-08T12:37:00Z
MOV-0009432,STR-006,SKU-403,SALE,-19,2026-07-09T11:45:00Z
MOV-0009433,STR-006,SKU-403,SALE,-19,2026-07-10T14:25:00Z
MOV-0009434,STR-006,SKU-403,SALE,-25,2026-07-11T12:15:00Z
MOV-0009435,STR-006,SKU-403,SALE,-25,2026-07-12T11:46:00Z
MOV-0009436,STR-006,SKU-403,DELIVERY,121,2026-07-13T06:16:00Z
MOV-0009437,STR-006,SKU-403,SALE,-12,2026-07-13T09:32:00Z
MOV-0009438,STR-006,SKU-403,SALE,-16,2026-07-14T12:02:00Z
MOV-0009439,STR-006,SKU-403,SALE,-20,2026-07-15T16:27:00Z
MOV-0009440,STR-006,SKU-403,SALE,-20,2026-07-16T10:27:00Z
MOV-0009441,STR-006,SKU-403,SALE,-17,2026-07-17T09:00:00Z
MOV-0009442,STR-006,SKU-403,SALE,-19,2026-07-18T14:15:00Z
MOV-0009443,STR-006,SKU-403,SALE,-17,2026-07-19T07:32:00Z
MOV-0009444,STR-006,SKU-403,DELIVERY,129,2026-07-20T06:53:00Z
MOV-0009445,STR-006,SKU-403,SALE,-18,2026-07-20T18:14:00Z
MOV-0009446,STR-006,SKU-403,SALE,-20,2026-07-21T16:19:00Z
MOV-0009447,STR-006,SKU-403,SALE,-15,2026-07-22T13:24:00Z
MOV-0009448,STR-006,SKU-403,SALE,-17,2026-07-23T13:52:00Z
MOV-0009449,STR-006,SKU-403,SALE,-18,2026-07-24T13:02:00Z
MOV-0009450,STR-006,SKU-403,SALE,-20,2026-07-25T15:51:00Z
MOV-0009451,STR-006,SKU-403,SALE,-21,2026-07-26T15:47:00Z
MOV-0009452,STR-006,SKU-403,DELIVERY,134,2026-07-27T06:41:00Z
MOV-0009453,STR-006,SKU-403,SALE,-14,2026-07-27T13:50:00Z
MOV-0009454,STR-006,SKU-403,SALE,-16,2026-07-28T13:48:00Z
MOV-0009455,STR-006,SKU-403,SALE,-21,2026-07-29T09:08:00Z
MOV-0009456,STR-006,SKU-403,SALE,-18,2026-07-30T12:15:00Z
MOV-0009457,STR-006,SKU-403,SALE,-22,2026-07-31T08:44:00Z
MOV-0009458,STR-006,SKU-403,SALE,-21,2026-08-01T09:45:00Z
MOV-0009459,STR-006,SKU-403,SALE,-22,2026-08-02T11:22:00Z
MOV-0009460,STR-006,SKU-403,DELIVERY,112,2026-08-03T06:43:00Z
MOV-0009461,STR-006,SKU-403,SALE,-15,2026-08-03T17:20:00Z
MOV-0009462,STR-006,SKU-403,SALE,-14,2026-08-04T11:26:00Z
MOV-0009463,STR-006,SKU-403,SALE,-16,2026-08-05T13:12:00Z
MOV-0009464,STR-006,SKU-403,SALE,-16,2026-08-06T09:03:00Z
MOV-0009465,STR-006,SKU-403,SALE,-16,2026-08-07T17:30:00Z
MOV-0009466,STR-006,SKU-403,SALE,-19,2026-08-08T17:30:00Z
MOV-0009467,STR-006,SKU-403,SALE,-16,2026-08-09T09:14:00Z
MOV-0009468,STR-006,SKU-403,DELIVERY,160,2026-08-10T06:01:00Z
MOV-0009469,STR-006,SKU-403,SALE,-17,2026-08-10T11:16:00Z
MOV-0009470,STR-006,SKU-403,ADJUSTMENT,4,2026-08-10T12:18:00Z
MOV-0009471,STR-006,SKU-403,SALE,-18,2026-08-11T09:27:00Z
MOV-0009472,STR-006,SKU-403,SALE,-26,2026-08-12T10:45:00Z
MOV-0009473,STR-006,SKU-403,SALE,-26,2026-08-13T09:16:00Z
MOV-0009474,STR-006,SKU-403,SALE,-28,2026-08-14T07:22:00Z
MOV-0009475,STR-006,SKU-403,SALE,-24,2026-08-15T17:38:00Z
MOV-0009476,STR-006,SKU-403,SALE,-25,2026-08-16T10:37:00Z
MOV-0009477,STR-006,SKU-403,DELIVERY,159,2026-08-17T06:38:00Z
MOV-0009478,STR-006,SKU-403,SALE,-17,2026-08-17T08:26:00Z
MOV-0009479,STR-006,SKU-403,SALE,-19,2026-08-18T13:41:00Z
MOV-0009480,STR-006,SKU-403,SALE,-21,2026-08-19T08:43:00Z
MOV-0009481,STR-006,SKU-403,SALE,-24,2026-08-20T18:28:00Z
MOV-0009482,STR-006,SKU-403,SALE,-21,2026-08-21T09:46:00Z
MOV-0009483,STR-006,SKU-403,SALE,-28,2026-08-22T17:39:00Z
MOV-0009484,STR-006,SKU-403,SALE,-29,2026-08-23T16:34:00Z
MOV-0009485,STR-006,SKU-403,DELIVERY,117,2026-08-24T06:11:00Z
MOV-0009486,STR-006,SKU-403,SALE,-15,2026-08-24T11:24:00Z
MOV-0009487,STR-006,SKU-403,SALE,-14,2026-08-25T13:15:00Z
MOV-0009488,STR-006,SKU-403,SALE,-15,2026-08-26T13:05:00Z
MOV-0009489,STR-006,SKU-403,SALE,-19,2026-08-27T18:44:00Z
MOV-0009490,STR-006,SKU-403,SALE,-17,2026-08-28T17:42:00Z
MOV-0009491,STR-006,SKU-403,SALE,-16,2026-08-29T17:57:00Z
MOV-0009492,STR-006,SKU-403,SALE,-21,2026-08-30T15:24:00Z
MOV-0009493,STR-006,SKU-403,DELIVERY,33,2026-08-31T06:18:00Z
MOV-0009494,STR-006,SKU-403,SALE,-15,2026-08-31T07:26:00Z
MOV-0009495,STR-006,SKU-403,SALE,-18,2026-09-01T17:58:00Z
MOV-0009496,STR-006,SKU-501,SALE,-4,2026-07-06T16:01:00Z
MOV-0009497,STR-006,SKU-501,DELIVERY,26,2026-07-07T06:40:00Z
MOV-0009498,STR-006,SKU-501,SALE,-4,2026-07-07T09:23:00Z
MOV-0009499,STR-006,SKU-501,SALE,-4,2026-07-08T16:36:00Z
MOV-0009500,STR-006,SKU-501,SALE,-4,2026-07-09T14:27:00Z
MOV-0009501,STR-006,SKU-501,SALE,-5,2026-07-10T13:57:00Z
MOV-0009502,STR-006,SKU-501,SALE,-4,2026-07-11T15:55:00Z
MOV-0009503,STR-006,SKU-501,SALE,-3,2026-07-12T09:17:00Z
MOV-0009504,STR-006,SKU-501,SALE,-2,2026-07-13T10:47:00Z
MOV-0009505,STR-006,SKU-501,DELIVERY,24,2026-07-14T06:36:00Z
MOV-0009506,STR-006,SKU-501,SALE,-3,2026-07-14T18:03:00Z
MOV-0009507,STR-006,SKU-501,SALE,-3,2026-07-15T09:11:00Z
MOV-0009508,STR-006,SKU-501,SALE,-4,2026-07-16T12:21:00Z
MOV-0009509,STR-006,SKU-501,SALE,-3,2026-07-17T15:23:00Z
MOV-0009510,STR-006,SKU-501,SALE,-4,2026-07-18T10:45:00Z
MOV-0009511,STR-006,SKU-501,SALE,-4,2026-07-19T14:01:00Z
MOV-0009512,STR-006,SKU-501,SALE,-3,2026-07-20T07:16:00Z
MOV-0009513,STR-006,SKU-501,DELIVERY,24,2026-07-21T06:52:00Z
MOV-0009514,STR-006,SKU-501,SALE,-2,2026-07-21T12:23:00Z
MOV-0009515,STR-006,SKU-501,SALE,-3,2026-07-22T07:55:00Z
MOV-0009516,STR-006,SKU-501,SALE,-4,2026-07-23T16:05:00Z
MOV-0009517,STR-006,SKU-501,SALE,-4,2026-07-24T09:56:00Z
MOV-0009518,STR-006,SKU-501,SALE,-4,2026-07-25T10:55:00Z
MOV-0009519,STR-006,SKU-501,SALE,-4,2026-07-26T07:02:00Z
MOV-0009520,STR-006,SKU-501,SALE,-3,2026-07-27T17:38:00Z
MOV-0009521,STR-006,SKU-501,DELIVERY,25,2026-07-28T06:34:00Z
MOV-0009522,STR-006,SKU-501,SALE,-4,2026-07-28T17:36:00Z
MOV-0009523,STR-006,SKU-501,SALE,-3,2026-07-29T12:43:00Z
MOV-0009524,STR-006,SKU-501,SALE,-3,2026-07-30T07:00:00Z
MOV-0009525,STR-006,SKU-501,SALE,-4,2026-07-31T08:20:00Z
MOV-0009526,STR-006,SKU-501,SALE,-3,2026-08-01T12:32:00Z
MOV-0009527,STR-006,SKU-501,SALE,-5,2026-08-02T16:29:00Z
MOV-0009528,STR-006,SKU-501,SALE,-3,2026-08-03T16:47:00Z
MOV-0009529,STR-006,SKU-501,DELIVERY,25,2026-08-04T06:20:00Z
MOV-0009530,STR-006,SKU-501,SALE,-3,2026-08-04T18:42:00Z
MOV-0009531,STR-006,SKU-501,SALE,-3,2026-08-05T10:21:00Z
MOV-0009532,STR-006,SKU-501,SALE,-4,2026-08-06T15:45:00Z
MOV-0009533,STR-006,SKU-501,SALE,-4,2026-08-07T08:33:00Z
MOV-0009534,STR-006,SKU-501,SALE,-5,2026-08-08T09:39:00Z
MOV-0009535,STR-006,SKU-501,SALE,-3,2026-08-09T16:50:00Z
MOV-0009536,STR-006,SKU-501,SALE,-3,2026-08-10T07:45:00Z
MOV-0009537,STR-006,SKU-501,DELIVERY,27,2026-08-11T06:45:00Z
MOV-0009538,STR-006,SKU-501,SALE,-3,2026-08-11T09:51:00Z
MOV-0009539,STR-006,SKU-501,SALE,-3,2026-08-12T18:42:00Z
MOV-0009540,STR-006,SKU-501,SALE,-4,2026-08-13T15:18:00Z
MOV-0009541,STR-006,SKU-501,SALE,-4,2026-08-14T09:27:00Z
MOV-0009542,STR-006,SKU-501,SALE,-5,2026-08-15T09:28:00Z
MOV-0009543,STR-006,SKU-501,SALE,-5,2026-08-16T08:28:00Z
MOV-0009544,STR-006,SKU-501,SALE,-3,2026-08-17T16:08:00Z
MOV-0009545,STR-006,SKU-501,DELIVERY,22,2026-08-18T06:33:00Z
MOV-0009546,STR-006,SKU-501,SALE,-3,2026-08-18T17:50:00Z
MOV-0009547,STR-006,SKU-501,SALE,-3,2026-08-19T16:46:00Z
MOV-0009548,STR-006,SKU-501,SALE,-3,2026-08-20T15:41:00Z
MOV-0009549,STR-006,SKU-501,SALE,-3,2026-08-21T14:27:00Z
MOV-0009550,STR-006,SKU-501,SALE,-3,2026-08-22T10:26:00Z
MOV-0009551,STR-006,SKU-501,SALE,-4,2026-08-23T18:43:00Z
MOV-0009552,STR-006,SKU-501,SALE,-3,2026-08-24T08:54:00Z
MOV-0009553,STR-006,SKU-501,DELIVERY,22,2026-08-25T06:44:00Z
MOV-0009554,STR-006,SKU-501,SALE,-4,2026-08-25T14:02:00Z
MOV-0009555,STR-006,SKU-501,SALE,-3,2026-08-26T07:57:00Z
MOV-0009556,STR-006,SKU-501,SALE,-3,2026-08-27T13:18:00Z
MOV-0009557,STR-006,SKU-501,ADJUSTMENT,3,2026-08-28T12:48:00Z
MOV-0009558,STR-006,SKU-501,SALE,-4,2026-08-28T16:38:00Z
MOV-0009559,STR-006,SKU-501,SALE,-5,2026-08-29T17:23:00Z
MOV-0009560,STR-006,SKU-501,SALE,-3,2026-08-30T08:10:00Z
MOV-0009561,STR-006,SKU-501,SALE,-3,2026-08-31T11:46:00Z
MOV-0009562,STR-006,SKU-501,DELIVERY,3,2026-09-01T06:40:00Z
MOV-0009563,STR-006,SKU-501,SALE,-3,2026-09-01T07:22:00Z
MOV-0009564,STR-006,SKU-502,SALE,-2,2026-07-06T13:51:00Z
MOV-0009565,STR-006,SKU-502,SALE,-1,2026-07-07T08:03:00Z
MOV-0009566,STR-006,SKU-502,SALE,-1,2026-07-08T08:05:00Z
MOV-0009567,STR-006,SKU-502,SALE,-2,2026-07-09T16:26:00Z
MOV-0009568,STR-006,SKU-502,SALE,-2,2026-07-10T16:14:00Z
MOV-0009569,STR-006,SKU-502,DELIVERY,13,2026-07-11T06:11:00Z
MOV-0009570,STR-006,SKU-502,SALE,-2,2026-07-11T14:56:00Z
MOV-0009571,STR-006,SKU-502,SALE,-2,2026-07-12T07:43:00Z
MOV-0009572,STR-006,SKU-502,SALE,-1,2026-07-13T11:49:00Z
MOV-0009573,STR-006,SKU-502,SALE,-2,2026-07-14T11:40:00Z
MOV-0009574,STR-006,SKU-502,SALE,-2,2026-07-15T16:42:00Z
MOV-0009575,STR-006,SKU-502,SALE,-2,2026-07-16T11:02:00Z
MOV-0009576,STR-006,SKU-502,SALE,-2,2026-07-17T09:44:00Z
MOV-0009577,STR-006,SKU-502,DELIVERY,14,2026-07-18T06:55:00Z
MOV-0009578,STR-006,SKU-502,SALE,-2,2026-07-18T14:15:00Z
MOV-0009579,STR-006,SKU-502,SALE,-2,2026-07-19T12:18:00Z
MOV-0009580,STR-006,SKU-502,SALE,-2,2026-07-20T18:37:00Z
MOV-0009581,STR-006,SKU-502,SALE,-2,2026-07-21T14:40:00Z
MOV-0009582,STR-006,SKU-502,SALE,-2,2026-07-22T11:10:00Z
MOV-0009583,STR-006,SKU-502,SALE,-2,2026-07-23T11:39:00Z
MOV-0009584,STR-006,SKU-502,SALE,-2,2026-07-24T17:30:00Z
MOV-0009585,STR-006,SKU-502,DELIVERY,15,2026-07-25T06:38:00Z
MOV-0009586,STR-006,SKU-502,SALE,-3,2026-07-25T11:58:00Z
MOV-0009587,STR-006,SKU-502,SALE,-2,2026-07-26T13:16:00Z
MOV-0009588,STR-006,SKU-502,SALE,-2,2026-07-27T15:20:00Z
MOV-0009589,STR-006,SKU-502,SALE,-2,2026-07-28T10:00:00Z
MOV-0009590,STR-006,SKU-502,SALE,-2,2026-07-29T07:45:00Z
MOV-0009591,STR-006,SKU-502,SALE,-2,2026-07-30T13:48:00Z
MOV-0009592,STR-006,SKU-502,SALE,-2,2026-07-31T14:45:00Z
MOV-0009593,STR-006,SKU-502,DELIVERY,16,2026-08-01T06:48:00Z
MOV-0009594,STR-006,SKU-502,SALE,-3,2026-08-01T16:22:00Z
MOV-0009595,STR-006,SKU-502,SALE,-3,2026-08-02T12:06:00Z
MOV-0009596,STR-006,SKU-502,SALE,-2,2026-08-03T13:40:00Z
MOV-0009597,STR-006,SKU-502,SALE,-2,2026-08-04T14:25:00Z
MOV-0009598,STR-006,SKU-502,SALE,-2,2026-08-05T09:46:00Z
MOV-0009599,STR-006,SKU-502,SALE,-2,2026-08-06T07:41:00Z
MOV-0009600,STR-006,SKU-502,SALE,-2,2026-08-07T11:15:00Z
MOV-0009601,STR-006,SKU-502,DELIVERY,15,2026-08-08T06:57:00Z
MOV-0009602,STR-006,SKU-502,SALE,-3,2026-08-08T16:07:00Z
MOV-0009603,STR-006,SKU-502,SALE,-3,2026-08-09T12:49:00Z
MOV-0009604,STR-006,SKU-502,SALE,-2,2026-08-10T15:24:00Z
MOV-0009605,STR-006,SKU-502,SALE,-2,2026-08-11T08:14:00Z
MOV-0009606,STR-006,SKU-502,SALE,-1,2026-08-12T17:47:00Z
MOV-0009607,STR-006,SKU-502,SALE,-2,2026-08-13T16:46:00Z
MOV-0009608,STR-006,SKU-502,SALE,-2,2026-08-14T08:06:00Z
MOV-0009609,STR-006,SKU-502,DELIVERY,13,2026-08-15T06:35:00Z
MOV-0009610,STR-006,SKU-502,SALE,-2,2026-08-15T10:52:00Z
MOV-0009611,STR-006,SKU-502,SALE,-2,2026-08-16T13:44:00Z
MOV-0009612,STR-006,SKU-502,SALE,-1,2026-08-17T12:44:00Z
MOV-0009613,STR-006,SKU-502,SALE,-2,2026-08-18T13:53:00Z
MOV-0009614,STR-006,SKU-502,SALE,-2,2026-08-19T18:24:00Z
MOV-0009615,STR-006,SKU-502,SALE,-2,2026-08-20T18:43:00Z
MOV-0009616,STR-006,SKU-502,SALE,-2,2026-08-21T12:02:00Z
MOV-0009617,STR-006,SKU-502,DELIVERY,15,2026-08-22T06:34:00Z
MOV-0009618,STR-006,SKU-502,SALE,-2,2026-08-22T18:56:00Z
MOV-0009619,STR-006,SKU-502,SALE,-2,2026-08-23T17:27:00Z
MOV-0009620,STR-006,SKU-502,SALE,-2,2026-08-24T17:16:00Z
MOV-0009621,STR-006,SKU-502,SALE,-2,2026-08-25T16:02:00Z
MOV-0009622,STR-006,SKU-502,SALE,-3,2026-08-26T10:05:00Z
MOV-0009623,STR-006,SKU-502,SALE,-2,2026-08-27T18:49:00Z
MOV-0009624,STR-006,SKU-502,SALE,-2,2026-08-28T12:13:00Z
MOV-0009625,STR-006,SKU-502,DELIVERY,7,2026-08-29T06:26:00Z
MOV-0009626,STR-006,SKU-502,SALE,-2,2026-08-29T16:53:00Z
MOV-0009627,STR-006,SKU-502,SALE,-2,2026-08-30T16:10:00Z
MOV-0009628,STR-006,SKU-502,SALE,-1,2026-08-31T16:52:00Z
MOV-0009629,STR-006,SKU-502,SALE,-2,2026-09-01T11:18:00Z
MOV-0009630,STR-006,SKU-503,SALE,-2,2026-07-06T13:23:00Z
MOV-0009631,STR-006,SKU-503,DELIVERY,19,2026-07-07T06:25:00Z
MOV-0009632,STR-006,SKU-503,SALE,-3,2026-07-07T07:26:00Z
MOV-0009633,STR-006,SKU-503,SALE,-2,2026-07-08T11:38:00Z
MOV-0009634,STR-006,SKU-503,SALE,-3,2026-07-09T10:54:00Z
MOV-0009635,STR-006,SKU-503,SALE,-3,2026-07-10T14:33:00Z
MOV-0009636,STR-006,SKU-503,SALE,-3,2026-07-11T11:07:00Z
MOV-0009637,STR-006,SKU-503,SALE,-3,2026-07-12T07:35:00Z
MOV-0009638,STR-006,SKU-503,SALE,-2,2026-07-13T14:28:00Z
MOV-0009639,STR-006,SKU-503,DELIVERY,22,2026-07-14T06:49:00Z
MOV-0009640,STR-006,SKU-503,SALE,-3,2026-07-14T14:03:00Z
MOV-0009641,STR-006,SKU-503,SALE,-3,2026-07-15T18:04:00Z
MOV-0009642,STR-006,SKU-503,SALE,-3,2026-07-16T16:04:00Z
MOV-0009643,STR-006,SKU-503,SALE,-3,2026-07-17T11:49:00Z
MOV-0009644,STR-006,SKU-503,SALE,-4,2026-07-18T13:43:00Z
MOV-0009645,STR-006,SKU-503,SALE,-4,2026-07-19T12:51:00Z
MOV-0009646,STR-006,SKU-503,SALE,-2,2026-07-20T09:12:00Z
MOV-0009647,STR-006,SKU-503,DELIVERY,18,2026-07-21T06:05:00Z
MOV-0009648,STR-006,SKU-503,SALE,-2,2026-07-21T10:52:00Z
MOV-0009649,STR-006,SKU-503,SALE,-2,2026-07-22T13:55:00Z
MOV-0009650,STR-006,SKU-503,SALE,-2,2026-07-23T18:55:00Z
MOV-0009651,STR-006,SKU-503,SALE,-3,2026-07-24T15:28:00Z
MOV-0009652,STR-006,SKU-503,SALE,-3,2026-07-25T10:01:00Z
MOV-0009653,STR-006,SKU-503,SALE,-3,2026-07-26T07:46:00Z
MOV-0009654,STR-006,SKU-503,SALE,-3,2026-07-27T10:38:00Z
MOV-0009655,STR-006,SKU-503,DELIVERY,19,2026-07-28T06:44:00Z
MOV-0009656,STR-006,SKU-503,SALE,-2,2026-07-28T07:53:00Z
MOV-0009657,STR-006,SKU-503,SALE,-3,2026-07-29T08:32:00Z
MOV-0009658,STR-006,SKU-503,SALE,-3,2026-07-30T12:21:00Z
MOV-0009659,STR-006,SKU-503,SALE,-3,2026-07-31T13:02:00Z
MOV-0009660,STR-006,SKU-503,SALE,-3,2026-08-01T16:25:00Z
MOV-0009661,STR-006,SKU-503,SALE,-3,2026-08-02T13:45:00Z
MOV-0009662,STR-006,SKU-503,SALE,-2,2026-08-03T11:44:00Z
MOV-0009663,STR-006,SKU-503,DELIVERY,21,2026-08-04T06:29:00Z
MOV-0009664,STR-006,SKU-503,SALE,-3,2026-08-04T16:06:00Z
MOV-0009665,STR-006,SKU-503,SALE,-3,2026-08-05T11:12:00Z
MOV-0009666,STR-006,SKU-503,SALE,-3,2026-08-06T18:54:00Z
MOV-0009667,STR-006,SKU-503,SALE,-3,2026-08-07T16:42:00Z
MOV-0009668,STR-006,SKU-503,SALE,-4,2026-08-08T15:53:00Z
MOV-0009669,STR-006,SKU-503,SALE,-3,2026-08-09T16:46:00Z
MOV-0009670,STR-006,SKU-503,SALE,-2,2026-08-10T14:42:00Z
MOV-0009671,STR-006,SKU-503,DELIVERY,18,2026-08-11T06:10:00Z
MOV-0009672,STR-006,SKU-503,SALE,-2,2026-08-11T14:02:00Z
MOV-0009673,STR-006,SKU-503,SALE,-3,2026-08-12T07:19:00Z
MOV-0009674,STR-006,SKU-503,SALE,-3,2026-08-13T10:21:00Z
MOV-0009675,STR-006,SKU-503,SALE,-3,2026-08-14T11:51:00Z
MOV-0009676,STR-006,SKU-503,SALE,-3,2026-08-15T18:10:00Z
MOV-0009677,STR-006,SKU-503,SALE,-2,2026-08-16T13:51:00Z
MOV-0009678,STR-006,SKU-503,SALE,-2,2026-08-17T16:25:00Z
MOV-0009679,STR-006,SKU-503,DELIVERY,22,2026-08-18T06:52:00Z
MOV-0009680,STR-006,SKU-503,SALE,-3,2026-08-18T11:21:00Z
MOV-0009681,STR-006,SKU-503,SALE,-3,2026-08-19T14:42:00Z
MOV-0009682,STR-006,SKU-503,SALE,-3,2026-08-20T12:15:00Z
MOV-0009683,STR-006,SKU-503,SALE,-4,2026-08-21T16:00:00Z
MOV-0009684,STR-006,SKU-503,SALE,-4,2026-08-22T15:02:00Z
MOV-0009685,STR-006,SKU-503,SALE,-3,2026-08-23T10:51:00Z
MOV-0009686,STR-006,SKU-503,SALE,-2,2026-08-24T15:10:00Z
MOV-0009687,STR-006,SKU-503,DELIVERY,18,2026-08-25T06:51:00Z
MOV-0009688,STR-006,SKU-503,SALE,-2,2026-08-25T18:14:00Z
MOV-0009689,STR-006,SKU-503,SALE,-2,2026-08-26T16:17:00Z
MOV-0009690,STR-006,SKU-503,SALE,-3,2026-08-27T11:15:00Z
MOV-0009691,STR-006,SKU-503,SALE,-3,2026-08-28T09:47:00Z
MOV-0009692,STR-006,SKU-503,SALE,-3,2026-08-29T14:06:00Z
MOV-0009693,STR-006,SKU-503,SALE,-3,2026-08-30T15:02:00Z
MOV-0009694,STR-006,SKU-503,SALE,-2,2026-08-31T10:17:00Z
MOV-0009695,STR-006,SKU-503,DELIVERY,3,2026-09-01T06:02:00Z
MOV-0009696,STR-006,SKU-503,SALE,-3,2026-09-01T15:48:00Z
MOV-0009697,STR-006,SKU-504,SALE,-1,2026-07-06T16:23:00Z
MOV-0009698,STR-006,SKU-504,SALE,-1,2026-07-07T18:14:00Z
MOV-0009699,STR-006,SKU-504,SALE,-2,2026-07-08T17:46:00Z
MOV-0009700,STR-006,SKU-504,SALE,-2,2026-07-09T13:58:00Z
MOV-0009701,STR-006,SKU-504,SALE,-2,2026-07-10T12:47:00Z
MOV-0009702,STR-006,SKU-504,DELIVERY,10,2026-07-11T06:02:00Z
MOV-0009703,STR-006,SKU-504,SALE,-2,2026-07-11T18:10:00Z
MOV-0009704,STR-006,SKU-504,SALE,-2,2026-07-12T08:03:00Z
MOV-0009705,STR-006,SKU-504,SALE,-1,2026-07-13T15:05:00Z
MOV-0009706,STR-006,SKU-504,SALE,-1,2026-07-14T14:20:00Z
MOV-0009707,STR-006,SKU-504,SALE,-1,2026-07-15T07:54:00Z
MOV-0009708,STR-006,SKU-504,SALE,-1,2026-07-16T13:20:00Z
MOV-0009709,STR-006,SKU-504,SALE,-2,2026-07-17T17:16:00Z
MOV-0009710,STR-006,SKU-504,DELIVERY,9,2026-07-18T06:41:00Z
MOV-0009711,STR-006,SKU-504,SALE,-2,2026-07-18T14:24:00Z
MOV-0009712,STR-006,SKU-504,SALE,-2,2026-07-19T08:56:00Z
MOV-0009713,STR-006,SKU-504,SALE,-1,2026-07-20T12:49:00Z
MOV-0009714,STR-006,SKU-504,SALE,-1,2026-07-21T08:02:00Z
MOV-0009715,STR-006,SKU-504,SALE,-1,2026-07-22T09:54:00Z
MOV-0009716,STR-006,SKU-504,SALE,-1,2026-07-23T11:35:00Z
MOV-0009717,STR-006,SKU-504,SALE,-1,2026-07-24T07:54:00Z
MOV-0009718,STR-006,SKU-504,DELIVERY,12,2026-07-25T06:35:00Z
MOV-0009719,STR-006,SKU-504,SALE,-2,2026-07-25T18:51:00Z
MOV-0009720,STR-006,SKU-504,SALE,-2,2026-07-26T15:22:00Z
MOV-0009721,STR-006,SKU-504,SALE,-1,2026-07-27T10:45:00Z
MOV-0009722,STR-006,SKU-504,SALE,-1,2026-07-28T14:57:00Z
MOV-0009723,STR-006,SKU-504,SALE,-2,2026-07-29T11:29:00Z
MOV-0009724,STR-006,SKU-504,SALE,-2,2026-07-30T12:09:00Z
MOV-0009725,STR-006,SKU-504,SALE,-2,2026-07-31T18:09:00Z
MOV-0009726,STR-006,SKU-504,DELIVERY,12,2026-08-01T06:53:00Z
MOV-0009727,STR-006,SKU-504,SALE,-2,2026-08-01T17:47:00Z
MOV-0009728,STR-006,SKU-504,SALE,-2,2026-08-02T07:24:00Z
MOV-0009729,STR-006,SKU-504,SALE,-2,2026-08-03T09:38:00Z
MOV-0009730,STR-006,SKU-504,SALE,-1,2026-08-04T17:32:00Z
MOV-0009731,STR-006,SKU-504,SALE,-1,2026-08-05T18:13:00Z
MOV-0009732,STR-006,SKU-504,SALE,-2,2026-08-06T07:40:00Z
MOV-0009733,STR-006,SKU-504,SALE,-2,2026-08-07T16:05:00Z
MOV-0009734,STR-006,SKU-504,DELIVERY,11,2026-08-08T06:06:00Z
MOV-0009735,STR-006,SKU-504,SALE,-2,2026-08-08T13:32:00Z
MOV-0009736,STR-006,SKU-504,SALE,-2,2026-08-09T15:43:00Z
MOV-0009737,STR-006,SKU-504,SALE,-1,2026-08-10T07:16:00Z
MOV-0009738,STR-006,SKU-504,SALE,-2,2026-08-11T14:32:00Z
MOV-0009739,STR-006,SKU-504,SALE,-1,2026-08-12T16:50:00Z
MOV-0009740,STR-006,SKU-504,SALE,-1,2026-08-13T13:09:00Z
MOV-0009741,STR-006,SKU-504,SALE,-2,2026-08-14T09:57:00Z
MOV-0009742,STR-006,SKU-504,DELIVERY,11,2026-08-15T06:45:00Z
MOV-0009743,STR-006,SKU-504,SALE,-2,2026-08-15T08:56:00Z
MOV-0009744,STR-006,SKU-504,SALE,-2,2026-08-16T17:24:00Z
MOV-0009745,STR-006,SKU-504,SALE,-1,2026-08-17T08:03:00Z
MOV-0009746,STR-006,SKU-504,SALE,-2,2026-08-18T09:51:00Z
MOV-0009747,STR-006,SKU-504,SALE,-1,2026-08-19T09:20:00Z
MOV-0009748,STR-006,SKU-504,SALE,-1,2026-08-20T18:00:00Z
MOV-0009749,STR-006,SKU-504,SALE,-2,2026-08-21T13:11:00Z
MOV-0009750,STR-006,SKU-504,DELIVERY,11,2026-08-22T06:03:00Z
MOV-0009751,STR-006,SKU-504,SALE,-2,2026-08-22T08:58:00Z
MOV-0009752,STR-006,SKU-504,SALE,-2,2026-08-23T07:05:00Z
MOV-0009753,STR-006,SKU-504,SALE,-2,2026-08-24T16:00:00Z
MOV-0009754,STR-006,SKU-504,SALE,-1,2026-08-25T08:32:00Z
MOV-0009755,STR-006,SKU-504,SALE,-1,2026-08-26T10:33:00Z
MOV-0009756,STR-006,SKU-504,SALE,-1,2026-08-27T09:24:00Z
MOV-0009757,STR-006,SKU-504,SALE,-2,2026-08-28T08:03:00Z
MOV-0009758,STR-006,SKU-504,DELIVERY,6,2026-08-29T06:19:00Z
MOV-0009759,STR-006,SKU-504,SALE,-2,2026-08-29T10:48:00Z
MOV-0009760,STR-006,SKU-504,SALE,-2,2026-08-30T07:10:00Z
MOV-0009761,STR-006,SKU-504,SALE,-1,2026-08-31T11:17:00Z
MOV-0009762,STR-006,SKU-504,SALE,-1,2026-09-01T10:45:00Z
MOV-0009763,STR-006,SKU-601,DELIVERY,113,2026-07-06T06:57:00Z
MOV-0009764,STR-006,SKU-601,SALE,-13,2026-07-06T09:22:00Z
MOV-0009765,STR-006,SKU-601,SALE,-14,2026-07-07T14:45:00Z
MOV-0009766,STR-006,SKU-601,SALE,-17,2026-07-08T14:05:00Z
MOV-0009767,STR-006,SKU-601,SALE,-15,2026-07-09T14:09:00Z
MOV-0009768,STR-006,SKU-601,SALE,-19,2026-07-10T18:44:00Z
MOV-0009769,STR-006,SKU-601,SALE,-16,2026-07-11T17:55:00Z
MOV-0009770,STR-006,SKU-601,WASTE,-3,2026-07-11T21:42:00Z
MOV-0009771,STR-006,SKU-601,SALE,-16,2026-07-12T12:11:00Z
MOV-0009772,STR-006,SKU-601,DELIVERY,109,2026-07-13T06:43:00Z
MOV-0009773,STR-006,SKU-601,SALE,-11,2026-07-13T14:18:00Z
MOV-0009774,STR-006,SKU-601,WASTE,-5,2026-07-13T21:47:00Z
MOV-0009775,STR-006,SKU-601,SALE,-14,2026-07-14T18:24:00Z
MOV-0009776,STR-006,SKU-601,SALE,-11,2026-07-15T10:36:00Z
MOV-0009777,STR-006,SKU-601,SALE,-14,2026-07-16T12:49:00Z
MOV-0009778,STR-006,SKU-601,SALE,-17,2026-07-17T07:27:00Z
MOV-0009779,STR-006,SKU-601,SALE,-19,2026-07-18T17:56:00Z
MOV-0009780,STR-006,SKU-601,SALE,-18,2026-07-19T14:38:00Z
MOV-0009781,STR-006,SKU-601,DELIVERY,128,2026-07-20T06:06:00Z
MOV-0009782,STR-006,SKU-601,SALE,-16,2026-07-20T17:50:00Z
MOV-0009783,STR-006,SKU-601,SALE,-17,2026-07-21T14:35:00Z
MOV-0009784,STR-006,SKU-601,SALE,-16,2026-07-22T14:57:00Z
MOV-0009785,STR-006,SKU-601,SALE,-17,2026-07-23T15:12:00Z
MOV-0009786,STR-006,SKU-601,SALE,-22,2026-07-24T08:14:00Z
MOV-0009787,STR-006,SKU-601,SALE,-20,2026-07-25T17:39:00Z
MOV-0009788,STR-006,SKU-601,WASTE,-1,2026-07-25T21:39:00Z
MOV-0009789,STR-006,SKU-601,SALE,-19,2026-07-26T11:32:00Z
MOV-0009790,STR-006,SKU-601,DELIVERY,123,2026-07-27T06:13:00Z
MOV-0009791,STR-006,SKU-601,SALE,-17,2026-07-27T14:49:00Z
MOV-0009792,STR-006,SKU-601,SALE,-13,2026-07-28T07:28:00Z
MOV-0009793,STR-006,SKU-601,SALE,-16,2026-07-29T09:44:00Z
MOV-0009794,STR-006,SKU-601,WASTE,-1,2026-07-29T21:13:00Z
MOV-0009795,STR-006,SKU-601,SALE,-20,2026-07-30T12:00:00Z
MOV-0009796,STR-006,SKU-601,SALE,-16,2026-07-31T18:07:00Z
MOV-0009797,STR-006,SKU-601,SALE,-21,2026-08-01T10:38:00Z
MOV-0009798,STR-006,SKU-601,SALE,-19,2026-08-02T17:21:00Z
MOV-0009799,STR-006,SKU-601,DELIVERY,110,2026-08-03T06:26:00Z
MOV-0009800,STR-006,SKU-601,SALE,-14,2026-08-03T15:31:00Z
MOV-0009801,STR-006,SKU-601,SALE,-13,2026-08-04T12:56:00Z
MOV-0009802,STR-006,SKU-601,WASTE,-4,2026-08-04T21:18:00Z
MOV-0009803,STR-006,SKU-601,SALE,-16,2026-08-05T08:48:00Z
MOV-0009804,STR-006,SKU-601,SALE,-16,2026-08-06T07:45:00Z
MOV-0009805,STR-006,SKU-601,SALE,-13,2026-08-07T11:50:00Z
MOV-0009806,STR-006,SKU-601,SALE,-17,2026-08-08T08:36:00Z
MOV-0009807,STR-006,SKU-601,SALE,-17,2026-08-09T14:48:00Z
MOV-0009808,STR-006,SKU-601,DELIVERY,113,2026-08-10T06:00:00Z
MOV-0009809,STR-006,SKU-601,SALE,-11,2026-08-10T14:43:00Z
MOV-0009810,STR-006,SKU-601,SALE,-10,2026-08-11T16:42:00Z
MOV-0009811,STR-006,SKU-601,WASTE,-5,2026-08-11T21:20:00Z
MOV-0009812,STR-006,SKU-601,SALE,-14,2026-08-12T09:12:00Z
MOV-0009813,STR-006,SKU-601,SALE,-16,2026-08-13T16:06:00Z
MOV-0009814,STR-006,SKU-601,SALE,-16,2026-08-14T14:49:00Z
MOV-0009815,STR-006,SKU-601,SALE,-19,2026-08-15T18:06:00Z
MOV-0009816,STR-006,SKU-601,WASTE,-4,2026-08-15T21:12:00Z
MOV-0009817,STR-006,SKU-601,SALE,-18,2026-08-16T17:17:00Z
MOV-0009818,STR-006,SKU-601,DELIVERY,146,2026-08-17T06:08:00Z
MOV-0009819,STR-006,SKU-601,SALE,-14,2026-08-17T13:07:00Z
MOV-0009820,STR-006,SKU-601,SALE,-21,2026-08-18T18:02:00Z
MOV-0009821,STR-006,SKU-601,WASTE,-1,2026-08-18T21:16:00Z
MOV-0009822,STR-006,SKU-601,SALE,-22,2026-08-19T08:32:00Z
MOV-0009823,STR-006,SKU-601,SALE,-16,2026-08-20T16:29:00Z
MOV-0009824,STR-006,SKU-601,SALE,-21,2026-08-21T18:19:00Z
MOV-0009825,STR-006,SKU-601,WASTE,-4,2026-08-21T21:35:00Z
MOV-0009826,STR-006,SKU-601,SALE,-21,2026-08-22T16:13:00Z
MOV-0009827,STR-006,SKU-601,SALE,-26,2026-08-23T15:16:00Z
MOV-0009828,STR-006,SKU-601,DELIVERY,143,2026-08-24T06:57:00Z
MOV-0009829,STR-006,SKU-601,SALE,-19,2026-08-24T17:05:00Z
MOV-0009830,STR-006,SKU-601,SALE,-21,2026-08-25T09:53:00Z
MOV-0009831,STR-006,SKU-601,SALE,-21,2026-08-26T13:04:00Z
MOV-0009832,STR-006,SKU-601,SALE,-16,2026-08-27T17:01:00Z
MOV-0009833,STR-006,SKU-601,SALE,-20,2026-08-28T18:21:00Z
MOV-0009834,STR-006,SKU-601,SALE,-26,2026-08-29T16:50:00Z
MOV-0009835,STR-006,SKU-601,SALE,-20,2026-08-30T17:15:00Z
MOV-0009836,STR-006,SKU-601,DELIVERY,32,2026-08-31T06:27:00Z
MOV-0009837,STR-006,SKU-601,SALE,-13,2026-08-31T17:22:00Z
MOV-0009838,STR-006,SKU-601,SALE,-19,2026-09-01T10:07:00Z
MOV-0009839,STR-006,SKU-602,SALE,-10,2026-07-06T13:23:00Z
MOV-0009840,STR-006,SKU-602,SALE,-13,2026-07-07T10:01:00Z
MOV-0009841,STR-006,SKU-602,SALE,-11,2026-07-08T09:23:00Z
MOV-0009842,STR-006,SKU-602,SALE,-13,2026-07-09T10:07:00Z
MOV-0009843,STR-006,SKU-602,SALE,-11,2026-07-10T12:53:00Z
MOV-0009844,STR-006,SKU-602,DELIVERY,118,2026-07-11T06:02:00Z
MOV-0009845,STR-006,SKU-602,SALE,-17,2026-07-11T14:13:00Z
MOV-0009846,STR-006,SKU-602,WASTE,-2,2026-07-11T21:09:00Z
MOV-0009847,STR-006,SKU-602,SALE,-14,2026-07-12T13:19:00Z
MOV-0009848,STR-006,SKU-602,SALE,-15,2026-07-13T16:36:00Z
MOV-0009849,STR-006,SKU-602,SALE,-15,2026-07-14T14:36:00Z
MOV-0009850,STR-006,SKU-602,WASTE,-1,2026-07-14T21:42:00Z
MOV-0009851,STR-006,SKU-602,SALE,-18,2026-07-15T09:06:00Z
MOV-0009852,STR-006,SKU-602,SALE,-19,2026-07-16T18:53:00Z
MOV-0009853,STR-006,SKU-602,SALE,-15,2026-07-17T07:19:00Z
MOV-0009854,STR-006,SKU-602,WASTE,-2,2026-07-17T21:29:00Z
MOV-0009855,STR-006,SKU-602,DELIVERY,119,2026-07-18T06:21:00Z
MOV-0009856,STR-006,SKU-602,SALE,-24,2026-07-18T14:11:00Z
MOV-0009857,STR-006,SKU-602,SALE,-19,2026-07-19T08:36:00Z
MOV-0009858,STR-006,SKU-602,WASTE,-4,2026-07-19T21:14:00Z
MOV-0009859,STR-006,SKU-602,SALE,-12,2026-07-20T14:52:00Z
MOV-0009860,STR-006,SKU-602,SALE,-16,2026-07-21T17:12:00Z
MOV-0009861,STR-006,SKU-602,SALE,-14,2026-07-22T08:34:00Z
MOV-0009862,STR-006,SKU-602,SALE,-13,2026-07-23T14:25:00Z
MOV-0009863,STR-006,SKU-602,WASTE,-4,2026-07-23T21:55:00Z
MOV-0009864,STR-006,SKU-602,SALE,-13,2026-07-24T08:05:00Z
MOV-0009865,STR-006,SKU-602,DELIVERY,119,2026-07-25T06:28:00Z
MOV-0009866,STR-006,SKU-602,SALE,-16,2026-07-25T15:57:00Z
MOV-0009867,STR-006,SKU-602,SALE,-19,2026-07-26T13:51:00Z
MOV-0009868,STR-006,SKU-602,SALE,-11,2026-07-27T16:27:00Z
MOV-0009869,STR-006,SKU-602,SALE,-14,2026-07-28T15:40:00Z
MOV-0009870,STR-006,SKU-602,SALE,-16,2026-07-29T08:58:00Z
MOV-0009871,STR-006,SKU-602,WASTE,-5,2026-07-29T21:48:00Z
MOV-0009872,STR-006,SKU-602,SALE,-17,2026-07-30T10:32:00Z
MOV-0009873,STR-006,SKU-602,SALE,-21,2026-07-31T15:57:00Z
MOV-0009874,STR-006,SKU-602,DELIVERY,137,2026-08-01T06:09:00Z
MOV-0009875,STR-006,SKU-602,SALE,-20,2026-08-01T11:24:00Z
MOV-0009876,STR-006,SKU-602,SALE,-22,2026-08-02T12:44:00Z
MOV-0009877,STR-006,SKU-602,WASTE,-2,2026-08-02T21:38:00Z
MOV-0009878,STR-006,SKU-602,SALE,-14,2026-08-03T09:27:00Z
MOV-0009879,STR-006,SKU-602,SALE,-15,2026-08-04T18:50:00Z
MOV-0009880,STR-006,SKU-602,SALE,-16,2026-08-05T14:27:00Z
MOV-0009881,STR-006,SKU-602,SALE,-19,2026-08-06T07:58:00Z
MOV-0009882,STR-006,SKU-602,WASTE,-5,2026-08-06T21:07:00Z
MOV-0009883,STR-006,SKU-602,SALE,-22,2026-08-07T17:09:00Z
MOV-0009884,STR-006,SKU-602,WASTE,-2,2026-08-07T21:35:00Z
MOV-0009885,STR-006,SKU-602,DELIVERY,120,2026-08-08T06:38:00Z
MOV-0009886,STR-006,SKU-602,ADJUSTMENT,2,2026-08-08T12:21:00Z
MOV-0009887,STR-006,SKU-602,SALE,-20,2026-08-08T13:27:00Z
MOV-0009888,STR-006,SKU-602,SALE,-23,2026-08-09T18:28:00Z
MOV-0009889,STR-006,SKU-602,SALE,-11,2026-08-10T11:48:00Z
MOV-0009890,STR-006,SKU-602,SALE,-12,2026-08-11T12:05:00Z
MOV-0009891,STR-006,SKU-602,SALE,-16,2026-08-12T11:50:00Z
MOV-0009892,STR-006,SKU-602,WASTE,-1,2026-08-12T21:17:00Z
MOV-0009893,STR-006,SKU-602,SALE,-19,2026-08-13T13:44:00Z
MOV-0009894,STR-006,SKU-602,SALE,-20,2026-08-14T09:20:00Z
MOV-0009895,STR-006,SKU-602,DELIVERY,129,2026-08-15T06:46:00Z
MOV-0009896,STR-006,SKU-602,SALE,-20,2026-08-15T07:43:00Z
MOV-0009897,STR-006,SKU-602,WASTE,-4,2026-08-15T21:16:00Z
MOV-0009898,STR-006,SKU-602,SALE,-22,2026-08-16T12:03:00Z
MOV-0009899,STR-006,SKU-602,SALE,-11,2026-08-17T18:20:00Z
MOV-0009900,STR-006,SKU-602,WASTE,-5,2026-08-17T21:44:00Z
MOV-0009901,STR-006,SKU-602,SALE,-12,2026-08-18T11:01:00Z
MOV-0009902,STR-006,SKU-602,SALE,-16,2026-08-19T09:13:00Z
MOV-0009903,STR-006,SKU-602,WASTE,-5,2026-08-19T21:38:00Z
MOV-0009904,STR-006,SKU-602,SALE,-17,2026-08-20T14:49:00Z
MOV-0009905,STR-006,SKU-602,SALE,-16,2026-08-21T16:37:00Z
MOV-0009906,STR-006,SKU-602,WASTE,-1,2026-08-21T21:57:00Z
MOV-0009907,STR-006,SKU-602,DELIVERY,104,2026-08-22T06:27:00Z
MOV-0009908,STR-006,SKU-602,SALE,-19,2026-08-22T18:52:00Z
MOV-0009909,STR-006,SKU-602,SALE,-15,2026-08-23T11:06:00Z
MOV-0009910,STR-006,SKU-602,SALE,-10,2026-08-24T15:02:00Z
MOV-0009911,STR-006,SKU-602,SALE,-15,2026-08-25T09:16:00Z
MOV-0009912,STR-006,SKU-602,SALE,-13,2026-08-26T07:04:00Z
MOV-0009913,STR-006,SKU-602,SALE,-17,2026-08-27T15:25:00Z
MOV-0009914,STR-006,SKU-602,SALE,-15,2026-08-28T17:55:00Z
MOV-0009915,STR-006,SKU-602,DELIVERY,61,2026-08-29T06:30:00Z
MOV-0009916,STR-006,SKU-602,SALE,-20,2026-08-29T14:16:00Z
MOV-0009917,STR-006,SKU-602,SALE,-16,2026-08-30T11:13:00Z
MOV-0009918,STR-006,SKU-602,SALE,-10,2026-08-31T14:51:00Z
MOV-0009919,STR-006,SKU-602,SALE,-15,2026-09-01T08:51:00Z
MOV-0009920,STR-006,SKU-603,SALE,-12,2026-07-06T11:53:00Z
MOV-0009921,STR-006,SKU-603,SALE,-16,2026-07-07T09:45:00Z
MOV-0009922,STR-006,SKU-603,DELIVERY,129,2026-07-08T06:55:00Z
MOV-0009923,STR-006,SKU-603,SALE,-18,2026-07-08T15:22:00Z
MOV-0009924,STR-006,SKU-603,SALE,-17,2026-07-09T12:09:00Z
MOV-0009925,STR-006,SKU-603,SALE,-18,2026-07-10T15:38:00Z
MOV-0009926,STR-006,SKU-603,SALE,-18,2026-07-11T17:08:00Z
MOV-0009927,STR-006,SKU-603,SALE,-18,2026-07-12T14:19:00Z
MOV-0009928,STR-006,SKU-603,SALE,-19,2026-07-13T11:24:00Z
MOV-0009929,STR-006,SKU-603,SALE,-18,2026-07-14T07:32:00Z
MOV-0009930,STR-006,SKU-603,WASTE,-3,2026-07-14T21:50:00Z
MOV-0009931,STR-006,SKU-603,DELIVERY,167,2026-07-15T06:03:00Z
MOV-0009932,STR-006,SKU-603,SALE,-22,2026-07-15T08:42:00Z
MOV-0009933,STR-006,SKU-603,SALE,-25,2026-07-16T09:51:00Z
MOV-0009934,STR-006,SKU-603,SALE,-20,2026-07-17T17:51:00Z
MOV-0009935,STR-006,SKU-603,WASTE,-1,2026-07-17T21:22:00Z
MOV-0009936,STR-006,SKU-603,SALE,-31,2026-07-18T10:44:00Z
MOV-0009937,STR-006,SKU-603,WASTE,-1,2026-07-18T21:48:00Z
MOV-0009938,STR-006,SKU-603,SALE,-25,2026-07-19T11:32:00Z
MOV-0009939,STR-006,SKU-603,SALE,-16,2026-07-20T14:51:00Z
MOV-0009940,STR-006,SKU-603,WASTE,-1,2026-07-20T21:29:00Z
MOV-0009941,STR-006,SKU-603,SALE,-21,2026-07-21T10:57:00Z
MOV-0009942,STR-006,SKU-603,WASTE,-4,2026-07-21T21:06:00Z
MOV-0009943,STR-006,SKU-603,DELIVERY,164,2026-07-22T06:47:00Z
MOV-0009944,STR-006,SKU-603,SALE,-18,2026-07-22T08:23:00Z
MOV-0009945,STR-006,SKU-603,WASTE,-2,2026-07-22T21:33:00Z
MOV-0009946,STR-006,SKU-603,SALE,-25,2026-07-23T07:30:00Z
MOV-0009947,STR-006,SKU-603,SALE,-22,2026-07-24T07:24:00Z
MOV-0009948,STR-006,SKU-603,SALE,-29,2026-07-25T15:46:00Z
MOV-0009949,STR-006,SKU-603,SALE,-30,2026-07-26T16:46:00Z
MOV-0009950,STR-006,SKU-603,SALE,-15,2026-07-27T14:35:00Z
MOV-0009951,STR-006,SKU-603,SALE,-23,2026-07-28T07:52:00Z
MOV-0009952,STR-006,SKU-603,DELIVERY,157,2026-07-29T06:19:00Z
MOV-0009953,STR-006,SKU-603,SALE,-23,2026-07-29T10:13:00Z
MOV-0009954,STR-006,SKU-603,WASTE,-2,2026-07-29T21:00:00Z
MOV-0009955,STR-006,SKU-603,SALE,-23,2026-07-30T16:38:00Z
MOV-0009956,STR-006,SKU-603,SALE,-25,2026-07-31T09:57:00Z
MOV-0009957,STR-006,SKU-603,SALE,-28,2026-08-01T13:43:00Z
MOV-0009958,STR-006,SKU-603,SALE,-20,2026-08-02T16:22:00Z
MOV-0009959,STR-006,SKU-603,SALE,-17,2026-08-03T18:37:00Z
MOV-0009960,STR-006,SKU-603,SALE,-19,2026-08-04T15:30:00Z
MOV-0009961,STR-006,SKU-603,DELIVERY,142,2026-08-05T06:53:00Z
MOV-0009962,STR-006,SKU-603,SALE,-19,2026-08-05T11:24:00Z
MOV-0009963,STR-006,SKU-603,WASTE,-3,2026-08-05T21:31:00Z
MOV-0009964,STR-006,SKU-603,SALE,-20,2026-08-06T18:03:00Z
MOV-0009965,STR-006,SKU-603,SALE,-21,2026-08-07T09:44:00Z
MOV-0009966,STR-006,SKU-603,SALE,-24,2026-08-08T13:44:00Z
MOV-0009967,STR-006,SKU-603,SALE,-20,2026-08-09T18:21:00Z
MOV-0009968,STR-006,SKU-603,SALE,-18,2026-08-10T10:58:00Z
MOV-0009969,STR-006,SKU-603,ADJUSTMENT,4,2026-08-10T12:03:00Z
MOV-0009970,STR-006,SKU-603,SALE,-18,2026-08-11T09:48:00Z
MOV-0009971,STR-006,SKU-603,ADJUSTMENT,-3,2026-08-11T12:04:00Z
MOV-0009972,STR-006,SKU-603,DELIVERY,143,2026-08-12T06:16:00Z
MOV-0009973,STR-006,SKU-603,SALE,-16,2026-08-12T16:05:00Z
MOV-0009974,STR-006,SKU-603,SALE,-20,2026-08-13T17:24:00Z
MOV-0009975,STR-006,SKU-603,SALE,-26,2026-08-14T13:18:00Z
MOV-0009976,STR-006,SKU-603,WASTE,-5,2026-08-14T21:03:00Z
MOV-0009977,STR-006,SKU-603,SALE,-25,2026-08-15T14:21:00Z
MOV-0009978,STR-006,SKU-603,SALE,-18,2026-08-16T12:00:00Z
MOV-0009979,STR-006,SKU-603,SALE,-14,2026-08-17T16:28:00Z
MOV-0009980,STR-006,SKU-603,WASTE,-3,2026-08-17T21:05:00Z
MOV-0009981,STR-006,SKU-603,SALE,-16,2026-08-18T16:23:00Z
MOV-0009982,STR-006,SKU-603,DELIVERY,128,2026-08-19T06:55:00Z
MOV-0009983,STR-006,SKU-603,SALE,-18,2026-08-19T11:10:00Z
MOV-0009984,STR-006,SKU-603,SALE,-15,2026-08-20T15:42:00Z
MOV-0009985,STR-006,SKU-603,SALE,-20,2026-08-21T18:00:00Z
MOV-0009986,STR-006,SKU-603,WASTE,-3,2026-08-21T21:11:00Z
MOV-0009987,STR-006,SKU-603,SALE,-19,2026-08-22T16:49:00Z
MOV-0009988,STR-006,SKU-603,SALE,-18,2026-08-23T13:23:00Z
MOV-0009989,STR-006,SKU-603,SALE,-17,2026-08-24T17:25:00Z
MOV-0009990,STR-006,SKU-603,SALE,-18,2026-08-25T08:07:00Z
MOV-0009991,STR-006,SKU-603,DELIVERY,160,2026-08-26T06:50:00Z
MOV-0009992,STR-006,SKU-603,SALE,-23,2026-08-26T08:48:00Z
MOV-0009993,STR-006,SKU-603,SALE,-24,2026-08-27T11:23:00Z
MOV-0009994,STR-006,SKU-603,SALE,-26,2026-08-28T14:24:00Z
MOV-0009995,STR-006,SKU-603,SALE,-22,2026-08-29T15:22:00Z
MOV-0009996,STR-006,SKU-603,WASTE,-5,2026-08-29T21:54:00Z
MOV-0009997,STR-006,SKU-603,SALE,-24,2026-08-30T11:16:00Z
MOV-0009998,STR-006,SKU-603,SALE,-13,2026-08-31T12:56:00Z
MOV-0009999,STR-006,SKU-603,WASTE,-5,2026-08-31T21:17:00Z
MOV-0010000,STR-006,SKU-603,SALE,-18,2026-09-01T08:47:00Z
MOV-0010001,STR-006,SKU-604,DELIVERY,138,2026-07-06T06:58:00Z
MOV-0010002,STR-006,SKU-604,SALE,-13,2026-07-06T11:01:00Z
MOV-0010003,STR-006,SKU-604,SALE,-16,2026-07-07T15:37:00Z
MOV-0010004,STR-006,SKU-604,SALE,-17,2026-07-08T15:09:00Z
MOV-0010005,STR-006,SKU-604,SALE,-20,2026-07-09T08:20:00Z
MOV-0010006,STR-006,SKU-604,WASTE,-2,2026-07-09T21:41:00Z
MOV-0010007,STR-006,SKU-604,SALE,-21,2026-07-10T13:04:00Z
MOV-0010008,STR-006,SKU-604,WASTE,-2,2026-07-10T21:37:00Z
MOV-0010009,STR-006,SKU-604,SALE,-23,2026-07-11T18:58:00Z
MOV-0010010,STR-006,SKU-604,SALE,-22,2026-07-12T07:26:00Z
MOV-0010011,STR-006,SKU-604,WASTE,-2,2026-07-12T21:06:00Z
MOV-0010012,STR-006,SKU-604,DELIVERY,107,2026-07-13T06:02:00Z
MOV-0010013,STR-006,SKU-604,SALE,-11,2026-07-13T10:12:00Z
MOV-0010014,STR-006,SKU-604,SALE,-13,2026-07-14T10:07:00Z
MOV-0010015,STR-006,SKU-604,SALE,-13,2026-07-15T08:10:00Z
MOV-0010016,STR-006,SKU-604,WASTE,-5,2026-07-15T21:24:00Z
MOV-0010017,STR-006,SKU-604,SALE,-14,2026-07-16T12:45:00Z
MOV-0010018,STR-006,SKU-604,WASTE,-1,2026-07-16T21:30:00Z
MOV-0010019,STR-006,SKU-604,SALE,-14,2026-07-17T17:22:00Z
MOV-0010020,STR-006,SKU-604,SALE,-20,2026-07-18T12:56:00Z
MOV-0010021,STR-006,SKU-604,SALE,-16,2026-07-19T09:11:00Z
MOV-0010022,STR-006,SKU-604,DELIVERY,135,2026-07-20T06:22:00Z
MOV-0010023,STR-006,SKU-604,SALE,-14,2026-07-20T17:55:00Z
MOV-0010024,STR-006,SKU-604,SALE,-14,2026-07-21T12:55:00Z
MOV-0010025,STR-006,SKU-604,SALE,-18,2026-07-22T16:54:00Z
MOV-0010026,STR-006,SKU-604,WASTE,-5,2026-07-22T21:10:00Z
MOV-0010027,STR-006,SKU-604,SALE,-20,2026-07-23T11:00:00Z
MOV-0010028,STR-006,SKU-604,WASTE,-3,2026-07-23T21:38:00Z
MOV-0010029,STR-006,SKU-604,SALE,-18,2026-07-24T18:47:00Z
MOV-0010030,STR-006,SKU-604,SALE,-24,2026-07-25T18:09:00Z
MOV-0010031,STR-006,SKU-604,SALE,-19,2026-07-26T11:58:00Z
MOV-0010032,STR-006,SKU-604,DELIVERY,96,2026-07-27T06:08:00Z
MOV-0010033,STR-006,SKU-604,SALE,-10,2026-07-27T15:51:00Z
MOV-0010034,STR-006,SKU-604,SALE,-12,2026-07-28T18:20:00Z
MOV-0010035,STR-006,SKU-604,SALE,-12,2026-07-29T09:48:00Z
MOV-0010036,STR-006,SKU-604,SALE,-16,2026-07-30T07:20:00Z
MOV-0010037,STR-006,SKU-604,SALE,-17,2026-07-31T10:04:00Z
MOV-0010038,STR-006,SKU-604,SALE,-14,2026-08-01T07:29:00Z
MOV-0010039,STR-006,SKU-604,SALE,-15,2026-08-02T14:56:00Z
MOV-0010040,STR-006,SKU-604,DELIVERY,109,2026-08-03T06:50:00Z
MOV-0010041,STR-006,SKU-604,SALE,-10,2026-08-03T07:44:00Z
MOV-0010042,STR-006,SKU-604,WASTE,-5,2026-08-03T21:49:00Z
MOV-0010043,STR-006,SKU-604,SALE,-15,2026-08-04T15:07:00Z
MOV-0010044,STR-006,SKU-604,SALE,-15,2026-08-05T18:05:00Z
MOV-0010045,STR-006,SKU-604,WASTE,-1,2026-08-05T21:15:00Z
MOV-0010046,STR-006,SKU-604,SALE,-13,2026-08-06T17:28:00Z
MOV-0010047,STR-006,SKU-604,WASTE,-2,2026-08-06T21:42:00Z
MOV-0010048,STR-006,SKU-604,SALE,-13,2026-08-07T15:07:00Z
MOV-0010049,STR-006,SKU-604,SALE,-17,2026-08-08T18:37:00Z
MOV-0010050,STR-006,SKU-604,SALE,-14,2026-08-09T09:49:00Z
MOV-0010051,STR-006,SKU-604,WASTE,-4,2026-08-09T21:47:00Z
MOV-0010052,STR-006,SKU-604,DELIVERY,124,2026-08-10T06:40:00Z
MOV-0010053,STR-006,SKU-604,SALE,-12,2026-08-10T09:21:00Z
MOV-0010054,STR-006,SKU-604,WASTE,-1,2026-08-10T21:18:00Z
MOV-0010055,STR-006,SKU-604,SALE,-15,2026-08-11T13:12:00Z
MOV-0010056,STR-006,SKU-604,SALE,-13,2026-08-12T12:05:00Z
MOV-0010057,STR-006,SKU-604,SALE,-19,2026-08-13T17:55:00Z
MOV-0010058,STR-006,SKU-604,WASTE,-5,2026-08-13T21:55:00Z
MOV-0010059,STR-006,SKU-604,SALE,-19,2026-08-14T13:01:00Z
MOV-0010060,STR-006,SKU-604,WASTE,-3,2026-08-14T21:04:00Z
MOV-0010061,STR-006,SKU-604,SALE,-19,2026-08-15T17:25:00Z
MOV-0010062,STR-006,SKU-604,SALE,-18,2026-08-16T09:56:00Z
MOV-0010063,STR-006,SKU-604,DELIVERY,135,2026-08-17T06:31:00Z
MOV-0010064,STR-006,SKU-604,SALE,-13,2026-08-17T13:18:00Z
MOV-0010065,STR-006,SKU-604,SALE,-16,2026-08-18T11:24:00Z
MOV-0010066,STR-006,SKU-604,SALE,-21,2026-08-19T11:48:00Z
MOV-0010067,STR-006,SKU-604,SALE,-20,2026-08-20T17:08:00Z
MOV-0010068,STR-006,SKU-604,SALE,-19,2026-08-21T08:58:00Z
MOV-0010069,STR-006,SKU-604,SALE,-22,2026-08-22T12:31:00Z
MOV-0010070,STR-006,SKU-604,SALE,-24,2026-08-23T16:14:00Z
MOV-0010071,STR-006,SKU-604,DELIVERY,136,2026-08-24T06:47:00Z
MOV-0010072,STR-006,SKU-604,SALE,-18,2026-08-24T12:42:00Z
MOV-0010073,STR-006,SKU-604,SALE,-15,2026-08-25T09:53:00Z
MOV-0010074,STR-006,SKU-604,SALE,-14,2026-08-26T10:06:00Z
MOV-0010075,STR-006,SKU-604,SALE,-19,2026-08-27T11:50:00Z
MOV-0010076,STR-006,SKU-604,WASTE,-5,2026-08-27T21:57:00Z
MOV-0010077,STR-006,SKU-604,SALE,-18,2026-08-28T16:05:00Z
MOV-0010078,STR-006,SKU-604,SALE,-23,2026-08-29T18:34:00Z
MOV-0010079,STR-006,SKU-604,WASTE,-1,2026-08-29T21:05:00Z
MOV-0010080,STR-006,SKU-604,SALE,-23,2026-08-30T11:13:00Z
MOV-0010081,STR-006,SKU-604,DELIVERY,34,2026-08-31T06:41:00Z
MOV-0010082,STR-006,SKU-604,SALE,-12,2026-08-31T14:47:00Z
MOV-0010083,STR-006,SKU-604,SALE,-18,2026-09-01T09:13:00Z
MOV-0010084,STR-006,SKU-604,WASTE,-4,2026-09-01T21:06:00Z
MOV-0010085,STR-006,SKU-701,DELIVERY,3,2026-07-07T06:04:00Z
MOV-0010086,STR-006,SKU-701,SALE,-1,2026-07-07T12:09:00Z
MOV-0010087,STR-006,SKU-701,SALE,-1,2026-07-11T07:01:00Z
MOV-0010088,STR-006,SKU-701,SALE,-1,2026-07-12T08:04:00Z
MOV-0010089,STR-006,SKU-701,DELIVERY,3,2026-07-14T06:28:00Z
MOV-0010090,STR-006,SKU-701,SALE,-1,2026-07-16T09:50:00Z
MOV-0010091,STR-006,SKU-701,SALE,-1,2026-07-17T14:11:00Z
MOV-0010092,STR-006,SKU-701,SALE,-1,2026-07-18T16:02:00Z
MOV-0010093,STR-006,SKU-701,ADJUSTMENT,2,2026-07-20T12:40:00Z
MOV-0010094,STR-006,SKU-701,DELIVERY,4,2026-07-21T06:54:00Z
MOV-0010095,STR-006,SKU-701,ADJUSTMENT,-3,2026-07-22T12:42:00Z
MOV-0010096,STR-006,SKU-701,SALE,-1,2026-07-23T11:47:00Z
MOV-0010097,STR-006,SKU-701,SALE,-1,2026-07-24T17:28:00Z
MOV-0010098,STR-006,SKU-701,SALE,-1,2026-07-25T17:02:00Z
MOV-0010099,STR-006,SKU-701,DELIVERY,2,2026-07-28T06:35:00Z
MOV-0010100,STR-006,SKU-701,SALE,-1,2026-07-31T15:30:00Z
MOV-0010101,STR-006,SKU-701,SALE,-1,2026-08-01T09:18:00Z
MOV-0010102,STR-006,SKU-701,DELIVERY,2,2026-08-04T06:27:00Z
MOV-0010103,STR-006,SKU-701,SALE,-1,2026-08-05T07:18:00Z
MOV-0010104,STR-006,SKU-701,SALE,-1,2026-08-07T14:40:00Z
MOV-0010105,STR-006,SKU-701,DELIVERY,3,2026-08-11T06:43:00Z
MOV-0010106,STR-006,SKU-701,SALE,-1,2026-08-14T16:43:00Z
MOV-0010107,STR-006,SKU-701,SALE,-1,2026-08-15T18:04:00Z
MOV-0010108,STR-006,SKU-701,SALE,-1,2026-08-16T12:08:00Z
MOV-0010109,STR-006,SKU-701,DELIVERY,3,2026-08-18T06:47:00Z
MOV-0010110,STR-006,SKU-701,SALE,-1,2026-08-20T17:11:00Z
MOV-0010111,STR-006,SKU-701,SALE,-1,2026-08-21T14:36:00Z
MOV-0010112,STR-006,SKU-701,SALE,-1,2026-08-22T10:01:00Z
MOV-0010113,STR-006,SKU-701,DELIVERY,3,2026-08-25T06:21:00Z
MOV-0010114,STR-006,SKU-701,SALE,-1,2026-08-26T18:53:00Z
MOV-0010115,STR-006,SKU-701,SALE,-1,2026-08-29T11:24:00Z
MOV-0010116,STR-006,SKU-701,SALE,-1,2026-08-30T17:47:00Z
